ticker,premarket_price,yesterday_close,gap_pct,rvol,avg_volume_10d,trend_5d,breakout_score,atr_10d,volatility_score,rsi,price_source,norm_rvol,norm_breakout,norm_volatility,norm_trend,rsi_score,rsi_label,norm_gap,score,score_prev,score_trend,trend_dir,scan_time_utc,snapshot_utc
GSHD,56.9,56.9,-0.0,1.6392,662330,5,0.9643,2.7415,0.0482,90.4,yf_premarket,0.2023029360583509,0.9643,0.14461160577218302,1.0,5.0,🔥 90+,0.0,8.3044,8.304,0.0,steady,12:13:13,2026-07-09 12:13:13
RGNX,15.41,15.23,0.0118,0.8352,2858450,5,0.892,1.181,0.0775,98.8,yf_premarket,0.1030767521937132,0.892,0.2345716917408658,1.0,5.0,🔥 90+,0.07099879663056559,8.1624,,,new,12:13:13,2026-07-09 12:13:13
XOMA,45.0,45.0,0.0,1.1791,216530,5,0.9438,0.577,0.0128,95.5,yf_premarket,0.14551939476964468,0.9438,0.03592262818544673,1.0,5.0,🔥 90+,0.0,8.1238,,,new,12:13:13,2026-07-09 12:13:13
XENE,71.3318,69.95,0.0198,1.9055,2499740,3,0.945,2.6414,0.0378,95.2,yf_premarket,0.23516852407222283,0.945,0.11268038071845257,0.6,5.0,🔥 90+,0.11913357400722023,8.0778,,,new,12:13:13,2026-07-09 12:13:13
UPB,7.91,7.98,-0.0088,0.9951,638200,4,0.9884,0.4617,0.0579,94.8,yf_premarket,0.1228109148802251,0.9884,0.17439361375498927,0.8,5.0,🔥 90+,0.0,8.0482,8.0478,0.0,steady,12:13:13,2026-07-09 12:13:13
AVAH,9.79,9.59,0.0209,1.0476,2878150,4,0.8949,0.389,0.0406,95.6,yf_premarket,0.12929023658780406,0.8949,0.12127724900214923,0.8,5.0,🔥 90+,0.12575210589651023,8.033,8.2145,-0.181,steady,12:13:13,2026-07-09 12:13:13
SNAL,4.05,4.06,-0.0025,0.9143,376370,4,0.9832,0.2276,0.0561,96.5,yf_premarket,0.11283893023313216,0.9832,0.16886705557261283,0.8,5.0,🔥 90+,0.0,8.0201,,,new,12:13:13,2026-07-09 12:13:13
CGTL,4.72,4.52,0.0442,0.0059,9895180,3,0.9835,0.1019,0.0225,95.7,yf_premarket,0.0007281523442803016,0.9835,0.06570463616825299,0.6,5.0,🔥 90+,0.2659446450060169,7.9999,7.6005,0.399,rising,12:13:13,2026-07-09 12:13:13
CRVS,16.1,16.08,0.0012,1.5173,1722840,3,0.9251,0.8355,0.052,93.4,yf_premarket,0.18725856813161046,0.9251,0.1562787841571999,0.6,5.0,🔥 90+,0.007220216606498195,7.8201,7.8325,-0.012,steady,12:13:13,2026-07-09 12:13:13
ABVC,1.95,2.02,-0.0347,1.1051,251370,4,0.8434,0.1711,0.0847,94.0,yf_premarket,0.13638663655324768,0.8434,0.2566779244703715,0.8,5.0,🔥 90+,0.0,7.8197,7.8962,-0.077,steady,12:13:13,2026-07-09 12:13:13
MBX,62.9205,61.74,0.0191,1.2233,1201210,3,0.8629,3.7252,0.0603,98.4,yf_premarket,0.1509743665691683,0.8629,0.18176235799815782,0.6,5.0,🔥 90+,0.11492178098676294,7.8155,,,new,12:13:13,2026-07-09 12:13:13
IMNM,24.09,24.01,0.0033,0.9967,2199320,4,0.8272,1.3688,0.057,90.3,yf_premarket,0.1230083799227418,0.8272,0.17163033466380107,0.8,5.0,🔥 90+,0.019855595667870037,7.7545,8.3236,-0.569,fading,12:13:13,2026-07-09 12:13:13
MAZE,33.0,31.99,0.0316,1.0167,1079350,3,0.7903,1.7443,0.0545,90.2,yf_premarket,0.12547669295420044,0.7903,0.16395455941050047,0.6,5.0,🔥 90+,0.19013237063778585,7.736,,,new,12:13:13,2026-07-09 12:13:13
QNST,16.34,16.34,-0.0,0.7386,774830,4,0.8701,0.603,0.0369,91.0,yf_premarket,0.09115480025176793,0.8701,0.10991710162726437,0.8,5.0,🔥 90+,0.0,7.7319,,,new,12:13:13,2026-07-09 12:13:13
NRIX,24.17,24.31,-0.0058,0.5495,2555990,3,0.9044,1.4381,0.0592,94.6,yf_premarket,0.06781690053932639,0.9044,0.17838501688670558,0.6,5.0,🔥 90+,0.0,7.5997,,,new,12:13:13,2026-07-09 12:13:13
MLYS,30.5,30.4,0.0033,0.5771,1724790,3,0.8748,1.424,0.0468,91.6,yf_premarket,0.07122317252273933,0.8748,0.1403131716303347,0.6,5.0,🔥 90+,0.019855595667870037,7.5564,,,new,12:13:13,2026-07-09 12:13:13
OMDA,22.9,22.98,-0.0035,0.8746,1431500,3,0.8369,1.0996,0.0479,96.1,yf_premarket,0.10793932886568675,0.8369,0.14369051274178693,0.6,5.0,🔥 90+,0.0,7.5076,,,new,12:13:13,2026-07-09 12:13:13
SVC,8.47,8.57,-0.0117,0.2322,10669210,2,0.9789,0.09,0.0105,97.8,yf_premarket,0.028657114295234917,0.9789,0.028860914952410194,0.4,5.0,🔥 90+,0.0,7.4152,,,new,12:13:13,2026-07-09 12:13:13
JZ,3.13,3.2,-0.0219,0.0128,6032480,2,0.9381,0.2051,0.0641,93.2,yf_premarket,0.0015797203401335357,0.9381,0.1934295363831747,0.4,5.0,🔥 90+,0.0,7.3753,7.436,-0.061,steady,12:13:13,2026-07-09 12:13:13
TENX,18.5,17.73,0.0434,0.6837,1765120,4,0.9735,1.2181,0.0687,80.7,yf_premarket,0.08437928098041393,0.9735,0.20755296284924776,0.8,4.0,strong ✓,0.2611311672683514,7.369,,,new,12:13:13,2026-07-09 12:13:13
NKTX,3.6888,3.67,0.0051,1.1862,915880,5,0.99,0.2637,0.0719,80.3,yf_premarket,0.1463956458958125,0.99,0.21737795517347253,1.0,4.0,strong ✓,0.030685920577617334,7.3543,,,new,12:13:13,2026-07-09 12:13:13
RCKT,4.24,4.24,0.0,1.3637,2970180,5,0.951,0.257,0.0606,87.9,yf_premarket,0.168301924050008,0.951,0.1826834510285539,1.0,4.0,strong ✓,0.0,7.2458,,,new,12:13:13,2026-07-09 12:13:13
ACRV,1.99,2.04,-0.0245,3.0225,425970,3,0.9892,0.1044,0.0512,85.7,yf_premarket,0.3730238068791884,0.9892,0.1538225360761437,0.6,4.0,strong ✓,0.0,7.2148,7.2145,0.0,steady,12:13:13,2026-07-09 12:13:13
UGP,5.75,5.67,0.0141,2.0995,2646830,4,0.9231,0.124,0.0219,87.1,yf_premarket,0.2591111604773717,0.9231,0.06386245010746085,0.8,4.0,strong ✓,0.08483754512635379,7.1941,,,new,12:13:13,2026-07-09 12:13:13
RPD,11.45,11.48,-0.0026,1.2752,3216920,5,0.9254,0.7722,0.0673,89.6,yf_premarket,0.15737963888580347,0.9254,0.20325452870739943,1.0,4.0,strong ✓,0.0,7.1885,,,new,12:13:13,2026-07-09 12:13:13
PARR,68.57,68.57,0.0,1.5488,965550,4,0.9995,2.847,0.0415,86.6,yf_premarket,0.19114616115615782,0.9995,0.12404052809333745,0.8,4.0,strong ✓,0.0,7.1477,,,new,12:13:13,2026-07-09 12:13:13
BVS,12.31,12.11,0.0165,0.9749,882790,4,0.9593,0.6332,0.0523,83.8,yf_premarket,0.12031791871845186,0.9593,0.15719987718759595,0.8,4.0,strong ✓,0.09927797833935019,7.1266,7.4326,-0.306,fading,12:13:13,2026-07-09 12:13:13
DTIL,9.15,9.28,-0.014,1.1668,884290,5,0.8887,0.6606,0.0712,89.4,yf_premarket,0.14400138225529763,0.8887,0.21522873810254836,1.0,4.0,strong ✓,0.0,7.101,7.1007,0.0,steady,12:13:13,2026-07-09 12:13:13
EWTX,46.5,46.3,0.0043,1.7249,1420520,4,0.9243,2.68,0.0579,82.0,yf_premarket,0.21287965739815123,0.9243,0.17439361375498927,0.8,4.0,strong ✓,0.025872442839951867,7.0939,7.0547,0.039,steady,12:13:13,2026-07-09 12:13:13
GMAB,28.82,29.54,-0.0244,1.5243,1796000,4,0.9882,0.6485,0.022,87.3,yf_premarket,0.18812247769262097,0.9882,0.06416948111759288,0.8,4.0,strong ✓,0.0,7.0907,7.0902,0.0,steady,12:13:13,2026-07-09 12:13:13
SUPN,50.89,50.44,0.0089,1.1806,1211880,4,0.9723,1.536,0.0305,84.6,yf_premarket,0.1457045182470041,0.9723,0.09026711697881486,0.8,4.0,strong ✓,0.05354993983152828,7.0886,,,new,12:13:13,2026-07-09 12:13:13
ACAD,25.98,26.0,-0.0008,0.72,2155470,2,0.7177,0.984,0.0378,90.2,yf_premarket,0.08885926913251138,0.7177,0.11268038071845257,0.4,5.0,🔥 90+,0.0,7.025,7.0246,0.0,steady,12:13:13,2026-07-09 12:13:13
CMPX,2.34,2.34,0.0,1.113,3487570,4,0.9701,0.1155,0.0494,80.3,yf_premarket,0.13736162020067383,0.9701,0.14829597789376728,0.8,4.0,strong ✓,0.0,7.0204,7.02,0.0,steady,12:13:13,2026-07-09 12:13:13
MPLT,38.6,38.53,0.0018,0.6918,540760,4,0.9783,2.7154,0.0705,80.6,yf_premarket,0.08537894775815467,0.9783,0.21307952103162417,0.8,4.0,strong ✓,0.010830324909747294,7.0075,,,new,12:13:13,2026-07-09 12:13:13
SNDX,24.8,24.56,0.0098,1.4774,2714090,4,0.8784,1.258,0.0512,85.9,yf_premarket,0.18233428363385043,0.8784,0.1538225360761437,0.8,4.0,strong ✓,0.05896510228640193,6.9957,,,new,12:13:13,2026-07-09 12:13:13
RIGL,42.93,42.93,-0.0,0.7076,443310,4,0.982,1.781,0.0415,89.4,yf_premarket,0.08732891505300702,0.982,0.12404052809333745,0.8,4.0,strong ✓,0.0,6.957,,,new,12:13:13,2026-07-09 12:13:13
FHTX,6.1605,6.17,-0.0015,1.7053,569160,4,0.8456,0.479,0.0776,86.5,yf_premarket,0.21046071062732175,0.8456,0.23487872275099786,0.8,4.0,strong ✓,0.0,6.9243,6.924,0.0,steady,12:13:13,2026-07-09 12:13:13
PRME,4.63,4.62,0.0022,2.2079,5167860,3,0.8864,0.345,0.0747,87.2,yf_premarket,0.2724894171078776,0.8864,0.22597482345716918,0.6,4.0,strong ✓,0.013237063778580025,6.9144,,,new,12:13:13,2026-07-09 12:13:13
BAND,70.38,70.49,-0.0016,1.6296,1385690,3,0.9486,4.9911,0.0708,82.4,yf_premarket,0.20111814580325074,0.9486,0.21400061406202026,0.6,4.0,strong ✓,0.0,6.9059,6.9055,0.0,steady,12:13:13,2026-07-09 12:13:13
VCEL,47.41,47.02,0.0083,0.871,809220,4,0.8936,1.875,0.0399,82.8,yf_premarket,0.10749503252002418,0.8936,0.11912803193122506,0.8,4.0,strong ✓,0.04993983152827919,6.8829,,,new,12:13:13,2026-07-09 12:13:13
PBF,52.5,52.9,-0.0076,1.3097,3270030,3,0.98,2.531,0.0478,81.2,yf_premarket,0.16163747886506966,0.98,0.1433834817316549,0.6,4.0,strong ✓,0.0,6.8741,,,new,12:13:13,2026-07-09 12:13:13
EE,39.57,39.57,0.0,0.7956,417050,4,0.9388,1.269,0.0321,83.8,yf_premarket,0.09818949239142508,0.9388,0.09517961314092722,0.8,4.0,strong ✓,0.0,6.8725,6.8721,0.0,steady,12:13:13,2026-07-09 12:13:13
ABUS,5.2671,5.22,0.009,0.8787,3492500,4,0.8824,0.218,0.0418,82.7,yf_premarket,0.10844533303713577,0.8824,0.1249616211237335,0.8,4.0,strong ✓,0.05415162454873646,6.8712,6.7895,0.082,steady,12:13:13,2026-07-09 12:13:13
ACIW,55.45,55.88,-0.0077,1.0774,1203140,4,0.9033,1.862,0.0333,82.1,yf_premarket,0.13296802300467744,0.9033,0.09886398526251154,0.8,4.0,strong ✓,0.0,6.8555,6.8551,0.0,steady,12:13:13,2026-07-09 12:13:13
NABL,4.3,4.36,-0.0138,1.1152,2167880,4,0.8811,0.2288,0.0525,83.1,yf_premarket,0.1376331346341343,0.8811,0.15781393920786,0.8,4.0,strong ✓,0.0,6.8476,,,new,12:13:13,2026-07-09 12:13:13
KURA,12.0,12.12,-0.0099,0.8786,2183860,3,0.9949,0.5315,0.0439,86.4,yf_premarket,0.10843299147197848,0.9949,0.131409272336506,0.6,4.0,strong ✓,0.0,6.8182,,,new,12:13:13,2026-07-09 12:13:13
BLZE,16.5095,16.42,0.0055,0.2989,5620160,3,0.9704,1.5498,0.0944,88.4,yf_premarket,0.036888938255149516,0.9704,0.28645993245317775,0.6,4.0,strong ✓,0.03309265944645006,6.789,6.9559,-0.167,steady,12:13:13,2026-07-09 12:13:13
IMRX,5.41,5.53,-0.0217,0.8109,1957860,3,0.9725,0.2968,0.0537,88.2,yf_premarket,0.10007775186049093,0.9725,0.16149831132944428,0.6,4.0,strong ✓,0.0,6.7759,6.7755,0.0,steady,12:13:13,2026-07-09 12:13:13
NIQ,10.8503,10.94,-0.0082,1.0551,1616860,3,0.9462,0.571,0.0522,80.5,yf_premarket,0.13021585397460103,0.9462,0.15689284617746396,0.6,4.0,strong ✓,0.0,6.7662,,,new,12:13:13,2026-07-09 12:13:13
XERS,8.75,8.67,0.0092,1.2119,3033300,4,0.7989,0.341,0.0393,86.7,yf_premarket,0.14956742814123686,0.7989,0.11728584587043293,0.8,4.0,strong ✓,0.05535499398315283,6.7638,,,new,12:13:13,2026-07-09 12:13:13
TOP,1.99,2.03,-0.0197,0.9174,285490,3,0.9147,0.2043,0.1006,81.6,yf_premarket,0.11322151875300825,0.9147,0.3054958550813632,0.6,4.0,strong ✓,0.0,6.752,,,new,12:13:13,2026-07-09 12:13:13
UTI,49.48,49.43,0.001,0.8252,994370,4,0.8466,2.294,0.0464,82.4,yf_premarket,0.10184259567798389,0.8466,0.13908504758980658,0.8,4.0,strong ✓,0.006016847172081829,6.7245,,,new,12:13:13,2026-07-09 12:13:13
PSNL,14.3252,14.11,0.0153,0.9287,4766870,3,0.8425,1.1664,0.0827,81.0,yf_premarket,0.11461611561578239,0.8425,0.250537304267731,0.6,4.0,strong ✓,0.09205776173285199,6.7203,,,new,12:13:13,2026-07-09 12:13:13
ZBIO,28.1053,28.765,-0.0229,0.5473,1454260,3,0.9468,2.0072,0.0698,83.4,yf_premarket,0.06754538610586594,0.9468,0.21093030396070003,0.6,4.0,strong ✓,0.0,6.7004,,,new,12:13:13,2026-07-09 12:13:13
ERAS,18.8792,18.87,0.0005,0.9065,6571220,3,0.9114,1.2078,0.064,83.7,yf_premarket,0.11187628815086328,0.9114,0.19312250537304268,0.6,4.0,strong ✓,0.0030084235860409147,6.6917,6.6868,0.005,steady,12:13:13,2026-07-09 12:13:13
DNLI,26.68,26.69,-0.0004,0.6435,2021290,3,0.9502,1.062,0.0398,88.9,yf_premarket,0.07941797178718205,0.9502,0.11882100092109305,0.6,4.0,strong ✓,0.0,6.6789,6.6844,-0.006,steady,12:13:13,2026-07-09 12:13:13
ALXO,2.34,2.33,0.0043,0.6566,2680770,3,0.8936,0.1969,0.0845,86.8,yf_premarket,0.08103471682278746,0.8936,0.2560638624501075,0.6,4.0,strong ✓,0.025872442839951867,6.6756,6.7212,-0.046,steady,12:13:13,2026-07-09 12:13:13
KINS,20.25,19.93,0.0161,0.6775,222420,4,0.7725,0.7683,0.0385,81.1,yf_premarket,0.08361410394066175,0.7725,0.11482959778937674,0.8,4.0,strong ✓,0.09687123947051746,6.6731,,,new,12:13:13,2026-07-09 12:13:13
IMCR,33.17,33.78,-0.0181,0.6015,780990,3,0.9483,1.4013,0.0415,84.4,yf_premarket,0.07423451442111889,0.9483,0.12404052809333745,0.6,4.0,strong ✓,0.0,6.67,6.6696,0.0,steady,12:13:13,2026-07-09 12:13:13
CNA,52.12,51.44,0.0132,0.8458,545660,4,0.7822,1.058,0.0206,81.7,yf_premarket,0.10438495810038628,0.7822,0.05987104697574455,0.8,4.0,strong ✓,0.07942238267148015,6.67,6.5505,0.119,steady,12:13:13,2026-07-09 12:13:13
SLDB,10.95,11.0,-0.0045,0.5081,2620290,4,0.8368,0.7116,0.0647,88.8,yf_premarket,0.06270749256420699,0.8368,0.19527172244396682,0.8,4.0,strong ✓,0.0,6.6653,,,new,12:13:13,2026-07-09 12:13:13
AMPL,8.67,8.81,-0.0159,0.792,2991890,4,0.8092,0.5535,0.0628,82.0,yf_premarket,0.09774519604576253,0.8092,0.1894381332514584,0.8,4.0,strong ✓,0.0,6.6597,6.6594,0.0,steady,12:13:13,2026-07-09 12:13:13
TECH,70.51,70.96,-0.0063,0.4149,13717230,3,0.9812,0.761,0.0107,82.0,yf_premarket,0.05120515383760968,0.9812,0.02947497697267424,0.6,4.0,strong ✓,0.0,6.6539,,,new,12:13:13,2026-07-09 12:13:13
LTH,41.99,41.5,0.0118,0.4247,3880350,3,0.8886,1.2265,0.0296,81.2,yf_premarket,0.052414627223024424,0.8886,0.08750383788762665,0.6,4.0,strong ✓,0.07099879663056559,6.6061,,,new,12:13:13,2026-07-09 12:13:13
EDIT,3.65,3.67,-0.0054,0.7374,3328980,3,0.8761,0.2728,0.0743,89.2,yf_premarket,0.09100670146988041,0.8761,0.2247466994166411,0.6,4.0,strong ✓,0.0,6.6011,6.6007,0.0,steady,12:13:13,2026-07-09 12:13:13
URGN,38.39,38.03,0.0095,0.8897,804620,4,0.7344,1.923,0.0506,82.4,yf_premarket,0.10980290520443803,0.7344,0.15198035001535157,0.8,4.0,strong ✓,0.05716004813477738,6.5952,,,new,12:13:13,2026-07-09 12:13:13
VMD,12.14,12.14,-0.0,0.6884,427350,4,0.8071,0.3835,0.0316,85.8,yf_premarket,0.08495933454280671,0.8071,0.09364445809026713,0.8,4.0,strong ✓,0.0,6.5885,6.588,0.0,steady,12:13:13,2026-07-09 12:13:13
SVRA,6.3527,6.38,-0.0043,0.8906,2318540,3,0.8758,0.2815,0.0441,84.2,yf_premarket,0.10991397929085366,0.8758,0.13202333435677005,0.6,4.0,strong ✓,0.0,6.5825,,,new,12:13:13,2026-07-09 12:13:13
PRVA,27.21,27.21,0.0,1.0348,1431960,3,0.8727,0.775,0.0285,89.1,yf_premarket,0.12771051624767052,0.8727,0.0841264967761744,0.6,4.0,strong ✓,0.0,6.579,,,new,12:13:13,2026-07-09 12:13:13
ACRS,5.6761,5.51,0.0301,0.4868,2482930,3,0.763,0.3005,0.0545,82.7,yf_premarket,0.06007873918570353,0.763,0.16395455941050047,0.6,4.0,strong ✓,0.18110709987966306,6.5698,7.1197,-0.55,fading,12:13:13,2026-07-09 12:13:13
BOW,31.72,31.72,0.0,0.9812,238790,4,0.7648,1.069,0.0337,80.3,yf_premarket,0.12109543732336134,0.7648,0.10009210930303962,0.8,4.0,strong ✓,0.0,6.5613,6.5609,0.0,steady,12:13:13,2026-07-09 12:13:13
IKT,2.09,2.07,0.0097,0.9208,1172310,3,0.8103,0.1114,0.0538,83.3,yf_premarket,0.11364113196835622,0.8103,0.1618053423395763,0.6,4.0,strong ✓,0.05836341756919375,6.5595,6.4716,0.088,steady,12:13:13,2026-07-09 12:13:13
NTSK,11.79,11.92,-0.0109,1.3022,4626360,3,0.8085,0.6906,0.0579,84.6,yf_premarket,0.16071186147827266,0.8085,0.17439361375498927,0.6,4.0,strong ✓,0.0,6.5453,,,new,12:13:13,2026-07-09 12:13:13
XNCR,16.68,16.46,0.0134,1.1347,1025910,2,0.8634,0.9242,0.0561,80.6,yf_premarket,0.14003973983980647,0.8634,0.16886705557261283,0.4,4.0,strong ✓,0.08062575210589652,6.5422,,,new,12:13:13,2026-07-09 12:13:13
AHR,55.26,54.62,0.0117,0.494,6590460,3,0.8479,1.695,0.031,84.0,yf_premarket,0.060967331877028644,0.8479,0.09180227202947498,0.6,4.0,strong ✓,0.0703971119133574,6.5387,6.4327,0.106,steady,12:13:13,2026-07-09 12:13:13
DSGN,15.4,15.28,0.0079,0.8005,1294750,3,0.7949,1.1053,0.0723,81.3,yf_premarket,0.09879422908413245,0.7949,0.21860607921400063,0.6,4.0,strong ✓,0.04753309265944646,6.5186,6.4469,0.072,steady,12:13:13,2026-07-09 12:13:13
IMVT,40.35,40.31,0.001,0.6907,1699810,3,0.8589,1.3075,0.0324,85.3,yf_premarket,0.08524319054142446,0.8589,0.09610070617132331,0.6,4.0,strong ✓,0.006016847172081829,6.5027,6.5367,-0.034,steady,12:13:13,2026-07-09 12:13:13
ALMS,29.84,29.74,0.0034,1.2035,2254800,3,0.7795,1.7404,0.0585,84.1,yf_premarket,0.14853073666802424,0.7795,0.1762357998157814,0.6,4.0,strong ✓,0.02045728038507822,6.5006,6.4695,0.031,steady,12:13:13,2026-07-09 12:13:13
GPCR,54.01,54.89,-0.016,0.9787,876790,3,0.8136,2.8341,0.0516,80.7,yf_premarket,0.12078689819442902,0.8136,0.1550506601166718,0.6,4.0,strong ✓,0.0,6.4859,6.4855,0.0,steady,12:13:13,2026-07-09 12:13:13
DYN,23.95,23.83,0.005,0.9729,2598780,2,0.8905,1.1959,0.0502,84.8,yf_premarket,0.120071087415306,0.8905,0.1507522259748235,0.4,4.0,strong ✓,0.030084235860409148,6.4816,6.4538,0.028,steady,12:13:13,2026-07-09 12:13:13
AGIO,43.26,42.76,0.0117,1.1171,1415500,2,0.8483,1.795,0.042,84.4,yf_premarket,0.13786762437212285,0.8483,0.12557568314399756,0.4,4.0,strong ✓,0.0703971119133574,6.4718,6.3658,0.106,steady,12:13:13,2026-07-09 12:13:13
CTMX,3.86,3.83,0.0078,0.4457,7100390,2,0.9091,0.2529,0.066,83.1,yf_premarket,0.055006355906056,0.9091,0.19926312557568315,0.4,4.0,strong ✓,0.04693140794223827,6.4707,6.4,0.071,steady,12:13:13,2026-07-09 12:13:13
AVO,13.8983,13.5,0.0295,1.2201,1611150,5,0.9634,0.462,0.0342,70.3,yf_premarket,0.1505794364841349,0.9634,0.10162726435369974,1.0,3.0,good,0.17749699157641396,6.4697,6.2031,0.267,steady,12:13:13,2026-07-09 12:13:13
GRAL,70.09,70.14,-0.0007,1.3187,633350,2,0.8673,3.6957,0.0527,80.2,yf_premarket,0.16274821972922604,0.8673,0.15842800122812403,0.4,4.0,strong ✓,0.0,6.4579,6.4575,0.0,steady,12:13:13,2026-07-09 12:13:13
JAN,29.01,29.32,-0.0106,0.5976,1972600,4,0.745,1.019,0.0348,80.5,yf_premarket,0.07375319337998444,0.745,0.10346945041449188,0.8,4.0,strong ✓,0.0,6.4524,6.452,0.0,steady,12:13:13,2026-07-09 12:13:13
KMTS,26.86,26.8,0.0022,1.1554,601340,3,0.7538,1.9328,0.0721,80.8,yf_premarket,0.14259444382736616,0.7538,0.21799201719373656,0.6,4.0,strong ✓,0.013237063778580025,6.4503,,,new,12:13:13,2026-07-09 12:13:13
MAX,13.54,13.55,-0.0007,0.9656,1009100,3,0.793,0.7425,0.0548,89.9,yf_premarket,0.1191701531588236,0.793,0.16487565244089655,0.6,4.0,strong ✓,0.0,6.4472,,,new,12:13:13,2026-07-09 12:13:13
XZO,17.84,17.5,0.0194,0.9467,290060,3,0.7037,1.0075,0.0576,80.1,yf_premarket,0.11683759734409517,0.7037,0.17347252072459318,0.6,4.0,strong ✓,0.1167268351383875,6.4445,,,new,12:13:13,2026-07-09 12:13:13
TENB,39.11,39.53,-0.0106,0.9949,4344570,3,0.7827,2.474,0.0626,84.5,yf_premarket,0.12278623174991052,0.7827,0.18882407123119438,0.6,4.0,strong ✓,0.0,6.444,,,new,12:13:13,2026-07-09 12:13:13
HEPS,2.97,2.97,-0.0,0.3177,217500,3,0.8723,0.0776,0.0261,80.5,yf_premarket,0.039209152504720644,0.8723,0.07675775253300585,0.6,4.0,strong ✓,0.0,6.4418,6.4414,0.0,steady,12:13:13,2026-07-09 12:13:13
DMAC,7.4573,7.96,-0.0632,0.798,360520,3,0.7745,0.5716,0.0718,86.0,yf_premarket,0.09848568995520011,0.7745,0.2170709241633405,0.6,4.0,strong ✓,0.0,6.4053,6.4049,0.0,steady,12:13:13,2026-07-09 12:13:13
ARVN,8.8,8.56,0.028,0.6166,926070,3,0.6822,0.42,0.0491,83.5,yf_premarket,0.07609809075987017,0.6822,0.14737488486337122,0.6,4.0,strong ✓,0.16847172081829123,6.4049,6.1518,0.253,steady,12:13:13,2026-07-09 12:13:13
SANA,3.916,3.98,-0.0161,0.8489,3975440,3,0.77,0.2765,0.0695,83.6,yf_premarket,0.10476754662026237,0.77,0.21000921093030397,0.6,4.0,strong ✓,0.0,6.4022,,,new,12:13:13,2026-07-09 12:13:13
VRNS,44.61,45.07,-0.0102,0.6928,2874660,3,0.7948,2.3989,0.0532,85.1,yf_premarket,0.08550236340972761,0.7948,0.15996315627878416,0.6,4.0,strong ✓,0.0,6.3978,,,new,12:13:13,2026-07-09 12:13:13
BCAX,29.5,28.99,0.0176,0.5975,1451550,3,0.7063,1.7323,0.0598,80.8,yf_premarket,0.07374085181482716,0.7063,0.18022720294749772,0.6,4.0,strong ✓,0.1058965102286402,6.3722,6.5599,-0.188,steady,12:13:13,2026-07-09 12:13:13
MYGN,5.88,5.87,0.0017,0.7412,1929650,3,0.7607,0.371,0.0632,83.7,yf_premarket,0.09147568094585755,0.7607,0.19066625729198652,0.6,4.0,strong ✓,0.01022864019253911,6.3693,,,new,12:13:13,2026-07-09 12:13:13
CRIS,5.2686,4.94,0.0665,0.0059,17329460,1,0.7256,0.353,0.0715,81.1,yf_premarket,0.0007281523442803016,0.7256,0.2161498311329444,0.2,4.0,strong ✓,0.4001203369434417,6.3605,5.76,0.601,rising,12:13:13,2026-07-09 12:13:13
RARE,34.17,34.67,-0.0144,0.6253,4439160,3,0.7487,1.7819,0.0514,82.8,yf_premarket,0.07717180692855467,0.7487,0.15443659809640775,0.6,4.0,strong ✓,0.0,6.2904,6.3807,-0.09,steady,12:13:13,2026-07-09 12:13:13
NCI,12.07,11.96,0.0092,3.8318,221930,3,0.897,0.7649,0.064,70.9,yf_premarket,0.47290409369716263,0.897,0.19312250537304268,0.6,3.0,good,0.05535499398315283,6.2829,,,new,12:13:13,2026-07-09 12:13:13
PTRN,27.53,27.61,-0.0029,0.7341,3077120,2,0.8242,1.4105,0.0511,88.9,yf_premarket,0.09059942981968973,0.8242,0.1535155050660117,0.4,4.0,strong ✓,0.0,6.2611,,,new,12:13:13,2026-07-09 12:13:13
VOR,20.3519,20.31,0.0021,0.8764,2436770,2,0.7612,1.6748,0.0825,82.4,yf_premarket,0.10816147703851801,0.7612,0.249923242247467,0.4,4.0,strong ✓,0.012635379061371842,6.2286,,,new,12:13:13,2026-07-09 12:13:13
ALRM,51.43,50.99,0.0086,0.988,649180,5,0.9598,1.4905,0.0292,71.4,yf_premarket,0.12193466375405729,0.9598,0.08627571384709856,1.0,3.0,good,0.051744885679903735,6.2233,6.1452,0.078,steady,12:13:13,2026-07-09 12:13:13
SRRK,55.5,56.03,-0.0095,0.3395,2231460,3,0.7397,2.41,0.043,83.0,yf_premarket,0.041899613709010575,0.7397,0.12864599324531778,0.6,4.0,strong ✓,0.0,6.2066,,,new,12:13:13,2026-07-09 12:13:13
FDMT,13.02,13.02,-0.0,0.5947,1273290,3,0.6889,0.93,0.0714,84.4,yf_premarket,0.07339528799042294,0.6889,0.21584280012281243,0.6,4.0,strong ✓,0.0,6.1958,6.1955,0.0,steady,12:13:13,2026-07-09 12:13:13
LBRX,34.17,34.17,0.0,0.7275,420230,2,0.7896,1.7497,0.0512,86.6,yf_premarket,0.08978488651930838,0.7896,0.1538225360761437,0.4,4.0,strong ✓,0.0,6.1908,,,new,12:13:13,2026-07-09 12:13:13
CGEN,2.4676,2.41,0.0239,1.312,282540,4,0.9333,0.087,0.0361,79.7,yf_premarket,0.1619213348636874,0.9333,0.10746085354620818,0.8,3.0,good,0.14380264741275572,6.1789,5.9628,0.216,steady,12:13:13,2026-07-09 12:13:13
GLUE,23.58,24.06,-0.02,0.8481,2099510,2,0.7593,1.5683,0.0652,83.3,yf_premarket,0.10466881409900403,0.7593,0.19680687749462694,0.4,4.0,strong ✓,0.0,6.174,6.1736,0.0,steady,12:13:13,2026-07-09 12:13:13
CGEM,18.5706,18.43,0.0076,0.5613,1101950,4,0.5536,1.0224,0.0555,82.4,yf_premarket,0.069273205227887,0.5536,0.16702486951182072,0.8,4.0,strong ✓,0.04572803850782191,6.1632,6.2756,-0.112,steady,12:13:13,2026-07-09 12:13:13
BHF,65.4,65.4,-0.0,1.0399,442740,5,0.9732,0.6484,0.0099,70.8,yf_premarket,0.1283399360706925,0.9732,0.027018728891618056,1.0,3.0,good,0.0,6.1524,6.152,0.0,steady,12:13:13,2026-07-09 12:13:13
IOTR,3.8331,3.54,0.0828,8.1027,3029490,3,0.8278,0.3285,0.0928,58.3,yf_premarket,1.0,0.8278,0.2815474362910654,0.6,1.5,neutral,0.4981949458483755,6.1437,5.5636,0.58,rising,12:13:13,2026-07-09 12:13:13
HDSN,6.6,6.44,0.0248,1.2635,703280,4,0.9043,0.318,0.0494,73.7,yf_premarket,0.1559356757624002,0.9043,0.14829597789376728,0.8,3.0,good,0.14921780986762936,6.1405,6.9866,-0.846,fading,12:13:13,2026-07-09 12:13:13
BOX,28.53,28.88,-0.0121,1.1,2353730,5,0.9258,0.9848,0.0341,73.3,yf_premarket,0.13575721673022573,0.9258,0.10132023334356771,1.0,3.0,good,0.0,6.1059,6.1528,-0.047,steady,12:13:13,2026-07-09 12:13:13
VNDA,6.65,6.58,0.0106,1.4118,866890,4,0.95,0.203,0.0309,75.8,yf_premarket,0.17423821689066607,0.95,0.09149524101934296,0.8,3.0,good,0.06377858002406739,6.1028,,,new,12:13:13,2026-07-09 12:13:13
ATRC,33.8,33.66,0.0042,0.5945,1292510,5,0.94,1.61,0.0478,71.6,yf_premarket,0.07337060486010835,0.94,0.1433834817316549,1.0,3.0,good,0.025270758122743684,6.0997,6.0614,0.038,steady,12:13:13,2026-07-09 12:13:13
GREE,2.07,2.07,0.0,1.7861,301380,4,0.9138,0.176,0.085,76.3,yf_premarket,0.2204326952744147,0.9138,0.2575990175007676,0.8,3.0,good,0.0,6.087,6.0867,0.0,steady,12:13:13,2026-07-09 12:13:13
MDXG,4.26,4.26,-0.0,0.8757,1493480,5,0.9322,0.16,0.0376,79.8,yf_premarket,0.10807508608241698,0.9322,0.11206631869818853,1.0,3.0,good,0.0,6.0825,,,new,12:13:13,2026-07-09 12:13:13
PHAT,12.1,12.06,0.0033,1.1717,1181130,4,0.9761,0.6465,0.0536,70.6,yf_premarket,0.14460611894800499,0.9761,0.16119128031931226,0.8,3.0,good,0.019855595667870037,6.0795,,,new,12:13:13,2026-07-09 12:13:13
SRPT,20.47,20.21,0.0129,0.6582,4966450,4,0.98,1.056,0.0523,78.1,yf_premarket,0.08123218186530415,0.98,0.15719987718759595,0.8,3.0,good,0.0776173285198556,6.0769,,,new,12:13:13,2026-07-09 12:13:13
CNTA,40.5,40.5,0.0,0.0,2745033,1,0.9333,0.155,0.0038,87.7,prev_close,0.0,0.9333,0.00828983727356463,0.2,4.0,strong ✓,0.0,6.0707,6.0703,0.0,steady,12:13:13,2026-07-09 12:13:13
BCRX,11.2,11.11,0.0081,0.8778,8461320,4,0.9556,0.658,0.0592,78.3,yf_premarket,0.10833425895072013,0.9556,0.17838501688670558,0.8,3.0,good,0.048736462093862815,6.036,5.9625,0.073,steady,12:13:13,2026-07-09 12:13:13
OLMA,12.0,12.27,-0.022,0.6769,2248240,2,0.7013,0.8225,0.067,80.7,yf_premarket,0.08354005454971798,0.7013,0.20233343567700338,0.4,4.0,strong ✓,0.0,6.0291,,,new,12:13:13,2026-07-09 12:13:13
IRWD,4.8,4.77,0.0063,1.5394,3238960,4,0.8991,0.255,0.0535,79.4,yf_premarket,0.18998605403137225,0.8991,0.16088424930918024,0.8,3.0,good,0.03790613718411553,6.0205,5.9632,0.057,steady,12:13:13,2026-07-09 12:13:13
DAR,60.32,61.02,-0.0115,0.8924,2992300,4,0.9941,1.916,0.0314,74.0,yf_premarket,0.11013612746368494,0.9941,0.09303039607000306,0.8,3.0,good,0.0,5.9999,5.9995,0.0,steady,12:13:13,2026-07-09 12:13:13
LZ,7.26,7.28,-0.0027,1.7769,2999830,4,0.8978,0.3332,0.0458,73.9,yf_premarket,0.2192972712799437,0.8978,0.13724286152901444,0.8,3.0,good,0.0,5.9932,,,new,12:13:13,2026-07-09 12:13:13
GPRE,16.73,16.63,0.006,1.0366,1220190,4,0.9355,0.742,0.0446,70.9,yf_premarket,0.1279326644205018,0.9355,0.13355848940743018,0.8,3.0,good,0.03610108303249098,5.9838,5.9293,0.054,steady,12:13:13,2026-07-09 12:13:13
NEO,14.29,14.24,0.0035,0.7457,3776080,2,0.6624,0.78,0.0548,82.3,yf_premarket,0.09203105137793575,0.6624,0.16487565244089655,0.4,4.0,strong ✓,0.021058965102286404,5.9769,6.3332,-0.356,fading,12:13:13,2026-07-09 12:13:13
REX,47.58,47.49,0.0019,0.9183,241980,4,0.9651,1.21,0.0255,76.9,yf_premarket,0.11333259283942389,0.9651,0.07491556647221369,0.8,3.0,good,0.011432009626955477,5.9548,,,new,12:13:13,2026-07-09 12:13:13
KYTX,10.19,9.91,0.0283,0.6839,1747600,4,0.8344,0.6203,0.0626,76.4,yf_premarket,0.08440396411072851,0.8344,0.18882407123119438,0.8,3.0,good,0.17027677496991578,5.9452,,,new,12:13:13,2026-07-09 12:13:13
CLNE,2.2421,2.24,0.0009,1.5275,2251460,3,0.9831,0.12,0.0536,74.6,yf_premarket,0.18851740777765436,0.9831,0.16119128031931226,0.6,3.0,good,0.005415162454873647,5.9377,6.1835,-0.246,steady,12:13:13,2026-07-09 12:13:13
HMN,53.43,53.43,-0.0,0.715,323350,3,0.5791,1.226,0.0229,81.6,yf_premarket,0.08824219087464671,0.5791,0.06693276020878108,0.6,4.0,strong ✓,0.0,5.924,5.9236,0.0,steady,12:13:13,2026-07-09 12:13:13
ATHM,20.0,19.94,0.003,0.8231,879550,4,0.9375,0.7136,0.0358,76.0,yf_premarket,0.10158342280968072,0.9375,0.10653976051581211,0.8,3.0,good,0.01805054151624549,5.9077,5.8802,0.027,steady,12:13:13,2026-07-09 12:13:13
NTNX,53.0,53.93,-0.0172,0.9761,4520650,5,0.8285,1.8825,0.0349,73.4,yf_premarket,0.12046601750033938,0.8285,0.1037764814246239,1.0,3.0,good,0.0,5.8896,,,new,12:13:13,2026-07-09 12:13:13
CRBP,9.7484,9.55,0.0208,0.7785,630570,3,0.9355,0.4928,0.0516,74.9,yf_premarket,0.09607908474952792,0.9355,0.1550506601166718,0.6,3.0,good,0.12515042117930206,5.8804,6.1022,-0.222,steady,12:13:13,2026-07-09 12:13:13
MTG,28.01,28.13,-0.0043,0.8404,1977890,1,0.7465,0.571,0.0203,81.7,yf_premarket,0.10371851358189245,0.7465,0.05894995394534848,0.2,4.0,strong ✓,0.0,5.8781,,,new,12:13:13,2026-07-09 12:13:13
DK,55.73,56.05,-0.0057,1.1163,1310720,3,0.9993,2.642,0.0471,78.5,yf_premarket,0.13776889185086452,0.9993,0.14123426466073075,0.6,3.0,good,0.0,5.8759,5.9287,-0.053,steady,12:13:13,2026-07-09 12:13:13
ALGS,6.7636,6.73,0.005,0.8267,482630,4,0.8773,0.5276,0.0784,77.4,yf_premarket,0.10202771915534327,0.8773,0.23733497083205402,0.8,3.0,good,0.030084235860409148,5.8714,6.2083,-0.337,fading,12:13:13,2026-07-09 12:13:13
ZLAB,19.75,19.75,0.0,1.5083,896760,3,0.9692,0.6988,0.0354,79.4,yf_premarket,0.18614782726745405,0.9692,0.10531163647528402,0.6,3.0,good,0.0,5.8703,,,new,12:13:13,2026-07-09 12:13:13
OMCL,45.98,45.12,0.0191,0.9742,837180,4,0.8114,2.182,0.0484,73.6,yf_premarket,0.12023152776235081,0.8114,0.14522566779244706,0.8,3.0,good,0.11492178098676294,5.8481,,,new,12:13:13,2026-07-09 12:13:13
PSO,16.55,16.88,-0.0195,0.817,700330,4,0.9366,0.242,0.0143,78.9,yf_premarket,0.10083058733508582,0.9366,0.04052809333742708,0.8,3.0,good,0.0,5.8447,,,new,12:13:13,2026-07-09 12:13:13
ABEO,6.8024,6.8,0.0004,1.0295,1742000,3,0.9771,0.324,0.0476,78.6,yf_premarket,0.12705641329433398,0.9771,0.14276941971139087,0.6,3.0,good,0.002406738868832732,5.8198,5.8158,0.004,steady,12:13:13,2026-07-09 12:13:13
PACS,45.3,44.02,0.0291,0.6374,1197650,4,0.7805,2.2805,0.0518,74.1,yf_premarket,0.07866513631258715,0.7805,0.15566472213693583,0.8,3.0,good,0.17509025270758125,5.8195,,,new,12:13:13,2026-07-09 12:13:13
PLX,2.4445,2.38,0.0271,0.7968,733300,3,0.88,0.091,0.0382,72.9,yf_premarket,0.09833759117331259,0.88,0.11390850475898066,0.6,3.0,good,0.16305655836341756,5.809,,,new,12:13:13,2026-07-09 12:13:13
KROS,11.44,11.67,-0.0197,0.7659,395070,4,0.8954,0.5475,0.0469,71.2,yf_premarket,0.09452404753970899,0.8954,0.14062020264046668,0.8,3.0,good,0.0,5.8029,5.8025,0.0,steady,12:13:13,2026-07-09 12:13:13
GRPN,26.55,25.53,0.04,0.8227,2178190,3,0.7817,2.091,0.0819,79.3,yf_premarket,0.10153405654905154,0.7817,0.24808105618667486,0.6,3.0,good,0.24067388688327318,5.8008,5.4473,0.353,rising,12:13:13,2026-07-09 12:13:13
TAC,14.53,14.48,0.0035,1.2777,1713410,3,0.9435,0.433,0.0299,70.3,yf_premarket,0.15768817801473584,0.9435,0.08842493091802273,0.6,3.0,good,0.021058965102286404,5.7993,,,new,12:13:13,2026-07-09 12:13:13
TAL,10.1,10.15,-0.0049,0.7863,2822210,4,0.8944,0.302,0.0298,70.5,yf_premarket,0.0970417268317968,0.8944,0.08811789990789069,0.8,3.0,good,0.0,5.7784,,,new,12:13:13,2026-07-09 12:13:13
JANX,16.61,16.66,-0.003,0.681,2004690,3,0.991,0.7605,0.0456,78.0,yf_premarket,0.08404605872116702,0.991,0.1366287995087504,0.6,3.0,good,0.0,5.7764,5.776,0.0,steady,12:13:13,2026-07-09 12:13:13
PRTA,10.5,9.85,0.066,0.6957,638510,3,0.6875,0.4672,0.0474,73.1,yf_premarket,0.08586026879928912,0.6875,0.1421553576911268,0.6,3.0,good,0.39711191335740076,5.7705,,,new,12:13:13,2026-07-09 12:13:13
DOMO,3.6,3.57,0.0084,0.4333,2529520,3,0.9343,0.3416,0.0957,75.7,yf_premarket,0.05347600182655164,0.9343,0.29045133558489405,0.6,3.0,good,0.05054151624548737,5.7699,5.6937,0.076,steady,12:13:13,2026-07-09 12:13:13
POWW,2.3543,2.41,-0.0231,0.8222,1161500,4,0.8611,0.138,0.0573,73.0,yf_premarket,0.10147234872326509,0.8611,0.17255142769419712,0.8,3.0,good,0.0,5.7607,,,new,12:13:13,2026-07-09 12:13:13
LAUR,39.84,39.54,0.0076,0.7141,1369500,4,0.8561,1.253,0.0317,73.9,yf_premarket,0.08813111678823107,0.8561,0.09395148910039913,0.8,3.0,good,0.04572803850782191,5.76,,,new,12:13:13,2026-07-09 12:13:13
EPRX,6.9,6.92,-0.0029,0.5029,477440,3,0.982,0.4653,0.0672,71.5,yf_premarket,0.06206573117602774,0.982,0.20294749769726741,0.6,3.0,good,0.0,5.7586,6.8403,-1.082,fading,12:13:13,2026-07-09 12:13:13
WEAV,6.82,6.75,0.0104,0.9284,1216060,4,0.8132,0.297,0.044,77.6,yf_premarket,0.1145790909203105,0.8132,0.131716303346638,0.8,3.0,good,0.06257521058965103,5.758,,,new,12:13:13,2026-07-09 12:13:13
NTCL,4.1,4.07,0.0074,0.0165,3449860,1,0.6734,0.3716,0.0913,87.2,yf_premarket,0.002036358250953386,0.6734,0.2769419711390851,0.2,4.0,strong ✓,0.04452466907340554,5.7551,,,new,12:13:13,2026-07-09 12:13:13
GFL,40.8,40.89,-0.0022,0.6562,5557120,4,0.8912,1.299,0.0318,72.8,yf_premarket,0.08098535056215829,0.8912,0.09425852011053117,0.8,3.0,good,0.0,5.751,5.7506,0.0,steady,12:13:13,2026-07-09 12:13:13
IAC,46.75,46.75,0.0,0.8014,1035689,3,0.9777,1.449,0.031,72.9,prev_close,0.09890530317054809,0.9777,0.09180227202947498,0.6,3.0,good,0.0,5.7497,5.7492,0.0,steady,12:13:13,2026-07-09 12:13:13
ENGS,2.94,2.94,-0.0,0.3359,1334620,3,0.9867,0.218,0.0741,75.4,yf_premarket,0.04145531736334802,0.9867,0.22413263739637704,0.6,3.0,good,0.0,5.7476,5.7473,0.0,steady,12:13:13,2026-07-09 12:13:13
FORR,9.61,9.61,0.0,0.3343,297660,4,0.8867,0.703,0.0732,78.9,yf_premarket,0.041257852320831324,0.8867,0.22136935830518883,0.8,3.0,good,0.0,5.746,5.7456,0.0,steady,12:13:13,2026-07-09 12:13:13
PAY,28.02,28.02,-0.0,0.4888,2107130,4,0.8909,1.2385,0.0442,76.6,yf_premarket,0.060325570488849393,0.8909,0.13233036536690207,0.8,3.0,good,0.0,5.7385,,,new,12:13:13,2026-07-09 12:13:13
INSP,48.32,49.3,-0.0199,0.8711,1439540,4,0.8483,2.1859,0.0443,76.8,yf_premarket,0.10750737408518148,0.8483,0.1326373963770341,0.8,3.0,good,0.0,5.7242,5.7238,0.0,steady,12:13:13,2026-07-09 12:13:13
STVN,19.32,19.32,0.0,0.9305,320800,4,0.8368,0.8355,0.0432,70.8,yf_premarket,0.11483826378861367,0.8368,0.12926005526558185,0.8,3.0,good,0.0,5.7105,5.7101,0.0,steady,12:13:13,2026-07-09 12:13:13
REAX,2.2,2.2,-0.0,0.8671,5216860,4,0.822,0.1405,0.0639,77.9,yf_premarket,0.10701371147888974,0.822,0.19281547436291063,0.8,3.0,good,0.0,5.7009,5.7893,-0.088,steady,12:13:13,2026-07-09 12:13:13
ZNTL,4.63,4.86,-0.0473,0.5211,1955750,4,0.8258,0.4521,0.093,74.4,yf_premarket,0.0643118960346551,0.8258,0.2821614983113294,0.8,3.0,good,0.0,5.6891,,,new,12:13:13,2026-07-09 12:13:13
OFIX,11.54,11.54,0.0,0.6454,535960,4,0.8387,0.582,0.0504,70.4,yf_premarket,0.07965246152517061,0.8387,0.15136628799508753,0.8,3.0,good,0.0,5.6726,,,new,12:13:13,2026-07-09 12:13:13
LMRI,12.55,12.16,0.0321,0.4914,803770,3,0.7849,0.8252,0.0679,74.3,yf_premarket,0.060646451182939015,0.7849,0.20509671476819158,0.6,3.0,good,0.1931407942238267,5.653,,,new,12:13:13,2026-07-09 12:13:13
AOUT,13.93,13.93,-0.0,0.2671,331290,4,0.8263,1.25,0.0897,71.3,yf_premarket,0.032964320535130265,0.8263,0.27202947497697266,0.8,3.0,good,0.0,5.6381,5.6377,0.0,steady,12:13:13,2026-07-09 12:13:13
ZYME,27.0,26.65,0.0131,1.1915,738500,2,0.9063,1.372,0.0515,75.2,yf_premarket,0.14704974884914904,0.9063,0.15474362910653977,0.4,3.0,good,0.07882069795427198,5.6288,,,new,12:13:13,2026-07-09 12:13:13
PRDO,35.08,35.08,-0.0,0.9023,699670,4,0.8058,1.142,0.0326,71.9,yf_premarket,0.11135794241425696,0.8058,0.09671476819158735,0.8,3.0,good,0.0,5.627,,,new,12:13:13,2026-07-09 12:13:13
VIR,10.4,10.43,-0.0029,0.856,2280380,3,0.8958,0.4767,0.0457,71.0,yf_premarket,0.10564379774643019,0.8958,0.13693583051888242,0.6,3.0,good,0.0,5.6185,,,new,12:13:13,2026-07-09 12:13:13
RMAX,11.34,11.24,0.0089,0.7736,385200,4,0.7554,0.528,0.047,72.0,yf_premarket,0.09547434805682055,0.7554,0.14092723365059873,0.8,3.0,good,0.05354993983152828,5.6048,,,new,12:13:13,2026-07-09 12:13:13
ACIC,11.57,11.57,0.0,0.3675,408710,4,0.8476,0.308,0.0266,75.1,yf_premarket,0.045355251953052685,0.8476,0.07829290758366594,0.8,3.0,good,0.0,5.6024,5.602,0.0,steady,12:13:13,2026-07-09 12:13:13
NRDS,9.4,9.47,-0.0074,0.9873,769910,4,0.7817,0.3405,0.036,74.1,yf_premarket,0.12184827279795622,0.7817,0.10715382253607615,0.8,3.0,good,0.0,5.5997,,,new,12:13:13,2026-07-09 12:13:13
YEXT,4.9,4.93,-0.0061,0.7706,1516550,4,0.7849,0.213,0.0432,73.4,yf_premarket,0.09510410110210175,0.7849,0.12926005526558185,0.8,3.0,good,0.0,5.5771,,,new,12:13:13,2026-07-09 12:13:13
ATEN,37.67,37.09,0.0156,0.6819,1254020,4,0.7246,1.449,0.0391,78.9,yf_premarket,0.08415713280758265,0.7246,0.1166717838501689,0.8,3.0,good,0.09386281588447654,5.5746,5.4393,0.135,steady,12:13:13,2026-07-09 12:13:13
HRTG,27.25,27.25,0.0,0.4147,497440,4,0.8182,1.08,0.0396,77.9,yf_premarket,0.051180470707295096,0.8182,0.118206938900829,0.8,3.0,good,0.0,5.5723,5.5719,0.0,steady,12:13:13,2026-07-09 12:13:13
KMPR,29.77,29.18,0.0202,0.4721,1819440,3,0.8063,0.982,0.0337,70.1,yf_premarket,0.058264529107581425,0.8063,0.10009210930303962,0.6,3.0,good,0.12154031287605295,5.5324,,,new,12:13:13,2026-07-09 12:13:13
HCAT,2.25,2.2,0.0227,0.3678,2147380,3,0.7639,0.1741,0.0791,76.3,yf_premarket,0.04539227664852456,0.7639,0.2394841879029782,0.6,3.0,good,0.13658243080625754,5.5205,5.3153,0.205,steady,12:13:13,2026-07-09 12:13:13
PHVS,35.925,35.925,0.0,1.4137,672150,2,0.894,1.6347,0.0455,75.8,yf_premarket,0.17447270662865463,0.894,0.13632176849861838,0.4,3.0,good,0.0,5.5179,,,new,12:13:13,2026-07-09 12:13:13
IIPR,63.0,62.87,0.0021,0.883,421410,3,0.8372,1.6252,0.0259,73.9,yf_premarket,0.10897602033889937,0.8372,0.0761436905127418,0.6,3.0,good,0.012635379061371842,5.4949,5.6588,-0.164,steady,12:13:13,2026-07-09 12:13:13
FATE,2.95,2.93,0.0068,0.3302,5778580,3,0.8,0.322,0.1099,75.9,yf_premarket,0.0407518481493823,0.8,0.3340497390236414,0.6,3.0,good,0.04091456077015644,5.4895,5.8319,-0.342,fading,12:13:13,2026-07-09 12:13:13
CSTE,2.4,2.4,-0.0,0.3852,267900,4,0.725,0.254,0.1058,78.2,yf_premarket,0.04753970898589359,0.725,0.32146146760822847,0.8,3.0,good,0.0,5.482,5.4817,0.0,steady,12:13:13,2026-07-09 12:13:13
HG,34.9,34.49,0.0119,0.8105,642420,3,0.7918,0.9393,0.0272,72.1,yf_premarket,0.10002838559986177,0.7918,0.08013509364445809,0.6,3.0,good,0.07160048134777378,5.4811,5.6078,-0.127,steady,12:13:13,2026-07-09 12:13:13
BTSG,72.1543,70.5,0.0235,0.7654,3958700,3,0.7282,2.2405,0.0318,79.1,yf_premarket,0.09446233971392251,0.7282,0.09425852011053117,0.6,3.0,good,0.141395908543923,5.4573,5.5326,-0.075,steady,12:13:13,2026-07-09 12:13:13
PAYS,8.5187,8.51,0.001,0.6349,726570,3,0.8231,0.44,0.0517,79.0,yf_premarket,0.07835659718365483,0.8231,0.15535769112680384,0.6,3.0,good,0.006016847172081829,5.4504,,,new,12:13:13,2026-07-09 12:13:13
KVYO,16.4,16.6,-0.012,0.6671,6165460,4,0.719,0.7981,0.0481,72.9,yf_premarket,0.08233058116430325,0.719,0.14430457476205097,0.8,3.0,good,0.0,5.4336,,,new,12:13:13,2026-07-09 12:13:13
FA,20.48,19.7,0.0396,0.9159,1907990,2,0.7187,0.8535,0.0433,72.5,yf_premarket,0.11303639527564886,0.7187,0.12956708627571387,0.4,3.0,good,0.23826714801444046,5.4291,5.8519,-0.423,fading,12:13:13,2026-07-09 12:13:13
RDVT,66.6,66.17,0.0065,0.7422,240110,3,0.7731,3.027,0.0457,78.4,yf_premarket,0.09159909659743047,0.7731,0.13693583051888242,0.6,3.0,good,0.03910950661853189,5.4107,,,new,12:13:13,2026-07-09 12:13:13
TNET,55.0,55.0,0.0,0.6872,365110,3,0.8117,2.0176,0.0367,71.1,yf_premarket,0.0848112357609192,0.8117,0.10930303960700033,0.6,3.0,good,0.0,5.4053,,,new,12:13:13,2026-07-09 12:13:13
NAVN,25.61,25.52,0.0035,1.245,6077930,4,0.6186,1.5932,0.0624,74.5,yf_premarket,0.15365248620830094,0.6186,0.1882100092109303,0.8,3.0,good,0.021058965102286404,5.3934,,,new,12:13:13,2026-07-09 12:13:13
EIG,50.72,51.16,-0.0086,0.7152,271250,3,0.8048,1.225,0.0239,75.5,yf_premarket,0.0882668740049613,0.8048,0.07000307031010132,0.6,3.0,good,0.0,5.377,5.3766,0.0,steady,12:13:13,2026-07-09 12:13:13
LINC,54.0,54.14,-0.0026,0.8981,560390,3,0.7706,2.409,0.0445,73.6,yf_premarket,0.11083959667765066,0.7706,0.13325145839729813,0.6,3.0,good,0.0,5.3741,,,new,12:13:13,2026-07-09 12:13:13
ALKS,51.5,54.29,-0.0514,0.5902,2890310,3,0.7968,2.286,0.0421,77.2,yf_premarket,0.07283991755834474,0.7968,0.12588271415412958,0.6,3.0,good,0.0,5.3658,5.3654,0.0,steady,12:13:13,2026-07-09 12:13:13
GMRS,15.5,15.58,-0.0051,0.7909,845060,2,0.8615,0.935,0.06,76.6,yf_premarket,0.0976094388290323,0.8615,0.18084126496776176,0.4,3.0,good,0.0,5.3598,5.4482,-0.088,steady,12:13:13,2026-07-09 12:13:13
KELYA,13.56,13.32,0.018,0.6116,467980,2,0.8115,0.528,0.0396,70.5,yf_premarket,0.0754810125020055,0.8115,0.118206938900829,0.4,3.0,good,0.10830324909747292,5.3578,,,new,12:13:13,2026-07-09 12:13:13
OHI,49.27,49.36,-0.0018,0.7791,1969890,3,0.7944,0.828,0.0168,74.3,yf_premarket,0.09615313414047169,0.7944,0.04820386859072766,0.6,3.0,good,0.0,5.3571,,,new,12:13:13,2026-07-09 12:13:13
BMRN,59.6,59.75,-0.0025,0.7875,1936080,3,0.7845,1.62,0.0271,71.7,yf_premarket,0.09718982561368432,0.7845,0.07982806263432607,0.6,3.0,good,0.0,5.3547,5.3543,0.0,steady,12:13:13,2026-07-09 12:13:13
ASMB,27.8204,28.73,-0.0317,0.3879,350650,3,0.7946,1.744,0.0607,71.5,yf_premarket,0.047872931245140506,0.7946,0.18299048203868593,0.6,3.0,good,0.0,5.3525,5.3521,0.0,steady,12:13:13,2026-07-09 12:13:13
SBRA,20.03,20.03,-0.0,0.8549,3809770,3,0.7778,0.457,0.0228,71.2,yf_premarket,0.10550804052969998,0.7778,0.06662572919864906,0.6,3.0,good,0.0,5.3472,,,new,12:13:13,2026-07-09 12:13:13
BRO,68.02,68.41,-0.0057,0.6144,2920640,3,0.7904,2.023,0.0296,72.8,yf_premarket,0.0758265763264097,0.7904,0.08750383788762665,0.6,3.0,good,0.0,5.3383,5.3379,0.0,steady,12:13:13,2026-07-09 12:13:13
NTST,21.88,21.88,0.0,0.3446,4697550,2,0.9206,0.471,0.0215,70.0,yf_premarket,0.04252903353203253,0.9206,0.06263432606693276,0.4,3.0,good,0.0,5.3363,,,new,12:13:13,2026-07-09 12:13:13
MMYT,56.97,56.97,-0.0,1.0153,1501060,3,0.7342,2.872,0.0504,78.9,yf_premarket,0.12530391104199834,0.7342,0.15136628799508753,0.6,3.0,good,0.0,5.332,,,new,12:13:13,2026-07-09 12:13:13
BILL,38.8,39.3,-0.0127,0.7064,2439040,3,0.7685,1.6598,0.0422,71.5,yf_premarket,0.0871808162711195,0.7685,0.1261897451642616,0.6,3.0,good,0.0,5.3309,5.3305,0.0,steady,12:13:13,2026-07-09 12:13:13
CTRE,41.37,41.34,0.0007,0.7302,3305130,3,0.7757,0.9906,0.024,78.0,yf_premarket,0.09011810877855529,0.7757,0.07031010132023334,0.6,3.0,good,0.004211793020457281,5.328,5.3213,0.007,steady,12:13:13,2026-07-09 12:13:13
NOMD,11.3,11.33,-0.0026,0.4513,1620420,3,0.7943,0.3557,0.0314,71.1,yf_premarket,0.055697483554864424,0.7943,0.09303039607000306,0.6,3.0,good,0.0,5.3187,,,new,12:13:13,2026-07-09 12:13:13
MD,26.79,26.79,-0.0,1.0164,851690,3,0.7422,0.808,0.0302,74.3,yf_premarket,0.12543966825872857,0.7422,0.0893460239484188,0.6,3.0,good,0.0,5.3172,,,new,12:13:13,2026-07-09 12:13:13
RLI,61.2,60.7,0.0082,0.8283,1031920,3,0.7246,1.603,0.0264,73.3,yf_premarket,0.10222518419785998,0.7246,0.0776788455634019,0.6,3.0,good,0.04933814681107101,5.3154,,,new,12:13:13,2026-07-09 12:13:13
TGTX,57.69,57.23,0.008,0.6477,2863710,2,0.8272,2.4895,0.0435,72.3,yf_premarket,0.07993631752378837,0.8272,0.1301811482959779,0.4,3.0,good,0.048134777376654635,5.3116,,,new,12:13:13,2026-07-09 12:13:13
CWT,51.0,49.35,0.0334,0.5361,670050,3,0.637,1.172,0.0237,74.8,yf_premarket,0.06616313080824911,0.637,0.06938900828983727,0.6,3.0,good,0.2009626955475331,5.3094,5.0075,0.302,rising,12:13:13,2026-07-09 12:13:13
CLDX,38.91,38.96,-0.0013,0.9775,1655560,2,0.8253,1.906,0.0489,76.3,yf_premarket,0.12063879941254149,0.8253,0.14676082284310715,0.4,3.0,good,0.0,5.3049,5.3045,0.0,steady,12:13:13,2026-07-09 12:13:13
HROW,45.1,45.07,0.0007,0.6711,795750,3,0.7467,2.183,0.0484,72.7,yf_premarket,0.08282424377059498,0.7467,0.14522566779244706,0.6,3.0,good,0.004211793020457281,5.2966,5.2899,0.007,steady,12:13:13,2026-07-09 12:13:13
ESNT,64.1503,64.11,0.0006,0.8256,1116810,3,0.7476,1.526,0.0238,73.5,yf_premarket,0.10189196193861305,0.7476,0.0696960392999693,0.6,3.0,good,0.0036101083032490976,5.2883,5.4303,-0.142,steady,12:13:13,2026-07-09 12:13:13
ACHC,30.73,30.74,-0.0003,0.4614,4354930,3,0.7634,1.525,0.0496,70.4,yf_premarket,0.05694398163575104,0.7634,0.14891003991403132,0.6,3.0,good,0.0,5.2867,5.2863,0.0,steady,12:13:13,2026-07-09 12:13:13
AVIR,4.81,4.81,0.0,1.1614,480190,3,0.6939,0.2189,0.0455,73.5,yf_premarket,0.14333493773680378,0.6939,0.13632176849861838,0.6,3.0,good,0.0,5.271,5.2706,0.0,steady,12:13:13,2026-07-09 12:13:13
BBSI,37.39,37.39,0.0,0.4766,259780,3,0.7643,1.249,0.0334,72.8,yf_premarket,0.05881989953965962,0.7643,0.09917101627264355,0.6,3.0,good,0.0,5.2664,5.266,0.0,steady,12:13:13,2026-07-09 12:13:13
ODD,16.5,16.52,-0.0012,0.4905,1897660,3,0.7256,1.263,0.0765,71.8,yf_premarket,0.060535377096523374,0.7256,0.2315013816395456,0.6,3.0,good,0.0,5.2578,,,new,12:13:13,2026-07-09 12:13:13
FLGT,20.3,20.61,-0.015,0.9526,277990,3,0.713,0.7097,0.0344,75.7,yf_premarket,0.11756574968837548,0.713,0.10224132637396378,0.6,3.0,good,0.0,5.2535,5.2531,0.0,steady,12:13:13,2026-07-09 12:13:13
PNTG,39.5,39.2,0.0077,0.6363,439740,3,0.7043,1.5121,0.0386,79.5,yf_premarket,0.07852937909585693,0.7043,0.11513662879950877,0.6,3.0,good,0.04632972322503009,5.2535,,,new,12:13:13,2026-07-09 12:13:13
CHYM,20.82,20.98,-0.0076,0.533,7154040,2,0.8295,1.2764,0.0608,72.0,yf_premarket,0.06578054228837302,0.8295,0.18329751304881794,0.4,3.0,good,0.0,5.2493,5.2489,0.0,steady,12:13:13,2026-07-09 12:13:13
SKWD,60.0637,60.37,-0.0051,0.5202,1003750,3,0.7395,2.471,0.0409,75.7,yf_premarket,0.06420082194823948,0.7395,0.1221983420325453,0.6,3.0,good,0.0,5.2364,,,new,12:13:13,2026-07-09 12:13:13
PESI,14.34,14.03,0.0221,0.5489,489010,3,0.5959,1.325,0.0944,72.2,yf_premarket,0.06774285114838265,0.5959,0.28645993245317775,0.6,3.0,good,0.13297232250300844,5.2361,,,new,12:13:13,2026-07-09 12:13:13
CLRO,10.31,10.16,0.0148,0.3242,18436790,3,0.5399,2.39,0.2352,70.3,yf_premarket,0.04001135423994471,0.5399,0.7187595947190667,0.6,3.0,good,0.08904933814681108,5.2328,6.0669,-0.834,fading,12:13:13,2026-07-09 12:13:13
SMMT,15.69,15.69,0.0,0.5833,4757580,2,0.8341,0.584,0.0372,73.5,yf_premarket,0.07198834956249152,0.8341,0.11083819465766043,0.4,3.0,good,0.0,5.2316,5.2312,0.0,steady,12:13:13,2026-07-09 12:13:13
KNSA,65.6766,64.76,0.0142,0.6913,1533070,2,0.7475,3.1768,0.0491,72.0,yf_premarket,0.08531723993236823,0.7475,0.14737488486337122,0.4,3.0,good,0.08543922984356199,5.2248,,,new,12:13:13,2026-07-09 12:13:13
SIRI,30.22,30.26,-0.0013,1.0021,4854440,3,0.6971,0.869,0.0287,78.6,yf_premarket,0.12367482444123563,0.6971,0.08474055879643844,0.6,3.0,good,0.0,5.2221,,,new,12:13:13,2026-07-09 12:13:13
STTK,6.88,6.88,-0.0,0.4049,2552070,3,0.6922,0.7064,0.1027,79.2,yf_premarket,0.04997099732188036,0.6922,0.3119435062941357,0.6,3.0,good,0.0,5.2153,,,new,12:13:13,2026-07-09 12:13:13
GALT,4.6336,4.51,0.0274,0.1991,1599750,2,0.6762,0.515,0.1142,76.8,yf_premarket,0.024572056228170856,0.6762,0.3472520724593184,0.4,3.0,good,0.16486161251504214,5.2102,5.5027,-0.292,steady,12:13:13,2026-07-09 12:13:13
CRTO,22.49,22.83,-0.0149,0.6437,626820,3,0.694,1.4701,0.0644,78.1,yf_premarket,0.07944265491749664,0.694,0.19435062941357076,0.6,3.0,good,0.0,5.2043,5.204,0.0,steady,12:13:13,2026-07-09 12:13:13
LTC,38.61,39.07,-0.0118,0.8775,553730,3,0.7067,0.644,0.0165,72.0,yf_premarket,0.10829723425524823,0.7067,0.0472827755603316,0.6,3.0,good,0.0,5.1995,,,new,12:13:13,2026-07-09 12:13:13
SLS,13.74,13.76,-0.0015,0.9575,15795090,2,0.7001,1.958,0.1423,73.0,yf_premarket,0.11817048638108285,0.7001,0.43352778630641703,0.4,3.0,good,0.0,5.1942,,,new,12:13:13,2026-07-09 12:13:13
ANNX,6.09,5.96,0.0218,1.2233,6171190,2,0.6233,0.468,0.0785,72.1,yf_premarket,0.1509743665691683,0.6233,0.23764200184218606,0.4,3.0,good,0.1311672683513839,5.1886,4.9915,0.197,steady,12:13:13,2026-07-09 12:13:13
CERS,3.18,3.14,0.0127,0.5754,3684710,3,0.6374,0.188,0.0599,75.6,yf_premarket,0.07101336591506535,0.6374,0.18053423395762974,0.6,3.0,good,0.07641395908543923,5.1862,5.0712,0.115,steady,12:13:13,2026-07-09 12:13:13
ORIC,10.9,10.9,0.0,1.0388,2095100,3,0.6306,0.7617,0.0699,79.2,yf_premarket,0.12820417885396224,0.6306,0.21123733497083205,0.6,3.0,good,0.0,5.1591,,,new,12:13:13,2026-07-09 12:13:13
SCLX,8.7503,9.13,-0.0416,0.3536,318990,3,0.6607,1.0302,0.1128,76.1,yf_premarket,0.04363977439618893,0.6607,0.34295363831747006,0.6,3.0,good,0.0,5.1583,,,new,12:13:13,2026-07-09 12:13:13
WAY,22.4742,22.72,-0.0108,0.5773,3385280,3,0.6822,0.95,0.0418,73.1,yf_premarket,0.07124785565305392,0.6822,0.1249616211237335,0.6,3.0,good,0.0,5.1338,,,new,12:13:13,2026-07-09 12:13:13
SEER,2.1804,2.18,0.0002,0.3281,4041370,2,0.7975,0.0837,0.0384,75.8,yf_premarket,0.040492675281079145,0.7975,0.1145225667792447,0.4,3.0,good,0.001203369434416366,5.1148,,,new,12:13:13,2026-07-09 12:13:13
BRBR,12.99,13.18,-0.0144,0.5691,7293900,3,0.6509,0.8382,0.0636,78.1,yf_premarket,0.07023584731015588,0.6509,0.1918943813325146,0.6,3.0,good,0.0,5.1031,5.1027,0.0,steady,12:13:13,2026-07-09 12:13:13
RCUS,30.5,30.26,0.0079,0.6587,1724330,3,0.6051,1.707,0.0564,78.6,yf_premarket,0.08129388969109061,0.6051,0.16978814860300892,0.6,3.0,good,0.04753309265944646,5.0883,5.1862,-0.098,steady,12:13:13,2026-07-09 12:13:13
CON,31.5,31.46,0.0013,0.6727,1343370,2,0.7528,0.7795,0.0248,79.6,yf_premarket,0.08302170881311167,0.7528,0.07276634940128952,0.4,3.0,good,0.007821901323706379,5.0782,5.0917,-0.014,steady,12:13:13,2026-07-09 12:13:13
EVER,24.66,24.8,-0.0056,0.8927,867140,3,0.6148,1.3655,0.0551,75.2,yf_premarket,0.11017315215915682,0.6148,0.16579674547129264,0.6,3.0,good,0.0,5.0778,5.0774,0.0,steady,12:13:13,2026-07-09 12:13:13
PCRX,25.51,25.52,-0.0004,0.6781,487950,3,0.6346,0.987,0.0387,75.7,yf_premarket,0.08368815333160551,0.6346,0.11544365980964078,0.6,3.0,good,0.0,5.0525,,,new,12:13:13,2026-07-09 12:13:13
VIA,17.9,17.92,-0.0011,0.4583,1667820,3,0.6314,1.224,0.0683,72.4,yf_premarket,0.05656139311587495,0.6314,0.20632483880871968,0.6,3.0,good,0.0,5.0508,,,new,12:13:13,2026-07-09 12:13:13
SLDE,20.47,20.47,0.0,0.7946,1965600,2,0.7091,0.9577,0.0468,75.4,yf_premarket,0.09806607673985214,0.7091,0.1403131716303347,0.4,3.0,good,0.0,5.0355,,,new,12:13:13,2026-07-09 12:13:13
FVR,20.64,20.64,0.0,1.2865,254950,2,0.6659,0.6889,0.0334,74.3,yf_premarket,0.15877423574857763,0.6659,0.09917101627264355,0.4,3.0,good,0.0,5.0195,5.0191,0.0,steady,12:13:13,2026-07-09 12:13:13
PCVX,59.0,58.71,0.0049,0.646,2526820,2,0.6906,2.8923,0.0493,72.4,yf_premarket,0.07972651091611438,0.6906,0.14798894688363526,0.4,3.0,good,0.029482551143200964,5.019,,,new,12:13:13,2026-07-09 12:13:13
ALLT,8.42,8.54,-0.0141,0.7287,383410,2,0.6968,0.47,0.055,70.9,yf_premarket,0.0899329853011959,0.6968,0.1654897144611606,0.4,3.0,good,0.0,5.0112,5.0109,0.0,steady,12:13:13,2026-07-09 12:13:13
CRSP,59.4,59.2,0.0034,0.6531,1876570,3,0.5809,3.4432,0.0582,70.2,yf_premarket,0.0806027620422822,0.5809,0.17531470678538535,0.6,3.0,good,0.02045728038507822,5.001,5.0666,-0.066,steady,12:13:13,2026-07-09 12:13:13
NMIH,41.0,41.0,0.0,0.7078,805490,2,0.7165,0.9185,0.0224,78.3,yf_premarket,0.0873535981833216,0.7165,0.06539760515812097,0.4,3.0,good,0.0,4.9967,,,new,12:13:13,2026-07-09 12:13:13
IDYA,38.25,37.96,0.0076,0.8417,1707940,3,0.5436,1.8755,0.0494,74.4,yf_premarket,0.10387895392893726,0.5436,0.14829597789376728,0.6,3.0,good,0.04572803850782191,4.9858,4.9168,0.069,steady,12:13:13,2026-07-09 12:13:13
LILAK,7.33,7.43,-0.0135,0.7141,2327440,2,0.6829,0.4209,0.0566,75.7,yf_premarket,0.08813111678823107,0.6829,0.17040221062327296,0.4,3.0,good,0.0,4.9832,,,new,12:13:13,2026-07-09 12:13:13
MGTX,14.09,14.14,-0.0035,0.5219,1542040,2,0.6885,1.009,0.0714,79.5,yf_premarket,0.06441062855591347,0.6885,0.21584280012281243,0.4,3.0,good,0.0,4.9815,,,new,12:13:13,2026-07-09 12:13:13
CBC,30.87,30.58,0.0095,0.4988,826840,3,0.5774,0.8716,0.0285,74.0,yf_premarket,0.06155972700457872,0.5774,0.0841264967761744,0.6,3.0,good,0.05716004813477738,4.9749,4.8888,0.086,steady,12:13:13,2026-07-09 12:13:13
TDUP,6.8,6.55,0.0382,1.4411,2193230,2,0.4348,0.3527,0.0538,73.2,yf_premarket,0.177854295481753,0.4348,0.1618053423395763,0.4,3.0,good,0.22984356197352587,4.962,,,new,12:13:13,2026-07-09 12:13:13
RDN,37.48,37.49,-0.0003,0.7982,1334750,3,0.5865,0.818,0.0218,72.6,yf_premarket,0.0985103730855147,0.5865,0.06355541909732883,0.6,3.0,good,0.0,4.9525,,,new,12:13:13,2026-07-09 12:13:13
BJRI,59.15,59.37,-0.0037,0.481,553820,2,0.7023,2.323,0.0391,71.8,yf_premarket,0.059362928406580515,0.7023,0.1166717838501689,0.4,3.0,good,0.0,4.952,4.9516,0.0,steady,12:13:13,2026-07-09 12:13:13
VKTX,39.73,39.96,-0.0058,0.9505,3511540,2,0.6353,2.6615,0.0666,75.0,yf_premarket,0.11730657682007231,0.6353,0.2011053116364753,0.4,3.0,good,0.0,4.9471,,,new,12:13:13,2026-07-09 12:13:13
ETON,36.17,36.17,0.0,0.7803,513620,3,0.5694,1.473,0.0407,70.9,yf_premarket,0.0963012329223592,0.5694,0.12158428001228125,0.6,3.0,good,0.0,4.944,4.9436,0.0,steady,12:13:13,2026-07-09 12:13:13
REPL,11.25,11.12,0.0117,0.9089,3596040,3,0.4733,0.8925,0.0803,73.2,yf_premarket,0.11217248571463832,0.4733,0.24316856002456247,0.6,3.0,good,0.0703971119133574,4.942,,,new,12:13:13,2026-07-09 12:13:13
LILA,7.49,7.49,0.0,0.4607,1143410,2,0.6846,0.415,0.0554,76.9,yf_premarket,0.05685759067964999,0.6846,0.16671783850168867,0.4,3.0,good,0.0,4.9378,,,new,12:13:13,2026-07-09 12:13:13
SION,43.96,44.0,-0.0009,1.0816,530520,2,0.6179,2.9362,0.0667,74.7,yf_premarket,0.13348636874128375,0.6179,0.2014123426466073,0.4,3.0,good,0.0,4.9367,,,new,12:13:13,2026-07-09 12:13:13
ALT,3.1102,3.11,0.0001,0.6297,5586990,3,0.5606,0.1915,0.0616,72.9,yf_premarket,0.07771483579547558,0.5606,0.18575376112987413,0.6,3.0,good,0.000601684717208183,4.9316,4.9303,0.001,steady,12:13:13,2026-07-09 12:13:13
INNV,11.51,11.52,-0.0009,0.512,579300,2,0.6627,0.77,0.0668,75.9,yf_premarket,0.06318881360534143,0.6627,0.2017193736567393,0.4,3.0,good,0.0,4.921,4.9207,0.0,steady,12:13:13,2026-07-09 12:13:13
TRVI,19.0,18.59,0.0221,0.7086,3605890,3,0.4507,1.0511,0.0565,70.6,yf_premarket,0.08745233070457994,0.4507,0.17009517961314094,0.6,3.0,good,0.13297232250300844,4.9171,5.4702,-0.553,fading,12:13:13,2026-07-09 12:13:13
CSTL,23.3,23.64,-0.0144,1.0822,381820,2,0.6257,0.9208,0.039,73.1,yf_premarket,0.13356041813222752,0.6257,0.11636475284003686,0.4,3.0,good,0.0,4.9099,4.9095,0.0,steady,12:13:13,2026-07-09 12:13:13
TBBK,63.07,63.03,0.0006,1.0322,443030,3,0.5332,1.906,0.0302,71.9,yf_premarket,0.1273896355535809,0.5332,0.0893460239484188,0.6,3.0,good,0.0036101083032490976,4.9076,,,new,12:13:13,2026-07-09 12:13:13
ABSI,11.1,11.1,-0.0,0.6257,10541620,1,0.7179,1.1337,0.1021,75.4,yf_premarket,0.07722117318918385,0.7179,0.3101013202333436,0.2,3.0,good,0.0,4.9067,5.614,-0.707,fading,12:13:13,2026-07-09 12:13:13
VERA,42.2,42.43,-0.0054,1.0215,3323920,1,0.6991,2.8849,0.068,76.8,yf_premarket,0.12606908808175052,0.6991,0.20540374577832363,0.2,3.0,good,0.0,4.89,,,new,12:13:13,2026-07-09 12:13:13
RXRX,3.7302,3.72,0.0027,0.8167,27778900,2,0.6022,0.2576,0.0692,70.1,yf_premarket,0.10079356263961395,0.6022,0.2090881178999079,0.4,3.0,good,0.01624548736462094,4.8845,,,new,12:13:13,2026-07-09 12:13:13
AARD,5.28,5.28,-0.0,0.6788,376420,2,0.5746,0.6575,0.1245,70.5,yf_premarket,0.08377454428770656,0.5746,0.3788762665029168,0.4,3.0,good,0.0,4.8643,4.864,0.0,steady,12:13:13,2026-07-09 12:13:13
ENTA,14.49,14.49,0.0,0.6113,325230,3,0.5342,0.7465,0.0515,72.7,yf_premarket,0.07544398780653361,0.5342,0.15474362910653977,0.6,3.0,good,0.0,4.8589,4.8585,0.0,steady,12:13:13,2026-07-09 12:13:13
NTLA,16.9,16.84,0.0036,0.7923,4475680,3,0.4849,1.1197,0.0665,71.1,yf_premarket,0.0977822207412344,0.4849,0.20079828062634328,0.6,3.0,good,0.021660649819494587,4.8494,,,new,12:13:13,2026-07-09 12:13:13
CARG,34.19,34.19,0.0,0.743,1510810,2,0.6223,1.3333,0.039,72.8,yf_premarket,0.09169782911868883,0.6223,0.11636475284003686,0.4,3.0,good,0.0,4.8403,4.8399,0.0,steady,12:13:13,2026-07-09 12:13:13
STOK,32.72,32.65,0.0021,0.7073,1364270,1,0.7068,1.56,0.0478,77.7,yf_premarket,0.08729189035753514,0.7068,0.1433834817316549,0.2,3.0,good,0.012635379061371842,4.8352,,,new,12:13:13,2026-07-09 12:13:13
SLN,9.66,9.95,-0.0291,0.5241,942960,1,0.6942,0.9532,0.0958,76.1,yf_premarket,0.06468214298937391,0.6942,0.2907583665950261,0.2,3.0,good,0.0,4.8308,,,new,12:13:13,2026-07-09 12:13:13
BKV,26.75,26.75,0.0,0.6831,1016200,2,0.6142,0.945,0.0353,76.8,yf_premarket,0.08430523158947018,0.6142,0.10500460546515199,0.4,3.0,good,0.0,4.8074,4.8069,0.001,steady,12:13:13,2026-07-09 12:13:13
BWLP,19.66,20.15,-0.0243,1.4273,347520,5,0.9866,0.5268,0.0261,56.9,yf_premarket,0.17615115949004653,0.9866,0.07675775253300585,1.0,1.5,neutral,0.0,4.7758,4.7754,0.0,steady,12:13:13,2026-07-09 12:13:13
ANRO,26.6,26.09,0.0195,0.9588,922740,2,0.4475,2.1417,0.0821,70.0,yf_premarket,0.11833092672812766,0.4475,0.2486951182069389,0.4,3.0,good,0.11732851985559568,4.7728,4.5965,0.176,steady,12:13:13,2026-07-09 12:13:13
NVO,48.929,48.89,0.0008,0.7428,12256740,3,0.4859,0.977,0.02,74.9,yf_premarket,0.09167314598837424,0.4859,0.058028860914952414,0.6,3.0,good,0.004813477737665464,4.7455,,,new,12:13:13,2026-07-09 12:13:13
AMLX,17.9,17.88,0.0011,0.4354,2088440,2,0.5781,1.0728,0.06,75.7,yf_premarket,0.0537351746948548,0.5781,0.18084126496776176,0.4,3.0,good,0.006618531889290013,4.7372,4.7268,0.01,steady,12:13:13,2026-07-09 12:13:13
IFRX,2.1291,2.16,-0.0143,0.8027,1704340,3,0.3924,0.2677,0.1239,72.6,yf_premarket,0.0990657435175929,0.3924,0.37703408044212466,0.6,3.0,good,0.0,4.7219,4.7216,0.0,steady,12:13:13,2026-07-09 12:13:13
WMG,29.8,28.89,0.0315,1.5242,2420390,4,0.9028,0.942,0.0326,50.5,yf_premarket,0.18811013612746366,0.9028,0.09671476819158735,0.8,1.5,neutral,0.18953068592057765,4.7204,,,new,12:13:13,2026-07-09 12:13:13
HNI,38.65,38.64,0.0003,0.7907,963020,2,0.5472,1.835,0.0475,71.5,yf_premarket,0.0975847556987177,0.5472,0.14246238870125885,0.4,3.0,good,0.0018050541516245488,4.7147,4.8437,-0.129,steady,12:13:13,2026-07-09 12:13:13
TDW,74.29,73.86,0.0058,1.066,964750,5,0.9601,2.105,0.0285,57.0,yf_premarket,0.13156108457674603,0.9601,0.0841264967761744,1.0,1.5,neutral,0.03489771359807461,4.712,,,new,12:13:13,2026-07-09 12:13:13
VIRT,64.99,64.27,0.0112,0.8099,1200130,5,0.9491,2.6192,0.0408,65.5,yf_premarket,0.099954336208918,0.9491,0.12189131102241328,1.0,1.5,neutral,0.0673886883273165,4.7102,,,new,12:13:13,2026-07-09 12:13:13
BLCO,16.62,16.66,-0.0024,0.9527,381240,1,0.6313,0.485,0.0291,77.0,yf_premarket,0.11757809125353276,0.6313,0.08596868283696654,0.2,3.0,good,0.0,4.682,4.6815,0.001,steady,12:13:13,2026-07-09 12:13:13
ESPR,3.1706,3.19,-0.0061,4.1712,12401430,2,1.0,0.02,0.0063,60.0,yf_premarket,0.5147913658410159,1.0,0.01596561252686521,0.4,1.5,neutral,0.0,4.6802,4.6797,0.0,steady,12:13:13,2026-07-09 12:13:13
FBRX,24.0,20.58,0.1662,0.9144,645310,2,0.4801,1.8965,0.0922,69.1,yf_premarket,0.11285127179828945,0.4801,0.27970525023027326,0.4,1.5,neutral,1.0,4.6693,3.169,1.5,rising,12:13:13,2026-07-09 12:13:13
KPTI,10.99,10.67,0.03,1.0514,701260,4,0.8973,0.7394,0.0693,66.5,yf_premarket,0.12975921606378119,0.8973,0.2093951489100399,0.8,1.5,neutral,0.18050541516245489,4.6647,,,new,12:13:13,2026-07-09 12:13:13
DXCM,73.98,74.06,-0.0011,1.1382,4669330,5,0.9535,2.295,0.031,52.3,yf_premarket,0.14047169462031175,0.9535,0.09180227202947498,1.0,1.5,neutral,0.0,4.6636,4.7755,-0.112,steady,12:13:13,2026-07-09 12:13:13
UVE,41.76,41.76,0.0,0.7501,278630,2,0.5299,1.367,0.0327,70.3,yf_premarket,0.09257408024485665,0.5299,0.09702179920171938,0.4,3.0,good,0.0,4.6472,,,new,12:13:13,2026-07-09 12:13:13
CDXS,2.8154,2.6,0.0828,0.4894,1095920,3,0.8077,0.162,0.0623,55.1,yf_premarket,0.06039961987979315,0.8077,0.1879029782007983,0.6,1.5,neutral,0.4981949458483755,4.6472,3.8996,0.748,rising,12:13:13,2026-07-09 12:13:13
FLNG,30.99,31.06,-0.0023,0.7588,487860,5,0.9762,0.8385,0.027,55.9,yf_premarket,0.09364779641354117,0.9762,0.07952103162419405,1.0,1.5,neutral,0.0,4.6326,4.849,-0.216,steady,12:13:13,2026-07-09 12:13:13
NEXT,8.0,8.13,-0.016,0.8789,2772760,5,0.9506,0.3706,0.0456,64.0,yf_premarket,0.10847001616745035,0.9506,0.1366287995087504,1.0,1.5,neutral,0.0,4.6322,,,new,12:13:13,2026-07-09 12:13:13
HSHP,15.12,15.28,-0.0105,0.6336,378160,5,0.9751,0.4294,0.0281,61.1,yf_premarket,0.07819615683661002,0.9751,0.0828983727356463,1.0,1.5,neutral,0.0,4.6089,4.6223,-0.013,steady,12:13:13,2026-07-09 12:13:13
VSTM,5.1,5.08,0.0039,1.2114,3589700,4,0.9593,0.421,0.0829,68.8,yf_premarket,0.1495057203154504,0.9593,0.2511513662879951,0.8,1.5,neutral,0.023465703971119134,4.6036,,,new,12:13:13,2026-07-09 12:13:13
PBR,17.179,17.24,-0.0035,1.7844,14529330,4,0.965,0.31,0.018,53.2,yf_premarket,0.2202228886667407,0.965,0.05188824071231194,0.8,1.5,neutral,0.0,4.5863,,,new,12:13:13,2026-07-09 12:13:13
LRMR,3.73,3.61,0.0332,0.5167,3967570,5,0.7886,0.2604,0.0721,55.9,yf_premarket,0.06376886716773421,0.7886,0.21799201719373656,1.0,1.5,neutral,0.19975932611311675,4.5815,,,new,12:13:13,2026-07-09 12:13:13
SMPL,14.85,12.84,0.1565,1.0716,2449890,3,0.3964,0.5406,0.0421,52.6,yf_premarket,0.13225221222555444,0.3964,0.12588271415412958,0.6,1.5,neutral,0.9416365824308063,4.5666,,,new,12:13:13,2026-07-09 12:13:13
WNC,13.4,12.27,0.0921,1.022,989500,1,0.1287,0.6884,0.0561,73.0,yf_premarket,0.12613079590753698,0.1287,0.16886705557261283,0.2,3.0,good,0.5541516245487366,4.5623,,,new,12:13:13,2026-07-09 12:13:13
PBA,48.6,48.31,0.006,1.1359,925170,4,0.986,0.804,0.0166,58.2,yf_premarket,0.14018783862169398,0.986,0.04758980657046362,0.8,1.5,neutral,0.03610108303249098,4.5602,,,new,12:13:13,2026-07-09 12:13:13
ROOT,67.53,66.21,0.0199,0.8887,303480,4,0.9195,3.323,0.0502,63.2,yf_premarket,0.10967948955286509,0.9195,0.1507522259748235,0.8,1.5,neutral,0.11973525872442842,4.5585,,,new,12:13:13,2026-07-09 12:13:13
CADL,10.0,9.88,0.0121,0.9663,2012690,2,0.3729,0.6643,0.0672,77.5,yf_premarket,0.11925654411492466,0.3729,0.20294749769726741,0.4,3.0,good,0.07280385078219014,4.5354,4.4258,0.11,steady,12:13:13,2026-07-09 12:13:13
NMR,9.44,9.45,-0.0011,1.2588,1179370,5,0.8842,0.168,0.0178,66.5,yf_premarket,0.1553556222000074,0.8842,0.051274178692047895,1.0,1.5,neutral,0.0,4.5271,,,new,12:13:13,2026-07-09 12:13:13
GSL,39.84,39.84,-0.0,1.013,248660,4,0.9928,0.864,0.0217,59.2,yf_premarket,0.1250200550433806,0.9928,0.06324838808719681,0.8,1.5,neutral,0.0,4.5048,4.5043,0.001,steady,12:13:13,2026-07-09 12:13:13
FR,64.73,64.64,0.0014,1.6653,1534120,5,0.8251,1.2269,0.019,60.6,yf_premarket,0.20552408456440444,0.8251,0.05495855081363218,1.0,1.5,neutral,0.008423586040914562,4.4986,4.5131,-0.014,steady,12:13:13,2026-07-09 12:13:13
APA,34.75,35.06,-0.0088,1.2539,5673710,4,0.9536,0.949,0.0271,54.9,yf_premarket,0.15475088550730004,0.9536,0.07982806263432607,0.8,1.5,neutral,0.0,4.4792,4.4788,0.0,steady,12:13:13,2026-07-09 12:13:13
PINS,22.14,22.53,-0.0173,0.9777,12981170,5,0.8625,0.874,0.0388,59.6,yf_premarket,0.12066348254285608,0.8625,0.11575069081977281,1.0,1.5,neutral,0.0,4.4639,,,new,12:13:13,2026-07-09 12:13:13
QUAD,8.11,8.27,-0.0193,0.406,249740,2,0.4578,0.306,0.037,71.5,yf_premarket,0.05010675453861059,0.4578,0.11022413263739639,0.4,3.0,good,0.0,4.4459,4.4455,0.0,steady,12:13:13,2026-07-09 12:13:13
QURE,43.8411,43.49,0.0081,0.7836,2430940,2,0.3637,2.7725,0.0638,70.7,yf_premarket,0.09670850457254988,0.3637,0.1925084433527786,0.4,3.0,good,0.048736462093862815,4.4418,4.3683,0.074,steady,12:13:13,2026-07-09 12:13:13
BNL,21.9,21.85,0.0023,1.1984,2523860,4,0.9355,0.3807,0.0174,68.4,yf_premarket,0.14790131684500227,0.9355,0.0500460546515198,0.8,1.5,neutral,0.013838748495788207,4.4386,4.4628,-0.024,steady,12:13:13,2026-07-09 12:13:13
RERE,4.0409,4.09,-0.012,1.3323,891790,4,0.9123,0.1809,0.0442,52.7,yf_premarket,0.16442667259061794,0.9123,0.13233036536690207,0.8,1.5,neutral,0.0,4.4374,,,new,12:13:13,2026-07-09 12:13:13
ANDE,72.0,72.05,-0.0007,1.6701,383330,3,0.992,2.1277,0.0295,60.6,yf_premarket,0.2061164796919545,0.992,0.08719680687749462,0.6,1.5,neutral,0.0,4.4368,4.4364,0.0,steady,12:13:13,2026-07-09 12:13:13
SHG,71.85,71.85,0.0,0.7748,309740,4,0.9821,1.309,0.0182,51.6,yf_premarket,0.09562244683870809,0.9821,0.052502302732575994,0.8,1.5,neutral,0.0,4.4339,4.4334,0.001,steady,12:13:13,2026-07-09 12:13:13
NTR,66.2767,66.76,-0.0072,0.9493,3472420,4,0.9625,1.4725,0.0221,57.2,yf_premarket,0.1171584780381848,0.9625,0.0644765121277249,0.8,1.5,neutral,0.0,4.433,,,new,12:13:13,2026-07-09 12:13:13
LXEO,5.3,5.28,0.0038,1.1015,1061660,3,1.0,0.309,0.0585,62.0,yf_premarket,0.1359423402075851,1.0,0.1762357998157814,0.6,1.5,neutral,0.022864019253910954,4.4263,,,new,12:13:13,2026-07-09 12:13:13
FIHL,25.56,25.56,0.0,0.6107,516880,4,0.987,0.6809,0.0266,69.8,prev_close,0.07536993841558987,0.987,0.07829290758366594,0.8,1.5,neutral,0.0,4.4262,4.4258,0.0,steady,12:13:13,2026-07-09 12:13:13
SU,58.74,59.06,-0.0054,1.4955,4912690,3,0.9983,1.144,0.0194,53.5,yf_premarket,0.1845681069273205,0.9983,0.056186674854160276,0.6,1.5,neutral,0.0,4.4015,,,new,12:13:13,2026-07-09 12:13:13
TYRA,32.79,32.57,0.0068,0.5887,1024280,4,0.9245,1.763,0.0541,69.1,yf_premarket,0.07265479408098535,0.9245,0.1627264353699724,0.8,1.5,neutral,0.04091456077015644,4.4007,,,new,12:13:13,2026-07-09 12:13:13
SOBO,36.99,36.77,0.006,1.7333,1083340,3,0.9441,0.8452,0.023,52.5,yf_premarket,0.21391634887136385,0.9441,0.06723979121891312,0.6,1.5,neutral,0.03610108303249098,4.3968,,,new,12:13:13,2026-07-09 12:13:13
KOD,41.0,40.63,0.0091,0.9035,1044260,3,0.9663,3.052,0.0751,69.1,yf_premarket,0.11150604119614449,0.9663,0.22720294749769726,0.6,1.5,neutral,0.054753309265944655,4.3956,,,new,12:13:13,2026-07-09 12:13:13
OXLC,9.08,9.08,0.0,0.9516,856010,4,0.9383,0.201,0.0221,59.5,yf_premarket,0.11744233403680254,0.9383,0.0644765121277249,0.8,1.5,neutral,0.0,4.385,,,new,12:13:13,2026-07-09 12:13:13
ATOS,2.5,2.45,0.0204,0.5994,212370,4,0.8333,0.177,0.0722,57.5,yf_premarket,0.07397534155281572,0.8333,0.21829904820386858,0.8,1.5,neutral,0.12274368231046934,4.3708,4.4091,-0.038,steady,12:13:13,2026-07-09 12:13:13
TALO,13.955,14.23,-0.0193,1.1324,2331120,4,0.8997,0.5351,0.0376,55.3,yf_premarket,0.13975588384118873,0.8997,0.11206631869818853,0.8,1.5,neutral,0.0,4.3651,,,new,12:13:13,2026-07-09 12:13:13
EYE,20.99,19.41,0.0814,1.1648,1878320,2,0.7243,0.849,0.0437,65.3,yf_premarket,0.14375455095215176,0.7243,0.13079521031624197,0.4,1.5,neutral,0.48977135980746095,4.3643,4.1161,0.248,steady,12:13:13,2026-07-09 12:13:13
LFST,10.49,10.49,0.0,0.8689,5167160,1,0.467,0.4798,0.0457,74.8,yf_premarket,0.10723585965172103,0.467,0.13693583051888242,0.2,3.0,good,0.0,4.3633,,,new,12:13:13,2026-07-09 12:13:13
ARQT,28.64,28.5,0.0049,0.9822,1809380,3,0.9848,1.1778,0.0413,69.2,yf_premarket,0.12121885297493427,0.9848,0.12342646607307341,0.6,1.5,neutral,0.029482551143200964,4.3574,4.3127,0.045,steady,12:13:13,2026-07-09 12:13:13
GLRE,16.67,16.67,-0.0,0.9782,228480,4,0.9091,0.555,0.0333,57.0,yf_premarket,0.12072519036864254,0.9091,0.09886398526251154,0.8,1.5,neutral,0.0,4.3487,4.3483,0.0,steady,12:13:13,2026-07-09 12:13:13
CVE,26.8,26.63,0.0064,1.126,8394590,3,0.9715,0.635,0.0238,53.0,yf_premarket,0.13896602367112196,0.9715,0.0696960392999693,0.6,1.5,neutral,0.038507821901323715,4.3441,4.2859,0.058,steady,12:13:13,2026-07-09 12:13:13
EGHT,2.02,2.03,-0.0049,0.7839,2392490,4,0.8958,0.137,0.0675,63.7,yf_premarket,0.09674552926802177,0.8958,0.2038685907276635,0.8,1.5,neutral,0.0,4.3387,4.5315,-0.193,steady,12:13:13,2026-07-09 12:13:13
CCIX,10.92,10.9,0.0018,0.2456,406830,3,0.3333,0.0659,0.006,70.5,yf_premarket,0.030310884026312216,0.3333,0.015044519496469143,0.6,3.0,good,0.010830324909747294,4.3358,4.3546,-0.019,steady,12:13:13,2026-07-09 12:13:13
BZ,14.29,14.29,0.0,0.9319,3682270,4,0.9053,0.5004,0.035,60.9,yf_premarket,0.11501104570081576,0.9053,0.10408351243475593,0.8,1.5,neutral,0.0,4.3352,4.3347,0.001,steady,12:13:13,2026-07-09 12:13:13
FTI,70.1,70.39,-0.0041,0.6334,5871310,4,0.9384,1.94,0.0276,58.1,yf_premarket,0.07817147370629543,0.9384,0.08136321768498618,0.8,1.5,neutral,0.0,4.3347,4.3343,0.0,steady,12:13:13,2026-07-09 12:13:13
AGRO,10.29,10.2,0.0088,1.1515,742080,3,0.9403,0.384,0.0376,54.5,yf_premarket,0.14211312278623173,0.9403,0.11206631869818853,0.6,1.5,neutral,0.0529482551143201,4.3292,4.2494,0.08,steady,12:13:13,2026-07-09 12:13:13
WSR,18.9716,19.0,-0.0015,1.2361,595570,3,1.0,0.021,0.0011,66.0,yf_premarket,0.15255408690930183,1.0,0.0,0.6,1.5,neutral,0.0,4.3288,,,new,12:13:13,2026-07-09 12:13:13
SUNC,70.25,69.96,0.0041,0.5937,454470,4,0.9196,1.988,0.0284,67.6,yf_premarket,0.07327187233885,0.9196,0.08381946576604238,0.8,1.5,neutral,0.024669073405535504,4.328,,,new,12:13:13,2026-07-09 12:13:13
CBZ,36.9,36.89,0.0003,0.8301,979350,4,0.9005,1.72,0.0466,58.8,yf_premarket,0.10244733237069124,0.9005,0.13969910961007065,0.8,1.5,neutral,0.0018050541516245488,4.3272,4.3241,0.003,steady,12:13:13,2026-07-09 12:13:13
EQNR,34.29,34.27,0.0006,1.4818,3422210,4,0.86,0.548,0.016,52.9,yf_premarket,0.18287731250077133,0.86,0.04574762050967148,0.8,1.5,neutral,0.0036101083032490976,4.3226,4.3167,0.006,steady,12:13:13,2026-07-09 12:13:13
ZTO,23.5,23.22,0.0121,0.6807,1486420,4,0.875,0.381,0.0164,61.4,yf_premarket,0.08400903402569514,0.875,0.04697574455019957,0.8,1.5,neutral,0.07280385078219014,4.3087,,,new,12:13:13,2026-07-09 12:13:13
FF,4.6678,4.68,-0.0026,1.0621,329260,4,0.8734,0.202,0.0432,61.2,yf_premarket,0.13107976353561157,0.8734,0.12926005526558185,0.8,1.5,neutral,0.0,4.308,4.3924,-0.084,steady,12:13:13,2026-07-09 12:13:13
ADMA,9.2606,9.16,0.011,0.662,3442830,4,0.8611,0.324,0.0354,64.6,yf_premarket,0.0817011613412813,0.8611,0.10531163647528402,0.8,1.5,neutral,0.06618531889290012,4.2967,4.4986,-0.202,steady,12:13:13,2026-07-09 12:13:13
VTOL,43.65,43.84,-0.0043,1.0078,282390,4,0.8868,1.012,0.0231,54.5,yf_premarket,0.12437829365520135,0.8868,0.06754682222904514,0.8,1.5,neutral,0.0,4.2939,,,new,12:13:13,2026-07-09 12:13:13
MOMO,6.02,6.03,-0.0017,1.2555,639770,3,0.9595,0.1621,0.0269,59.4,yf_premarket,0.15494835054981673,0.9595,0.07921400061406202,0.6,1.5,neutral,0.0,4.291,,,new,12:13:13,2026-07-09 12:13:13
OVV,56.62,56.35,0.0048,0.8959,2847830,4,0.8702,1.26,0.0224,61.3,yf_premarket,0.11056808224419021,0.8702,0.06539760515812097,0.8,1.5,neutral,0.02888086642599278,4.2823,,,new,12:13:13,2026-07-09 12:13:13
CRMD,8.85,8.83,0.0023,0.4903,1681180,4,0.8986,0.432,0.0489,53.0,yf_premarket,0.06051069396620879,0.8986,0.14676082284310715,0.8,1.5,neutral,0.013838748495788207,4.2821,4.261,0.021,steady,12:13:13,2026-07-09 12:13:13
YMM,8.51,8.58,-0.0082,1.2448,6752270,3,0.9482,0.2955,0.0344,61.9,yf_premarket,0.15362780307798632,0.9482,0.10224132637396378,0.6,1.5,neutral,0.0,4.278,,,new,12:13:13,2026-07-09 12:13:13
EDU,48.99,49.08,-0.0018,1.5809,514210,3,0.92,1.313,0.0268,61.8,yf_premarket,0.19510780357164895,0.92,0.07890696960393,0.6,1.5,neutral,0.0,4.2721,4.2717,0.0,steady,12:13:13,2026-07-09 12:13:13
BZH,31.04,31.01,0.001,3.5073,511130,2,0.8271,1.21,0.039,67.6,yf_premarket,0.43285571476174606,0.8271,0.11636475284003686,0.4,1.5,neutral,0.006016847172081829,4.2707,4.2889,-0.018,steady,12:13:13,2026-07-09 12:13:13
MFG,10.1331,10.23,-0.0095,1.2999,3480150,4,0.8523,0.161,0.0157,59.3,yf_premarket,0.16042800547965494,0.8523,0.0448265274792754,0.8,1.5,neutral,0.0,4.2677,,,new,12:13:13,2026-07-09 12:13:13
EGY,5.53,5.49,0.0073,0.8271,1643050,3,0.9481,0.186,0.0339,51.5,yf_premarket,0.10207708541597244,0.9481,0.10070617132330366,0.6,1.5,neutral,0.043922984356197355,4.2656,4.1993,0.066,steady,12:13:13,2026-07-09 12:13:13
SMFG,25.23,25.32,-0.0036,0.9439,1817160,4,0.8821,0.336,0.0133,60.9,yf_premarket,0.11649203351969095,0.8821,0.037457783236106844,0.8,1.5,neutral,0.0,4.2577,,,new,12:13:13,2026-07-09 12:13:13
CGON,69.79,69.8,-0.0001,0.9081,1510030,1,0.3985,4.1813,0.0599,72.3,yf_premarket,0.11207375319337998,0.3985,0.18053423395762974,0.2,3.0,good,0.0,4.2554,4.255,0.0,steady,12:13:13,2026-07-09 12:13:13
ALMR,24.8,25.3,-0.0198,0.3032,546130,1,0.4385,1.952,0.0772,74.4,yf_premarket,0.03741962555691313,0.4385,0.23365059871046978,0.2,3.0,good,0.0,4.25,4.2496,0.0,steady,12:13:13,2026-07-09 12:13:13
BRZE,23.0318,23.8,-0.0323,1.8685,2464970,4,0.7675,1.0463,0.044,66.7,yf_premarket,0.23060214496402434,0.7675,0.131716303346638,0.8,1.5,neutral,0.0,4.2468,4.3035,-0.057,steady,12:13:13,2026-07-09 12:13:13
RPRX,58.37,58.37,0.0,0.9774,3357240,3,0.9637,1.3459,0.0231,65.9,yf_premarket,0.12062645784738421,0.9637,0.06754682222904514,0.6,1.5,neutral,0.0,4.2421,,,new,12:13:13,2026-07-09 12:13:13
WTI,3.62,3.59,0.0084,2.2714,3994800,3,0.7778,0.181,0.0504,63.7,yf_premarket,0.2803263109827588,0.7778,0.15136628799508753,0.6,1.5,neutral,0.05054151624548737,4.2276,4.1514,0.076,steady,12:13:13,2026-07-09 12:13:13
HESM,39.42,38.99,0.011,0.998,679340,4,0.8085,0.611,0.0157,66.4,yf_premarket,0.12316882026978661,0.8085,0.0448265274792754,0.8,1.5,neutral,0.06618531889290012,4.2234,4.1237,0.1,steady,12:13:13,2026-07-09 12:13:13
NOG,19.5,19.36,0.0072,1.3022,4630950,3,0.8765,0.83,0.0429,50.8,yf_premarket,0.16071186147827266,0.8765,0.12833896223518576,0.6,1.5,neutral,0.043321299638989175,4.2232,,,new,12:13:13,2026-07-09 12:13:13
OII,41.3349,41.17,0.004,0.6456,1483950,3,0.9522,1.664,0.0404,65.4,yf_premarket,0.0796771446554852,0.9522,0.12066318698188518,0.6,1.5,neutral,0.024067388688327317,4.2203,,,new,12:13:13,2026-07-09 12:13:13
JRVR,4.59,4.59,-0.0,0.4509,522740,4,0.8864,0.173,0.0377,66.4,yf_premarket,0.05564811729423525,0.8864,0.11237334970832055,0.8,1.5,neutral,0.0,4.2125,4.212,0.001,steady,12:13:13,2026-07-09 12:13:13
GNK,26.0,25.16,0.0334,1.0413,331590,3,0.7819,0.7142,0.0284,64.8,yf_premarket,0.12851271798289457,0.7819,0.08381946576604238,0.6,1.5,neutral,0.2009626955475331,4.1999,4.5564,-0.356,fading,12:13:13,2026-07-09 12:13:13
WB,7.67,7.66,0.0013,0.6968,1170830,3,0.9661,0.14,0.0183,56.8,yf_premarket,0.08599602601601934,0.9661,0.05280933374270801,0.6,1.5,neutral,0.007821901323706379,4.1993,,,new,12:13:13,2026-07-09 12:13:13
SM,28.89,29.11,-0.0076,1.5362,4415830,3,0.8814,0.95,0.0326,56.8,yf_premarket,0.18959112394633887,0.8814,0.09671476819158735,0.6,1.5,neutral,0.0,4.1955,,,new,12:13:13,2026-07-09 12:13:13
PSN,56.9,56.63,0.0048,0.8094,1289180,4,0.8208,2.1751,0.0384,52.3,yf_premarket,0.09989262838313154,0.8208,0.1145225667792447,0.8,1.5,neutral,0.02888086642599278,4.192,,,new,12:13:13,2026-07-09 12:13:13
PAGP,25.04,24.95,0.0036,0.9793,1173740,3,0.9251,0.424,0.017,66.8,yf_premarket,0.12086094758537276,0.9251,0.04881793061099172,0.6,1.5,neutral,0.021660649819494587,4.1884,,,new,12:13:13,2026-07-09 12:13:13
FG,28.7,28.45,0.0088,1.0229,519500,4,0.7855,0.843,0.0296,59.6,yf_premarket,0.12624186999395262,0.7855,0.08750383788762665,0.8,1.5,neutral,0.0529482551143201,4.1835,4.1037,0.08,steady,12:13:13,2026-07-09 12:13:13
LNC,38.72,38.72,-0.0,0.9147,1959060,4,0.8289,1.152,0.0298,53.8,yf_premarket,0.11288829649376132,0.8289,0.08811789990789069,0.8,1.5,neutral,0.0,4.1712,,,new,12:13:13,2026-07-09 12:13:13
DVN,43.1002,43.31,-0.0048,1.1655,15101180,3,0.9068,1.213,0.028,52.5,yf_premarket,0.1438409419082528,0.9068,0.08259134172551429,0.6,1.5,neutral,0.0,4.1707,4.1702,0.0,steady,12:13:13,2026-07-09 12:13:13
SIBN,18.01,16.89,0.0663,1.5349,841900,3,0.5556,0.789,0.0467,63.4,yf_premarket,0.18943068359929405,0.5556,0.14000614062020264,0.6,1.5,neutral,0.3989169675090253,4.1637,,,new,12:13:13,2026-07-09 12:13:13
ANIX,3.28,3.11,0.0547,0.4782,386220,3,0.6696,0.276,0.0887,63.9,yf_premarket,0.05901736458217631,0.6696,0.26895916487565247,0.6,1.5,neutral,0.32912154031287605,4.1559,3.6619,0.494,rising,12:13:13,2026-07-09 12:13:13
TBI,8.12,8.12,0.0,0.9387,395960,3,0.8873,0.551,0.0679,66.8,yf_premarket,0.11585027213151171,0.8873,0.20509671476819158,0.6,1.5,neutral,0.0,4.1509,,,new,12:13:13,2026-07-09 12:13:13
ATEC,9.3,9.21,0.0098,0.862,3850330,4,0.7551,0.563,0.0611,60.1,yf_premarket,0.1063842916558678,0.7551,0.18421860607921403,0.8,1.5,neutral,0.05896510228640193,4.1503,4.2547,-0.104,steady,12:13:13,2026-07-09 12:13:13
DRVN,15.06,14.82,0.0162,0.7939,1178790,4,0.7464,0.5835,0.0394,65.3,yf_premarket,0.0979796857837511,0.7464,0.11759287688056494,0.8,1.5,neutral,0.09747292418772563,4.1448,4.1302,0.015,steady,12:13:13,2026-07-09 12:13:13
MUFG,21.18,21.08,0.0047,1.3854,3065120,4,0.7627,0.259,0.0123,59.1,yf_premarket,0.17098004368914063,0.7627,0.034387473134786614,0.8,1.5,neutral,0.0282791817087846,4.1415,,,new,12:13:13,2026-07-09 12:13:13
CPNG,18.84,19.0,-0.0084,0.9481,16250840,4,0.7969,0.7575,0.0399,56.9,yf_premarket,0.11701037925629729,0.7969,0.11912803193122506,0.8,1.5,neutral,0.0,4.1289,4.1285,0.0,steady,12:13:13,2026-07-09 12:13:13
SMWB,6.5,6.18,0.0518,0.4665,955380,3,0.6827,0.441,0.0714,68.2,yf_premarket,0.057573401458773,0.6827,0.21584280012281243,0.6,1.5,neutral,0.31167268351383876,4.1272,4.6488,-0.522,fading,12:13:13,2026-07-09 12:13:13
HUBG,45.56,45.76,-0.0044,0.8036,852120,4,0.8154,1.369,0.0299,53.7,yf_premarket,0.09917681760400854,0.8154,0.08842493091802273,0.8,1.5,neutral,0.0,4.1238,4.1234,0.0,steady,12:13:13,2026-07-09 12:13:13
IOT,35.97,36.44,-0.0129,0.9217,6211680,4,0.7819,2.0731,0.0569,63.6,yf_premarket,0.11375220605477186,0.7819,0.17132330365366905,0.8,1.5,neutral,0.0,4.1201,4.1197,0.0,steady,12:13:13,2026-07-09 12:13:13
BILI,17.57,18.03,-0.0255,1.0629,2174480,3,0.879,0.4997,0.0277,56.8,yf_premarket,0.13117849605686993,0.879,0.0816702486951182,0.6,1.5,neutral,0.0,4.0956,4.0952,0.0,steady,12:13:13,2026-07-09 12:13:13
SNWV,10.4,10.1,0.0297,0.5153,209410,3,0.7449,0.9067,0.0898,61.1,yf_premarket,0.0635960852555321,0.7449,0.2723365059871047,0.6,1.5,neutral,0.17870036101083034,4.0894,,,new,12:13:13,2026-07-09 12:13:13
GLIBK,22.24,22.73,-0.0216,0.6087,1268350,4,0.7966,1.2532,0.0551,65.4,yf_premarket,0.075123107112444,0.7966,0.16579674547129264,0.8,1.5,neutral,0.0,4.0888,4.3131,-0.224,steady,12:13:13,2026-07-09 12:13:13
AEYE,7.25,7.22,0.0042,0.2794,278490,4,0.7972,0.477,0.0661,59.8,yf_premarket,0.03448233304947733,0.7972,0.19957015658581517,0.8,1.5,neutral,0.025270758122743684,4.0838,4.0455,0.038,steady,12:13:13,2026-07-09 12:13:13
ECO,54.59,55.04,-0.0082,0.7738,464710,4,0.7921,2.051,0.0373,57.8,yf_premarket,0.09549903118713515,0.7921,0.11114522566779246,0.8,1.5,neutral,0.0,4.083,4.0826,0.0,steady,12:13:13,2026-07-09 12:13:13
CVI,30.67,30.76,-0.0029,0.9745,1060930,3,0.8669,1.41,0.0458,62.4,yf_premarket,0.1202685524578227,0.8669,0.13724286152901444,0.6,1.5,neutral,0.0,4.0828,4.0824,0.0,steady,12:13:13,2026-07-09 12:13:13
MTDR,52.8,52.8,0.0,1.161,1974740,3,0.8616,1.489,0.0282,58.9,yf_premarket,0.1432855714761746,0.8616,0.08320540374577833,0.6,1.5,neutral,0.0,4.0797,,,new,12:13:13,2026-07-09 12:13:13
MAN,39.31,37.86,0.0383,0.6509,1773600,3,0.7139,2.134,0.0564,60.1,yf_premarket,0.08033124760882175,0.7139,0.16978814860300892,0.6,1.5,neutral,0.23044524669073407,4.0789,,,new,12:13:13,2026-07-09 12:13:13
APEI,58.32,58.01,0.0053,0.7561,353900,4,0.7642,2.413,0.0416,69.0,yf_premarket,0.09331457415429424,0.7642,0.12434755910346945,0.8,1.5,neutral,0.031889290012033694,4.0784,4.0301,0.048,steady,12:13:13,2026-07-09 12:13:13
INTA,27.46,27.17,0.0107,0.8951,852880,4,0.7188,1.3995,0.0515,68.4,yf_premarket,0.11046934972293186,0.7188,0.15474362910653977,0.8,1.5,neutral,0.06438026474127558,4.0772,4.1912,-0.114,steady,12:13:13,2026-07-09 12:13:13
EP,2.7603,2.82,-0.0212,0.4162,259970,3,0.9063,0.158,0.056,56.7,yf_premarket,0.051365594184654494,0.9063,0.16856002456248084,0.6,1.5,neutral,0.0,4.0739,4.0735,0.0,steady,12:13:13,2026-07-09 12:13:13
KGEI,5.15,5.15,-0.0,0.6882,253840,3,0.8831,0.268,0.052,54.0,yf_premarket,0.08493465141249214,0.8831,0.1562787841571999,0.6,1.5,neutral,0.0,4.0717,,,new,12:13:13,2026-07-09 12:13:13
CGNT,9.3223,9.01,0.0347,0.8598,779060,3,0.719,0.3668,0.0407,56.6,yf_premarket,0.10611277722240733,0.719,0.12158428001228125,0.6,1.5,neutral,0.2087845968712395,4.0711,3.7576,0.314,rising,12:13:13,2026-07-09 12:13:13
FIVN,23.605,24.2,-0.0246,0.776,2590050,4,0.7756,1.2124,0.0501,69.7,yf_premarket,0.0957705456205956,0.7756,0.15044519496469144,0.8,1.5,neutral,0.0,4.0701,4.7221,-0.652,fading,12:13:13,2026-07-09 12:13:13
EMA,53.9,53.71,0.0035,0.7166,371070,3,0.8895,0.824,0.0153,57.2,yf_premarket,0.0884396559171634,0.8895,0.04359840343874731,0.6,1.5,neutral,0.021058965102286404,4.065,4.033,0.032,steady,12:13:13,2026-07-09 12:13:13
HUYA,2.4631,2.42,0.0178,0.8965,634000,3,0.7941,0.077,0.0318,64.5,yf_premarket,0.11064213163513395,0.7941,0.09425852011053117,0.6,1.5,neutral,0.10709987966305656,4.0619,3.9009,0.161,steady,12:13:13,2026-07-09 12:13:13
WBI,34.07,34.07,0.0,0.5196,1536750,3,0.8915,1.8701,0.0549,55.2,yf_premarket,0.06412677255729571,0.8915,0.16518268345102857,0.6,1.5,neutral,0.0,4.0618,,,new,12:13:13,2026-07-09 12:13:13
ROLR,6.3,6.32,-0.0032,0.7224,236720,3,0.8402,0.606,0.0959,57.8,yf_premarket,0.08915546669628642,0.8402,0.2910653976051581,0.6,1.5,neutral,0.0,4.0597,,,new,12:13:13,2026-07-09 12:13:13
TRP,68.65,68.98,-0.0048,0.608,2613670,4,0.8068,1.4543,0.0211,53.1,yf_premarket,0.07503671615634294,0.8068,0.06140620202640467,0.8,1.5,neutral,0.0,4.0569,,,new,12:13:13,2026-07-09 12:13:13
TOST,29.2,28.57,0.0221,0.6226,19553080,4,0.6832,1.2025,0.0421,69.7,yf_premarket,0.07683858466930776,0.6832,0.12588271415412958,0.8,1.5,neutral,0.13297232250300844,4.0441,,,new,12:13:13,2026-07-09 12:13:13
GLNG,52.16,51.47,0.0134,0.7419,1252410,3,0.8212,1.34,0.026,62.7,yf_premarket,0.0915620719019586,0.8212,0.07645072152287381,0.6,1.5,neutral,0.08062575210589652,4.0389,4.1817,-0.143,steady,12:13:13,2026-07-09 12:13:13
RMNI,4.67,4.67,-0.0,0.4533,640800,4,0.7911,0.2059,0.0441,68.1,yf_premarket,0.05594431485801029,0.7911,0.13202333435677005,0.8,1.5,neutral,0.0,4.0321,4.0317,0.0,steady,12:13:13,2026-07-09 12:13:13
NTCT,43.51,43.0,0.0119,0.9273,734800,3,0.799,1.559,0.0363,61.0,yf_premarket,0.11444333370358029,0.799,0.10807491556647222,0.6,1.5,neutral,0.07160048134777378,4.0311,,,new,12:13:13,2026-07-09 12:13:13
MNTN,11.19,10.89,0.0275,0.6557,2123810,3,0.7258,0.7755,0.0712,67.2,yf_premarket,0.08092364273637181,0.7258,0.21522873810254836,0.6,1.5,neutral,0.1654632972322503,4.0288,,,new,12:13:13,2026-07-09 12:13:13
ARMK,57.1,56.49,0.0108,0.7754,2682970,3,0.8256,1.086,0.0192,66.6,yf_premarket,0.09569649622965183,0.8256,0.055572612833896216,0.6,1.5,neutral,0.06498194945848376,4.02,3.9221,0.098,steady,12:13:13,2026-07-09 12:13:13
RYAN,40.5282,41.29,-0.0185,0.6305,2857270,3,0.8613,1.6935,0.041,69.3,yf_premarket,0.07781356831673392,0.8613,0.12250537304267733,0.6,1.5,neutral,0.0,4.0006,,,new,12:13:13,2026-07-09 12:13:13
LPRO,3.14,3.14,-0.0,0.4923,3686740,2,1.0,0.016,0.0051,65.0,yf_premarket,0.060757525269354656,1.0,0.012281240405280934,0.4,1.5,neutral,0.0,3.9973,,,new,12:13:13,2026-07-09 12:13:13
WVE,6.22,6.24,-0.0032,0.7748,3577470,4,0.7391,0.313,0.0502,63.0,yf_premarket,0.09562244683870809,0.7391,0.1507522259748235,0.8,1.5,neutral,0.0,3.997,,,new,12:13:13,2026-07-09 12:13:13
FMS,23.94,23.94,-0.0,0.6382,703900,4,0.7783,0.328,0.0137,52.4,yf_premarket,0.07876386883384551,0.7783,0.03868590727663494,0.8,1.5,neutral,0.0,3.9941,3.9936,0.001,steady,12:13:13,2026-07-09 12:13:13
PCOR,43.01,43.85,-0.0192,0.5746,4083630,4,0.7608,1.8705,0.0427,57.5,yf_premarket,0.07091463339380699,0.7608,0.12772490021492172,0.8,1.5,neutral,0.0,3.9918,,,new,12:13:13,2026-07-09 12:13:13
EPSN,5.6,5.51,0.0163,0.5143,219150,3,0.7963,0.208,0.0377,54.3,yf_premarket,0.06347266960395917,0.7963,0.11237334970832055,0.6,1.5,neutral,0.09807460890493382,3.9911,4.1649,-0.174,steady,12:13:13,2026-07-09 12:13:13
ZCMD,2.39,2.5,-0.044,0.3912,9157173,3,0.7356,0.5624,0.225,58.1,yf_premarket,0.048280202895331185,0.7356,0.6874424316856003,0.6,1.5,neutral,0.0,3.9873,,,new,12:13:13,2026-07-09 12:13:13
SUJA,10.55,10.71,-0.0149,0.9536,301160,3,0.7943,0.836,0.0781,53.7,yf_premarket,0.1176891653399484,0.7943,0.23641387780165798,0.6,1.5,neutral,0.0,3.9833,,,new,12:13:13,2026-07-09 12:13:13
ZIP,3.96,3.89,0.018,0.4117,1040320,3,0.7688,0.2709,0.0696,64.2,yf_premarket,0.0508102237525763,0.7688,0.21031624194043597,0.6,1.5,neutral,0.10830324909747292,3.9814,,,new,12:13:13,2026-07-09 12:13:13
DBX,28.56,28.83,-0.0094,0.9953,3564170,3,0.8251,0.8594,0.0298,60.0,yf_premarket,0.12283559801053968,0.8251,0.08811789990789069,0.6,1.5,neutral,0.0,3.9785,3.9781,0.0,steady,12:13:13,2026-07-09 12:13:13
BEAM,36.99,36.88,0.003,1.34,2930590,3,0.7454,2.7057,0.0734,68.9,yf_premarket,0.16537697310772953,0.7454,0.22198342032545287,0.6,1.5,neutral,0.01805054151624549,3.9769,4.0678,-0.091,steady,12:13:13,2026-07-09 12:13:13
LW,46.12,46.12,0.0,0.8716,1658500,4,0.7312,1.553,0.0337,54.1,yf_premarket,0.10756908191096795,0.7312,0.10009210930303962,0.8,1.5,neutral,0.0,3.9738,,,new,12:13:13,2026-07-09 12:13:13
NJR,58.0,57.6,0.0069,0.5927,867100,4,0.7331,1.146,0.0199,65.2,yf_premarket,0.07314845668727708,0.7331,0.05772182990482039,0.8,1.5,neutral,0.04151624548736462,3.9671,3.9043,0.063,steady,12:13:13,2026-07-09 12:13:13
WSE,12.7,12.89,-0.0147,0.5156,1633560,3,0.8612,0.398,0.0309,68.2,yf_premarket,0.06363310995100398,0.8612,0.09149524101934296,0.6,1.5,neutral,0.0,3.9636,,,new,12:13:13,2026-07-09 12:13:13
VIPS,13.73,13.73,0.0,0.6891,2996060,4,0.7448,0.398,0.029,50.8,yf_premarket,0.08504572549890778,0.7448,0.08566165182683452,0.8,1.5,neutral,0.0,3.96,,,new,12:13:13,2026-07-09 12:13:13
MRX,67.51,67.18,0.0049,0.7114,1218690,3,0.8003,3.7163,0.0553,60.8,yf_premarket,0.08779789452898416,0.8003,0.16641080749155668,0.6,1.5,neutral,0.029482551143200964,3.9597,3.923,0.037,steady,12:13:13,2026-07-09 12:13:13
CSX,48.91,48.69,0.0045,0.7911,12240810,3,0.8214,0.908,0.0186,63.9,yf_premarket,0.09763412195934688,0.8214,0.05373042677310408,0.6,1.5,neutral,0.02707581227436823,3.9567,3.9157,0.041,steady,12:13:13,2026-07-09 12:13:13
GCT,33.51,33.74,-0.0068,0.7731,693740,4,0.7214,1.4845,0.044,50.3,yf_premarket,0.0954126402310341,0.7214,0.131716303346638,0.8,1.5,neutral,0.0,3.9518,4.5131,-0.561,fading,12:13:13,2026-07-09 12:13:13
ANGI,6.19,6.12,0.0114,0.6255,855300,3,0.7644,0.417,0.0681,61.2,yf_premarket,0.07719649005886925,0.7644,0.20571077678845562,0.6,1.5,neutral,0.06859205776173286,3.9503,3.8471,0.103,steady,12:13:13,2026-07-09 12:13:13
UGI,36.12,35.59,0.0149,0.9818,1404320,3,0.7514,0.664,0.0187,62.7,yf_premarket,0.12116948671430511,0.7514,0.05403745778323611,0.6,1.5,neutral,0.08965102286401926,3.946,,,new,12:13:13,2026-07-09 12:13:13
FIG,21.0,21.67,-0.0309,1.4573,22478610,3,0.7356,1.483,0.0684,65.8,yf_premarket,0.1798536290372345,0.7356,0.2066318698188517,0.6,1.5,neutral,0.0,3.9443,3.9439,0.0,steady,12:13:13,2026-07-09 12:13:13
OCUL,10.19,10.27,-0.0078,1.062,3013530,3,0.7854,0.512,0.0499,69.3,yf_premarket,0.1310674219704543,0.7854,0.1498311329444274,0.6,1.5,neutral,0.0,3.9423,,,new,12:13:13,2026-07-09 12:13:13
TDOC,9.09,9.07,0.0022,0.6956,4933900,4,0.7046,0.4305,0.0475,69.7,yf_premarket,0.08584792723413183,0.7046,0.14246238870125885,0.8,1.5,neutral,0.013237063778580025,3.9291,3.9088,0.02,steady,12:13:13,2026-07-09 12:13:13
RGP,4.61,4.61,-0.0,0.4393,898400,3,0.8298,0.264,0.0573,55.8,yf_premarket,0.05421649573598924,0.8298,0.17255142769419712,0.6,1.5,neutral,0.0,3.9272,,,new,12:13:13,2026-07-09 12:13:13
CART,47.96,47.73,0.0048,0.7913,4313630,3,0.7875,1.724,0.0361,63.5,yf_premarket,0.09765880508966146,0.7875,0.10746085354620818,0.6,1.5,neutral,0.02888086642599278,3.9185,3.8748,0.044,steady,12:13:13,2026-07-09 12:13:13
SB,6.76,6.8,-0.0059,0.8535,936860,4,0.7057,0.2239,0.0329,56.6,yf_premarket,0.10533525861749787,0.7057,0.09763586122198344,0.8,1.5,neutral,0.0,3.9182,,,new,12:13:13,2026-07-09 12:13:13
MIAX,41.51,41.86,-0.0084,0.4745,3136680,4,0.7278,2.0757,0.0496,54.9,yf_premarket,0.05856072667135646,0.7278,0.14891003991403132,0.8,1.5,neutral,0.0,3.9179,,,new,12:13:13,2026-07-09 12:13:13
WK,51.7647,51.97,-0.004,0.8136,1039140,3,0.8085,1.7267,0.0332,59.5,yf_premarket,0.10041097411973786,0.8085,0.09855695425237951,0.6,1.5,neutral,0.0,3.9169,,,new,12:13:13,2026-07-09 12:13:13
OPRX,6.1,6.15,-0.0081,0.7046,627270,3,0.7949,0.39,0.0634,65.8,yf_premarket,0.08695866809828821,0.7949,0.19128031931225054,0.6,1.5,neutral,0.0,3.9159,,,new,12:13:13,2026-07-09 12:13:13
ZETA,21.1999,21.66,-0.0212,1.1242,9045330,3,0.7583,1.2161,0.0561,60.4,yf_premarket,0.1387438754982907,0.7583,0.16886705557261283,0.6,1.5,neutral,0.0,3.9091,,,new,12:13:13,2026-07-09 12:13:13
HRB,39.5917,39.12,0.0121,1.2838,1898880,3,0.7096,1.068,0.0273,62.3,yf_premarket,0.1584410134893307,0.7096,0.08044212465459012,0.6,1.5,neutral,0.07280385078219014,3.9063,3.8873,0.019,steady,12:13:13,2026-07-09 12:13:13
SEPN,36.29,36.4,-0.003,1.2575,751670,3,0.7346,2.4768,0.068,53.4,yf_premarket,0.1551951818529626,0.7346,0.20540374577832363,0.6,1.5,neutral,0.0,3.9047,,,new,12:13:13,2026-07-09 12:13:13
NVRI,22.21,22.81,-0.0263,0.9901,553270,3,0.772,1.167,0.0512,62.0,yf_premarket,0.12219383662236044,0.772,0.1538225360761437,0.6,1.5,neutral,0.0,3.9042,3.9038,0.0,steady,12:13:13,2026-07-09 12:13:13
RAPP,43.19,41.99,0.0286,1.5461,634810,2,0.674,2.8596,0.0681,61.6,yf_premarket,0.1908129388969109,0.674,0.20571077678845562,0.4,1.5,neutral,0.17208182912154033,3.8952,,,new,12:13:13,2026-07-09 12:13:13
AEG,8.69,8.72,-0.0034,1.0574,5174990,3,0.7917,0.098,0.0112,53.0,yf_premarket,0.13049970997321877,0.7917,0.031010132023334358,0.6,1.5,neutral,0.0,3.8947,4.0066,-0.112,steady,12:13:13,2026-07-09 12:13:13
DEC,13.92,13.94,-0.0014,0.8729,1397910,3,0.7892,0.4921,0.0353,57.3,yf_premarket,0.10772952225801276,0.7892,0.10500460546515199,0.6,1.5,neutral,0.0,3.8925,4.0892,-0.197,steady,12:13:13,2026-07-09 12:13:13
CERT,6.68,6.54,0.0214,0.7636,5614400,4,0.5782,0.4345,0.0664,57.7,yf_premarket,0.09424019154109123,0.5782,0.20049124961621123,0.8,1.5,neutral,0.12876052948255115,3.8911,3.9992,-0.108,steady,12:13:13,2026-07-09 12:13:13
VREX,10.76,10.76,-0.0,0.704,599300,3,0.7886,0.557,0.0518,55.2,yf_premarket,0.08688461870734446,0.7886,0.15566472213693583,0.6,1.5,neutral,0.0,3.8854,,,new,12:13:13,2026-07-09 12:13:13
SBH,14.2,14.31,-0.0077,0.862,1578690,3,0.787,0.472,0.033,60.4,yf_premarket,0.1063842916558678,0.787,0.09794289223211546,0.6,1.5,neutral,0.0,3.8825,,,new,12:13:13,2026-07-09 12:13:13
APPN,23.8444,24.27,-0.0175,0.5972,802140,3,0.8028,1.072,0.0442,58.6,yf_premarket,0.07370382711935526,0.8028,0.13233036536690207,0.6,1.5,neutral,0.0,3.8823,4.1658,-0.284,steady,12:13:13,2026-07-09 12:13:13
NWSA,26.72,26.72,0.0,0.5997,6097300,3,0.8154,0.728,0.0272,57.2,yf_premarket,0.07401236624828761,0.8154,0.08013509364445809,0.6,1.5,neutral,0.0,3.8819,,,new,12:13:13,2026-07-09 12:13:13
LIFE,18.8,18.9,-0.0053,1.6762,567550,3,0.675,1.485,0.0786,66.3,yf_premarket,0.2068693151665494,0.675,0.23794903285231808,0.6,1.5,neutral,0.0,3.8793,,,new,12:13:13,2026-07-09 12:13:13
FNF,48.89,48.85,0.0008,0.6619,2019270,3,0.8038,1.268,0.026,56.8,yf_premarket,0.08168881977612401,0.8038,0.07645072152287381,0.6,1.5,neutral,0.004813477737665464,3.8756,3.8679,0.008,steady,12:13:13,2026-07-09 12:13:13
INDO,2.81,2.81,0.0,2.6768,303390,3,0.6047,0.127,0.0452,63.2,yf_premarket,0.3303590161304257,0.6047,0.1354006754682223,0.6,1.5,neutral,0.0,3.8726,3.8722,0.0,steady,12:13:13,2026-07-09 12:13:13
TREE,44.56,44.84,-0.0062,0.5746,341080,3,0.7946,2.175,0.0485,67.0,yf_premarket,0.07091463339380699,0.7946,0.14553269880257907,0.6,1.5,neutral,0.0,3.8683,,,new,12:13:13,2026-07-09 12:13:13
CPRX,31.5,31.47,0.001,1.6193,2037300,3,0.7273,0.043,0.0014,66.7,yf_premarket,0.19984696459204954,0.7273,0.0009210930303960698,0.6,1.5,neutral,0.006016847172081829,3.8639,3.8544,0.01,steady,12:13:13,2026-07-09 12:13:13
KFRC,52.09,52.9,-0.0153,0.8604,216290,3,0.7724,2.088,0.0395,61.6,yf_premarket,0.1061868266133511,0.7724,0.11789990789069697,0.6,1.5,neutral,0.0,3.863,,,new,12:13:13,2026-07-09 12:13:13
INR,13.15,13.14,0.0008,0.7217,353450,3,0.7806,0.5297,0.0403,54.5,yf_premarket,0.08906907574018537,0.7806,0.12035615597175317,0.6,1.5,neutral,0.004813477737665464,3.8622,3.8703,-0.008,steady,12:13:13,2026-07-09 12:13:13
MICC,18.25,18.44,-0.0103,0.8041,1162150,4,0.6943,0.3158,0.0171,61.8,yf_premarket,0.099238525429795,0.6943,0.04912496162112374,0.8,1.5,neutral,0.0,3.862,3.8616,0.0,steady,12:13:13,2026-07-09 12:13:13
BORR,4.49,4.53,-0.0088,0.7919,6180300,3,0.7759,0.1886,0.0416,59.0,yf_premarket,0.09773285448060523,0.7759,0.12434755910346945,0.6,1.5,neutral,0.0,3.8606,3.9035,-0.043,steady,12:13:13,2026-07-09 12:13:13
IPI,35.66,34.8,0.0247,0.7676,281770,4,0.5648,1.505,0.0432,53.6,yf_premarket,0.09473385414738296,0.5648,0.12926005526558185,0.8,1.5,neutral,0.1486161251504212,3.8593,3.6359,0.223,steady,12:13:13,2026-07-09 12:13:13
SCSC,52.42,51.63,0.0153,0.7871,230850,4,0.6177,1.272,0.0246,65.8,yf_premarket,0.09714045935305515,0.6177,0.07215228738102548,0.8,1.5,neutral,0.09205776173285199,3.8553,,,new,12:13:13,2026-07-09 12:13:13
QTWO,51.3,51.67,-0.0072,0.6024,979590,4,0.6839,2.372,0.0459,65.8,yf_premarket,0.07434558850753453,0.6839,0.13754989253914648,0.8,1.5,neutral,0.0,3.8481,,,new,12:13:13,2026-07-09 12:13:13
CCAP,11.05,11.05,-0.0,0.7111,259450,4,0.6929,0.2227,0.0202,51.4,yf_premarket,0.08776086983351228,0.6929,0.05864292293521645,0.8,1.5,neutral,0.0,3.8468,3.8463,0.001,steady,12:13:13,2026-07-09 12:13:13
FAF,70.99,70.02,0.0139,0.7141,1145350,3,0.7212,2.047,0.0292,57.1,yf_premarket,0.08813111678823107,0.7212,0.08627571384709856,0.6,1.5,neutral,0.08363417569193743,3.8432,3.7173,0.126,steady,12:13:13,2026-07-09 12:13:13
PRGS,37.57,37.76,-0.005,0.536,1447690,3,0.7747,2.342,0.062,66.8,yf_premarket,0.06615078924309181,0.7747,0.18698188517040223,0.6,1.5,neutral,0.0,3.8421,,,new,12:13:13,2026-07-09 12:13:13
DEA,25.0,24.97,0.0012,1.0817,495720,3,0.7482,0.58,0.0232,62.4,yf_premarket,0.13349871030644106,0.7482,0.06785385323917716,0.6,1.5,neutral,0.007220216606498195,3.8414,3.8538,-0.012,steady,12:13:13,2026-07-09 12:13:13
NWS,28.98,30.1,-0.0372,0.7553,1945870,3,0.7759,0.858,0.0285,54.1,yf_premarket,0.0932158416330359,0.7759,0.0841264967761744,0.6,1.5,neutral,0.0,3.8337,,,new,12:13:13,2026-07-09 12:13:13
TRUP,26.68,26.44,0.0091,0.8841,419090,3,0.7122,1.0645,0.0403,64.2,yf_premarket,0.1091117775556296,0.7122,0.12035615597175317,0.6,1.5,neutral,0.054753309265944655,3.8304,3.9272,-0.097,steady,12:13:13,2026-07-09 12:13:13
HIW,31.18,31.25,-0.0022,0.603,3097180,4,0.6896,0.769,0.0246,64.0,yf_premarket,0.07441963789847827,0.6896,0.07215228738102548,0.8,1.5,neutral,0.0,3.8269,3.8265,0.0,steady,12:13:13,2026-07-09 12:13:13
XHLD,1.9,2.01,-0.0547,0.1041,538110,3,0.7558,0.2541,0.1264,69.0,yf_premarket,0.012847569328742271,0.7558,0.3847098556954253,0.6,1.5,neutral,0.0,3.8232,,,new,12:13:13,2026-07-09 12:13:13
TTEK,30.79,30.79,-0.0,0.9909,3092980,3,0.748,0.858,0.0279,68.3,yf_premarket,0.12229256914361879,0.748,0.08228431071538225,0.6,1.5,neutral,0.0,3.8206,,,new,12:13:13,2026-07-09 12:13:13
MMSI,70.46,71.06,-0.0084,0.7116,909720,4,0.6742,1.846,0.026,60.2,yf_premarket,0.08782257765929875,0.6742,0.07645072152287381,0.8,1.5,neutral,0.0,3.8184,,,new,12:13:13,2026-07-09 12:13:13
LYFT,15.1799,15.17,0.0007,0.7867,13013650,4,0.6476,0.6843,0.0451,59.8,yf_premarket,0.09709109309242597,0.6476,0.13509364445809027,0.8,1.5,neutral,0.004211793020457281,3.8147,,,new,12:13:13,2026-07-09 12:13:13
VITL,12.1912,12.32,-0.0105,0.7902,2179650,4,0.6429,0.6628,0.0538,64.3,yf_premarket,0.09752304787293124,0.6429,0.1618053423395763,0.8,1.5,neutral,0.0,3.813,,,new,12:13:13,2026-07-09 12:13:13
WIX,46.8724,47.76,-0.0186,1.0675,1194500,4,0.6159,2.598,0.0544,57.7,yf_premarket,0.1317462080541054,0.6159,0.16364752840036845,0.8,1.5,neutral,0.0,3.8112,,,new,12:13:13,2026-07-09 12:13:13
XNET,5.72,5.72,0.0,0.6605,289910,3,0.7419,0.379,0.0663,54.4,yf_premarket,0.08151603786392189,0.7419,0.2001842186060792,0.6,1.5,neutral,0.0,3.8062,,,new,12:13:13,2026-07-09 12:13:13
ZH,3.2,3.2,-0.0,0.6386,204340,3,0.7632,0.1265,0.0395,52.2,yf_premarket,0.07881323509447467,0.7632,0.11789990789069697,0.6,1.5,neutral,0.0,3.8036,,,new,12:13:13,2026-07-09 12:13:13
IVA,4.2718,4.39,-0.0269,1.6139,2108780,2,0.7482,0.3085,0.0703,68.0,yf_premarket,0.19918052007355572,0.7482,0.21246545901136016,0.4,1.5,neutral,0.0,3.8014,3.801,0.0,steady,12:13:13,2026-07-09 12:13:13
TRNO,67.61,67.52,0.0013,0.7503,1328470,4,0.6603,1.2957,0.0192,57.3,yf_premarket,0.09259876337517123,0.6603,0.055572612833896216,0.8,1.5,neutral,0.007821901323706379,3.799,,,new,12:13:13,2026-07-09 12:13:13
GRO,2.3,2.23,0.0314,0.4214,280030,2,0.7297,0.1074,0.0482,52.9,yf_premarket,0.052007355572833744,0.7297,0.14461160577218302,0.4,1.5,neutral,0.18892900120336945,3.7931,4.1282,-0.335,fading,12:13:13,2026-07-09 12:13:13
RHI,32.94,33.01,-0.0021,1.2319,2104630,3,0.6978,1.511,0.0458,52.2,yf_premarket,0.1520357411726955,0.6978,0.13724286152901444,0.6,1.5,neutral,0.0,3.7923,,,new,12:13:13,2026-07-09 12:13:13
OVID,2.7385,2.73,0.0031,0.7071,4281060,2,0.8073,0.2078,0.0761,65.8,yf_premarket,0.08726720722722055,0.8073,0.2302732575990175,0.4,1.5,neutral,0.01865222623345367,3.7886,3.8332,-0.045,steady,12:13:13,2026-07-09 12:13:13
OIS,8.32,8.37,-0.006,1.0627,824320,2,0.8198,0.283,0.0338,59.6,yf_premarket,0.13115381292655534,0.8198,0.10039914031317164,0.4,1.5,neutral,0.0,3.7865,,,new,12:13:13,2026-07-09 12:13:13
TAK,16.5,16.75,-0.0149,0.7677,2919660,3,0.7613,0.217,0.013,69.1,yf_premarket,0.09474619571254027,0.7613,0.03653669020571078,0.6,1.5,neutral,0.0,3.783,,,new,12:13:13,2026-07-09 12:13:13
OOMA,19.61,19.61,-0.0,0.8979,345140,3,0.7273,0.7883,0.0402,67.2,yf_premarket,0.11081491354733607,0.7273,0.12004912496162114,0.6,1.5,neutral,0.0,3.7808,,,new,12:13:13,2026-07-09 12:13:13
FTS,58.0,57.68,0.0055,1.1794,722130,3,0.694,0.8,0.0139,53.5,yf_premarket,0.14555641946511655,0.694,0.03929996929689898,0.6,1.5,neutral,0.03309265944645006,3.7756,3.7492,0.026,steady,12:13:13,2026-07-09 12:13:13
UBS,51.43,51.13,0.0059,1.5269,1638140,3,0.6595,0.7065,0.0138,53.6,yf_premarket,0.18844335838671059,0.6595,0.03899293828676696,0.6,1.5,neutral,0.035499398315282794,3.7744,,,new,12:13:13,2026-07-09 12:13:13
CMPS,14.01,13.965,0.0032,1.3958,5358360,3,0.6263,1.2256,0.0878,66.0,yf_premarket,0.17226356646549915,0.6263,0.26619588578446424,0.6,1.5,neutral,0.019253910950661857,3.773,3.9625,-0.189,steady,12:13:13,2026-07-09 12:13:13
IDT,59.95,59.95,-0.0,0.7939,231390,3,0.739,1.68,0.028,69.1,yf_premarket,0.0979796857837511,0.739,0.08259134172551429,0.6,1.5,neutral,0.0,3.7663,3.7658,0.001,steady,12:13:13,2026-07-09 12:13:13
KC,10.23,10.52,-0.0276,2.9807,1582600,4,0.9333,0.34,0.0323,47.3,yf_premarket,0.36786503264343984,0.9333,0.09579367516119129,0.8,0.5,weak,0.0,3.7663,,,new,12:13:13,2026-07-09 12:13:13
MESO,14.7,14.8,-0.0068,2.0595,242880,3,0.6184,0.48,0.0324,58.3,yf_premarket,0.2541745344144544,0.6184,0.09610070617132331,0.6,1.5,neutral,0.0,3.7661,,,new,12:13:13,2026-07-09 12:13:13
SPT,7.75,8.04,-0.0361,0.5172,1508770,3,0.744,0.4335,0.0539,65.3,yf_premarket,0.06383057499352067,0.744,0.16211237334970835,0.6,1.5,neutral,0.0,3.7648,,,new,12:13:13,2026-07-09 12:13:13
SLRC,12.76,12.76,-0.0,0.4128,589440,3,0.7778,0.277,0.0217,55.9,yf_premarket,0.050945980969306526,0.7778,0.06324838808719681,0.6,1.5,neutral,0.0,3.7636,3.7632,0.0,steady,12:13:13,2026-07-09 12:13:13
CCC,5.3564,5.43,-0.0136,0.7716,10258030,3,0.718,0.3054,0.0562,65.4,yf_premarket,0.09522751675367469,0.718,0.16917408658274488,0.6,1.5,neutral,0.0,3.7634,3.763,0.0,steady,12:13:13,2026-07-09 12:13:13
SSP,3.15,3.15,-0.0,0.5127,805760,2,0.8387,0.188,0.0597,60.0,yf_premarket,0.06327520456144248,0.8387,0.1799201719373657,0.4,1.5,neutral,0.0,3.7623,,,new,12:13:13,2026-07-09 12:13:13
DOCU,46.1,47.22,-0.0237,0.7069,4015220,3,0.7372,1.779,0.0377,60.1,yf_premarket,0.08724252409690596,0.7372,0.11237334970832055,0.6,1.5,neutral,0.0,3.7615,3.761,0.0,steady,12:13:13,2026-07-09 12:13:13
CNC,67.37,67.09,0.0042,0.818,5009810,3,0.7094,2.221,0.0331,67.5,yf_premarket,0.10095400298665876,0.7094,0.09824992324224747,0.6,1.5,neutral,0.025270758122743684,3.7573,3.7209,0.036,steady,12:13:13,2026-07-09 12:13:13
RNGR,16.02,16.02,-0.0,1.1268,213350,2,0.8,0.4876,0.0304,63.8,yf_premarket,0.13906475619238032,0.8,0.08996008596868284,0.4,1.5,neutral,0.0,3.7536,,,new,12:13:13,2026-07-09 12:13:13
SPSC,58.55,59.09,-0.0091,0.6466,703820,4,0.6388,2.142,0.0362,63.1,yf_premarket,0.07980056030705814,0.6388,0.10776788455634022,0.8,1.5,neutral,0.0,3.7512,,,new,12:13:13,2026-07-09 12:13:13
KHC,24.9,24.92,-0.0008,0.6738,14336580,3,0.7418,0.695,0.0279,57.3,yf_premarket,0.08315746602984189,0.7418,0.08228431071538225,0.6,1.5,neutral,0.0,3.7495,,,new,12:13:13,2026-07-09 12:13:13
DLO,14.54,14.49,0.0035,0.7302,4815240,3,0.7043,0.714,0.0493,69.5,yf_premarket,0.09011810877855529,0.7043,0.14798894688363526,0.6,1.5,neutral,0.021058965102286404,3.7494,3.8396,-0.09,steady,12:13:13,2026-07-09 12:13:13
SMHI,7.86,7.86,-0.0,0.5176,200160,3,0.7217,0.5665,0.0721,58.5,yf_premarket,0.06387994125414984,0.7217,0.21799201719373656,0.6,1.5,neutral,0.0,3.7482,,,new,12:13:13,2026-07-09 12:13:13
TARS,66.42,67.73,-0.0193,0.7848,1495860,3,0.7017,4.4024,0.065,62.2,yf_premarket,0.09685660335443741,0.7017,0.1961928154743629,0.6,1.5,neutral,0.0,3.7468,,,new,12:13:13,2026-07-09 12:13:13
DCTH,13.4997,13.1,0.0305,0.6009,514550,3,0.6,0.5151,0.0393,69.6,yf_premarket,0.07416046503017512,0.6,0.11728584587043293,0.6,1.5,neutral,0.1835138387484958,3.7452,3.4695,0.276,steady,12:13:13,2026-07-09 12:13:13
HNST,3.8948,3.9,-0.0013,0.6833,1440060,3,0.7308,0.1495,0.0383,61.1,yf_premarket,0.08432991471978477,0.7308,0.1142155357691127,0.6,1.5,neutral,0.0,3.7452,3.7448,0.0,steady,12:13:13,2026-07-09 12:13:13
CNTB,2.3581,2.22,0.0622,1.0937,614720,3,0.383,0.168,0.0757,61.4,yf_premarket,0.13497969812531624,0.383,0.2290451335584894,0.6,1.5,neutral,0.3742478941034898,3.7444,4.5151,-0.771,fading,12:13:13,2026-07-09 12:13:13
ABOS,2.7032,2.73,-0.0098,0.2744,939460,2,0.8413,0.1979,0.0725,63.6,yf_premarket,0.03386525479161267,0.8413,0.21922014123426464,0.4,1.5,neutral,0.0,3.743,3.7426,0.0,steady,12:13:13,2026-07-09 12:13:13
CXM,5.41,5.42,-0.0018,0.6137,3893210,3,0.7417,0.1665,0.0307,55.9,yf_premarket,0.07574018537030866,0.7417,0.09088117899907891,0.6,1.5,neutral,0.0,3.7425,3.742,0.001,steady,12:13:13,2026-07-09 12:13:13
NSP,43.48,43.9,-0.0096,0.524,670090,3,0.7292,2.503,0.057,69.2,yf_premarket,0.06466980142421662,0.7292,0.17163033466380107,0.6,1.5,neutral,0.0,3.7412,,,new,12:13:13,2026-07-09 12:13:13
EFXT,24.99,24.41,0.0238,1.0731,419800,2,0.6834,0.997,0.0408,54.2,yf_premarket,0.13243733570291383,0.6834,0.12189131102241328,0.4,1.5,neutral,0.14320096269554755,3.7412,3.526,0.215,steady,12:13:13,2026-07-09 12:13:13
VERX,12.5867,12.72,-0.0105,0.6793,1974750,3,0.7212,0.5855,0.046,57.2,yf_premarket,0.08383625211349303,0.7212,0.13785692354927848,0.6,1.5,neutral,0.0,3.7371,,,new,12:13:13,2026-07-09 12:13:13
ATAI,5.2,5.17,0.0058,0.6882,14708640,2,0.7569,0.4814,0.0931,69.3,yf_premarket,0.08493465141249214,0.7569,0.2824685293214615,0.4,1.5,neutral,0.03489771359807461,3.7348,3.7964,-0.062,steady,12:13:13,2026-07-09 12:13:13
FOUR,48.0,47.82,0.0038,1.0537,1826430,3,0.6546,3.0125,0.063,65.9,yf_premarket,0.13004307206239896,0.6546,0.19005219527172246,0.6,1.5,neutral,0.022864019253910954,3.7336,3.6989,0.035,steady,12:13:13,2026-07-09 12:13:13
QDEL,17.07,17.25,-0.0104,0.8154,2153910,3,0.6796,1.377,0.0798,62.5,yf_premarket,0.10063312229256914,0.6796,0.24163340497390234,0.6,1.5,neutral,0.0,3.731,,,new,12:13:13,2026-07-09 12:13:13
OUT,33.15,33.18,-0.0009,0.6946,2332950,2,0.8313,0.894,0.0269,69.9,yf_premarket,0.0857245115825589,0.8313,0.07921400061406202,0.4,1.5,neutral,0.0,3.7308,,,new,12:13:13,2026-07-09 12:13:13
HLN,9.75,9.75,0.0,0.7785,8391360,3,0.732,0.1241,0.0127,67.2,yf_premarket,0.09607908474952792,0.732,0.035615597175314706,0.6,1.5,neutral,0.0,3.7259,3.7255,0.0,steady,12:13:13,2026-07-09 12:13:13
FCEL,25.12,22.54,0.1145,1.1782,18206910,1,0.2125,5.147,0.2283,53.3,yf_premarket,0.14540832068322904,0.2125,0.6975744550199571,0.2,1.5,neutral,0.6889290012033695,3.7253,3.3442,0.381,rising,12:13:13,2026-07-09 12:13:13
STC,68.0,67.34,0.0098,0.6494,364800,3,0.6834,2.196,0.0326,53.6,yf_premarket,0.08014612413146234,0.6834,0.09671476819158735,0.6,1.5,neutral,0.05896510228640193,3.7238,,,new,12:13:13,2026-07-09 12:13:13
GTY,34.43,34.4,0.0009,0.9213,658280,3,0.7119,0.5045,0.0147,64.9,yf_premarket,0.11370283979414268,0.7119,0.04175621737795517,0.6,1.5,neutral,0.005415162454873647,3.7234,3.7148,0.009,steady,12:13:13,2026-07-09 12:13:13
LAKE,12.2093,11.25,0.0853,0.3159,235200,2,0.4459,0.757,0.0673,63.4,yf_premarket,0.03898700433188937,0.4459,0.20325452870739943,0.4,1.5,neutral,0.51323706377858,3.7218,,,new,12:13:13,2026-07-09 12:13:13
NATL,44.58,44.79,-0.0047,0.3721,996330,3,0.7664,0.592,0.0132,59.6,yf_premarket,0.04592296395028817,0.7664,0.037150752225974824,0.6,1.5,neutral,0.0,3.7203,,,new,12:13:13,2026-07-09 12:13:13
WYFI,38.8,36.74,0.0561,1.2667,2949480,2,0.4195,5.7808,0.1573,51.2,yf_premarket,0.15633060584743355,0.4195,0.47958243782622045,0.4,1.5,neutral,0.33754512635379064,3.7196,,,new,12:13:13,2026-07-09 12:13:13
HE,13.47,13.54,-0.0052,1.3623,1922800,2,0.7632,0.296,0.0219,51.6,yf_premarket,0.16812914213780591,0.7632,0.06386245010746085,0.4,1.5,neutral,0.0,3.7105,3.7101,0.0,steady,12:13:13,2026-07-09 12:13:13
ISSC,18.2935,18.31,-0.0009,0.4547,529120,3,0.7244,0.932,0.0509,64.5,yf_premarket,0.05611709677021239,0.7244,0.15290144304574763,0.6,1.5,neutral,0.0,3.7094,3.709,0.0,steady,12:13:13,2026-07-09 12:13:13
EPR,60.5,59.63,0.0146,1.4256,628450,3,0.5941,1.0357,0.0174,55.1,yf_premarket,0.17594135288237253,0.5941,0.0500460546515198,0.6,1.5,neutral,0.08784596871239471,3.7089,3.7915,-0.083,steady,12:13:13,2026-07-09 12:13:13
EPRT,31.18,31.18,-0.0,0.6589,2566320,3,0.7291,0.5754,0.0185,61.2,yf_premarket,0.08131857282140521,0.7291,0.05342339576297206,0.6,1.5,neutral,0.0,3.7069,3.7065,0.0,steady,12:13:13,2026-07-09 12:13:13
IMPP,5.0,5.07,-0.0138,0.8177,278570,5,1.0,0.1874,0.037,49.6,yf_premarket,0.10091697829118688,1.0,0.11022413263739639,1.0,0.5,weak,0.0,3.7065,3.7061,0.0,steady,12:13:13,2026-07-09 12:13:13
CXDO,7.8,7.69,0.0143,0.6537,538330,3,0.6277,0.4975,0.0647,60.7,yf_premarket,0.08067681143322596,0.6277,0.19527172244396682,0.6,1.5,neutral,0.08604091456077016,3.7031,3.5737,0.129,steady,12:13:13,2026-07-09 12:13:13
ADT,6.68,6.73,-0.0074,0.8427,9427850,3,0.7,0.1946,0.0289,50.3,yf_premarket,0.10400236958051019,0.7,0.08535462081670249,0.6,1.5,neutral,0.0,3.6987,4.1674,-0.469,fading,12:13:13,2026-07-09 12:13:13
LPG,41.11,40.65,0.0113,1.0711,824700,5,0.9142,1.8343,0.0451,47.5,yf_premarket,0.13219050439976796,0.9142,0.13509364445809027,1.0,0.5,weak,0.06799037304452467,3.6962,4.128,-0.432,fading,12:13:13,2026-07-09 12:13:13
EXPO,60.26,60.95,-0.0113,0.8144,600700,4,0.5991,1.905,0.0313,64.0,yf_premarket,0.1005097066409962,0.5991,0.09272336505987105,0.8,1.5,neutral,0.0,3.6953,3.6949,0.0,steady,12:13:13,2026-07-09 12:13:13
KRC,38.88,38.34,0.0141,1.0016,1444320,3,0.6184,0.9516,0.0248,54.9,yf_premarket,0.12361311661544917,0.6184,0.07276634940128952,0.6,1.5,neutral,0.08483754512635379,3.6859,,,new,12:13:13,2026-07-09 12:13:13
ELAN,24.72,24.69,0.0012,1.0642,4338670,3,0.6629,0.861,0.0349,53.5,yf_premarket,0.13133893640391475,0.6629,0.1037764814246239,0.6,1.5,neutral,0.007220216606498195,3.6855,3.6979,-0.012,steady,12:13:13,2026-07-09 12:13:13
IPSC,2.49,2.43,0.0247,0.3936,3233820,2,0.68,0.2011,0.0828,64.7,yf_premarket,0.048576400459106224,0.68,0.25084433527786304,0.4,1.5,neutral,0.1486161251504212,3.6812,3.4579,0.223,steady,12:13:13,2026-07-09 12:13:13
PD,9.79,10.04,-0.0249,0.7638,1858440,2,0.783,0.4516,0.045,66.8,yf_premarket,0.09426487467140583,0.783,0.13478661344795825,0.4,1.5,neutral,0.0,3.6748,,,new,12:13:13,2026-07-09 12:13:13
MSDL,15.4,15.23,0.0112,0.7501,511960,3,0.6545,0.2633,0.0173,52.1,yf_premarket,0.09257408024485665,0.6545,0.049739023641387776,0.6,1.5,neutral,0.0673886883273165,3.6738,,,new,12:13:13,2026-07-09 12:13:13
RDNT,66.2,65.59,0.0093,0.5672,1187560,3,0.6577,2.8725,0.0438,67.4,yf_premarket,0.0700013575721673,0.6577,0.13110224132637396,0.6,1.5,neutral,0.05595667870036101,3.6699,,,new,12:13:13,2026-07-09 12:13:13
IMMX,11.21,11.0,0.0191,0.9082,2675900,3,0.5512,0.9105,0.0828,66.0,yf_premarket,0.11208609475853727,0.5512,0.25084433527786304,0.6,1.5,neutral,0.11492178098676294,3.6683,3.4956,0.173,steady,12:13:13,2026-07-09 12:13:13
AAT,25.12,25.01,0.0044,1.3419,466570,3,0.625,0.517,0.0207,58.2,yf_premarket,0.1656114628457181,0.625,0.06017807798587657,0.6,1.5,neutral,0.02647412755716005,3.6682,3.6281,0.04,steady,12:13:13,2026-07-09 12:13:13
ETOR,39.9,39.95,-0.0013,1.0892,868860,3,0.6448,2.0169,0.0505,53.7,yf_premarket,0.13442432769323803,0.6448,0.15167331900521955,0.6,1.5,neutral,0.0,3.6671,3.6667,0.0,steady,12:13:13,2026-07-09 12:13:13
ARCT,7.58,7.3,0.0384,0.8085,651700,4,0.3875,0.458,0.0627,53.2,yf_premarket,0.09978155429671591,0.3875,0.1891311022413264,0.8,1.5,neutral,0.23104693140794225,3.6658,3.5889,0.077,steady,12:13:13,2026-07-09 12:13:13
CTNM,15.65,15.65,0.0,0.7575,786760,2,0.747,1.3495,0.0862,67.4,yf_premarket,0.09348735606649634,0.747,0.26128338962235187,0.4,1.5,neutral,0.0,3.6649,3.6645,0.0,steady,12:13:13,2026-07-09 12:13:13
RSKD,5.31,5.19,0.0231,0.5049,1367050,2,0.7059,0.1658,0.0319,63.1,yf_premarket,0.062312562479173605,0.7059,0.09456555112066319,0.4,1.5,neutral,0.13898916967509026,3.661,,,new,12:13:13,2026-07-09 12:13:13
NAT,6.0889,6.06,0.0048,0.5351,5314610,5,0.4711,0.305,0.0503,61.3,yf_premarket,0.06603971515667617,0.4711,0.15105925698495548,1.0,1.5,neutral,0.02888086642599278,3.6601,,,new,12:13:13,2026-07-09 12:13:13
LYEL,15.4,15.4,0.0,0.7389,366210,2,0.7373,1.5055,0.0978,64.1,yf_premarket,0.0911918249472398,0.7373,0.2968989867976666,0.4,1.5,neutral,0.0,3.6598,4.1129,-0.453,fading,12:13:13,2026-07-09 12:13:13
GTLB,31.4,31.74,-0.0107,0.7272,4299440,3,0.6775,1.436,0.0452,66.6,yf_premarket,0.08974786182383648,0.6775,0.1354006754682223,0.6,1.5,neutral,0.0,3.6573,3.6569,0.0,steady,12:13:13,2026-07-09 12:13:13
AMBA,77.98,74.74,0.0434,0.7149,2441300,3,0.4278,8.596,0.115,55.8,yf_premarket,0.08822984930948942,0.4278,0.3497083205403746,0.6,1.5,neutral,0.2611311672683514,3.6545,3.8479,-0.193,steady,12:13:13,2026-07-09 12:13:13
GLBE,36.0,35.98,0.0006,0.6465,1705710,3,0.6764,1.7951,0.0499,64.3,yf_premarket,0.07978821874190084,0.6764,0.1498311329444274,0.6,1.5,neutral,0.0036101083032490976,3.6528,3.647,0.006,steady,12:13:13,2026-07-09 12:13:13
FSK,10.6,10.56,0.0038,0.7372,2833650,3,0.6686,0.2884,0.0273,55.1,yf_premarket,0.09098201833956582,0.6686,0.08044212465459012,0.6,1.5,neutral,0.022864019253910954,3.6482,3.6135,0.035,steady,12:13:13,2026-07-09 12:13:13
NCNO,17.0935,17.34,-0.0142,0.6762,5027130,3,0.672,0.902,0.052,68.8,yf_premarket,0.08345366359361694,0.672,0.1562787841571999,0.6,1.5,neutral,0.0,3.6473,,,new,12:13:13,2026-07-09 12:13:13
KBR,36.0,36.27,-0.0074,0.5475,2171380,3,0.699,1.173,0.0323,55.5,yf_premarket,0.06757006923618053,0.699,0.09579367516119129,0.6,1.5,neutral,0.0,3.6473,,,new,12:13:13,2026-07-09 12:13:13
BBNX,16.18,16.18,-0.0,0.9858,1013890,3,0.6268,1.1112,0.0687,63.0,yf_premarket,0.12166314932059684,0.6268,0.20755296284924776,0.6,1.5,neutral,0.0,3.6399,3.6395,0.0,steady,12:13:13,2026-07-09 12:13:13
EVH,5.6,5.6,0.0,0.5423,2749300,3,0.668,0.368,0.0657,67.2,yf_premarket,0.06692830784800129,0.668,0.19834203254528704,0.6,1.5,neutral,0.0,3.6356,3.7416,-0.106,steady,12:13:13,2026-07-09 12:13:13
YELP,25.53,25.53,-0.0,1.0244,1521110,3,0.6398,1.105,0.0433,63.8,yf_premarket,0.12642699347131203,0.6398,0.12956708627571387,0.6,1.5,neutral,0.0,3.634,,,new,12:13:13,2026-07-09 12:13:13
STRO,32.25,31.84,0.0129,0.6381,664810,3,0.583,2.764,0.0868,61.4,yf_premarket,0.07875152726868821,0.583,0.263125575683144,0.6,1.5,neutral,0.0776173285198556,3.6321,,,new,12:13:13,2026-07-09 12:13:13
RAMP,37.68,37.61,0.0019,0.6796,1260480,4,0.5902,0.22,0.0058,50.0,yf_premarket,0.0838732768089649,0.5902,0.014430457476205095,0.8,1.5,neutral,0.011432009626955477,3.6306,,,new,12:13:13,2026-07-09 12:13:13
LE,12.06,12.06,-0.0,0.9713,344500,5,0.9328,0.6387,0.053,49.4,yf_premarket,0.11987362237278931,0.9328,0.15934909425852012,1.0,0.5,weak,0.0,3.6251,,,new,12:13:13,2026-07-09 12:13:13
NKTR,71.95,71.9,0.0007,0.4871,1746060,3,0.6656,4.622,0.0643,65.4,yf_premarket,0.060115763881175406,0.6656,0.19404359840343874,0.6,1.5,neutral,0.004211793020457281,3.6247,3.6318,-0.007,steady,12:13:13,2026-07-09 12:13:13
MDLN,40.7,40.3,0.0099,0.9221,9672400,3,0.5999,1.6755,0.0416,61.0,yf_premarket,0.11380157231540104,0.5999,0.12434755910346945,0.6,1.5,neutral,0.059566787003610115,3.622,,,new,12:13:13,2026-07-09 12:13:13
HTGC,15.9792,15.89,0.0056,0.7171,1251730,3,0.656,0.282,0.0177,56.2,yf_premarket,0.08850136374294987,0.656,0.050967147681915875,0.6,1.5,neutral,0.03369434416365825,3.6208,3.5698,0.051,steady,12:13:13,2026-07-09 12:13:13
TCMD,30.04,29.98,0.002,0.6128,326030,3,0.6583,1.37,0.0457,67.2,yf_premarket,0.07562911128389302,0.6583,0.13693583051888242,0.6,1.5,neutral,0.012033694344163659,3.6166,,,new,12:13:13,2026-07-09 12:13:13
EROK,21.7123,21.87,-0.0072,0.35,320600,2,0.7835,1.213,0.0555,63.0,yf_premarket,0.04319547805052636,0.7835,0.16702486951182072,0.4,1.5,neutral,0.0,3.6153,3.7411,-0.126,steady,12:13:13,2026-07-09 12:13:13
PAYP,14.8,14.9,-0.0067,0.6815,1196120,4,0.5494,0.884,0.0593,60.4,yf_premarket,0.08410776654695348,0.5494,0.1786920478968376,0.8,1.5,neutral,0.0,3.6143,,,new,12:13:13,2026-07-09 12:13:13
EXPI,5.32,5.32,0.0,0.8516,1772445,3,0.6342,0.31,0.0583,61.4,prev_close,0.1051007688795093,0.6342,0.17562173779551735,0.6,1.5,neutral,0.0,3.6139,3.6135,0.0,steady,12:13:13,2026-07-09 12:13:13
PATH,11.25,11.42,-0.0149,0.9106,63692900,3,0.6339,0.5885,0.0515,63.7,yf_premarket,0.11238229232231231,0.6339,0.15474362910653977,0.6,1.5,neutral,0.0,3.6137,,,new,12:13:13,2026-07-09 12:13:13
FLYW,17.83,17.63,0.0113,0.6074,3112020,3,0.6143,0.8175,0.0464,64.2,yf_premarket,0.07496266676539919,0.6143,0.13908504758980658,0.6,1.5,neutral,0.06799037304452467,3.6126,3.7329,-0.12,steady,12:13:13,2026-07-09 12:13:13
CABA,3.12,3.13,-0.0032,1.0015,7863190,3,0.6055,0.2403,0.0768,64.3,yf_premarket,0.12360077505029188,0.6055,0.23242247466994165,0.6,1.5,neutral,0.0,3.6126,3.6753,-0.063,steady,12:13:13,2026-07-09 12:13:13
RBLX,54.4608,55.12,-0.012,0.6234,9870890,2,0.7589,2.9017,0.0526,59.9,yf_premarket,0.0769373171905661,0.7589,0.15812097021799204,0.4,1.5,neutral,0.0,3.6123,,,new,12:13:13,2026-07-09 12:13:13
BMY,57.51,57.54,-0.0005,0.613,13056670,2,0.7802,1.4871,0.0258,57.5,yf_premarket,0.07565379441420761,0.7802,0.07583665950260976,0.4,1.5,neutral,0.0,3.6118,3.6114,0.0,steady,12:13:13,2026-07-09 12:13:13
LAW,3.93,3.86,0.0181,0.8205,265340,2,0.6629,0.1815,0.047,62.7,yf_premarket,0.10126254211559109,0.6629,0.14092723365059873,0.4,1.5,neutral,0.10890493381468112,3.6115,,,new,12:13:13,2026-07-09 12:13:13
PHR,10.5,10.66,-0.015,0.6315,1204110,3,0.6582,0.5176,0.0486,64.8,yf_premarket,0.07793698396830685,0.6582,0.1458397298127111,0.6,1.5,neutral,0.0,3.6062,,,new,12:13:13,2026-07-09 12:13:13
GVH,4.339,4.18,0.038,0.0392,2201030,3,0.4068,0.9315,0.2228,51.4,yf_premarket,0.004837893541658953,0.4068,0.6806877494626958,0.6,1.5,neutral,0.22864019253910953,3.6042,3.2611,0.343,rising,12:13:13,2026-07-09 12:13:13
LMND,71.0,71.03,-0.0004,1.0601,1908630,3,0.6048,4.544,0.064,63.2,yf_premarket,0.13083293223246573,0.6048,0.19312250537304268,0.6,1.5,neutral,0.0,3.6024,,,new,12:13:13,2026-07-09 12:13:13
ORI,41.3,41.5,-0.0048,0.6852,1815790,3,0.6731,0.769,0.0185,69.3,yf_premarket,0.08456440445777333,0.6731,0.05342339576297206,0.6,1.5,neutral,0.0,3.5998,,,new,12:13:13,2026-07-09 12:13:13
MKC,51.51,51.57,-0.0012,0.5243,5509990,3,0.6739,1.7267,0.0335,66.1,yf_premarket,0.06470682611968849,0.6739,0.09947804728277558,0.6,1.5,neutral,0.0,3.5946,,,new,12:13:13,2026-07-09 12:13:13
KVHI,9.7,9.28,0.0453,0.5107,463080,3,0.439,0.677,0.073,53.9,yf_premarket,0.06302837325829662,0.439,0.22075529628492477,0.6,1.5,neutral,0.2725631768953069,3.5918,4.0755,-0.484,fading,12:13:13,2026-07-09 12:13:13
LXP,55.42,54.92,0.0091,0.6552,637500,4,0.5277,1.1029,0.0201,57.2,yf_premarket,0.08086193491058535,0.5277,0.058335891925084433,0.8,1.5,neutral,0.054753309265944655,3.588,,,new,12:13:13,2026-07-09 12:13:13
MRNA,74.66,73.8,0.0117,0.6025,10874160,3,0.5739,5.5878,0.0757,69.9,yf_premarket,0.07435793007269181,0.5739,0.2290451335584894,0.6,1.5,neutral,0.0703971119133574,3.5795,,,new,12:13:13,2026-07-09 12:13:13
CUZ,29.71,30.02,-0.0103,1.0233,1599570,3,0.629,0.644,0.0215,64.6,yf_premarket,0.1262912362545818,0.629,0.06263432606693276,0.6,1.5,neutral,0.0,3.5788,3.5783,0.001,steady,12:13:13,2026-07-09 12:13:13
OPRA,19.99,19.44,0.0283,0.718,347510,2,0.6172,0.7218,0.0371,59.1,yf_premarket,0.08861243782936551,0.6172,0.11053116364752842,0.4,1.5,neutral,0.17027677496991578,3.578,,,new,12:13:13,2026-07-09 12:13:13
TDC,34.81,35.17,-0.0102,0.5454,4319070,3,0.6549,1.566,0.0445,59.1,yf_premarket,0.06731089636787738,0.6549,0.13325145839729813,0.6,1.5,neutral,0.0,3.5774,,,new,12:13:13,2026-07-09 12:13:13
OMER,10.23,10.24,-0.001,0.5935,2520640,1,0.8285,0.734,0.0717,56.0,yf_premarket,0.07324718920853543,0.8285,0.21676389315320846,0.2,1.5,neutral,0.0,3.5753,,,new,12:13:13,2026-07-09 12:13:13
MNRO,16.572,16.54,0.0019,1.3517,943570,4,0.4722,0.691,0.0418,55.8,yf_premarket,0.1668209362311328,0.4722,0.1249616211237335,0.8,1.5,neutral,0.011432009626955477,3.5743,,,new,12:13:13,2026-07-09 12:13:13
MTCH,38.01,38.36,-0.0091,0.6786,4400100,2,0.7481,1.3464,0.0351,60.4,yf_premarket,0.08374986115739197,0.7481,0.10439054344488795,0.4,1.5,neutral,0.0,3.574,,,new,12:13:13,2026-07-09 12:13:13
DXC,9.52,9.58,-0.0063,0.5308,7591430,4,0.55,0.471,0.0492,54.6,yf_premarket,0.06550902785491257,0.55,0.14768191587350324,0.8,1.5,neutral,0.0,3.5721,3.6545,-0.082,steady,12:13:13,2026-07-09 12:13:13
DFIN,44.14,44.14,0.0,0.8709,302570,3,0.6253,1.7288,0.0392,63.9,yf_premarket,0.10748269095486689,0.6253,0.1169788148603009,0.6,1.5,neutral,0.0,3.5703,3.5699,0.0,steady,12:13:13,2026-07-09 12:13:13
VYGR,3.7,3.73,-0.008,0.9553,928250,3,0.6087,0.187,0.0501,58.8,yf_premarket,0.1178989719476224,0.6087,0.15044519496469144,0.6,1.5,neutral,0.0,3.5695,,,new,12:13:13,2026-07-09 12:13:13
FBIO,3.1,3.0,0.0333,0.7608,540610,3,0.4615,0.206,0.0687,52.7,yf_premarket,0.09389462771668702,0.4615,0.20755296284924776,0.6,1.5,neutral,0.20036101083032495,3.5682,3.2673,0.301,rising,12:13:13,2026-07-09 12:13:13
COLD,15.66,15.72,-0.0038,0.9655,5560810,3,0.6185,0.5358,0.0341,65.5,yf_premarket,0.1191578115936663,0.6185,0.10132023334356771,0.6,1.5,neutral,0.0,3.5664,3.566,0.0,steady,12:13:13,2026-07-09 12:13:13
PRLD,5.2,5.12,0.0156,0.3721,732270,2,0.6587,0.4643,0.0907,69.0,yf_premarket,0.04592296395028817,0.6587,0.2750997850782929,0.4,1.5,neutral,0.09386281588447654,3.5646,,,new,12:13:13,2026-07-09 12:13:13
HPK,7.7,7.44,0.0349,1.6713,660100,3,0.875,0.4414,0.0593,48.9,yf_premarket,0.20626457847384205,0.875,0.1786920478968376,0.6,0.5,weak,0.20998796630565586,3.5637,3.2484,0.315,rising,12:13:13,2026-07-09 12:13:13
NVAX,9.41,9.35,0.0064,0.8415,4497290,3,0.5838,0.513,0.0549,52.5,yf_premarket,0.10385427079862268,0.5838,0.16518268345102857,0.6,1.5,neutral,0.038507821901323715,3.5637,,,new,12:13:13,2026-07-09 12:13:13
GEN,25.5052,25.81,-0.0118,0.6184,6156990,3,0.6483,0.841,0.0326,58.0,yf_premarket,0.07632023893270143,0.6483,0.09671476819158735,0.6,1.5,neutral,0.0,3.5594,3.559,0.0,steady,12:13:13,2026-07-09 12:13:13
TRMB,52.16,52.4,-0.0046,0.9269,3255940,3,0.6219,1.471,0.0281,58.7,yf_premarket,0.1143939674429511,0.6219,0.0828983727356463,0.6,1.5,neutral,0.0,3.5568,,,new,12:13:13,2026-07-09 12:13:13
PYPL,44.24,44.53,-0.0065,0.6033,15908040,3,0.6499,1.3585,0.0305,53.9,yf_premarket,0.07445666259395016,0.6499,0.09026711697881486,0.6,1.5,neutral,0.0,3.5566,,,new,12:13:13,2026-07-09 12:13:13
EXEL,56.0,56.11,-0.002,0.5989,2977450,2,0.7513,1.599,0.0285,68.8,yf_premarket,0.07391363372702926,0.7513,0.0841264967761744,0.4,1.5,neutral,0.0,3.5555,4.174,-0.619,fading,12:13:13,2026-07-09 12:13:13
FUBO,9.45,9.56,-0.0115,0.5338,1505870,3,0.6145,0.76,0.0795,52.3,yf_premarket,0.06587927480963136,0.6145,0.24071231194350629,0.6,1.5,neutral,0.0,3.5482,3.5892,-0.041,steady,12:13:13,2026-07-09 12:13:13
ACIU,2.5,2.52,-0.0079,0.5048,325080,2,0.7282,0.1639,0.065,56.9,yf_premarket,0.06230022091401632,0.7282,0.1961928154743629,0.4,1.5,neutral,0.0,3.5479,3.5476,0.0,steady,12:13:13,2026-07-09 12:13:13
AVXL,2.7,2.7,-0.0,0.6389,1215440,2,0.7273,0.1335,0.0494,58.3,yf_premarket,0.07885025978994656,0.7273,0.14829597789376728,0.4,1.5,neutral,0.0,3.547,3.5466,0.0,steady,12:13:13,2026-07-09 12:13:13
GO,10.28,10.24,0.0039,0.7632,2325820,2,0.7082,0.3702,0.0362,56.2,yf_premarket,0.09419082528046206,0.7082,0.10776788455634022,0.4,1.5,neutral,0.023465703971119134,3.5468,3.5112,0.036,steady,12:13:13,2026-07-09 12:13:13
SHC,17.25,17.47,-0.0126,1.1235,3009950,2,0.7002,0.4425,0.0253,67.9,yf_premarket,0.13865748454218962,0.7002,0.07430150445194965,0.4,1.5,neutral,0.0,3.5455,3.8151,-0.27,steady,12:13:13,2026-07-09 12:13:13
BNTC,13.48,13.48,0.0,0.3605,219140,3,0.6288,1.0515,0.078,68.8,yf_premarket,0.04449134239204215,0.6288,0.23610684679152594,0.6,1.5,neutral,0.0,3.5424,3.542,0.0,steady,12:13:13,2026-07-09 12:13:13
EQR,68.1087,68.31,-0.0029,1.003,2832110,4,0.5148,1.2069,0.0177,61.1,yf_premarket,0.12378589852765126,0.5148,0.050967147681915875,0.8,1.5,neutral,0.0,3.5408,3.5403,0.001,steady,12:13:13,2026-07-09 12:13:13
MMED,15.02,15.02,-0.0,0.7447,1417660,3,0.6085,0.843,0.0561,53.4,yf_premarket,0.09190763572636282,0.6085,0.16886705557261283,0.6,1.5,neutral,0.0,3.5393,,,new,12:13:13,2026-07-09 12:13:13
UA,6.345,6.32,0.004,0.4622,5285353,3,0.6184,0.3099,0.049,64.9,yf_premarket,0.057042714157009386,0.6184,0.1470678538532392,0.6,1.5,neutral,0.024067388688327317,3.532,,,new,12:13:13,2026-07-09 12:13:13
HSCS,2.8912,2.73,0.059,0.0688,485230,2,0.4318,0.3992,0.1462,63.5,yf_premarket,0.008490996828217754,0.4318,0.4455019957015659,0.4,1.5,neutral,0.35499398315282793,3.5316,2.9988,0.533,rising,12:13:13,2026-07-09 12:13:13
ROC,5.12,5.3,-0.034,0.1306,250370,2,0.7035,0.677,0.1277,59.4,yf_premarket,0.01611808409542498,0.7035,0.3887012588271416,0.4,1.5,neutral,0.0,3.5255,,,new,12:13:13,2026-07-09 12:13:13
BSY,31.18,31.65,-0.0148,0.5954,3877280,3,0.6298,1.1705,0.037,59.8,yf_premarket,0.07348167894652399,0.6298,0.11022413263739639,0.6,1.5,neutral,0.0,3.5249,3.5245,0.0,steady,12:13:13,2026-07-09 12:13:13
BETA,17.22,17.01,0.0123,0.775,1504630,4,0.4385,1.0216,0.0601,58.9,yf_premarket,0.09564712996902267,0.4385,0.18114829597789378,0.8,1.5,neutral,0.07400722021660651,3.5221,3.6531,-0.131,steady,12:13:13,2026-07-09 12:13:13
BBD,3.43,3.42,0.0029,0.6101,40201290,3,0.6214,0.0924,0.027,52.8,yf_premarket,0.0752958890246461,0.6214,0.07952103162419405,0.6,1.5,neutral,0.017448856799037304,3.5217,3.4951,0.027,steady,12:13:13,2026-07-09 12:13:13
DSGX,71.4,71.4,-0.0,0.9542,560350,3,0.5949,2.444,0.0342,50.2,yf_premarket,0.11776321473089217,0.5949,0.10162726435369974,0.6,1.5,neutral,0.0,3.5173,3.5168,0.001,steady,12:13:13,2026-07-09 12:13:13
CNO,51.6,52.4,-0.0153,0.4342,1090300,4,0.5543,0.959,0.0183,58.5,yf_premarket,0.053587075912967276,0.5543,0.05280933374270801,0.8,1.5,neutral,0.0,3.5154,3.5268,-0.011,steady,12:13:13,2026-07-09 12:13:13
TTD,18.93,19.07,-0.0073,0.6929,16661550,2,0.7061,0.8725,0.0458,50.9,yf_premarket,0.0855147049748849,0.7061,0.13724286152901444,0.4,1.5,neutral,0.0,3.5091,,,new,12:13:13,2026-07-09 12:13:13
LINE,43.46,43.29,0.0039,1.0998,1206090,3,0.5638,1.2466,0.0288,54.4,yf_premarket,0.13573253359991114,0.5638,0.08504758980657047,0.6,1.5,neutral,0.023465703971119134,3.5089,,,new,12:13:13,2026-07-09 12:13:13
DBVT,16.58,16.75,-0.0101,0.4244,323530,2,0.7155,1.076,0.0642,50.0,yf_premarket,0.05237760252755254,0.7155,0.1937365673933067,0.4,1.5,neutral,0.0,3.5064,3.5061,0.0,steady,12:13:13,2026-07-09 12:13:13
CYH,3.1603,3.57,-0.1148,0.9853,2074110,3,0.5783,0.159,0.0445,62.3,yf_premarket,0.12160144149481036,0.5783,0.13325145839729813,0.6,1.5,neutral,0.0,3.5056,3.5052,0.0,steady,12:13:13,2026-07-09 12:13:13
RCEL,4.6092,4.65,-0.0088,0.3362,494100,3,0.6133,0.357,0.0768,65.7,yf_premarket,0.041492342058819895,0.6133,0.23242247466994165,0.6,1.5,neutral,0.0,3.505,,,new,12:13:13,2026-07-09 12:13:13
WTTR,19.0,19.16,-0.0084,0.4818,2577770,3,0.625,0.8295,0.0433,57.6,yf_premarket,0.05946166092783887,0.625,0.12956708627571387,0.6,1.5,neutral,0.0,3.504,3.5036,0.0,steady,12:13:13,2026-07-09 12:13:13
CRBG,29.85,29.85,-0.0,0.8114,4178100,3,0.6033,0.9195,0.0308,55.6,yf_premarket,0.10013945968627741,0.6033,0.09118821000921093,0.6,1.5,neutral,0.0,3.5024,3.5316,-0.029,steady,12:13:13,2026-07-09 12:13:13
JD,27.49,27.63,-0.0051,1.251,9595420,4,0.9686,0.6202,0.0224,44.2,yf_premarket,0.1543929801177385,0.9686,0.06539760515812097,0.8,0.5,weak,0.0,3.5015,3.5011,0.0,steady,12:13:13,2026-07-09 12:13:13
HPQ,23.83,23.78,0.0021,1.0205,14952330,4,0.9679,0.822,0.0346,45.2,yf_premarket,0.1259456724301776,0.9679,0.10285538839422782,0.8,0.5,weak,0.012635379061371842,3.4951,3.4757,0.019,steady,12:13:13,2026-07-09 12:13:13
ING,32.43,31.95,0.015,0.7318,3862860,3,0.5498,0.473,0.0148,57.2,yf_premarket,0.09031557382107198,0.5498,0.0420632483880872,0.6,1.5,neutral,0.09025270758122744,3.4915,3.6513,-0.16,steady,12:13:13,2026-07-09 12:13:13
WERN,43.2,43.16,0.0009,0.9524,1138460,2,0.6782,1.4219,0.0329,57.7,yf_premarket,0.11754106655806089,0.6782,0.09763586122198344,0.4,1.5,neutral,0.005415162454873647,3.4897,3.8655,-0.376,fading,12:13:13,2026-07-09 12:13:13
OTEX,22.24,22.57,-0.0146,0.8384,1613290,3,0.5962,0.63,0.0279,53.1,yf_premarket,0.10347168227874659,0.5962,0.08228431071538225,0.6,1.5,neutral,0.0,3.4887,,,new,12:13:13,2026-07-09 12:13:13
WLTH,9.04,8.99,0.0056,1.0718,1832750,2,0.6283,0.4955,0.0551,58.8,yf_premarket,0.13227689535586903,0.6283,0.16579674547129264,0.4,1.5,neutral,0.03369434416365825,3.4885,,,new,12:13:13,2026-07-09 12:13:13
ORGO,2.47,2.47,-0.0,0.8073,815540,3,0.5789,0.127,0.0514,57.4,yf_premarket,0.09963345551482838,0.5789,0.15443659809640775,0.6,1.5,neutral,0.0,3.4845,3.4841,0.0,steady,12:13:13,2026-07-09 12:13:13
BZUN,2.85,2.83,0.0071,1.917,306100,3,0.4444,0.1395,0.0493,56.4,yf_premarket,0.23658780406531155,0.4444,0.14798894688363526,0.6,1.5,neutral,0.042719614921780995,3.4818,3.4173,0.064,steady,12:13:13,2026-07-09 12:13:13
HSTM,28.18,28.18,-0.0,0.729,248000,3,0.5947,1.082,0.0384,69.1,yf_premarket,0.08997000999666777,0.5947,0.1145225667792447,0.6,1.5,neutral,0.0,3.4816,3.4812,0.0,steady,12:13:13,2026-07-09 12:13:13
ANDG,39.4,39.4,-0.0,0.3375,574850,2,0.7099,2.578,0.0654,56.1,yf_premarket,0.04165278240586471,0.7099,0.197420939514891,0.4,1.5,neutral,0.0,3.481,3.4806,0.0,steady,12:13:13,2026-07-09 12:13:13
AURA,7.35,7.25,0.0138,1.4358,843440,2,0.5373,0.554,0.0764,63.0,yf_premarket,0.17720019252841643,0.5373,0.23119435062941354,0.4,1.5,neutral,0.08303249097472924,3.4805,3.3556,0.125,steady,12:13:13,2026-07-09 12:13:13
ALLO,2.13,2.12,0.0047,0.903,13722150,3,0.5357,0.138,0.0651,65.3,yf_premarket,0.11144433337035803,0.5357,0.19649984648449495,0.6,1.5,neutral,0.0282791817087846,3.4792,3.4364,0.043,steady,12:13:13,2026-07-09 12:13:13
WHD,54.03,53.73,0.0056,0.694,945950,4,0.9702,2.15,0.04,41.4,yf_premarket,0.08565046219161512,0.9702,0.1194350629413571,0.8,0.5,weak,0.03369434416365825,3.4791,,,new,12:13:13,2026-07-09 12:13:13
TXG,37.8615,37.47,0.0104,0.9031,3432110,2,0.6094,2.393,0.0639,67.2,yf_premarket,0.11145667493551532,0.6094,0.19281547436291063,0.4,1.5,neutral,0.06257521058965103,3.4763,,,new,12:13:13,2026-07-09 12:13:13
DSP,12.73,12.73,0.0,0.6438,255200,2,0.6855,0.7265,0.0571,61.9,yf_premarket,0.07945499648265393,0.6855,0.17193736567393308,0.4,1.5,neutral,0.0,3.4762,3.4758,0.0,steady,12:13:13,2026-07-09 12:13:13
ANL,10.54,10.18,0.0354,1.5242,242490,1,0.474,1.5085,0.1482,50.8,yf_premarket,0.18811013612746366,0.474,0.45164261590420635,0.2,1.5,neutral,0.21299638989169678,3.4755,3.8535,-0.378,fading,12:13:13,2026-07-09 12:13:13
GPN,73.07,73.01,0.0008,0.8466,3856330,3,0.5771,2.806,0.0384,58.8,yf_premarket,0.10448369062164463,0.5771,0.1145225667792447,0.6,1.5,neutral,0.004813477737665464,3.4754,3.4678,0.008,steady,12:13:13,2026-07-09 12:13:13
CRMT,3.25,3.31,-0.0181,0.4047,992780,3,0.5255,0.538,0.1625,60.7,yf_premarket,0.04994631419156577,0.5255,0.49554805035308575,0.6,1.5,neutral,0.0,3.4737,3.712,-0.238,steady,12:13:13,2026-07-09 12:13:13
DRUG,70.0,69.88,0.0017,0.8195,310050,2,0.65,4.8755,0.0698,67.3,yf_premarket,0.10113912646401817,0.65,0.21093030396070003,0.4,1.5,neutral,0.01022864019253911,3.4725,3.4903,-0.018,steady,12:13:13,2026-07-09 12:13:13
NU,13.4,13.37,0.0022,1.2544,52432180,3,0.5302,0.5121,0.0383,60.4,yf_premarket,0.1548125933330865,0.5302,0.1142155357691127,0.6,1.5,neutral,0.013237063778580025,3.4696,,,new,12:13:13,2026-07-09 12:13:13
NCMI,3.81,3.83,-0.0052,0.3231,576020,3,0.6207,0.157,0.041,57.9,yf_premarket,0.039875597023214485,0.6207,0.12250537304267733,0.6,1.5,neutral,0.0,3.4625,,,new,12:13:13,2026-07-09 12:13:13
COAG,34.03,33.89,0.0041,1.2043,288220,2,0.5632,3.908,0.1153,64.0,yf_premarket,0.14862946918928258,0.5632,0.35062941357077065,0.4,1.5,neutral,0.024669073405535504,3.4617,3.6096,-0.148,steady,12:13:13,2026-07-09 12:13:13
FLO,8.5221,8.37,0.0182,0.5583,9870880,2,0.6127,0.365,0.0436,62.5,yf_premarket,0.0689029582731682,0.6127,0.13048817930610992,0.4,1.5,neutral,0.10950661853188931,3.4583,3.7883,-0.33,fading,12:13:13,2026-07-09 12:13:13
UHT,43.63,43.7,-0.0016,0.6577,235660,3,0.5938,1.419,0.0325,66.5,yf_premarket,0.08117047403951769,0.5938,0.09640773718145534,0.6,1.5,neutral,0.0,3.4576,3.6109,-0.153,steady,12:13:13,2026-07-09 12:13:13
TLS,4.74,4.74,0.0,0.5482,844560,2,0.6848,0.2575,0.0543,56.4,yf_premarket,0.06765646019228158,0.6848,0.16334049739023643,0.4,1.5,neutral,0.0,3.4528,,,new,12:13:13,2026-07-09 12:13:13
CLBK,20.71,20.78,-0.0034,0.7485,506230,3,0.5899,0.4815,0.0232,57.7,yf_premarket,0.09237661520233996,0.5899,0.06785385323917716,0.6,1.5,neutral,0.0,3.4523,3.4519,0.0,steady,12:13:13,2026-07-09 12:13:13
MNKD,4.25,4.25,0.0,1.2202,5648800,2,0.6154,0.259,0.0609,61.3,yf_premarket,0.1505917780492922,0.6154,0.18360454405894996,0.4,1.5,neutral,0.0,3.4485,,,new,12:13:13,2026-07-09 12:13:13
ROL,44.97,44.95,0.0004,1.1983,5192970,4,0.9426,1.109,0.0247,41.6,yf_premarket,0.14788897527984496,0.9426,0.0724593183911575,0.8,0.5,weak,0.002406738868832732,3.4469,,,new,12:13:13,2026-07-09 12:13:13
TNXP,12.78,12.78,0.0,1.2991,531830,2,0.601,0.875,0.0685,64.3,yf_premarket,0.16032927295839655,0.601,0.20693890082898375,0.4,1.5,neutral,0.0,3.446,,,new,12:13:13,2026-07-09 12:13:13
TARA,4.05,4.11,-0.0146,0.5774,970130,4,0.4759,0.238,0.0579,58.5,yf_premarket,0.07126019721821121,0.4759,0.17439361375498927,0.8,1.5,neutral,0.0,3.4459,,,new,12:13:13,2026-07-09 12:13:13
BAX,22.1522,21.98,0.0078,1.0236,6630440,3,0.5186,0.679,0.0309,60.2,yf_premarket,0.1263282609500537,0.5186,0.09149524101934296,0.6,1.5,neutral,0.04693140794223827,3.4428,3.7662,-0.323,fading,12:13:13,2026-07-09 12:13:13
WRB,71.27,71.28,-0.0001,0.8816,1874180,3,0.5704,1.585,0.0222,64.9,yf_premarket,0.10880323842669727,0.5704,0.06478354313785693,0.6,1.5,neutral,0.0,3.4364,,,new,12:13:13,2026-07-09 12:13:13
BEN,33.7,33.5,0.006,1.0882,4143510,3,0.5188,0.9315,0.0278,55.5,yf_premarket,0.1343009120416651,0.5188,0.08197727970525023,0.6,1.5,neutral,0.03610108303249098,3.4342,3.3796,0.055,steady,12:13:13,2026-07-09 12:13:13
TIPT,18.04,18.04,-0.0,0.7263,292290,3,0.5786,0.471,0.0261,56.3,yf_premarket,0.08963678773742084,0.5786,0.07675775253300585,0.6,1.5,neutral,0.0,3.43,,,new,12:13:13,2026-07-09 12:13:13
LYG,5.96,5.9,0.0102,0.9493,20456920,3,0.5172,0.096,0.0163,63.1,yf_premarket,0.1171584780381848,0.5172,0.04666871354006754,0.6,1.5,neutral,0.06137184115523467,3.4255,,,new,12:13:13,2026-07-09 12:13:13
FRSH,10.08,10.17,-0.0088,1.2212,33705740,2,0.6195,0.4066,0.04,59.8,yf_premarket,0.15071519370086514,0.6195,0.1194350629413571,0.4,1.5,neutral,0.0,3.4248,3.4244,0.0,steady,12:13:13,2026-07-09 12:13:13
AGEN,3.27,3.25,0.0062,0.6835,1166760,3,0.5128,0.247,0.076,58.8,yf_premarket,0.08435459785009934,0.5128,0.22996622658888546,0.6,1.5,neutral,0.03730445246690734,3.4231,3.6703,-0.247,steady,12:13:13,2026-07-09 12:13:13
AM,22.91,22.71,0.0088,0.8014,2576020,2,0.6296,0.5509,0.0243,66.7,yf_premarket,0.09890530317054809,0.6296,0.07123119435062941,0.4,1.5,neutral,0.0529482551143201,3.4226,3.3427,0.08,steady,12:13:13,2026-07-09 12:13:13
RIVN,16.69,16.66,0.0018,2.1623,51217970,3,0.3949,1.2674,0.0761,53.0,yf_premarket,0.2668616633961519,0.3949,0.2302732575990175,0.6,1.5,neutral,0.010830324909747294,3.4215,,,new,12:13:13,2026-07-09 12:13:13
CBSH,57.59,57.59,-0.0,1.6115,1410820,3,0.497,0.987,0.0171,64.6,yf_premarket,0.19888432250978066,0.497,0.04912496162112374,0.6,1.5,neutral,0.0,3.4169,3.4165,0.0,steady,12:13:13,2026-07-09 12:13:13
OSPN,14.5,14.74,-0.0163,0.6458,412360,2,0.6729,0.5,0.0339,56.4,yf_premarket,0.07970182778579979,0.6729,0.10070617132330366,0.4,1.5,neutral,0.0,3.4157,,,new,12:13:13,2026-07-09 12:13:13
GOOD,12.5118,12.49,0.0017,0.7793,596200,3,0.5638,0.245,0.0196,56.3,yf_premarket,0.09617781727078628,0.5638,0.056800736874424315,0.6,1.5,neutral,0.01022864019253911,3.4156,3.4629,-0.047,steady,12:13:13,2026-07-09 12:13:13
FDUS,19.53,19.53,-0.0,0.4066,639190,3,0.6017,0.444,0.0227,62.2,yf_premarket,0.050180803929554346,0.6017,0.06631869818851704,0.6,1.5,neutral,0.0,3.4118,3.4114,0.0,steady,12:13:13,2026-07-09 12:13:13
ACVA,6.86,6.99,-0.0186,1.5844,3587000,3,0.4737,0.3237,0.0463,66.7,yf_premarket,0.1955397583521542,0.4737,0.13877801657967456,0.6,1.5,neutral,0.0,3.4101,3.6344,-0.224,steady,12:13:13,2026-07-09 12:13:13
FVRR,10.88,10.87,0.0009,0.6908,610440,3,0.5461,0.563,0.0518,58.4,yf_premarket,0.08525553210658175,0.5461,0.15566472213693583,0.6,1.5,neutral,0.005415162454873647,3.406,3.4153,-0.009,steady,12:13:13,2026-07-09 12:13:13
BCYC,4.33,4.28,0.0117,0.7137,471500,2,0.605,0.167,0.039,68.1,yf_premarket,0.0880817505276019,0.605,0.11636475284003686,0.4,1.5,neutral,0.0703971119133574,3.4059,3.5305,-0.125,steady,12:13:13,2026-07-09 12:13:13
PDM,9.25,9.37,-0.0128,0.5858,1575700,3,0.5729,0.288,0.0307,53.0,yf_premarket,0.07229688869142384,0.5729,0.09088117899907891,0.6,1.5,neutral,0.0,3.3997,,,new,12:13:13,2026-07-09 12:13:13
YALA,5.41,5.41,0.0,0.428,350680,3,0.5797,0.2175,0.0402,52.8,yf_premarket,0.052821898873215097,0.5797,0.12004912496162114,0.6,1.5,neutral,0.0,3.3987,,,new,12:13:13,2026-07-09 12:13:13
DV,11.09,11.2,-0.0098,0.3074,4852790,3,0.59,0.4616,0.0412,59.7,yf_premarket,0.037937971293519446,0.59,0.12311943506294137,0.6,1.5,neutral,0.0,3.3985,3.4335,-0.035,steady,12:13:13,2026-07-09 12:13:13
IRT,17.05,16.86,0.0113,0.9483,3303220,3,0.4952,0.3502,0.0208,57.6,yf_premarket,0.11703506238661186,0.4952,0.0604851089960086,0.6,1.5,neutral,0.06799037304452467,3.3982,3.2958,0.102,steady,12:13:13,2026-07-09 12:13:13
RXST,5.32,5.34,-0.0037,0.6317,2155240,3,0.5234,0.4695,0.0879,61.5,yf_premarket,0.07796166709862144,0.5234,0.26650291679459626,0.6,1.5,neutral,0.0,3.397,,,new,12:13:13,2026-07-09 12:13:13
AGNC,10.9597,10.94,0.0018,0.7006,18308460,2,0.6608,0.2051,0.0187,64.7,yf_premarket,0.0864650054919965,0.6608,0.05403745778323611,0.4,1.5,neutral,0.010830324909747294,3.3946,3.3956,-0.001,steady,12:13:13,2026-07-09 12:13:13
KBDC,13.63,13.61,0.0015,0.7245,325060,2,0.6608,0.2317,0.017,50.1,yf_premarket,0.08941463956458957,0.6608,0.04881793061099172,0.4,1.5,neutral,0.009025270758122745,3.3937,,,new,12:13:13,2026-07-09 12:13:13
SWMR,43.43,41.49,0.0468,0.8886,484910,2,0.3546,5.385,0.1298,50.1,yf_premarket,0.10966714798770778,0.3546,0.3951489100399141,0.4,1.5,neutral,0.2815884476534296,3.3937,,,new,12:13:13,2026-07-09 12:13:13
NMAX,8.4,8.44,-0.0047,0.5679,1483410,2,0.6389,0.6171,0.0731,58.2,yf_premarket,0.07008774852826835,0.6389,0.2210623272950568,0.4,1.5,neutral,0.0,3.3935,,,new,12:13:13,2026-07-09 12:13:13
FIS,40.6971,40.84,-0.0035,0.9331,5860940,3,0.5372,1.234,0.0302,56.0,yf_premarket,0.1151591444827033,0.5372,0.0893460239484188,0.6,1.5,neutral,0.0,3.3918,3.3914,0.0,steady,12:13:13,2026-07-09 12:13:13
BXP,66.83,66.78,0.0007,1.1344,1403010,3,0.5168,1.6607,0.0249,55.5,yf_premarket,0.1400027151443346,0.5168,0.07307338041142156,0.6,1.5,neutral,0.004211793020457281,3.3865,3.3935,-0.007,steady,12:13:13,2026-07-09 12:13:13
PBYI,8.13,8.13,-0.0,0.9363,455520,2,0.622,0.368,0.0453,67.8,yf_premarket,0.11555407456773667,0.622,0.13570770647835434,0.4,1.5,neutral,0.0,3.3852,,,new,12:13:13,2026-07-09 12:13:13
FBK,56.14,55.82,0.0057,1.0467,428120,3,0.5054,0.9871,0.0177,58.4,yf_premarket,0.12917916250138842,0.5054,0.050967147681915875,0.6,1.5,neutral,0.03429602888086643,3.3815,3.442,-0.061,steady,12:13:13,2026-07-09 12:13:13
EQ,3.19,3.15,0.0127,0.6944,1166690,2,0.5465,0.296,0.094,61.9,yf_premarket,0.08569982845224432,0.5465,0.28523180841264967,0.4,1.5,neutral,0.07641395908543923,3.3788,3.5142,-0.135,steady,12:13:13,2026-07-09 12:13:13
HMH,19.33,19.33,0.0,0.297,442760,3,0.5667,1.148,0.0594,51.7,yf_premarket,0.036654448517160945,0.5667,0.17899907890696962,0.6,1.5,neutral,0.0,3.3779,3.3775,0.0,steady,12:13:13,2026-07-09 12:13:13
PCSC,10.6866,11.4,-0.0626,0.1915,289870,2,0.7018,0.2999,0.0263,56.1,yf_premarket,0.02363409727621657,0.7018,0.07737181455326989,0.4,1.5,neutral,0.0,3.3777,,,new,12:13:13,2026-07-09 12:13:13
SPTX,21.28,21.26,0.0009,1.0751,207800,1,0.6621,2.007,0.0944,61.8,yf_premarket,0.1326841670060597,0.6621,0.28645993245317775,0.2,1.5,neutral,0.005415162454873647,3.3746,,,new,12:13:13,2026-07-09 12:13:13
CLAR,3.21,3.21,-0.0,0.2449,550360,3,0.5862,0.122,0.038,60.3,yf_premarket,0.030224493070211165,0.5862,0.11329444273871662,0.6,1.5,neutral,0.0,3.3744,3.374,0.0,steady,12:13:13,2026-07-09 12:13:13
AGBK,7.07,7.07,-0.0,0.5979,269130,3,0.5479,0.318,0.045,52.6,yf_premarket,0.07379021807545633,0.5479,0.13478661344795825,0.6,1.5,neutral,0.0,3.3739,3.3735,0.0,steady,12:13:13,2026-07-09 12:13:13
WU,7.76,7.72,0.0052,0.8452,7219690,2,0.6147,0.207,0.0268,65.3,yf_premarket,0.10431090870944253,0.6147,0.07890696960393,0.4,1.5,neutral,0.031287605294825514,3.3723,,,new,12:13:13,2026-07-09 12:13:13
SND,4.92,5.04,-0.0238,0.4773,795460,2,0.6488,0.2843,0.0564,50.6,yf_premarket,0.05890629049576067,0.6488,0.16978814860300892,0.4,1.5,neutral,0.0,3.3709,,,new,12:13:13,2026-07-09 12:13:13
FIGR,30.55,30.65,-0.0033,0.4374,4849760,3,0.5333,2.4495,0.0799,52.9,yf_premarket,0.05398200599800067,0.5333,0.2419404359840344,0.6,1.5,neutral,0.0,3.3685,3.5673,-0.199,steady,12:13:13,2026-07-09 12:13:13
VIV,13.29,13.29,0.0,0.7404,1195370,3,0.5522,0.2449,0.0184,52.4,yf_premarket,0.0913769484245992,0.5522,0.05311636475284004,0.6,1.5,neutral,0.0,3.368,,,new,12:13:13,2026-07-09 12:13:13
BL,28.4111,28.55,-0.0049,0.8959,1146920,2,0.6177,1.1895,0.0417,52.4,yf_premarket,0.11056808224419021,0.6177,0.12465459011360149,0.4,1.5,neutral,0.0,3.3636,3.3632,0.0,steady,12:13:13,2026-07-09 12:13:13
INDV,41.6,40.89,0.0174,0.5941,2172320,3,0.4681,1.65,0.0404,69.3,yf_premarket,0.07332123859947917,0.4681,0.12066318698188518,0.6,1.5,neutral,0.10469314079422383,3.3636,3.2061,0.157,steady,12:13:13,2026-07-09 12:13:13
COMP,11.48,11.32,0.0141,1.0149,19564880,3,0.4246,0.732,0.0647,66.6,yf_premarket,0.12525454478136916,0.4246,0.19527172244396682,0.6,1.5,neutral,0.08483754512635379,3.362,4.279,-0.917,fading,12:13:13,2026-07-09 12:13:13
EIX,75.24,74.78,0.0062,0.8047,2370900,2,0.6127,1.4563,0.0195,63.0,yf_premarket,0.09931257482073876,0.6127,0.056493705864292296,0.4,1.5,neutral,0.03730445246690734,3.3586,3.3022,0.056,steady,12:13:13,2026-07-09 12:13:13
TSN,58.4,58.3,0.0017,1.1057,3096880,3,0.5041,1.208,0.0207,56.1,yf_premarket,0.13646068594419142,0.5041,0.06017807798587657,0.6,1.5,neutral,0.01022864019253911,3.3583,3.3603,-0.002,steady,12:13:13,2026-07-09 12:13:13
SGMT,7.53,7.44,0.0121,0.6643,1925070,2,0.566,0.4547,0.0611,69.8,yf_premarket,0.08198501733989905,0.566,0.18421860607921403,0.4,1.5,neutral,0.07280385078219014,3.3563,3.5108,-0.155,steady,12:13:13,2026-07-09 12:13:13
OCSL,12.0,11.92,0.0067,0.6063,547120,2,0.6275,0.23,0.0193,51.5,yf_premarket,0.07482690954866895,0.6275,0.05587964384402825,0.4,1.5,neutral,0.04031287605294826,3.3556,,,new,12:13:13,2026-07-09 12:13:13
GDRX,2.96,2.96,-0.0,0.5482,1095330,2,0.64,0.145,0.049,61.0,yf_premarket,0.06765646019228158,0.64,0.1470678538532392,0.4,1.5,neutral,0.0,3.355,3.4216,-0.067,steady,12:13:13,2026-07-09 12:13:13
NVCR,17.25,17.37,-0.0069,1.8467,1806160,4,0.8184,0.8775,0.0505,49.4,yf_premarket,0.2279116837597344,0.8184,0.15167331900521955,0.8,0.5,weak,0.0,3.3545,,,new,12:13:13,2026-07-09 12:13:13
IMTX,10.1,9.98,0.012,0.9596,467690,3,0.4394,0.5856,0.0587,64.8,yf_premarket,0.118429659249386,0.4394,0.17684986183604545,0.6,1.5,neutral,0.07220216606498196,3.3532,3.2445,0.109,steady,12:13:13,2026-07-09 12:13:13
PSTL,24.5,24.19,0.0128,0.9674,482640,3,0.4579,0.6945,0.0287,58.9,yf_premarket,0.11939230133165488,0.4579,0.08474055879643844,0.6,1.5,neutral,0.07701564380264743,3.3528,,,new,12:13:13,2026-07-09 12:13:13
PUK,27.3025,27.36,-0.0021,0.8888,811630,2,0.6321,0.414,0.0151,53.0,yf_premarket,0.10969183111802239,0.6321,0.04298434141848327,0.4,1.5,neutral,0.0,3.3502,3.4444,-0.094,steady,12:13:13,2026-07-09 12:13:13
CMG,33.38,33.43,-0.0015,0.7269,21294240,3,0.5332,1.04,0.0311,53.5,yf_premarket,0.08971083712836461,0.5332,0.092109303039607,0.6,1.5,neutral,0.0,3.347,3.3466,0.0,steady,12:13:13,2026-07-09 12:13:13
UPWK,8.51,8.56,-0.0058,0.8813,3076240,3,0.5068,0.399,0.0466,52.0,yf_premarket,0.10876621373122539,0.5068,0.13969910961007065,0.6,1.5,neutral,0.0,3.3466,,,new,12:13:13,2026-07-09 12:13:13
CXW,30.25,30.62,-0.0121,1.0039,1614470,3,0.4923,1.522,0.0497,67.1,yf_premarket,0.12389697261406692,0.4923,0.14921707092416336,0.6,1.5,neutral,0.0,3.3451,3.3447,0.0,steady,12:13:13,2026-07-09 12:13:13
USPH,70.28,70.28,0.0,0.6155,258180,3,0.5386,2.533,0.036,60.2,yf_premarket,0.07596233354313994,0.5386,0.10715382253607615,0.6,1.5,neutral,0.0,3.3447,,,new,12:13:13,2026-07-09 12:13:13
PBH,47.8,48.29,-0.0101,0.6679,718050,3,0.5332,1.703,0.0353,52.4,yf_premarket,0.0824293136855616,0.5332,0.10500460546515199,0.6,1.5,neutral,0.0,3.3425,,,new,12:13:13,2026-07-09 12:13:13
ANAB,64.7,65.35,-0.0099,1.3726,842000,1,0.6481,3.9704,0.0608,64.5,yf_premarket,0.16940032334900712,0.6481,0.18329751304881794,0.2,1.5,neutral,0.0,3.3419,3.3593,-0.017,steady,12:13:13,2026-07-09 12:13:13
ARDT,10.02,10.15,-0.0128,1.0216,611760,3,0.4943,0.4345,0.0428,63.9,yf_premarket,0.12608142964690783,0.4943,0.12803193122505374,0.6,1.5,neutral,0.0,3.3417,3.8065,-0.465,fading,12:13:13,2026-07-09 12:13:13
ES,73.61,73.8,-0.0026,0.6677,2576740,2,0.646,1.294,0.0175,65.5,yf_premarket,0.08240463055524701,0.646,0.05035308566165183,0.4,1.5,neutral,0.0,3.3408,3.3936,-0.053,steady,12:13:13,2026-07-09 12:13:13
HRZN,4.64,4.65,-0.0022,0.5594,597060,1,0.75,0.114,0.0245,68.0,yf_premarket,0.06903871548989843,0.75,0.07184525637089346,0.2,1.5,neutral,0.0,3.3395,3.3391,0.0,steady,12:13:13,2026-07-09 12:13:13
TEM,57.01,57.27,-0.0045,0.7031,6743530,2,0.6016,3.9724,0.0694,62.7,yf_premarket,0.08677354462092882,0.6016,0.20970217992017195,0.4,1.5,neutral,0.0,3.3382,,,new,12:13:13,2026-07-09 12:13:13
MAIN,51.35,51.05,0.0059,1.0782,688020,3,0.477,1.0134,0.0199,51.3,yf_premarket,0.1330667555259358,0.477,0.05772182990482039,0.6,1.5,neutral,0.035499398315282794,3.3357,,,new,12:13:13,2026-07-09 12:13:13
ACHV,6.2,6.21,-0.0016,0.7151,3398360,2,0.5909,0.488,0.0786,60.6,yf_premarket,0.08825453243980401,0.5909,0.23794903285231808,0.4,1.5,neutral,0.0,3.3332,3.3328,0.0,steady,12:13:13,2026-07-09 12:13:13
CARS,10.85,10.8,0.0046,0.7012,750990,3,0.5,0.4355,0.0403,59.8,yf_premarket,0.08653905488294025,0.5,0.12035615597175317,0.6,1.5,neutral,0.027677496991576414,3.3315,3.327,0.005,steady,12:13:13,2026-07-09 12:13:13
INFU,9.7,9.7,0.0,0.3841,429810,3,0.5441,0.463,0.0477,61.4,yf_premarket,0.047403951769163365,0.5441,0.1430764507215229,0.6,1.5,neutral,0.0,3.3308,3.3304,0.0,steady,12:13:13,2026-07-09 12:13:13
KRUS,53.32,53.32,0.0,2.0052,472960,2,0.4695,4.2395,0.0795,53.8,yf_premarket,0.2474730645340442,0.4695,0.24071231194350629,0.4,1.5,neutral,0.0,3.3306,,,new,12:13:13,2026-07-09 12:13:13
TRMD,28.97,29.04,-0.0024,0.7437,939530,5,0.8186,1.039,0.0358,46.3,yf_premarket,0.09178422007478988,0.8186,0.10653976051581211,1.0,0.5,weak,0.0,3.3281,,,new,12:13:13,2026-07-09 12:13:13
NLY,22.5299,22.53,-0.0,0.6758,9362610,2,0.6394,0.3787,0.0168,61.5,yf_premarket,0.08340429733298776,0.6394,0.04820386859072766,0.4,1.5,neutral,0.0,3.328,,,new,12:13:13,2026-07-09 12:13:13
HWC,73.04,73.74,-0.0095,1.0907,1059210,3,0.4972,1.597,0.0217,63.3,yf_premarket,0.13460945117059744,0.4972,0.06324838808719681,0.6,1.5,neutral,0.0,3.3279,3.4576,-0.13,steady,12:13:13,2026-07-09 12:13:13
WSHP,7.0,6.9,0.0145,0.0675,1356330,3,0.3579,1.6644,0.2412,56.6,yf_premarket,0.008330556481172943,0.3579,0.7371814553269881,0.6,1.5,neutral,0.08724428399518654,3.3278,,,new,12:13:13,2026-07-09 12:13:13
VSTS,14.16,14.16,0.0,0.9002,1580850,3,0.4986,0.5976,0.0422,60.9,yf_premarket,0.11109876954595381,0.4986,0.1261897451642616,0.6,1.5,neutral,0.0,3.3269,,,new,12:13:13,2026-07-09 12:13:13
CDZI,4.07,4.07,-0.0,0.4007,830050,2,0.6265,0.264,0.0649,57.7,yf_premarket,0.049452651585274045,0.6265,0.19588578446423088,0.4,1.5,neutral,0.0,3.3251,3.3248,0.0,steady,12:13:13,2026-07-09 12:13:13
AES,14.6,14.64,-0.0027,1.0599,8579540,2,0.6111,0.07,0.0048,50.0,yf_premarket,0.13080824910215114,0.6111,0.011360147374884862,0.4,1.5,neutral,0.0,3.3241,3.3236,0.001,steady,12:13:13,2026-07-09 12:13:13
PYPD,5.26,5.21,0.0096,1.0312,256970,1,0.6267,0.315,0.0605,60.1,yf_premarket,0.12726621990200795,0.6267,0.18237642001842186,0.2,1.5,neutral,0.05776173285198556,3.3221,,,new,12:13:13,2026-07-09 12:13:13
AMCI,5.2162,5.19,0.005,1.4498,207960,2,0.4397,0.768,0.148,60.3,yf_premarket,0.1789280116504375,0.4397,0.4510285538839423,0.4,1.5,neutral,0.030084235860409148,3.3184,3.5017,-0.183,steady,12:13:13,2026-07-09 12:13:13
RNG,39.04,39.47,-0.0109,1.0198,1824370,2,0.5789,1.831,0.0464,54.4,yf_premarket,0.12585928147407655,0.5789,0.13908504758980658,0.4,1.5,neutral,0.0,3.3161,3.3157,0.0,steady,12:13:13,2026-07-09 12:13:13
GDS,32.99,32.82,0.0052,0.9132,2576150,3,0.9626,1.6105,0.0491,48.3,yf_premarket,0.11270317301640194,0.9626,0.14737488486337122,0.6,0.5,weak,0.031287605294825514,3.3149,3.6756,-0.361,fading,12:13:13,2026-07-09 12:13:13
HMC,27.89,27.73,0.0058,0.5283,1887990,3,0.522,0.401,0.0145,55.7,yf_premarket,0.06520048872598022,0.522,0.041142155357691126,0.6,1.5,neutral,0.03489771359807461,3.3147,3.2974,0.017,steady,12:13:13,2026-07-09 12:13:13
RXT,6.28,6.58,-0.0456,1.6419,13648700,2,0.4502,0.9003,0.1368,52.9,yf_premarket,0.20263615831759782,0.4502,0.41664108074915573,0.4,1.5,neutral,0.0,3.3127,,,new,12:13:13,2026-07-09 12:13:13
BB,11.3,11.12,0.0162,0.5336,42155560,2,0.5099,1.083,0.0974,63.3,yf_premarket,0.06585459167931676,0.5099,0.2956708627571385,0.4,1.5,neutral,0.09747292418772563,3.3126,3.3967,-0.084,steady,12:13:13,2026-07-09 12:13:13
ASX,42.923,39.93,0.075,0.7256,13736330,2,0.2525,2.4089,0.0603,56.2,yf_premarket,0.0895503967813198,0.2525,0.18176235799815782,0.4,1.5,neutral,0.4512635379061372,3.3071,4.0806,-0.773,fading,12:13:13,2026-07-09 12:13:13
PCG,17.13,17.05,0.0047,0.6748,17164450,2,0.6047,0.3417,0.02,55.5,yf_premarket,0.08328088168141483,0.6047,0.058028860914952414,0.4,1.5,neutral,0.0282791817087846,3.3058,,,new,12:13:13,2026-07-09 12:13:13
LIXT,6.93,6.93,0.0,0.7692,558470,3,0.4223,0.987,0.1424,50.4,prev_close,0.09493131918989965,0.4223,0.433834817316549,0.6,1.5,neutral,0.0,3.3039,,,new,12:13:13,2026-07-09 12:13:13
EVTC,27.89,27.89,0.0,0.7515,572420,2,0.5988,1.219,0.0437,53.9,yf_premarket,0.09274686215705874,0.5988,0.13079521031624197,0.4,1.5,neutral,0.0,3.3021,3.3017,0.0,steady,12:13:13,2026-07-09 12:13:13
DOCS,21.47,21.69,-0.0101,0.65,4249730,3,0.5079,0.9245,0.0426,55.4,yf_premarket,0.08022017352240611,0.5079,0.1274178692047897,0.6,1.5,neutral,0.0,3.2998,3.536,-0.236,steady,12:13:13,2026-07-09 12:13:13
EQH,45.49,45.71,-0.0048,0.9436,3825220,3,0.4901,1.381,0.0302,52.4,yf_premarket,0.11645500882421908,0.4901,0.0893460239484188,0.6,1.5,neutral,0.0,3.2996,3.2991,0.0,steady,12:13:13,2026-07-09 12:13:13
CNQ,42.37,42.43,-0.0014,1.2545,8560990,3,0.9677,0.889,0.021,48.0,yf_premarket,0.15482493489824378,0.9677,0.06109917101627265,0.6,0.5,weak,0.0,3.2982,3.2978,0.0,steady,12:13:13,2026-07-09 12:13:13
ALDX,2.1177,2.13,-0.0058,1.1745,2634760,2,0.5122,0.2186,0.1026,61.9,yf_premarket,0.1449516827724092,0.5122,0.3116364752840037,0.4,1.5,neutral,0.0,3.2976,3.2973,0.0,steady,12:13:13,2026-07-09 12:13:13
ABM,44.42,44.42,0.0,0.6546,656540,4,0.4194,1.0318,0.0232,55.8,yf_premarket,0.0807878855196416,0.4194,0.06785385323917716,0.8,1.5,neutral,0.0,3.2939,3.2935,0.0,steady,12:13:13,2026-07-09 12:13:13
IVT,35.62,35.49,0.0037,0.5361,1010920,2,0.6187,0.5775,0.0163,62.1,yf_premarket,0.06616313080824911,0.6187,0.04666871354006754,0.4,1.5,neutral,0.02226233453670277,3.2934,3.2595,0.034,steady,12:13:13,2026-07-09 12:13:13
DERM,6.95,6.68,0.0404,0.4482,443280,2,0.4196,0.455,0.0681,58.5,yf_premarket,0.055314895034988334,0.4196,0.20571077678845562,0.4,1.5,neutral,0.2430806257521059,3.2896,2.9247,0.365,rising,12:13:13,2026-07-09 12:13:13
ALKT,17.0,17.69,-0.039,0.6082,2944370,2,0.6022,0.845,0.0478,65.4,yf_premarket,0.07506139928665753,0.6022,0.1433834817316549,0.4,1.5,neutral,0.0,3.2887,3.2883,0.0,steady,12:13:13,2026-07-09 12:13:13
PLSE,27.95,28.11,-0.0057,0.5232,423140,3,0.4921,1.981,0.0705,66.5,yf_premarket,0.06457106890295827,0.4921,0.21307952103162417,0.6,1.5,neutral,0.0,3.2876,,,new,12:13:13,2026-07-09 12:13:13
IFS,57.11,57.27,-0.0028,0.5618,252030,2,0.618,1.6875,0.0295,56.7,yf_premarket,0.06933491305367345,0.618,0.08719680687749462,0.4,1.5,neutral,0.0,3.2836,3.2832,0.0,steady,12:13:13,2026-07-09 12:13:13
NMRK,15.53,15.4,0.0084,1.005,1659720,3,0.4385,0.4365,0.0283,51.6,yf_premarket,0.12403272983079712,0.4385,0.08351243475591034,0.6,1.5,neutral,0.05054151624548737,3.2806,,,new,12:13:13,2026-07-09 12:13:13
CTKB,4.32,4.39,-0.0159,0.8536,1376210,3,0.4733,0.219,0.0499,58.9,yf_premarket,0.10534760018265517,0.4733,0.1498311329444274,0.6,1.5,neutral,0.0,3.2795,3.9966,-0.717,fading,12:13:13,2026-07-09 12:13:13
XTLB,2.75,2.9,-0.0517,0.0364,393250,2,0.5859,0.377,0.13,61.1,yf_premarket,0.004492329717254742,0.5859,0.39576297206017813,0.4,1.5,neutral,0.0,3.2764,,,new,12:13:13,2026-07-09 12:13:13
FOXA,53.23,53.39,-0.003,0.6761,8509450,2,0.5969,2.053,0.0385,52.9,yf_premarket,0.08344132202845965,0.5969,0.11482959778937674,0.4,1.5,neutral,0.0,3.2764,3.276,0.0,steady,12:13:13,2026-07-09 12:13:13
CIG,2.0861,2.08,0.0029,1.2171,7298880,2,0.5475,0.0414,0.0199,54.6,yf_premarket,0.15020918952941612,0.5475,0.05772182990482039,0.4,1.5,neutral,0.017448856799037304,3.2753,3.3434,-0.068,steady,12:13:13,2026-07-09 12:13:13
MPB,33.97,33.97,-0.0,0.7719,269840,2,0.5881,1.148,0.0338,51.6,yf_premarket,0.09526454144914658,0.5881,0.10039914031317164,0.4,1.5,neutral,0.0,3.2693,,,new,12:13:13,2026-07-09 12:13:13
LIF,54.15,53.8,0.0065,0.7325,836810,2,0.5403,3.165,0.0588,64.1,yf_premarket,0.09040196477717304,0.5403,0.17715689284617747,0.4,1.5,neutral,0.03910950661853189,3.2634,,,new,12:13:13,2026-07-09 12:13:13
PUBM,12.86,13.16,-0.0228,0.7514,686600,1,0.6758,0.632,0.048,68.4,yf_premarket,0.09273452059190146,0.6758,0.14399754375191895,0.2,1.5,neutral,0.0,3.2627,,,new,12:13:13,2026-07-09 12:13:13
NHP,15.2,14.73,0.0319,0.2244,1361230,3,0.375,0.783,0.0532,64.4,yf_premarket,0.027694472212966045,0.375,0.15996315627878416,0.6,1.5,neutral,0.19193742478941034,3.2594,,,new,12:13:13,2026-07-09 12:13:13
DT,43.31,43.84,-0.0121,0.5232,6266980,2,0.6011,1.645,0.0375,61.1,yf_premarket,0.06457106890295827,0.6011,0.1117592876880565,0.4,1.5,neutral,0.0,3.2549,3.3255,-0.071,steady,12:13:13,2026-07-09 12:13:13
ESTC,59.06,60.08,-0.017,1.0027,1954640,4,0.8544,2.417,0.0402,49.9,yf_premarket,0.12374887383217938,0.8544,0.12004912496162114,0.8,0.5,weak,0.0,3.2544,3.254,0.0,steady,12:13:13,2026-07-09 12:13:13
GEHC,64.06,64.68,-0.0096,0.8659,4653210,3,0.4786,1.6253,0.0251,55.6,yf_premarket,0.10686561269700223,0.4786,0.07368744243168561,0.6,1.5,neutral,0.0,3.2543,3.2973,-0.043,steady,12:13:13,2026-07-09 12:13:13
AZ,5.85,6.05,-0.0331,0.4908,312160,2,0.5743,0.4355,0.072,55.9,yf_premarket,0.06057240179199526,0.5743,0.21768498618360452,0.4,1.5,neutral,0.0,3.2483,3.2479,0.0,steady,12:13:13,2026-07-09 12:13:13
LOVE,16.76,16.76,-0.0,0.8496,273650,3,0.4414,1.1832,0.0706,65.7,yf_premarket,0.10485393757636344,0.4414,0.2133865520417562,0.6,1.5,neutral,0.0,3.2468,,,new,12:13:13,2026-07-09 12:13:13
AMCX,10.12,10.07,0.005,0.5812,475780,2,0.5635,0.428,0.0425,58.2,yf_premarket,0.07172917669418837,0.5635,0.12711083819465768,0.4,1.5,neutral,0.030084235860409148,3.2433,3.1977,0.046,steady,12:13:13,2026-07-09 12:13:13
HLX,9.19,9.11,0.0088,1.1121,1702250,3,0.9079,0.252,0.0277,48.1,yf_premarket,0.13725054611425822,0.9079,0.0816702486951182,0.6,0.5,weak,0.0529482551143201,3.2419,3.5307,-0.289,steady,12:13:13,2026-07-09 12:13:13
HPP,15.75,15.33,0.0274,0.6047,980470,2,0.4467,0.907,0.0592,54.7,yf_premarket,0.07462944450615226,0.4467,0.17838501688670558,0.4,1.5,neutral,0.16486161251504214,3.2418,2.9942,0.248,steady,12:13:13,2026-07-09 12:13:13
PAHC,32.78,32.44,0.0105,0.9416,309690,3,0.4072,1.2395,0.0382,52.9,yf_premarket,0.11620817752107321,0.4072,0.11390850475898066,0.6,1.5,neutral,0.06317689530685922,3.2404,,,new,12:13:13,2026-07-09 12:13:13
SBGI,14.2919,14.34,-0.0034,0.8459,726180,2,0.5539,0.718,0.0501,55.5,yf_premarket,0.10439729966554358,0.5539,0.15044519496469144,0.4,1.5,neutral,0.0,3.2396,,,new,12:13:13,2026-07-09 12:13:13
OSCR,30.7,30.81,-0.0036,0.6027,7000270,2,0.5695,1.7421,0.0565,60.6,yf_premarket,0.0743826132030064,0.5695,0.17009517961314094,0.4,1.5,neutral,0.0,3.2356,3.2352,0.0,steady,12:13:13,2026-07-09 12:13:13
AMH,33.83,33.29,0.0162,0.8959,2395240,3,0.399,0.551,0.0166,57.6,yf_premarket,0.11056808224419021,0.399,0.04758980657046362,0.6,1.5,neutral,0.09747292418772563,3.2339,3.4065,-0.173,steady,12:13:13,2026-07-09 12:13:13
ZIM,24.4,24.6,-0.0081,0.7842,1367400,3,0.4722,0.7049,0.0287,51.0,yf_premarket,0.09678255396349364,0.4722,0.08474055879643844,0.6,1.5,neutral,0.0,3.2319,,,new,12:13:13,2026-07-09 12:13:13
NFBK,14.66,14.66,0.0,1.6693,458400,3,0.3966,0.249,0.017,53.0,yf_premarket,0.20601774717069618,0.3966,0.04881793061099172,0.6,1.5,neutral,0.0,3.2266,,,new,12:13:13,2026-07-09 12:13:13
UBER,73.37,73.6,-0.0031,0.5272,23888020,3,0.4839,2.993,0.0407,50.7,yf_premarket,0.06506473150925,0.4839,0.12158428001228125,0.6,1.5,neutral,0.0,3.2262,3.2258,0.0,steady,12:13:13,2026-07-09 12:13:13
KVUE,19.28,19.29,-0.0005,0.5481,23074420,3,0.497,0.3624,0.0188,61.1,yf_premarket,0.06764411862712429,0.497,0.05434448879336813,0.6,1.5,neutral,0.0,3.2226,,,new,12:13:13,2026-07-09 12:13:13
NPT,2.73,2.67,0.0225,0.2226,216960,3,0.3451,0.3227,0.1209,58.1,yf_premarket,0.027472324040134766,0.3451,0.3678231501381639,0.6,1.5,neutral,0.13537906137184116,3.2184,,,new,12:13:13,2026-07-09 12:13:13
SBLK,26.49,26.46,0.0011,0.7073,1475860,4,0.8638,0.832,0.0314,48.8,yf_premarket,0.08729189035753514,0.8638,0.09303039607000306,0.8,0.5,weak,0.006618531889290013,3.215,,,new,12:13:13,2026-07-09 12:13:13
GPRK,9.9,9.95,-0.005,0.8734,503920,4,0.8492,0.358,0.036,41.1,yf_premarket,0.10779123008379922,0.8492,0.10715382253607615,0.8,0.5,weak,0.0,3.2137,3.2133,0.0,steady,12:13:13,2026-07-09 12:13:13
DB,35.33,35.27,0.0017,0.8838,2318920,3,0.4534,0.627,0.0178,52.0,yf_premarket,0.10907475286015772,0.4534,0.051274178692047895,0.6,1.5,neutral,0.01022864019253911,3.2114,3.2291,-0.018,steady,12:13:13,2026-07-09 12:13:13
FE,48.1,48.1,0.0,1.2371,3827860,2,0.53,0.749,0.0156,52.3,yf_premarket,0.15267750256087478,0.53,0.04451949646914338,0.4,1.5,neutral,0.0,3.2113,3.2148,-0.003,steady,12:13:13,2026-07-09 12:13:13
UDR,40.09,39.83,0.0065,0.8938,3477260,3,0.4304,0.725,0.0182,58.9,yf_premarket,0.11030890937588705,0.4304,0.052502302732575994,0.6,1.5,neutral,0.03910950661853189,3.2112,,,new,12:13:13,2026-07-09 12:13:13
GT,6.51,6.5,0.0015,0.7342,15996480,3,0.439,0.35,0.0538,53.3,yf_premarket,0.09061177138484702,0.439,0.1618053423395763,0.6,1.5,neutral,0.009025270758122745,3.2084,3.1944,0.014,steady,12:13:13,2026-07-09 12:13:13
MO,72.44,72.81,-0.0051,0.8287,7388720,2,0.5621,1.477,0.0203,60.8,yf_premarket,0.10227455045848914,0.5621,0.05894995394534848,0.4,1.5,neutral,0.0,3.2071,,,new,12:13:13,2026-07-09 12:13:13
KIDS,19.76,19.76,-0.0,0.7196,208450,3,0.4436,1.1021,0.0558,58.7,yf_premarket,0.08880990287188222,0.4436,0.16794596254221678,0.6,1.5,neutral,0.0,3.2044,,,new,12:13:13,2026-07-09 12:13:13
FOX,47.95,47.95,-0.0,0.5352,2456470,2,0.5759,1.7172,0.0358,50.0,yf_premarket,0.06605205672183347,0.5759,0.10653976051581211,0.4,1.5,neutral,0.0,3.2041,3.2037,0.0,steady,12:13:13,2026-07-09 12:13:13
AROC,39.66,39.56,0.0025,0.5925,3003200,2,0.5482,1.893,0.0479,61.7,yf_premarket,0.07312377355696249,0.5482,0.14369051274178693,0.4,1.5,neutral,0.015042117930204574,3.2005,3.1775,0.023,steady,12:13:13,2026-07-09 12:13:13
ITUB,8.19,8.16,0.0037,1.176,21378720,1,0.6054,0.186,0.0228,61.6,yf_premarket,0.14513680624976857,0.6054,0.06662572919864906,0.2,1.5,neutral,0.02226233453670277,3.1952,3.2146,-0.019,steady,12:13:13,2026-07-09 12:13:13
SSL,10.41,10.33,0.0077,1.1692,1500530,4,0.7863,0.238,0.023,40.7,yf_premarket,0.14429757981907265,0.7863,0.06723979121891312,0.8,0.5,weak,0.04632972322503009,3.1922,,,new,12:13:13,2026-07-09 12:13:13
PECO,43.25,41.96,0.0307,0.6035,1405740,2,0.4415,0.536,0.0128,53.5,yf_premarket,0.07448134572426475,0.4415,0.03592262818544673,0.4,1.5,neutral,0.18471720818291218,3.1898,,,new,12:13:13,2026-07-09 12:13:13
KT,18.29,18.29,-0.0,0.9353,1536900,3,0.9431,0.377,0.0206,41.6,yf_premarket,0.11543065891616375,0.9431,0.05987104697574455,0.6,0.5,weak,0.0,3.1893,,,new,12:13:13,2026-07-09 12:13:13
NPCE,16.78,16.78,-0.0,0.4874,223860,3,0.4569,0.8815,0.0525,65.1,yf_premarket,0.060152788576647284,0.4569,0.15781393920786,0.6,1.5,neutral,0.0,3.1829,,,new,12:13:13,2026-07-09 12:13:13
BBVA,25.2499,25.32,-0.0028,0.8285,1279470,2,0.5537,0.374,0.0148,60.5,yf_premarket,0.10224986732817455,0.5537,0.0420632483880872,0.4,1.5,neutral,0.0,3.1818,3.1892,-0.007,steady,12:13:13,2026-07-09 12:13:13
SBS,5.75,5.7,0.0088,0.6619,6821770,1,0.6222,0.135,0.0237,59.0,yf_premarket,0.08168881977612401,0.6222,0.06938900828983727,0.2,1.5,neutral,0.0529482551143201,3.1811,,,new,12:13:13,2026-07-09 12:13:13
NTB,59.51,59.71,-0.0033,0.5849,257480,3,0.4737,1.001,0.0168,53.7,yf_premarket,0.0721858146050082,0.4737,0.04820386859072766,0.6,1.5,neutral,0.0,3.1798,,,new,12:13:13,2026-07-09 12:13:13
DLX,23.55,23.88,-0.0138,1.0152,462880,2,0.5221,0.747,0.0313,52.9,yf_premarket,0.12529156947684106,0.5221,0.09272336505987105,0.4,1.5,neutral,0.0,3.1785,3.1781,0.0,steady,12:13:13,2026-07-09 12:13:13
FISV,50.7,50.6,0.002,0.9502,8670810,3,0.4138,1.855,0.0367,52.8,yf_premarket,0.11726955212460044,0.4138,0.10930303960700033,0.6,1.5,neutral,0.012033694344163659,3.1762,3.3509,-0.175,steady,12:13:13,2026-07-09 12:13:13
NNN,46.89,46.89,0.0,1.1039,1857470,3,0.4247,0.687,0.0147,54.9,yf_premarket,0.13623853777136016,0.4247,0.04175621737795517,0.6,1.5,neutral,0.0,3.1746,,,new,12:13:13,2026-07-09 12:13:13
ADPT,20.3,20.16,0.0069,0.6783,3706070,2,0.4986,1.1855,0.0588,65.5,yf_premarket,0.0837128364619201,0.4986,0.17715689284617747,0.4,1.5,neutral,0.04151624548736462,3.1736,3.4953,-0.322,fading,12:13:13,2026-07-09 12:13:13
KLRA,21.69,21.76,-0.0032,0.5617,1447040,2,0.5198,1.856,0.0853,62.2,yf_premarket,0.06932257148851617,0.5198,0.25852011053116364,0.4,1.5,neutral,0.0,3.1728,,,new,12:13:13,2026-07-09 12:13:13
USB,61.29,61.0,0.0048,0.8092,9084570,3,0.4264,1.1125,0.0182,62.9,yf_premarket,0.09986794525281696,0.4264,0.052502302732575994,0.6,1.5,neutral,0.02888086642599278,3.1722,,,new,12:13:13,2026-07-09 12:13:13
FHB,29.96,29.48,0.0163,0.9121,2056750,2,0.4605,0.6564,0.0223,61.3,yf_premarket,0.11256741579967171,0.4605,0.06509057414798895,0.4,1.5,neutral,0.09807460890493382,3.1695,3.022,0.148,steady,12:13:13,2026-07-09 12:13:13
EC,15.25,15.13,0.0079,0.8452,2793900,4,0.7941,0.543,0.0359,43.7,yf_premarket,0.10431090870944253,0.7941,0.10684679152594413,0.8,0.5,weak,0.04753309265944646,3.1694,3.0977,0.072,steady,12:13:13,2026-07-09 12:13:13
TRDA,7.48,7.32,0.0219,1.2735,424830,2,0.3607,0.5542,0.0757,62.8,yf_premarket,0.1571698322781295,0.3607,0.2290451335584894,0.4,1.5,neutral,0.13176895306859207,3.1693,,,new,12:13:13,2026-07-09 12:13:13
CDRE,28.99,28.83,0.0055,0.5471,410150,3,0.4254,1.1768,0.0408,50.5,yf_premarket,0.06752070297555136,0.4254,0.12189131102241328,0.6,1.5,neutral,0.03309265944645006,3.1627,3.2289,-0.066,steady,12:13:13,2026-07-09 12:13:13
BP,38.8974,39.21,-0.008,0.7562,12751590,3,0.9491,0.6,0.0153,40.2,yf_premarket,0.09332691571945154,0.9491,0.04359840343874731,0.6,0.5,weak,0.0,3.16,3.1595,0.001,steady,12:13:13,2026-07-09 12:13:13
TWO,12.06,12.07,-0.0008,0.3069,2792440,2,0.5978,0.0648,0.0054,63.7,yf_premarket,0.03787626346773298,0.5978,0.013202333435677003,0.4,1.5,neutral,0.0,3.159,,,new,12:13:13,2026-07-09 12:13:13
IMMR,6.74,6.69,0.0075,0.6937,764760,2,0.494,0.332,0.0496,53.6,yf_premarket,0.08561343749614325,0.494,0.14891003991403132,0.4,1.5,neutral,0.04512635379061372,3.1586,3.532,-0.373,fading,12:13:13,2026-07-09 12:13:13
PTEN,9.7114,9.7,0.0012,1.2402,12390130,3,0.8696,0.481,0.0496,41.7,yf_premarket,0.15306009108075086,0.8696,0.14891003991403132,0.6,0.5,weak,0.007220216606498195,3.1541,,,new,12:13:13,2026-07-09 12:13:13
PAR,17.39,17.06,0.0193,0.6444,1437530,2,0.4403,0.887,0.052,59.7,yf_premarket,0.07952904587359769,0.4403,0.1562787841571999,0.4,1.5,neutral,0.11612515042117932,3.1522,,,new,12:13:13,2026-07-09 12:13:13
PKE,36.68,36.31,0.0102,0.5833,381120,1,0.5825,2.0308,0.0559,68.6,yf_premarket,0.07198834956249152,0.5825,0.1682529935523488,0.2,1.5,neutral,0.06137184115523467,3.1492,,,new,12:13:13,2026-07-09 12:13:13
PTLO,4.6,4.58,0.0044,0.7422,1458380,2,0.4926,0.262,0.0572,56.5,yf_premarket,0.09159909659743047,0.4926,0.1722443966840651,0.4,1.5,neutral,0.02647412755716005,3.1484,,,new,12:13:13,2026-07-09 12:13:13
ELS,63.51,63.81,-0.0047,0.6177,1477990,3,0.45,1.3947,0.0219,50.2,yf_premarket,0.07623384797660039,0.45,0.06386245010746085,0.6,1.5,neutral,0.0,3.1463,3.1459,0.0,steady,12:13:13,2026-07-09 12:13:13
OXY,53.5,53.59,-0.0017,1.9982,10407290,3,0.8174,1.328,0.0248,49.7,yf_premarket,0.24660915497303365,0.8174,0.07276634940128952,0.6,0.5,weak,0.0,3.1411,,,new,12:13:13,2026-07-09 12:13:13
OFG,49.1,48.82,0.0057,0.9168,428460,3,0.395,0.9942,0.0204,58.9,yf_premarket,0.11314746936206449,0.395,0.059256984955480506,0.6,1.5,neutral,0.03429602888086643,3.1408,,,new,12:13:13,2026-07-09 12:13:13
IOVA,4.3,4.28,0.0047,0.7076,14589850,2,0.4725,0.337,0.0787,62.1,yf_premarket,0.08732891505300702,0.4725,0.23825606386245013,0.4,1.5,neutral,0.0282791817087846,3.1375,3.1401,-0.003,steady,12:13:13,2026-07-09 12:13:13
AKTS,28.71,28.69,0.0007,0.9291,766140,3,0.3413,3.314,0.1155,63.4,yf_premarket,0.11466548187641157,0.3413,0.3512434755910347,0.6,1.5,neutral,0.004211793020457281,3.1365,3.26,-0.123,steady,12:13:13,2026-07-09 12:13:13
POR,52.01,52.24,-0.0044,0.5524,1490850,2,0.5547,0.8929,0.0171,62.1,yf_premarket,0.0681748059288879,0.5547,0.04912496162112374,0.4,1.5,neutral,0.0,3.1362,,,new,12:13:13,2026-07-09 12:13:13
PTON,5.75,5.78,-0.0052,0.9021,9752950,1,0.6,0.2616,0.0453,51.8,yf_premarket,0.11133325928394239,0.6,0.13570770647835434,0.2,1.5,neutral,0.0,3.1349,,,new,12:13:13,2026-07-09 12:13:13
SCHL,45.27,45.27,-0.0,0.7406,360770,2,0.5214,1.588,0.0351,68.1,yf_premarket,0.09140163155491379,0.5214,0.10439054344488795,0.4,1.5,neutral,0.0,3.1321,,,new,12:13:13,2026-07-09 12:13:13
SFL,11.04,11.05,-0.0009,0.9489,2001120,5,0.705,0.338,0.0306,46.6,yf_premarket,0.11710911177755562,0.705,0.09057414798894688,1.0,0.5,weak,0.0,3.131,,,new,12:13:13,2026-07-09 12:13:13
WGO,29.4,28.83,0.0198,1.0043,1267640,2,0.3867,1.749,0.0607,50.0,yf_premarket,0.12394633887469608,0.3867,0.18299048203868593,0.4,1.5,neutral,0.11913357400722023,3.1295,,,new,12:13:13,2026-07-09 12:13:13
ARTV,9.24,9.31,-0.0075,0.8569,554930,2,0.467,0.8025,0.0862,54.3,yf_premarket,0.10575487183284583,0.467,0.26128338962235187,0.4,1.5,neutral,0.0,3.1233,3.1229,0.0,steady,12:13:13,2026-07-09 12:13:13
BOBS,14.0,14.6,-0.0411,0.6332,1418970,3,0.3966,1.084,0.0742,54.3,yf_premarket,0.07814679057598084,0.3966,0.22443966840650906,0.6,1.5,neutral,0.0,3.1226,3.3923,-0.27,steady,12:13:13,2026-07-09 12:13:13
RIG,5.2389,5.23,0.0017,1.0475,40644340,3,0.8776,0.204,0.039,40.4,yf_premarket,0.12927789502264678,0.8776,0.11636475284003686,0.6,0.5,weak,0.01022864019253911,3.1226,,,new,12:13:13,2026-07-09 12:13:13
GRFS,7.13,7.31,-0.0246,0.5002,847080,4,0.846,0.1697,0.0232,42.8,yf_premarket,0.06173250891678082,0.846,0.06785385323917716,0.8,0.5,weak,0.0,3.1185,3.1181,0.0,steady,12:13:13,2026-07-09 12:13:13
KMI,32.4565,32.48,-0.0007,0.6885,10579970,2,0.5301,0.665,0.0205,60.5,yf_premarket,0.08497167610796401,0.5301,0.05956401596561253,0.4,1.5,neutral,0.0,3.1174,,,new,12:13:13,2026-07-09 12:13:13
CPB,22.0,21.99,0.0005,1.1124,8094420,3,0.3742,0.8204,0.0373,53.7,yf_premarket,0.1372875708097301,0.3742,0.11114522566779246,0.6,1.5,neutral,0.0030084235860409147,3.1144,3.1371,-0.023,steady,12:13:13,2026-07-09 12:13:13
SOPH,5.5814,5.51,0.013,0.788,395790,2,0.4148,0.4348,0.0789,62.5,yf_premarket,0.0972515334394708,0.4148,0.23887012588271414,0.4,1.5,neutral,0.07821901323706378,3.1122,,,new,12:13:13,2026-07-09 12:13:13
WTRG,38.76,38.76,0.0,0.6297,2562300,2,0.5286,0.943,0.0243,56.4,yf_premarket,0.07771483579547558,0.5286,0.07123119435062941,0.4,1.5,neutral,0.0,3.1094,,,new,12:13:13,2026-07-09 12:13:13
TRIP,13.24,13.21,0.0023,1.0855,3256360,2,0.4554,0.638,0.0483,53.9,yf_premarket,0.1339676897824182,0.4554,0.14491863678231504,0.4,1.5,neutral,0.013838748495788207,3.105,,,new,12:13:13,2026-07-09 12:13:13
SAFE,15.96,15.96,-0.0,0.6291,424290,2,0.5194,0.4399,0.0276,54.7,yf_premarket,0.07764078640453181,0.5194,0.08136321768498618,0.4,1.5,neutral,0.0,3.0959,,,new,12:13:13,2026-07-09 12:13:13
VTEX,3.99,3.94,0.0127,0.2428,2003120,1,0.5783,0.209,0.053,60.1,yf_premarket,0.029965320201908004,0.5783,0.15934909425852012,0.2,1.5,neutral,0.07641395908543923,3.0958,,,new,12:13:13,2026-07-09 12:13:13
VSAT,74.4,74.0,0.0054,0.4919,3609270,2,0.4503,7.457,0.1008,60.7,yf_premarket,0.06070815900872548,0.4503,0.30610991710162727,0.4,1.5,neutral,0.03249097472924188,3.0935,,,new,12:13:13,2026-07-09 12:13:13
OGE,50.0,48.51,0.0307,0.7203,1452980,2,0.3802,0.7527,0.0155,57.2,yf_premarket,0.08889629382798327,0.3802,0.04421246545901136,0.4,1.5,neutral,0.18471720818291218,3.0929,,,new,12:13:13,2026-07-09 12:13:13
CDNA,27.81,27.55,0.0094,1.6247,1010690,1,0.4685,1.2856,0.0467,68.7,yf_premarket,0.20051340911054338,0.4685,0.14000614062020264,0.2,1.5,neutral,0.0565583634175692,3.0926,3.0074,0.085,steady,12:13:13,2026-07-09 12:13:13
ABCL,7.09,7.1,-0.0014,0.8919,10522370,1,0.5306,0.7765,0.1094,69.0,yf_premarket,0.11007441963789848,0.5306,0.3325145839729813,0.2,1.5,neutral,0.0,3.0926,3.2302,-0.138,steady,12:13:13,2026-07-09 12:13:13
STAG,39.14,38.6,0.014,0.9417,1674240,3,0.3333,0.6405,0.0166,54.4,yf_premarket,0.1162205190862305,0.3333,0.04758980657046362,0.6,1.5,neutral,0.08423586040914562,3.0911,,,new,12:13:13,2026-07-09 12:13:13
AMX,26.71,26.41,0.0114,1.0942,1214260,4,0.7266,0.583,0.0221,45.1,yf_premarket,0.13504140595110273,0.7266,0.0644765121277249,0.8,0.5,weak,0.06859205776173286,3.0909,3.2123,-0.121,steady,12:13:13,2026-07-09 12:13:13
NSA,44.51,44.8,-0.0065,0.9569,766610,3,0.3891,0.9834,0.022,50.6,yf_premarket,0.11809643699013908,0.3891,0.06416948111759288,0.6,1.5,neutral,0.0,3.0874,,,new,12:13:13,2026-07-09 12:13:13
IRDM,50.51,50.48,0.0006,0.5982,4121480,1,0.5959,2.641,0.0523,63.7,yf_premarket,0.0738272427709282,0.5959,0.15719987718759595,0.2,1.5,neutral,0.0036101083032490976,3.0866,3.2049,-0.118,steady,12:13:13,2026-07-09 12:13:13
CRVL,62.71,63.0,-0.0046,1.1371,254150,2,0.4628,1.993,0.0316,61.0,yf_premarket,0.14033593740358152,0.4628,0.09364445809026713,0.4,1.5,neutral,0.0,3.0829,3.4274,-0.344,fading,12:13:13,2026-07-09 12:13:13
ZUMZ,17.67,17.67,-0.0,0.966,232390,3,0.3713,0.721,0.0408,53.7,yf_premarket,0.11921951941945276,0.3713,0.12189131102241328,0.6,1.5,neutral,0.0,3.0824,,,new,12:13:13,2026-07-09 12:13:13
ASC,16.5,15.99,0.0319,0.6358,827160,5,0.5491,0.83,0.0519,44.6,yf_premarket,0.07846767127007047,0.5491,0.15597175314706788,1.0,0.5,weak,0.19193742478941034,3.0818,2.7935,0.288,steady,12:13:13,2026-07-09 12:13:13
CTO,21.43,21.43,-0.0,1.0606,544120,2,0.4775,0.419,0.0196,58.6,yf_premarket,0.1308946400582522,0.4775,0.056800736874424315,0.4,1.5,neutral,0.0,3.0797,3.0793,0.0,steady,12:13:13,2026-07-09 12:13:13
CBLL,19.4,19.4,0.0,0.5238,487770,3,0.4087,0.8377,0.0432,63.2,yf_premarket,0.06464511829390203,0.4087,0.12926005526558185,0.6,1.5,neutral,0.0,3.079,3.0786,0.0,steady,12:13:13,2026-07-09 12:13:13
NNBR,3.45,3.47,-0.0058,0.15,13198700,2,0.467,0.481,0.1386,60.5,yf_premarket,0.01851234773593987,0.467,0.42216763893153214,0.4,1.5,neutral,0.0,3.0729,,,new,12:13:13,2026-07-09 12:13:13
NEOV,2.4607,2.46,0.0003,0.438,3251390,2,0.4266,0.377,0.1533,58.5,yf_premarket,0.054056055388944424,0.4266,0.46730119742093956,0.4,1.5,neutral,0.0018050541516245488,3.0706,,,new,12:13:13,2026-07-09 12:13:13
HLF,12.57,12.57,0.0,0.9474,1936830,2,0.4578,0.58,0.0461,59.2,yf_premarket,0.11692398830019622,0.4578,0.13816395455941052,0.4,1.5,neutral,0.0,3.0601,3.4519,-0.392,fading,12:13:13,2026-07-09 12:13:13
FITB,54.62,55.76,-0.0204,1.0786,7605580,3,0.3632,1.1992,0.0215,64.0,yf_premarket,0.13311612178656496,0.3632,0.06263432606693276,0.6,1.5,neutral,0.0,3.0574,3.1062,-0.049,steady,12:13:13,2026-07-09 12:13:13
TFSL,17.2,17.35,-0.0086,0.9481,892380,2,0.4754,0.328,0.0189,68.6,yf_premarket,0.11701037925629729,0.4754,0.05465151980350016,0.4,1.5,neutral,0.0,3.0536,,,new,12:13:13,2026-07-09 12:13:13
SDGR,16.01,16.09,-0.005,0.5751,1795100,3,0.3684,1.1657,0.0724,58.7,yf_premarket,0.07097634121959345,0.3684,0.21891311022413265,0.6,1.5,neutral,0.0,3.0527,3.3993,-0.347,fading,12:13:13,2026-07-09 12:13:13
PEGA,32.2999,31.55,0.0238,0.6519,2163060,3,0.7786,1.2483,0.0396,46.4,yf_premarket,0.08045466326039469,0.7786,0.118206938900829,0.6,0.5,weak,0.14320096269554755,3.0518,,,new,12:13:13,2026-07-09 12:13:13
CVRX,5.27,5.27,0.0,0.6628,337970,4,0.2487,0.4482,0.085,56.3,yf_premarket,0.08179989386253964,0.2487,0.2575990175007676,0.8,1.5,neutral,0.0,3.0489,3.0486,0.0,steady,12:13:13,2026-07-09 12:13:13
GIS,36.3,36.33,-0.0008,0.6838,12972410,2,0.488,1.137,0.0313,57.9,yf_premarket,0.08439162254557123,0.488,0.09272336505987105,0.4,1.5,neutral,0.0,3.0489,3.2121,-0.163,steady,12:13:13,2026-07-09 12:13:13
CSWC,23.5,23.51,-0.0004,0.6617,770850,2,0.5,0.395,0.0168,54.4,yf_premarket,0.08166413664580942,0.5,0.04820386859072766,0.4,1.5,neutral,0.0,3.0466,3.0462,0.0,steady,12:13:13,2026-07-09 12:13:13
MDA,35.32,38.67,-0.0866,0.5017,1202530,2,0.4812,2.32,0.06,52.9,yf_premarket,0.06191763239414023,0.4812,0.18084126496776176,0.4,1.5,neutral,0.0,3.0457,,,new,12:13:13,2026-07-09 12:13:13
EXC,47.0,47.28,-0.0059,0.7563,10217250,2,0.4899,0.833,0.0176,54.6,yf_premarket,0.09333925728460883,0.4899,0.050660116671783856,0.4,1.5,neutral,0.0,3.0451,3.0565,-0.011,steady,12:13:13,2026-07-09 12:13:13
OLPX,2.07,2.07,0.0,0.0,12121829,1,0.6667,0.0171,0.0083,66.7,prev_close,0.0,0.6667,0.02210623272950568,0.2,1.5,neutral,0.0,3.0445,,,new,12:13:13,2026-07-09 12:13:13
FWRG,12.64,12.41,0.0185,0.5951,1396210,1,0.4917,0.661,0.0533,59.2,yf_premarket,0.07344465425105211,0.4917,0.1602701872889162,0.2,1.5,neutral,0.11131167268351384,3.0407,2.8733,0.167,steady,12:13:13,2026-07-09 12:13:13
CAG,13.8,13.77,0.0022,0.2904,31330420,3,0.4091,0.435,0.0316,52.3,yf_premarket,0.035839905216779586,0.4091,0.09364445809026713,0.6,1.5,neutral,0.013237063778580025,3.0386,3.0479,-0.009,steady,12:13:13,2026-07-09 12:13:13
TMCI,4.13,4.28,-0.035,0.3344,1437480,2,0.4681,0.395,0.0923,52.6,yf_premarket,0.04127019388598861,0.4681,0.2800122812404053,0.4,1.5,neutral,0.0,3.0381,3.0378,0.0,steady,12:13:13,2026-07-09 12:13:13
LEVI,23.4006,24.37,-0.0398,2.1806,3459180,1,0.4398,0.859,0.0352,57.7,yf_premarket,0.2691201698199366,0.4398,0.10469757445501998,0.2,1.5,neutral,0.0,3.0356,,,new,12:13:13,2026-07-09 12:13:13
PYXS,2.6417,2.69,-0.018,0.5857,2305880,1,0.4756,0.4832,0.1796,66.4,yf_premarket,0.07228454712626654,0.4756,0.5480503530856617,0.2,1.5,neutral,0.0,3.0337,,,new,12:13:13,2026-07-09 12:13:13
SGP,20.46,20.46,0.0,0.5763,244470,2,0.4481,1.737,0.0849,63.2,yf_premarket,0.07112444000148099,0.4481,0.25729198649063556,0.4,1.5,neutral,0.0,3.0315,,,new,12:13:13,2026-07-09 12:13:13
ESRT,5.4,5.41,-0.0018,0.7644,2361750,2,0.4722,0.166,0.0307,51.8,yf_premarket,0.09433892406234957,0.4722,0.09088117899907891,0.4,1.5,neutral,0.0,3.0313,3.1393,-0.108,steady,12:13:13,2026-07-09 12:13:13
BLKB,28.34,28.63,-0.0101,0.8193,745610,2,0.4506,1.493,0.0521,52.9,yf_premarket,0.10111444333370358,0.4506,0.15658581516733192,0.4,1.5,neutral,0.0,3.0312,3.0308,0.0,steady,12:13:13,2026-07-09 12:13:13
CELH,30.7999,30.6,0.0065,0.6807,8017460,2,0.4302,1.676,0.0548,52.3,yf_premarket,0.08400903402569514,0.4302,0.16487565244089655,0.4,1.5,neutral,0.03910950661853189,3.0275,3.071,-0.044,steady,12:13:13,2026-07-09 12:13:13
CNNE,14.49,14.26,0.0161,0.5564,486330,2,0.417,0.4236,0.0297,53.5,yf_premarket,0.06866846853517963,0.417,0.08781086889775867,0.4,1.5,neutral,0.09687123947051746,3.0262,2.8805,0.146,steady,12:13:13,2026-07-09 12:13:13
NWG,17.6984,17.51,0.0108,0.7765,5251190,2,0.4295,0.306,0.0175,59.9,yf_premarket,0.09583225344638206,0.4295,0.05035308566165183,0.4,1.5,neutral,0.06498194945848376,3.0254,,,new,12:13:13,2026-07-09 12:13:13
EMBC,3.2767,3.19,0.0272,0.6013,2265880,2,0.3404,0.1795,0.0563,53.8,yf_premarket,0.07420983129080429,0.3404,0.1694811175928769,0.4,1.5,neutral,0.16365824308062576,3.0223,2.7765,0.246,steady,12:13:13,2026-07-09 12:13:13
TSLX,16.8542,16.84,0.0008,1.1788,808460,1,0.5298,0.423,0.0251,54.0,yf_premarket,0.1454823700741728,0.5298,0.07368744243168561,0.2,1.5,neutral,0.004813477737665464,3.0219,,,new,12:13:13,2026-07-09 12:13:13
SAN,13.72,13.57,0.0111,1.6944,8560790,3,0.2407,0.242,0.0178,53.7,yf_premarket,0.20911548002517677,0.2407,0.051274178692047895,0.6,1.5,neutral,0.06678700361010831,3.0209,,,new,12:13:13,2026-07-09 12:13:13
NSSC,37.79,38.08,-0.0076,0.9775,393340,1,0.5486,1.027,0.027,54.6,yf_premarket,0.12063879941254149,0.5486,0.07952103162419405,0.2,1.5,neutral,0.0,3.0179,,,new,12:13:13,2026-07-09 12:13:13
BATRK,52.38,51.75,0.0122,0.534,784960,2,0.4318,1.422,0.0275,51.1,yf_premarket,0.06590395793994594,0.4318,0.08105618667485416,0.4,1.5,neutral,0.07340553549939832,3.0131,3.143,-0.13,steady,12:13:13,2026-07-09 12:13:13
TMHC,71.8589,71.93,-0.001,0.9395,3180660,2,0.4681,0.183,0.0025,53.5,yf_premarket,0.11594900465277005,0.4681,0.004298434141848327,0.4,1.5,neutral,0.0,3.0123,,,new,12:13:13,2026-07-09 12:13:13
STUB,12.6,12.7,-0.0079,0.5842,9914260,1,0.557,0.728,0.0573,61.7,yf_premarket,0.07209942364890716,0.557,0.17255142769419712,0.2,1.5,neutral,0.0,3.0084,3.008,0.0,steady,12:13:13,2026-07-09 12:13:13
AMN,32.0,32.08,-0.0025,1.3882,1056150,3,0.2862,1.681,0.0524,50.8,yf_premarket,0.17132560751354486,0.2862,0.157506908197728,0.6,1.5,neutral,0.0,3.0081,3.057,-0.049,steady,12:13:13,2026-07-09 12:13:13
HDB,26.45,26.15,0.0115,0.8799,8112420,2,0.4053,0.513,0.0196,57.8,yf_premarket,0.10859343181902328,0.4053,0.056800736874424315,0.4,1.5,neutral,0.06919374247894104,3.0057,3.1794,-0.174,steady,12:13:13,2026-07-09 12:13:13
DRS,43.5,44.71,-0.0271,0.4958,1594210,4,0.778,1.645,0.0368,46.7,yf_premarket,0.06118948004985992,0.778,0.10961007061713234,0.8,0.5,weak,0.0,3.0026,3.0022,0.0,steady,12:13:13,2026-07-09 12:13:13
DGII,70.5,71.33,-0.0116,0.745,574920,2,0.4514,2.932,0.0411,56.4,yf_premarket,0.09194466042183469,0.4514,0.12281240405280934,0.4,1.5,neutral,0.0,3.0021,3.118,-0.116,steady,12:13:13,2026-07-09 12:13:13
PGEN,5.58,5.56,0.0036,0.6073,6155630,2,0.4286,0.365,0.0656,66.3,yf_premarket,0.07495032520024189,0.4286,0.19803500153515508,0.4,1.5,neutral,0.021660649819494587,3.0011,,,new,12:13:13,2026-07-09 12:13:13
GSK,52.38,52.52,-0.0027,0.8293,3718340,2,0.4587,1.087,0.0207,51.3,yf_premarket,0.1023485998494329,0.4587,0.06017807798587657,0.4,1.5,neutral,0.0,3.001,3.1208,-0.12,steady,12:13:13,2026-07-09 12:13:13
MBI,6.48,6.51,-0.0046,0.6427,396930,2,0.4643,0.232,0.0356,55.3,yf_premarket,0.0793192392659237,0.4643,0.10592569849554806,0.4,1.5,neutral,0.0,3.0005,,,new,12:13:13,2026-07-09 12:13:13
FULC,3.75,3.73,0.0054,0.9925,2579300,2,0.3871,0.229,0.0614,59.7,yf_premarket,0.12249003418613548,0.3871,0.1851396991096101,0.4,1.5,neutral,0.03249097472924188,2.9992,2.9501,0.049,steady,12:13:13,2026-07-09 12:13:13
IDN,4.12,4.17,-0.012,0.483,428750,3,0.375,0.162,0.0388,50.0,yf_premarket,0.05960975970972638,0.375,0.11575069081977281,0.6,1.5,neutral,0.0,2.9973,2.9969,0.0,steady,12:13:13,2026-07-09 12:13:13
LOCO,16.38,16.38,0.0,0.612,345070,2,0.466,0.543,0.0332,57.6,yf_premarket,0.07553037876263467,0.466,0.09855695425237951,0.4,1.5,neutral,0.0,2.9946,,,new,12:13:13,2026-07-09 12:13:13
BMRC,28.05,28.05,0.0,0.675,251870,2,0.4561,1.044,0.0372,69.6,yf_premarket,0.08330556481172942,0.4561,0.11083819465766043,0.4,1.5,neutral,0.0,2.9926,2.9922,0.0,steady,12:13:13,2026-07-09 12:13:13
NESR,27.3,27.2,0.0037,0.9341,3270070,1,0.4951,1.6977,0.0624,61.5,yf_premarket,0.11528256013427622,0.4951,0.1882100092109303,0.2,1.5,neutral,0.02226233453670277,2.9906,,,new,12:13:13,2026-07-09 12:13:13
TR,38.27,38.27,-0.0,0.4973,508740,3,0.3706,1.356,0.0354,50.7,yf_premarket,0.061374603527219324,0.3706,0.10531163647528402,0.6,1.5,neutral,0.0,2.9859,,,new,12:13:13,2026-07-09 12:13:13
UTL,53.54,52.5,0.0198,0.5619,221380,2,0.3821,1.316,0.0251,55.7,yf_premarket,0.06934725461883075,0.3821,0.07368744243168561,0.4,1.5,neutral,0.11913357400722023,2.9838,,,new,12:13:13,2026-07-09 12:13:13
NBTB,49.05,49.05,0.0,1.1442,445220,2,0.4188,1.096,0.0223,62.4,yf_premarket,0.14121218852974934,0.4188,0.06509057414798895,0.4,1.5,neutral,0.0,2.982,,,new,12:13:13,2026-07-09 12:13:13
YOU,55.09,55.48,-0.007,0.7005,1753820,1,0.5316,2.7664,0.0499,59.9,yf_premarket,0.0864526639268392,0.5316,0.1498311329444274,0.2,1.5,neutral,0.0,2.9678,,,new,12:13:13,2026-07-09 12:13:13
KGS,70.69,69.86,0.0119,0.7128,2394380,2,0.377,3.4348,0.0492,53.5,yf_premarket,0.08797067644118627,0.377,0.14768191587350324,0.4,1.5,neutral,0.07160048134777378,2.9672,,,new,12:13:13,2026-07-09 12:13:13
CBL,52.0,51.88,0.0023,0.6888,438320,3,0.332,1.8579,0.0358,62.6,yf_premarket,0.08500870080343588,0.332,0.10653976051581211,0.6,1.5,neutral,0.013838748495788207,2.9655,2.9444,0.021,steady,12:13:13,2026-07-09 12:13:13
SMA,32.7,32.55,0.0046,1.082,814730,3,0.2935,0.8121,0.0249,56.7,yf_premarket,0.13353573500191293,0.2935,0.07307338041142156,0.6,1.5,neutral,0.027677496991576414,2.9654,,,new,12:13:13,2026-07-09 12:13:13
CRSR,9.12,8.86,0.0293,0.7722,1864370,1,0.3768,0.6083,0.0687,55.9,yf_premarket,0.09530156614461846,0.3768,0.20755296284924776,0.2,1.5,neutral,0.17629362214199762,2.9648,2.7216,0.243,steady,12:13:13,2026-07-09 12:13:13
SI,20.3,20.3,0.0,0.5793,214040,3,0.3123,1.7441,0.0859,56.9,yf_premarket,0.07149468695619979,0.3123,0.2603622965919558,0.6,1.5,neutral,0.0,2.962,2.9617,0.0,steady,12:13:13,2026-07-09 12:13:13
BWB,21.01,21.08,-0.0033,0.3691,316470,2,0.478,0.5365,0.0255,66.3,yf_premarket,0.04555271699556938,0.478,0.07491556647221369,0.4,1.5,neutral,0.0,2.9618,2.9614,0.0,steady,12:13:13,2026-07-09 12:13:13
ELPC,12.14,11.47,0.0584,0.9648,337370,1,0.2647,0.2074,0.0181,50.7,yf_premarket,0.11907142063756525,0.2647,0.052195271722443974,0.2,1.5,neutral,0.35138387484957884,2.9612,2.4337,0.527,rising,12:13:13,2026-07-09 12:13:13
ACT,44.82,44.82,0.0,0.7912,319640,1,0.5408,0.9675,0.0216,65.0,yf_premarket,0.09764646352450418,0.5408,0.06294135707706479,0.2,1.5,neutral,0.0,2.9595,2.9591,0.0,steady,12:13:13,2026-07-09 12:13:13
BLFS,27.19,27.19,-0.0,0.3139,1481260,2,0.4627,1.361,0.0501,54.8,yf_premarket,0.0387401730287435,0.4627,0.15044519496469144,0.4,1.5,neutral,0.0,2.9587,2.9583,0.0,steady,12:13:13,2026-07-09 12:13:13
AVTR,9.84,9.76,0.0082,0.8391,8325150,3,0.2832,0.41,0.042,53.3,yf_premarket,0.10355807323484763,0.2832,0.12557568314399756,0.6,1.5,neutral,0.04933814681107101,2.9585,3.1187,-0.16,steady,12:13:13,2026-07-09 12:13:13
OI,9.55,9.52,0.0032,0.9,2767800,2,0.402,0.376,0.0395,59.9,yf_premarket,0.11107408641563923,0.402,0.11789990789069697,0.4,1.5,neutral,0.019253910950661857,2.9584,,,new,12:13:13,2026-07-09 12:13:13
KLXE,2.54,2.51,0.012,0.814,204670,3,0.7377,0.198,0.0789,44.3,yf_premarket,0.10046034038036702,0.7377,0.23887012588271414,0.6,0.5,weak,0.07220216606498196,2.9538,,,new,12:13:13,2026-07-09 12:13:13
PETS,2.0,2.0,0.0,0.0821,3437720,2,0.4615,0.152,0.076,67.2,yf_premarket,0.010132424994137757,0.4615,0.22996622658888546,0.4,1.5,neutral,0.0,2.9532,,,new,12:13:13,2026-07-09 12:13:13
REYN,25.9455,25.69,0.0099,0.8235,1596400,2,0.3849,0.718,0.0279,66.5,yf_premarket,0.1016327890703099,0.3849,0.08228431071538225,0.4,1.5,neutral,0.059566787003610115,2.9527,,,new,12:13:13,2026-07-09 12:13:13
ASB,30.25,29.82,0.0144,1.5548,2740090,3,0.2,0.651,0.0218,54.5,yf_premarket,0.1918866550655954,0.2,0.06355541909732883,0.6,1.5,neutral,0.08664259927797835,2.9496,2.9512,-0.002,steady,12:13:13,2026-07-09 12:13:13
TME,8.75,8.82,-0.0079,0.9639,6498060,3,0.8073,0.2686,0.0305,47.8,yf_premarket,0.1189603465511496,0.8073,0.09026711697881486,0.6,0.5,weak,0.0,2.9382,,,new,12:13:13,2026-07-09 12:13:13
SARO,28.02,28.15,-0.0046,0.9028,4229800,3,0.3071,1.0316,0.0366,57.6,yf_premarket,0.11141965024004344,0.3071,0.1089960085968683,0.6,1.5,neutral,0.0,2.9358,,,new,12:13:13,2026-07-09 12:13:13
JACK,14.71,14.42,0.0201,0.743,1961800,1,0.3549,1.96,0.1359,56.6,yf_premarket,0.09169782911868883,0.3549,0.4138778016579675,0.2,1.5,neutral,0.12093862815884478,2.9357,2.754,0.182,steady,12:13:13,2026-07-09 12:13:13
LHSW,3.55,3.8,-0.0658,0.0496,11449090,2,0.3717,0.7011,0.1845,57.6,yf_premarket,0.00612141631801745,0.3717,0.5630948725821309,0.4,1.5,neutral,0.0,2.9341,,,new,12:13:13,2026-07-09 12:13:13
EYPT,14.06,14.01,0.0036,1.0077,1884890,2,0.3436,1.168,0.0834,60.0,yf_premarket,0.12436595209004406,0.3436,0.2526865213386552,0.4,1.5,neutral,0.021660649819494587,2.9326,3.2723,-0.34,fading,12:13:13,2026-07-09 12:13:13
MSEX,54.84,54.84,-0.0,1.65,225880,2,0.3427,1.494,0.0272,62.3,yf_premarket,0.20363582509533856,0.3427,0.08013509364445809,0.4,1.5,neutral,0.0,2.9309,,,new,12:13:13,2026-07-09 12:13:13
HCSG,23.89,23.89,0.0,0.9468,789740,2,0.4,0.882,0.0369,63.2,yf_premarket,0.11684993890925247,0.4,0.10991710162726437,0.4,1.5,neutral,0.0,2.9302,2.9298,0.0,steady,12:13:13,2026-07-09 12:13:13
WSBC,37.61,38.43,-0.0213,0.5937,1481680,2,0.4428,0.879,0.0229,64.5,yf_premarket,0.07327187233885,0.4428,0.06693276020878108,0.4,1.5,neutral,0.0,2.929,,,new,12:13:13,2026-07-09 12:13:13
QTRX,3.9,3.87,0.0078,0.3804,1136600,1,0.4697,0.3783,0.0978,62.9,yf_premarket,0.04694731385834351,0.4697,0.2968989867976666,0.2,1.5,neutral,0.04693140794223827,2.9287,,,new,12:13:13,2026-07-09 12:13:13
FIBK,38.19,38.25,-0.0016,1.0842,1125280,2,0.3966,0.732,0.0191,64.2,yf_premarket,0.1338072494353734,0.3966,0.0552655818237642,0.4,1.5,neutral,0.0,2.9215,2.9211,0.0,steady,12:13:13,2026-07-09 12:13:13
AMTB,24.96,25.01,-0.002,0.6292,423220,2,0.4292,0.785,0.0314,65.3,yf_premarket,0.07765312796968911,0.4292,0.09303039607000306,0.4,1.5,neutral,0.0,2.9214,2.921,0.0,steady,12:13:13,2026-07-09 12:13:13
IX,39.36,39.36,-0.0,0.9766,289170,4,0.7091,0.612,0.0155,49.9,yf_premarket,0.12052772532612585,0.7091,0.04421246545901136,0.8,0.5,weak,0.0,2.9211,2.9207,0.0,steady,12:13:13,2026-07-09 12:13:13
RF,29.76,29.82,-0.002,0.8742,9238920,3,0.3146,0.613,0.0206,59.5,yf_premarket,0.10788996260505757,0.3146,0.05987104697574455,0.6,1.5,neutral,0.0,2.921,2.9205,0.0,steady,12:13:13,2026-07-09 12:13:13
BGS,4.01,3.93,0.0204,0.7704,1834680,2,0.3239,0.1199,0.0305,54.3,yf_premarket,0.09507941797178718,0.3239,0.09026711697881486,0.4,1.5,neutral,0.12274368231046934,2.9197,3.086,-0.166,steady,12:13:13,2026-07-09 12:13:13
MFC,41.09,41.09,-0.0,0.7887,1678930,4,0.7252,0.631,0.0154,49.6,yf_premarket,0.09733792439557183,0.7252,0.04390543444887934,0.8,0.5,weak,0.0,2.9184,,,new,12:13:13,2026-07-09 12:13:13
MEI,15.45,15.52,-0.0045,0.3776,1369040,2,0.3753,2.008,0.1294,63.8,yf_premarket,0.0466017500339393,0.3753,0.39392078599938596,0.4,1.5,neutral,0.0,2.9175,,,new,12:13:13,2026-07-09 12:13:13
CURB,30.8,30.5,0.0098,1.0469,2094370,2,0.3538,0.54,0.0177,51.0,yf_premarket,0.129203845631703,0.3538,0.050967147681915875,0.4,1.5,neutral,0.05896510228640193,2.9153,2.8915,0.024,steady,12:13:13,2026-07-09 12:13:13
FFBC,33.54,33.36,0.0054,0.8985,1293670,2,0.3835,0.756,0.0227,63.2,yf_premarket,0.11088896293827982,0.3835,0.06631869818851704,0.4,1.5,neutral,0.03249097472924188,2.9152,2.9725,-0.057,steady,12:13:13,2026-07-09 12:13:13
BYRN,4.59,5.94,-0.2273,0.5152,898500,3,0.2872,0.568,0.0956,54.0,yf_premarket,0.06358374369037481,0.2872,0.29014430457476204,0.6,1.5,neutral,0.0,2.9148,3.9434,-1.029,fading,12:13:13,2026-07-09 12:13:13
COO,69.61,69.61,-0.0,0.9265,3320630,2,0.3988,2.147,0.0308,56.6,yf_premarket,0.11434460118232194,0.3988,0.09118821000921093,0.4,1.5,neutral,0.0,2.9147,2.9143,0.0,steady,12:13:13,2026-07-09 12:13:13
PINE,20.25,20.25,0.0,0.734,225470,2,0.4132,0.6781,0.0335,51.6,yf_premarket,0.09058708825453243,0.4132,0.09947804728277558,0.4,1.5,neutral,0.0,2.912,,,new,12:13:13,2026-07-09 12:13:13
SON,54.61,54.63,-0.0004,0.9829,1156530,1,0.4932,1.592,0.0291,65.6,yf_premarket,0.12130524393103533,0.4932,0.08596868283696654,0.2,1.5,neutral,0.0,2.9113,,,new,12:13:13,2026-07-09 12:13:13
INVH,29.66,29.63,0.001,0.6024,5588710,3,0.3323,0.5025,0.017,59.2,yf_premarket,0.07434558850753453,0.3323,0.04881793061099172,0.6,1.5,neutral,0.006016847172081829,2.9096,2.9001,0.01,steady,12:13:13,2026-07-09 12:13:13
NLST,2.85,2.85,0.0,0.381,910810,1,0.5098,0.225,0.0789,61.0,yf_premarket,0.047021363249287275,0.5098,0.23887012588271414,0.2,1.5,neutral,0.0,2.9096,,,new,12:13:13,2026-07-09 12:13:13
SWBI,15.31,15.37,-0.0039,0.6339,797750,3,0.3147,0.5928,0.0386,64.1,yf_premarket,0.07823318153208189,0.3147,0.11513662879950877,0.6,1.5,neutral,0.0,2.9043,,,new,12:13:13,2026-07-09 12:13:13
USIO,2.23,2.1,0.0619,0.7284,204020,1,0.1875,0.188,0.0895,63.0,yf_premarket,0.08989596060572402,0.1875,0.2714154129567086,0.2,1.5,neutral,0.3724428399518652,2.9042,,,new,12:13:13,2026-07-09 12:13:13
NYT,73.51,73.16,0.0048,0.6376,1768380,3,0.7995,1.9472,0.0266,48.7,yf_premarket,0.07868981944290174,0.7995,0.07829290758366594,0.6,0.5,weak,0.02888086642599278,2.8995,,,new,12:13:13,2026-07-09 12:13:13
TSHA,6.63,6.49,0.0216,0.526,5035640,1,0.4057,0.405,0.0624,60.7,yf_premarket,0.06491663272736248,0.4057,0.1882100092109303,0.2,1.5,neutral,0.12996389891696752,2.8978,,,new,12:13:13,2026-07-09 12:13:13
TASK,5.2239,5.18,0.0085,0.6525,610120,3,0.7566,0.29,0.056,45.9,yf_premarket,0.08052871265133843,0.7566,0.16856002456248084,0.6,0.5,weak,0.051143200962695555,2.895,,,new,12:13:13,2026-07-09 12:13:13
BTI,61.16,61.39,-0.0037,0.6014,4839270,2,0.43,0.927,0.0151,50.0,yf_premarket,0.0742221728559616,0.43,0.04298434141848327,0.4,1.5,neutral,0.0,2.8928,2.8924,0.0,steady,12:13:13,2026-07-09 12:13:13
TRTX,8.4,8.37,0.0036,0.6122,771530,2,0.4068,0.1412,0.0169,50.6,yf_premarket,0.07555506189294925,0.4068,0.048510899600859685,0.4,1.5,neutral,0.021660649819494587,2.8837,,,new,12:13:13,2026-07-09 12:13:13
API,4.16,4.16,0.0,0.9529,352300,3,0.7647,0.2055,0.0494,48.2,yf_premarket,0.11760277438384735,0.7647,0.14829597789376728,0.6,0.5,weak,0.0,2.88,2.8796,0.0,steady,12:13:13,2026-07-09 12:13:13
CNP,43.76,44.05,-0.0066,0.9686,7765810,2,0.3874,0.749,0.017,55.1,yf_premarket,0.11954040011354239,0.3874,0.04881793061099172,0.4,1.5,neutral,0.0,2.8785,2.8781,0.0,steady,12:13:13,2026-07-09 12:13:13
BKD,14.9477,15.01,-0.0042,0.9951,5861300,1,0.4628,0.655,0.0436,65.4,yf_premarket,0.1228109148802251,0.4628,0.13048817930610992,0.2,1.5,neutral,0.0,2.8751,2.8747,0.0,steady,12:13:13,2026-07-09 12:13:13
MGNX,4.37,4.66,-0.0622,0.3921,1788120,2,0.3913,0.3675,0.0789,69.9,yf_premarket,0.04839127698174682,0.3913,0.23887012588271414,0.4,1.5,neutral,0.0,2.8746,2.8743,0.0,steady,12:13:13,2026-07-09 12:13:13
EBC,21.49,21.66,-0.0078,1.2565,3049080,2,0.3526,0.5075,0.0234,62.1,yf_premarket,0.15507176620138965,0.3526,0.06846791525944121,0.4,1.5,neutral,0.0,2.872,2.8716,0.0,steady,12:13:13,2026-07-09 12:13:13
EXLS,27.38,27.38,0.0,0.6511,3742030,4,0.6989,0.92,0.0336,42.1,yf_premarket,0.08035593073913633,0.6989,0.09978507829290759,0.8,0.5,weak,0.0,2.8682,2.8678,0.0,steady,12:13:13,2026-07-09 12:13:13
RVLV,22.33,22.18,0.0068,1.0142,840000,2,0.3239,1.007,0.0454,55.7,yf_premarket,0.1251681538252681,0.3239,0.13601473748848636,0.4,1.5,neutral,0.04091456077015644,2.8649,,,new,12:13:13,2026-07-09 12:13:13
COYA,5.36,5.36,-0.0,2.4309,235020,1,0.2975,0.4079,0.0761,58.7,yf_premarket,0.3000111074086415,0.2975,0.2302732575990175,0.2,1.5,neutral,0.0,2.8602,2.8972,-0.037,steady,12:13:13,2026-07-09 12:13:13
ETH,16.55,16.57,-0.0012,1.068,2772590,3,0.7528,0.6271,0.0378,46.2,yf_premarket,0.13180791587989188,0.7528,0.11268038071845257,0.6,0.5,weak,0.0,2.8597,3.0386,-0.179,steady,12:13:13,2026-07-09 12:13:13
YORW,30.5,30.0,0.0167,2.55,243730,2,0.1524,0.6336,0.0211,54.7,yf_premarket,0.31470991151097777,0.1524,0.06140620202640467,0.4,1.5,neutral,0.10048134777376655,2.8583,,,new,12:13:13,2026-07-09 12:13:13
UHAL,65.0,65.06,-0.0009,0.7518,250450,2,0.3924,1.512,0.0232,60.3,yf_premarket,0.09278388685253064,0.3924,0.06785385323917716,0.4,1.5,neutral,0.0,2.8579,2.8575,0.0,steady,12:13:13,2026-07-09 12:13:13
IHRT,4.15,4.03,0.0298,0.8011,1010110,2,0.2228,0.2538,0.063,51.0,yf_premarket,0.0988682784750762,0.2228,0.19005219527172246,0.4,1.5,neutral,0.1793020457280385,2.8579,2.5886,0.269,steady,12:13:13,2026-07-09 12:13:13
VTS,16.19,16.0,0.0119,0.8439,593690,2,0.825,0.459,0.0287,49.8,yf_premarket,0.1041504683623977,0.825,0.08474055879643844,0.4,0.5,weak,0.07160048134777378,2.856,,,new,12:13:13,2026-07-09 12:13:13
KLAR,19.15,19.03,0.0063,1.1931,5488890,2,0.2917,1.1578,0.0608,59.4,yf_premarket,0.14724721389166573,0.2917,0.18329751304881794,0.4,1.5,neutral,0.03790613718411553,2.8528,,,new,12:13:13,2026-07-09 12:13:13
RRR,64.08,63.32,0.012,0.775,859360,2,0.3234,2.1927,0.0346,55.8,yf_premarket,0.09564712996902267,0.3234,0.10285538839422782,0.4,1.5,neutral,0.07220216606498196,2.85,,,new,12:13:13,2026-07-09 12:13:13
BIPC,39.11,39.39,-0.0071,0.7543,1056180,3,0.7871,0.8655,0.022,42.2,yf_premarket,0.09309242598146296,0.7871,0.06416948111759288,0.6,0.5,weak,0.0,2.8459,2.8455,0.0,steady,12:13:13,2026-07-09 12:13:13
MITK,18.2099,18.47,-0.0141,0.6297,1401360,2,0.3692,1.079,0.0584,60.8,yf_premarket,0.07771483579547558,0.3692,0.1759287688056494,0.4,1.5,neutral,0.0,2.8429,,,new,12:13:13,2026-07-09 12:13:13
ANGO,12.81,12.81,-0.0,0.6788,423220,3,0.2794,0.501,0.0391,59.3,yf_premarket,0.08377454428770656,0.2794,0.1166717838501689,0.6,1.5,neutral,0.0,2.8428,2.8424,0.0,steady,12:13:13,2026-07-09 12:13:13
FCPT,24.9,24.9,0.0,0.7716,1164880,2,0.3846,0.4614,0.0185,54.5,yf_premarket,0.09522751675367469,0.3846,0.05342339576297206,0.4,1.5,neutral,0.0,2.8388,2.8383,0.001,steady,12:13:13,2026-07-09 12:13:13
BHR,2.1,2.05,0.0244,1.0264,1213030,1,0.3036,0.163,0.0795,50.6,yf_premarket,0.12667382477445788,0.3036,0.24071231194350629,0.2,1.5,neutral,0.14681107099879664,2.8378,3.0982,-0.26,steady,12:13:13,2026-07-09 12:13:13
LFVN,6.4,6.24,0.0256,0.6531,339900,2,0.2475,0.3712,0.0595,55.3,yf_premarket,0.0806027620422822,0.2475,0.17930610991710164,0.4,1.5,neutral,0.15403128760529486,2.8366,,,new,12:13:13,2026-07-09 12:13:13
XHR,20.99,19.78,0.0612,0.6828,1010980,2,0.1123,0.4419,0.0223,54.6,yf_premarket,0.08426820689399829,0.1123,0.06509057414798895,0.4,1.5,neutral,0.36823104693140796,2.8359,,,new,12:13:13,2026-07-09 12:13:13
TIGR,4.64,4.64,0.0,1.0496,2339860,3,0.7397,0.1923,0.0414,49.6,yf_premarket,0.12953706789094993,0.7397,0.12373349708320541,0.6,0.5,weak,0.0,2.8356,,,new,12:13:13,2026-07-09 12:13:13
AYA,19.25,19.12,0.0068,1.1626,390580,4,0.577,1.288,0.0674,40.7,yf_premarket,0.1434830365186913,0.577,0.20356155971753148,0.8,0.5,weak,0.04091456077015644,2.8324,2.885,-0.053,steady,12:13:13,2026-07-09 12:13:13
SGHT,5.35,5.35,0.0,0.7916,265550,3,0.2394,0.3615,0.0676,60.2,yf_premarket,0.09769582978513335,0.2394,0.2041756217377955,0.6,1.5,neutral,0.0,2.8274,,,new,12:13:13,2026-07-09 12:13:13
AR,34.64,34.66,-0.0006,1.0004,4657520,2,0.3511,0.912,0.0263,55.3,yf_premarket,0.12346501783356165,0.3511,0.07737181455326989,0.4,1.5,neutral,0.0,2.8261,2.8257,0.0,steady,12:13:13,2026-07-09 12:13:13
LSPD,10.01,10.12,-0.0109,0.8767,1107640,1,0.45,0.386,0.0381,58.0,yf_premarket,0.1081985017339899,0.45,0.11360147374884866,0.2,1.5,neutral,0.0,2.8191,,,new,12:13:13,2026-07-09 12:13:13
BOXL,4.74,4.65,0.0194,0.0047,2812950,2,0.2116,0.971,0.2088,56.3,yf_premarket,0.0005800535623927826,0.2116,0.6377034080442125,0.4,1.5,neutral,0.1167268351383875,2.818,3.0251,-0.207,steady,12:13:13,2026-07-09 12:13:13
TRIN,17.4301,17.3,0.0075,1.0362,1169260,1,0.4135,0.3489,0.0202,60.2,yf_premarket,0.12788329815987262,0.4135,0.05864292293521645,0.2,1.5,neutral,0.04512635379061372,2.8158,,,new,12:13:13,2026-07-09 12:13:13
GME,21.72,21.7,0.0009,0.8564,4285700,2,0.3532,0.595,0.0274,52.8,yf_premarket,0.10569316400705937,0.3532,0.08074915566472214,0.4,1.5,neutral,0.005415162454873647,2.8134,2.8226,-0.009,steady,12:13:13,2026-07-09 12:13:13
SOUN,6.77,6.8,-0.0044,1.0112,27064090,3,0.7184,0.399,0.0587,45.7,yf_premarket,0.12479790687054933,0.7184,0.17684986183604545,0.6,0.5,weak,0.0,2.8124,,,new,12:13:13,2026-07-09 12:13:13
APPS,10.45,10.5,-0.0048,0.6944,6078480,2,0.3065,1.174,0.1118,56.4,yf_premarket,0.08569982845224432,0.3065,0.3398833282161498,0.4,1.5,neutral,0.0,2.8115,2.8112,0.0,steady,12:13:13,2026-07-09 12:13:13
BIOA,23.75,23.63,0.0051,0.7029,929230,1,0.4173,1.5484,0.0655,67.7,yf_premarket,0.08674886149061423,0.4173,0.19772797052502303,0.2,1.5,neutral,0.030685920577617334,2.8096,3.4216,-0.612,fading,12:13:13,2026-07-09 12:13:13
EPM,3.8,3.76,0.0106,0.9525,451350,3,0.6944,0.1208,0.0321,41.1,yf_premarket,0.11755340812321818,0.6944,0.09517961314092722,0.6,0.5,weak,0.06377858002406739,2.8084,2.9212,-0.113,steady,12:13:13,2026-07-09 12:13:13
UMC,24.7124,24.73,-0.0007,0.9216,18664340,2,0.3247,1.4473,0.0585,58.7,yf_premarket,0.11373986448961457,0.3247,0.1762357998157814,0.4,1.5,neutral,0.0,2.8081,,,new,12:13:13,2026-07-09 12:13:13
VLY,14.63,14.47,0.0111,0.8879,6920790,3,0.2059,0.306,0.0211,55.8,yf_premarket,0.10958075703160675,0.2059,0.06140620202640467,0.6,1.5,neutral,0.06678700361010831,2.8071,3.1559,-0.349,fading,12:13:13,2026-07-09 12:13:13
BMNR,14.9298,14.86,0.0047,0.6657,42006370,4,0.6131,1.0957,0.0737,41.3,yf_premarket,0.08215779925210114,0.6131,0.22290451335584893,0.8,0.5,weak,0.0282791817087846,2.8033,2.9596,-0.156,steady,12:13:13,2026-07-09 12:13:13
LQDT,37.91,37.91,0.0,0.9887,270750,1,0.4342,1.242,0.0328,53.1,yf_premarket,0.12202105471015834,0.4342,0.09732883021185142,0.2,1.5,neutral,0.0,2.8001,,,new,12:13:13,2026-07-09 12:13:13
NWN,49.23,49.66,-0.0087,0.7849,353400,2,0.3591,1.173,0.0236,51.6,yf_premarket,0.0968689449195947,0.3591,0.06908197727970525,0.4,1.5,neutral,0.0,2.798,,,new,12:13:13,2026-07-09 12:13:13
COUR,5.76,5.74,0.0035,0.7068,8380650,2,0.3247,0.3228,0.0562,60.3,yf_premarket,0.08723018253174868,0.3247,0.16917408658274488,0.4,1.5,neutral,0.021058965102286404,2.7964,2.7644,0.032,steady,12:13:13,2026-07-09 12:13:13
AMRX,16.96,16.96,0.0,0.672,2604430,2,0.3617,0.545,0.0321,63.9,yf_premarket,0.08293531785701062,0.3617,0.09517961314092722,0.4,1.5,neutral,0.0,2.7954,2.795,0.0,steady,12:13:13,2026-07-09 12:13:13
GEO,29.75,29.65,0.0034,0.9538,2441630,2,0.3085,1.344,0.0453,57.6,yf_premarket,0.11771384847026299,0.3085,0.13570770647835434,0.4,1.5,neutral,0.02045728038507822,2.7921,2.761,0.031,steady,12:13:13,2026-07-09 12:13:13
GBCI,51.25,50.26,0.0197,0.6123,1664410,2,0.281,1.198,0.0238,55.7,yf_premarket,0.07556740345810654,0.281,0.0696960392999693,0.4,1.5,neutral,0.11853188929001203,2.788,2.864,-0.076,steady,12:13:13,2026-07-09 12:13:13
BCAT,15.83,15.84,-0.0006,0.7694,668300,1,0.4603,0.1978,0.0125,54.8,yf_premarket,0.09495600232021424,0.4603,0.03500153515505066,0.2,1.5,neutral,0.0,2.7805,2.8057,-0.025,steady,12:13:13,2026-07-09 12:13:13
UPC,5.75,5.8,-0.0086,0.0066,8171230,2,0.2083,1.752,0.3021,57.9,yf_premarket,0.0008145433003813543,0.2083,0.9241633404973902,0.4,1.5,neutral,0.0,2.7799,,,new,12:13:13,2026-07-09 12:13:13
VOYG,34.41,34.09,0.0094,0.8032,2075460,3,0.6647,2.6325,0.0772,40.3,yf_premarket,0.09912745134337936,0.6647,0.23365059871046978,0.6,0.5,weak,0.0565583634175692,2.7798,,,new,12:13:13,2026-07-09 12:13:13
ZION,68.8,68.64,0.0023,1.2987,1564170,3,0.1914,1.483,0.0216,58.5,yf_premarket,0.1602799066977674,0.1914,0.06294135707706479,0.6,1.5,neutral,0.013838748495788207,2.7754,,,new,12:13:13,2026-07-09 12:13:13
KFY,70.82,71.32,-0.007,0.4624,877980,4,0.6668,2.6599,0.0373,49.3,yf_premarket,0.05706739728732397,0.6668,0.11114522566779246,0.8,0.5,weak,0.0,2.7748,,,new,12:13:13,2026-07-09 12:13:13
NUS,5.01,5.08,-0.0138,0.614,884970,2,0.3455,0.232,0.0457,51.1,yf_premarket,0.07577721006578053,0.3455,0.13693583051888242,0.4,1.5,neutral,0.0,2.7731,,,new,12:13:13,2026-07-09 12:13:13
AVBP,33.4,33.4,-0.0,1.0947,762050,1,0.3963,1.6775,0.0502,66.1,yf_premarket,0.1351031137768892,0.3963,0.1507522259748235,0.2,1.5,neutral,0.0,2.7706,2.7702,0.0,steady,12:13:13,2026-07-09 12:13:13
UVSP,43.08,43.19,-0.0025,0.7164,326500,2,0.3477,1.151,0.0266,59.1,yf_premarket,0.08841497278684883,0.3477,0.07829290758366594,0.4,1.5,neutral,0.0,2.7672,,,new,12:13:13,2026-07-09 12:13:13
NXRT,27.64,27.58,0.0022,0.5155,277980,3,0.253,0.8185,0.0297,50.5,yf_premarket,0.06362076838584668,0.253,0.08781086889775867,0.6,1.5,neutral,0.013237063778580025,2.7652,,,new,12:13:13,2026-07-09 12:13:13
COLL,35.83,35.83,-0.0,0.807,551910,2,0.3262,1.4935,0.0417,55.8,yf_premarket,0.09959643081935651,0.3262,0.12465459011360149,0.4,1.5,neutral,0.0,2.7641,2.7637,0.0,steady,12:13:13,2026-07-09 12:13:13
PERI,9.23,9.23,0.0,0.4398,457300,1,0.4667,0.284,0.0308,62.0,yf_premarket,0.054278203561775706,0.4667,0.09118821000921093,0.2,1.5,neutral,0.0,2.7604,,,new,12:13:13,2026-07-09 12:13:13
VNOM,43.5,42.99,0.0119,1.1886,2180790,2,0.748,1.075,0.025,46.6,yf_premarket,0.14669184345958755,0.748,0.07338041142155358,0.4,0.5,weak,0.07160048134777378,2.7601,,,new,12:13:13,2026-07-09 12:13:13
ARHS,7.7093,7.72,-0.0014,0.8003,1551300,2,0.3113,0.4445,0.0576,57.4,yf_premarket,0.09876954595381786,0.3113,0.17347252072459318,0.4,1.5,neutral,0.0,2.7575,2.7827,-0.025,steady,12:13:13,2026-07-09 12:13:13
JBLU,5.58,5.58,0.0,0.7355,30566210,3,0.2159,0.331,0.0593,56.9,yf_premarket,0.09077221173189184,0.2159,0.1786920478968376,0.6,1.5,neutral,0.0,2.7573,2.8279,-0.071,steady,12:13:13,2026-07-09 12:13:13
AVNS,24.92,24.92,-0.0,1.0317,969860,1,0.9293,0.0895,0.0036,48.0,yf_premarket,0.12732792772779444,0.9293,0.007675775253300582,0.2,0.5,weak,0.0,2.7534,2.753,0.0,steady,12:13:13,2026-07-09 12:13:13
ARXS,43.06,43.11,-0.0012,0.4392,1562480,3,0.2345,2.937,0.0681,54.7,yf_premarket,0.054204154170831936,0.2345,0.20571077678845562,0.6,1.5,neutral,0.0,2.7532,2.8316,-0.078,steady,12:13:13,2026-07-09 12:13:13
XPER,7.9,7.91,-0.0013,0.6275,497190,2,0.3307,0.3795,0.048,51.0,yf_premarket,0.07744332136201512,0.3307,0.14399754375191895,0.4,1.5,neutral,0.0,2.7496,,,new,12:13:13,2026-07-09 12:13:13
EBS,8.19,8.14,0.0061,0.9775,867300,1,0.3718,0.368,0.0452,56.8,yf_premarket,0.12063879941254149,0.3718,0.1354006754682223,0.2,1.5,neutral,0.03670276774969916,2.7473,2.9343,-0.187,steady,12:13:13,2026-07-09 12:13:13
HAFN,7.25,7.28,-0.0041,0.5473,2175290,4,0.65,0.215,0.0295,48.6,yf_premarket,0.06754538610586594,0.65,0.08719680687749462,0.8,0.5,weak,0.0,2.7449,2.7445,0.0,steady,12:13:13,2026-07-09 12:13:13
HBAN,17.6,17.46,0.008,1.2069,21376430,3,0.1569,0.415,0.0238,55.0,yf_premarket,0.14895034988337222,0.1569,0.0696960392999693,0.6,1.5,neutral,0.048134777376654635,2.7443,2.717,0.027,steady,12:13:13,2026-07-09 12:13:13
CIA,5.62,5.62,0.0,0.8698,211540,2,0.2812,0.442,0.0786,50.0,yf_premarket,0.10734693373813667,0.2812,0.23794903285231808,0.4,1.5,neutral,0.0,2.7424,2.742,0.0,steady,12:13:13,2026-07-09 12:13:13
VNO,37.8,38.06,-0.0068,1.0333,1705240,3,0.2033,1.052,0.0276,51.3,yf_premarket,0.12752539277031114,0.2033,0.08136321768498618,0.6,1.5,neutral,0.0,2.7386,,,new,12:13:13,2026-07-09 12:13:13
BNED,11.8,11.65,0.0129,0.6639,531830,2,0.2413,0.8957,0.0769,53.4,yf_premarket,0.08193565107926988,0.2413,0.23272950568007367,0.4,1.5,neutral,0.0776173285198556,2.7383,2.791,-0.053,steady,12:13:13,2026-07-09 12:13:13
SPPL,3.47,3.64,-0.0467,0.1589,558190,2,0.3488,0.262,0.072,52.8,yf_premarket,0.019610747034938973,0.3488,0.21768498618360452,0.4,1.5,neutral,0.0,2.7359,,,new,12:13:13,2026-07-09 12:13:13
BCS,27.1,26.79,0.0116,1.1895,4367470,3,0.1414,0.463,0.0173,56.1,yf_premarket,0.14680291754600316,0.1414,0.049739023641387776,0.6,1.5,neutral,0.06979542719614922,2.7326,2.8856,-0.153,steady,12:13:13,2026-07-09 12:13:13
JBGS,14.3,14.59,-0.0199,0.9003,692350,2,0.3057,0.5055,0.0346,53.5,yf_premarket,0.1111111111111111,0.3057,0.10285538839422782,0.4,1.5,neutral,0.0,2.7295,2.7961,-0.067,steady,12:13:13,2026-07-09 12:13:13
CCCC,4.1933,4.19,0.0008,1.1958,5611930,1,0.3218,0.4289,0.1024,58.5,yf_premarket,0.14758043615091265,0.3218,0.31102241326373964,0.2,1.5,neutral,0.004813477737665464,2.7277,2.7202,0.007,steady,12:13:13,2026-07-09 12:13:13
NIU,2.0757,2.09,-0.0068,0.4886,363470,3,0.7273,0.103,0.0493,43.6,yf_premarket,0.060300887358534803,0.7273,0.14798894688363526,0.6,0.5,weak,0.0,2.719,,,new,12:13:13,2026-07-09 12:13:13
AVR,9.6999,9.71,-0.001,0.7635,1969260,3,0.1873,0.6614,0.0681,55.6,yf_premarket,0.09422784997593393,0.1873,0.20571077678845562,0.6,1.5,neutral,0.0,2.7188,2.7184,0.0,steady,12:13:13,2026-07-09 12:13:13
EVC,11.81,11.71,0.0085,0.8126,2417430,1,0.3322,0.976,0.0833,68.9,yf_premarket,0.10028755846816492,0.3322,0.2523794903285232,0.2,1.5,neutral,0.051143200962695555,2.7177,3.1788,-0.461,fading,12:13:13,2026-07-09 12:13:13
AQST,4.34,4.31,0.007,0.4576,2659800,3,0.1944,0.2295,0.0532,51.3,yf_premarket,0.0564750021597739,0.1944,0.15996315627878416,0.6,1.5,neutral,0.04211793020457281,2.7167,2.6531,0.064,steady,12:13:13,2026-07-09 12:13:13
MAGS,65.35,65.79,-0.0067,0.5643,6162550,2,0.8422,1.2587,0.0191,47.8,yf_premarket,0.0696434521826058,0.8422,0.0552655818237642,0.4,0.5,weak,0.0,2.7165,,,new,12:13:13,2026-07-09 12:13:13
VCYT,56.1157,56.12,-0.0001,0.9224,1472930,2,0.2808,3.047,0.0543,63.8,yf_premarket,0.11383859701087291,0.2808,0.16334049739023643,0.4,1.5,neutral,0.0,2.714,,,new,12:13:13,2026-07-09 12:13:13
ONB,25.66,25.73,-0.0027,0.8254,5106700,2,0.3121,0.514,0.02,60.2,yf_premarket,0.10186727880829846,0.3121,0.058028860914952414,0.4,1.5,neutral,0.0,2.706,,,new,12:13:13,2026-07-09 12:13:13
GIB,65.91,66.3,-0.0059,0.982,551010,3,0.6903,1.904,0.0287,48.3,yf_premarket,0.12119416984461968,0.6903,0.08474055879643844,0.6,0.5,weak,0.0,2.7048,2.7043,0.001,steady,12:13:13,2026-07-09 12:13:13
BXSL,23.34,23.11,0.01,0.6673,1952060,2,0.2788,0.4627,0.02,50.8,yf_premarket,0.08235526429461784,0.2788,0.058028860914952414,0.4,1.5,neutral,0.060168471720818295,2.7004,2.6097,0.091,steady,12:13:13,2026-07-09 12:13:13
IIIV,20.63,20.63,0.0,0.4947,574890,2,0.3142,1.096,0.0531,57.7,yf_premarket,0.06105372283312969,0.3142,0.15965612526865217,0.4,1.5,neutral,0.0,2.6998,2.6994,0.0,steady,12:13:13,2026-07-09 12:13:13
SF,73.6,73.31,0.004,0.7317,1633000,3,0.6936,2.011,0.0274,47.0,yf_premarket,0.09030323225591469,0.6936,0.08074915566472214,0.6,0.5,weak,0.024067388688327317,2.6991,,,new,12:13:13,2026-07-09 12:13:13
CYRX,15.26,15.26,-0.0,0.5518,952620,2,0.3119,0.734,0.0481,56.7,yf_premarket,0.06810075653794413,0.3119,0.14430457476205097,0.4,1.5,neutral,0.0,2.6981,2.6977,0.0,steady,12:13:13,2026-07-09 12:13:13
AVLN,28.94,28.94,-0.0,0.6459,650270,2,0.2688,2.611,0.0902,52.2,yf_premarket,0.07971416935095708,0.2688,0.2735646300276328,0.4,1.5,neutral,0.0,2.694,2.6936,0.0,steady,12:13:13,2026-07-09 12:13:13
DIBS,4.78,4.78,-0.0,0.1277,493390,2,0.318,0.4139,0.0866,61.3,yf_premarket,0.01576017870586348,0.318,0.26251151366287995,0.4,1.5,neutral,0.0,2.6909,2.6906,0.0,steady,12:13:13,2026-07-09 12:13:13
BLSH,25.25,25.5,-0.0098,0.6525,1627230,3,0.6856,1.6495,0.0647,48.2,yf_premarket,0.08052871265133843,0.6856,0.19527172244396682,0.6,0.5,weak,0.0,2.6896,2.6893,0.0,steady,12:13:13,2026-07-09 12:13:13
FHN,25.236,25.25,-0.0006,1.1768,3976590,2,0.269,0.503,0.0199,56.0,yf_premarket,0.14523553877102693,0.269,0.05772182990482039,0.4,1.5,neutral,0.0,2.6847,2.907,-0.222,steady,12:13:13,2026-07-09 12:13:13
CING,4.95,4.84,0.0227,2.1781,382630,1,0.1236,0.4082,0.0843,51.7,yf_premarket,0.2688116306910042,0.1236,0.2554498004298434,0.2,1.5,neutral,0.13658243080625754,2.683,2.4778,0.205,steady,12:13:13,2026-07-09 12:13:13
MUR,34.0333,34.59,-0.0161,0.8352,2024210,3,0.6842,1.265,0.0366,45.2,yf_premarket,0.1030767521937132,0.6842,0.1089960085968683,0.6,0.5,weak,0.0,2.6775,,,new,12:13:13,2026-07-09 12:13:13
QSR,74.46,74.45,0.0001,1.094,3559540,3,0.6674,1.961,0.0263,46.5,yf_premarket,0.13501672282078814,0.6674,0.07737181455326989,0.6,0.5,weak,0.000601684717208183,2.6769,2.6756,0.001,steady,12:13:13,2026-07-09 12:13:13
BCH,40.25,39.67,0.0146,0.7012,334150,3,0.6377,0.972,0.0245,43.9,yf_premarket,0.08653905488294025,0.6377,0.07184525637089346,0.6,0.5,weak,0.08784596871239471,2.6729,2.8285,-0.156,steady,12:13:13,2026-07-09 12:13:13
HIMX,15.48,14.9,0.0389,1.0328,2730870,2,0.5511,1.2135,0.0814,43.0,yf_premarket,0.12746368494452465,0.5511,0.24654590113601474,0.4,0.5,weak,0.23405535499398317,2.6678,2.7657,-0.098,steady,12:13:13,2026-07-09 12:13:13
AUPH,16.28,16.23,0.0031,0.7262,2743070,2,0.2562,0.9753,0.0601,50.1,yf_premarket,0.08962444617226356,0.2562,0.18114829597789378,0.4,1.5,neutral,0.01865222623345367,2.6654,2.637,0.028,steady,12:13:13,2026-07-09 12:13:13
KD,11.78,11.97,-0.0159,0.5585,4553410,4,0.5963,0.5479,0.0458,49.3,yf_premarket,0.06892764140348279,0.5963,0.13724286152901444,0.8,0.5,weak,0.0,2.6646,,,new,12:13:13,2026-07-09 12:13:13
SSNC,65.64,65.42,0.0034,0.9359,1894230,3,0.659,1.839,0.0281,40.8,yf_premarket,0.11550470830710749,0.659,0.0828983727356463,0.6,0.5,weak,0.02045728038507822,2.6634,,,new,12:13:13,2026-07-09 12:13:13
BHRB,68.54,68.87,-0.0048,0.7816,245780,2,0.2891,1.786,0.0259,59.4,yf_premarket,0.09646167326940401,0.2891,0.0761436905127418,0.4,1.5,neutral,0.0,2.661,2.6605,0.001,steady,12:13:13,2026-07-09 12:13:13
EZPW,32.2701,32.16,0.0034,1.4095,1332570,3,0.0915,1.842,0.0573,55.6,yf_premarket,0.17395436089204833,0.0915,0.17255142769419712,0.6,1.5,neutral,0.02045728038507822,2.6609,2.6298,0.031,steady,12:13:13,2026-07-09 12:13:13
XPEV,13.09,13.27,-0.0136,0.7898,7704920,3,0.6803,0.4735,0.0357,44.3,yf_premarket,0.09747368161230206,0.6803,0.10623272950568009,0.6,0.5,weak,0.0,2.6599,,,new,12:13:13,2026-07-09 12:13:13
SLGN,44.69,44.01,0.0155,0.9408,1038330,1,0.2973,1.483,0.0337,63.9,yf_premarket,0.11610944499981486,0.2973,0.10009210930303962,0.2,1.5,neutral,0.09326113116726836,2.6587,,,new,12:13:13,2026-07-09 12:13:13
AMCR,41.8,41.95,-0.0036,1.1368,3358650,2,0.2505,1.187,0.0283,52.8,yf_premarket,0.14029891270810965,0.2505,0.08351243475591034,0.4,1.5,neutral,0.0,2.6532,2.6528,0.0,steady,12:13:13,2026-07-09 12:13:13
TLYS,4.35,4.39,-0.0091,0.4934,255570,3,0.675,0.324,0.0738,46.3,yf_premarket,0.06089328248608488,0.675,0.22321154436598098,0.6,0.5,weak,0.0,2.6529,,,new,12:13:13,2026-07-09 12:13:13
PHI,18.19,18.0,0.0106,0.606,264520,4,0.5566,0.393,0.0218,47.6,yf_premarket,0.07478988485319707,0.5566,0.06355541909732883,0.8,0.5,weak,0.06377858002406739,2.6528,,,new,12:13:13,2026-07-09 12:13:13
TFC,49.62,49.69,-0.0014,0.8869,7741220,3,0.1787,1.017,0.0205,53.6,yf_premarket,0.10945734138003381,0.1787,0.05956401596561253,0.6,1.5,neutral,0.0,2.6514,,,new,12:13:13,2026-07-09 12:13:13
TEVA,32.95,33.24,-0.0087,1.2397,5343040,2,0.231,1.144,0.0344,51.6,yf_premarket,0.1529983832549644,0.231,0.10224132637396378,0.4,1.5,neutral,0.0,2.6426,,,new,12:13:13,2026-07-09 12:13:13
INGN,6.49,6.49,0.0,0.9213,251490,2,0.2532,0.2785,0.0429,52.5,yf_premarket,0.11370283979414268,0.2532,0.12833896223518576,0.4,1.5,neutral,0.0,2.6411,2.6407,0.0,steady,12:13:13,2026-07-09 12:13:13
WAVE,8.96,8.96,-0.0,0.0922,318820,2,0.2873,0.8765,0.0978,63.7,yf_premarket,0.011378923075024375,0.2873,0.2968989867976666,0.4,1.5,neutral,0.0,2.6401,,,new,12:13:13,2026-07-09 12:13:13
HBT,31.66,31.66,0.0,0.5391,269720,2,0.2983,0.8811,0.0278,65.2,yf_premarket,0.0665333777629679,0.2983,0.08197727970525023,0.4,1.5,neutral,0.0,2.6374,2.637,0.0,steady,12:13:13,2026-07-09 12:13:13
FTRE,17.02,17.02,-0.0,0.5214,1625330,2,0.2767,0.9674,0.0568,59.9,yf_premarket,0.06434892073012699,0.2767,0.17101627264353703,0.4,1.5,neutral,0.0,2.6354,2.635,0.0,steady,12:13:13,2026-07-09 12:13:13
PRTH,6.83,6.77,0.0089,0.4653,670470,2,0.2447,0.3498,0.0517,56.4,yf_premarket,0.057425302676885476,0.2447,0.15535769112680384,0.4,1.5,neutral,0.05354993983152828,2.6335,,,new,12:13:13,2026-07-09 12:13:13
EIKN,10.72,10.72,-0.0,0.7317,721440,1,0.3139,1.18,0.1101,61.2,yf_premarket,0.09030323225591469,0.3139,0.3346638010439054,0.2,1.5,neutral,0.0,2.6306,2.6303,0.0,steady,12:13:13,2026-07-09 12:13:13
GEF,71.63,71.63,0.0,0.9333,233590,2,0.2604,1.768,0.0247,56.3,yf_premarket,0.11518382761301788,0.2604,0.0724593183911575,0.4,1.5,neutral,0.0,2.6298,2.6294,0.0,steady,12:13:13,2026-07-09 12:13:13
BRCB,7.7,7.65,0.0065,0.6164,493310,1,0.3171,0.611,0.0799,52.9,yf_premarket,0.07607340762955557,0.3171,0.2419404359840344,0.2,1.5,neutral,0.03910950661853189,2.6279,2.5689,0.059,steady,12:13:13,2026-07-09 12:13:13
DFH,15.66,15.65,0.0006,1.319,787440,2,0.1906,0.977,0.0624,54.0,yf_premarket,0.1627852444246979,0.1906,0.1882100092109303,0.4,1.5,neutral,0.0036101083032490976,2.6249,2.6191,0.006,steady,12:13:13,2026-07-09 12:13:13
PLNT,52.17,51.69,0.0093,0.7605,1613180,2,0.2256,1.6195,0.0313,54.5,yf_premarket,0.09385760302121514,0.2256,0.09272336505987105,0.4,1.5,neutral,0.05595667870036101,2.6223,,,new,12:13:13,2026-07-09 12:13:13
DDD,2.98,2.97,0.0034,0.7535,3919480,3,0.6279,0.189,0.0636,44.0,yf_premarket,0.09299369346020461,0.6279,0.1918943813325146,0.6,0.5,weak,0.02045728038507822,2.6219,2.5909,0.031,steady,12:13:13,2026-07-09 12:13:13
CCO,2.41,2.41,-0.0,0.6011,12655350,0,0.5,0.018,0.0075,50.0,yf_premarket,0.07418514816048971,0.5,0.01964998464844949,0.0,1.5,neutral,0.0,2.6211,2.6207,0.0,steady,12:13:13,2026-07-09 12:13:13
NVST,25.95,25.74,0.0082,1.2948,2549830,2,0.1787,0.8335,0.0324,56.7,yf_premarket,0.15979858565663296,0.1787,0.09610070617132331,0.4,1.5,neutral,0.04933814681107101,2.6192,,,new,12:13:13,2026-07-09 12:13:13
ADAG,3.83,3.83,0.0,1.1989,530090,1,0.2388,0.5516,0.144,55.8,yf_premarket,0.14796302467078876,0.2388,0.43874731347866136,0.2,1.5,neutral,0.0,2.6189,2.6187,0.0,steady,12:13:13,2026-07-09 12:13:13
PSEC,2.22,2.22,-0.0,0.7808,5580720,2,0.2644,0.0668,0.0301,50.5,yf_premarket,0.09636294074814568,0.2644,0.08903899293828677,0.4,1.5,neutral,0.0,2.6179,,,new,12:13:13,2026-07-09 12:13:13
FBP,26.19,26.02,0.0065,0.7536,1625460,2,0.2459,0.5,0.0192,58.1,yf_premarket,0.09300603502536192,0.2459,0.055572612833896216,0.4,1.5,neutral,0.03910950661853189,2.6178,3.3018,-0.684,fading,12:13:13,2026-07-09 12:13:13
MYE,30.86,30.72,0.0046,0.5228,849810,1,0.3459,1.741,0.0567,62.0,yf_premarket,0.0645217026423291,0.3459,0.17070924163340498,0.2,1.5,neutral,0.027677496991576414,2.6155,,,new,12:13:13,2026-07-09 12:13:13
CYD,46.78,47.08,-0.0064,0.5821,233630,3,0.649,3.168,0.0673,41.8,yf_premarket,0.07184025078060399,0.649,0.20325452870739943,0.6,0.5,weak,0.0,2.6074,2.607,0.0,steady,12:13:13,2026-07-09 12:13:13
NVCT,18.75,18.75,0.0,0.2917,978980,3,0.1023,3.0227,0.1612,61.3,yf_premarket,0.03600034556382441,0.1023,0.49155664722136944,0.6,1.5,neutral,0.0,2.6044,,,new,12:13:13,2026-07-09 12:13:13
FMBH,47.24,47.32,-0.0017,0.4513,216250,2,0.2905,1.166,0.0246,58.8,yf_premarket,0.055697483554864424,0.2905,0.07215228738102548,0.4,1.5,neutral,0.0,2.6006,2.6002,0.0,steady,12:13:13,2026-07-09 12:13:13
NRIM,26.96,26.38,0.022,0.6838,236620,1,0.2597,0.965,0.0366,60.9,yf_premarket,0.08439162254557123,0.2597,0.1089960085968683,0.2,1.5,neutral,0.13237063778580024,2.599,,,new,12:13:13,2026-07-09 12:13:13
PEBO,37.64,37.73,-0.0024,0.964,341280,2,0.2453,0.765,0.0203,62.2,yf_premarket,0.1189726881163069,0.2453,0.05894995394534848,0.4,1.5,neutral,0.0,2.5985,,,new,12:13:13,2026-07-09 12:13:13
FHI,56.63,57.12,-0.0086,1.0542,661290,4,0.5255,1.868,0.0327,43.9,yf_premarket,0.13010477988818542,0.5255,0.09702179920171938,0.8,0.5,weak,0.0,2.5947,2.75,-0.155,steady,12:13:13,2026-07-09 12:13:13
ARX,13.15,13.07,0.0061,0.7407,3053310,3,0.5949,0.9678,0.074,48.0,yf_premarket,0.09141397312007109,0.5949,0.223825606386245,0.6,0.5,weak,0.03670276774969916,2.5939,2.5385,0.055,steady,12:13:13,2026-07-09 12:13:13
CFG,69.31,68.56,0.0109,1.7108,5269050,2,0.1205,1.59,0.0232,55.2,yf_premarket,0.21113949671097287,0.1205,0.06785385323917716,0.4,1.5,neutral,0.06558363417569195,2.59,2.4912,0.099,steady,12:13:13,2026-07-09 12:13:13
HZO,35.04,35.2,-0.0045,0.5991,283750,2,0.2594,1.413,0.0401,55.2,yf_premarket,0.07393831685734384,0.2594,0.1197420939514891,0.4,1.5,neutral,0.0,2.5896,3.0603,-0.471,fading,12:13:13,2026-07-09 12:13:13
IP,37.0888,36.67,0.0114,1.0004,4866460,2,0.1775,1.118,0.0305,53.6,yf_premarket,0.12346501783356165,0.1775,0.09026711697881486,0.4,1.5,neutral,0.06859205776173286,2.5882,2.4849,0.103,steady,12:13:13,2026-07-09 12:13:13
ENB,55.31,55.07,0.0044,1.3109,4448060,3,0.588,1.035,0.0188,46.9,yf_premarket,0.16178557764695717,0.588,0.05434448879336813,0.6,0.5,weak,0.02647412755716005,2.5856,2.6992,-0.114,steady,12:13:13,2026-07-09 12:13:13
FULT,23.62,23.65,-0.0013,1.1774,2347330,2,0.2177,0.4885,0.0207,59.5,yf_premarket,0.1453095881619707,0.2177,0.06017807798587657,0.4,1.5,neutral,0.0,2.5835,2.6658,-0.082,steady,12:13:13,2026-07-09 12:13:13
SMG,64.71,65.22,-0.0078,1.5674,963250,2,0.1657,2.657,0.0407,55.8,yf_premarket,0.19344169227541436,0.1657,0.12158428001228125,0.4,1.5,neutral,0.0,2.5824,2.9742,-0.392,fading,12:13:13,2026-07-09 12:13:13
CRK,13.91,13.92,-0.0007,0.871,2636250,1,0.3264,0.614,0.0441,58.7,yf_premarket,0.10749503252002418,0.3264,0.13202333435677005,0.2,1.5,neutral,0.0,2.5801,2.5797,0.0,steady,12:13:13,2026-07-09 12:13:13
REXR,33.25,33.92,-0.0198,0.861,2594250,4,0.5438,0.7332,0.0216,49.2,yf_premarket,0.10626087600429486,0.5438,0.06294135707706479,0.8,0.5,weak,0.0,2.5785,,,new,12:13:13,2026-07-09 12:13:13
BUR,4.29,4.27,0.0047,1.1724,2523590,3,0.5696,0.2091,0.049,44.2,yf_premarket,0.14469250990410604,0.5696,0.1470678538532392,0.6,0.5,weak,0.0282791817087846,2.5722,2.622,-0.05,steady,12:13:13,2026-07-09 12:13:13
DIN,34.0,34.16,-0.0047,0.5379,364040,2,0.2527,1.518,0.0444,57.8,yf_premarket,0.06638527898108038,0.2527,0.13294442738716614,0.4,1.5,neutral,0.0,2.5715,2.5711,0.0,steady,12:13:13,2026-07-09 12:13:13
BRKR,57.31,57.21,0.0017,0.6919,2387900,2,0.2278,2.536,0.0443,53.8,yf_premarket,0.08539128932331197,0.2278,0.1326373963770341,0.4,1.5,neutral,0.01022864019253911,2.5653,2.5496,0.016,steady,12:13:13,2026-07-09 12:13:13
OGN,13.4509,13.47,-0.0014,1.5707,2588400,2,0.1824,0.0634,0.0047,57.1,yf_premarket,0.19384896392560502,0.1824,0.01105311636475284,0.4,1.5,neutral,0.0,2.5611,,,new,12:13:13,2026-07-09 12:13:13
GIL,50.44,50.9,-0.009,0.7444,1338490,3,0.1359,1.63,0.032,52.7,yf_premarket,0.09187061103089092,0.1359,0.09487258213079522,0.6,1.5,neutral,0.0,2.557,2.5566,0.0,steady,12:13:13,2026-07-09 12:13:13
EOLS,6.78,6.79,-0.0015,1.5608,820050,2,0.152,0.2869,0.0423,54.8,yf_premarket,0.192627148975033,0.152,0.12649677617439362,0.4,1.5,neutral,0.0,2.5562,2.7292,-0.173,steady,12:13:13,2026-07-09 12:13:13
ULCC,7.3147,7.16,0.0216,1.2281,3666460,1,0.1644,0.495,0.0691,58.4,yf_premarket,0.15156676169671837,0.1644,0.20878108688977584,0.2,1.5,neutral,0.12996389891696752,2.5555,2.3602,0.195,steady,12:13:13,2026-07-09 12:13:13
GABC,46.5,46.57,-0.0015,0.7449,275210,2,0.2404,1.098,0.0236,58.4,yf_premarket,0.0919323188566774,0.2404,0.06908197727970525,0.4,1.5,neutral,0.0,2.5532,2.5528,0.0,steady,12:13:13,2026-07-09 12:13:13
RFIL,17.19,17.12,0.0041,0.6646,394550,2,0.1672,1.78,0.104,52.2,yf_premarket,0.08202204203537092,0.1672,0.315934909425852,0.4,1.5,neutral,0.024669073405535504,2.5524,2.6826,-0.13,steady,12:13:13,2026-07-09 12:13:13
REZI,31.76,31.76,-0.0,1.0838,1604110,3,0.5905,1.476,0.0465,48.0,yf_premarket,0.1337578831747442,0.5905,0.1393920785999386,0.6,0.5,weak,0.0,2.5513,2.6929,-0.142,steady,12:13:13,2026-07-09 12:13:13
BANC,20.12,20.12,-0.0,0.5457,3265620,3,0.1593,0.414,0.0206,52.1,yf_premarket,0.06734792106334925,0.1593,0.05987104697574455,0.6,1.5,neutral,0.0,2.5496,2.5491,0.0,steady,12:13:13,2026-07-09 12:13:13
PLTK,3.63,3.63,-0.0,0.7361,1381650,3,0.1111,0.2043,0.0563,57.6,yf_premarket,0.09084626112283559,0.1111,0.1694811175928769,0.6,1.5,neutral,0.0,2.5432,,,new,12:13:13,2026-07-09 12:13:13
COLB,31.265,31.27,-0.0002,0.8762,2982970,2,0.2228,0.708,0.0226,53.3,yf_premarket,0.10813679390820342,0.2228,0.06601166717838501,0.4,1.5,neutral,0.0,2.5408,2.5404,0.0,steady,12:13:13,2026-07-09 12:13:13
CVGI,4.81,4.86,-0.0103,0.4224,984140,3,0.6186,0.397,0.0817,43.4,yf_premarket,0.05213077122440667,0.6186,0.2474669941664108,0.6,0.5,weak,0.0,2.5391,3.0651,-0.526,fading,12:13:13,2026-07-09 12:13:13
CEVA,45.75,44.56,0.0267,0.7119,764290,2,0.5677,3.711,0.0833,48.1,yf_premarket,0.08785960235477062,0.5677,0.2523794903285232,0.4,0.5,weak,0.16064981949458487,2.5344,2.7937,-0.259,steady,12:13:13,2026-07-09 12:13:13
ALRS,30.34,30.34,-0.0,0.4159,370320,2,0.2606,0.7261,0.0239,57.3,yf_premarket,0.051328569489182616,0.2606,0.07000307031010132,0.4,1.5,neutral,0.0,2.5332,2.5328,0.0,steady,12:13:13,2026-07-09 12:13:13
MNSO,11.615,11.81,-0.0165,0.9415,598180,3,0.6106,0.2889,0.0245,41.1,yf_premarket,0.11619583595591593,0.6106,0.07184525637089346,0.6,0.5,weak,0.0,2.5314,,,new,12:13:13,2026-07-09 12:13:13
FTK,23.23,23.09,0.0061,0.5168,276320,3,0.5893,1.49,0.0645,49.2,yf_premarket,0.0637812087328915,0.5893,0.1946576604237028,0.6,0.5,weak,0.03670276774969916,2.5267,2.5915,-0.065,steady,12:13:13,2026-07-09 12:13:13
SLP,18.27,18.27,-0.0,0.6822,582550,2,0.2407,0.165,0.009,51.9,yf_premarket,0.08419415750305453,0.2407,0.024255449800429842,0.4,1.5,neutral,0.0,2.5198,,,new,12:13:13,2026-07-09 12:13:13
ICCM,4.1803,4.09,0.0221,0.0487,1927410,2,0.0074,1.0437,0.2552,56.4,yf_premarket,0.006010342231601812,0.0074,0.7801657967454713,0.4,1.5,neutral,0.13297232250300844,2.5134,3.0845,-0.571,fading,12:13:13,2026-07-09 12:13:13
AUNA,5.21,5.2,0.0019,0.6985,207450,4,0.5,0.2262,0.0435,47.6,yf_premarket,0.08620583262369333,0.5,0.1301811482959779,0.8,0.5,weak,0.011432009626955477,2.5115,2.6458,-0.134,steady,12:13:13,2026-07-09 12:13:13
SD,13.62,13.72,-0.0073,0.7136,378930,2,0.7204,0.3583,0.0261,42.6,yf_premarket,0.08806940896244461,0.7204,0.07675775253300585,0.4,0.5,weak,0.0,2.5113,,,new,12:13:13,2026-07-09 12:13:13
GDOT,13.25,13.23,0.0015,0.4417,557810,1,0.3425,0.27,0.0204,58.1,yf_premarket,0.05451269329976427,0.3425,0.059256984955480506,0.2,1.5,neutral,0.009025270758122745,2.5099,2.496,0.014,steady,12:13:13,2026-07-09 12:13:13
SSTI,8.51,8.51,-0.0,0.2761,241610,1,0.3244,0.616,0.0724,61.2,yf_premarket,0.034075061399286656,0.3244,0.21891311022413265,0.2,1.5,neutral,0.0,2.5094,,,new,12:13:13,2026-07-09 12:13:13
LOB,40.18,40.37,-0.0047,0.7523,360630,2,0.2171,0.9855,0.0244,60.2,yf_premarket,0.0928455946783171,0.2171,0.07153822536076145,0.4,1.5,neutral,0.0,2.5092,,,new,12:13:13,2026-07-09 12:13:13
SNY,43.4024,42.78,0.0145,0.4497,4224880,2,0.6833,0.787,0.0184,43.1,yf_premarket,0.05550001851234773,0.6833,0.05311636475284004,0.4,0.5,weak,0.08724428399518654,2.5073,,,new,12:13:13,2026-07-09 12:13:13
BSX,44.8101,44.81,0.0,0.586,23120600,3,0.6214,1.412,0.0315,41.0,yf_premarket,0.07232157182173843,0.6214,0.0933374270801351,0.6,0.5,weak,0.0,2.498,2.5547,-0.057,steady,12:13:13,2026-07-09 12:13:13
TNK,71.71,71.69,0.0003,0.6383,457970,4,0.504,3.298,0.046,44.0,yf_premarket,0.07877621039900279,0.504,0.13785692354927848,0.8,0.5,weak,0.0018050541516245488,2.4978,,,new,12:13:13,2026-07-09 12:13:13
IMXI,14.34,14.34,-0.0,0.5681,453050,2,0.7192,0.452,0.0315,43.9,yf_premarket,0.07011243165858294,0.7192,0.0933374270801351,0.4,0.5,weak,0.0,2.4902,2.4898,0.0,steady,12:13:13,2026-07-09 12:13:13
MRVI,5.78,5.76,0.0035,0.6597,3408520,1,0.2752,0.327,0.0568,67.9,yf_premarket,0.08141730534266355,0.2752,0.17101627264353703,0.2,1.5,neutral,0.021058965102286404,2.4896,,,new,12:13:13,2026-07-09 12:13:13
LEG,10.9,11.11,-0.0189,0.8566,3441180,1,0.2869,0.381,0.0343,54.5,yf_premarket,0.10571784713737396,0.2869,0.10193429536383175,0.2,1.5,neutral,0.0,2.4833,,,new,12:13:13,2026-07-09 12:13:13
RDY,13.6,14.12,-0.0368,1.2729,3529250,2,0.1484,0.412,0.0292,58.3,yf_premarket,0.15709578288718573,0.1484,0.08627571384709856,0.4,1.5,neutral,0.0,2.4756,,,new,12:13:13,2026-07-09 12:13:13
RBB,26.62,26.21,0.0156,0.6637,281310,2,0.1348,0.7202,0.0275,54.3,yf_premarket,0.08191096794895528,0.1348,0.08105618667485416,0.4,1.5,neutral,0.09386281588447654,2.4738,,,new,12:13:13,2026-07-09 12:13:13
EPC,24.51,26.0,-0.0573,0.5906,1057580,1,0.2972,1.215,0.0467,64.8,yf_premarket,0.07288928381897392,0.2972,0.14000614062020264,0.2,1.5,neutral,0.0,2.4737,2.6251,-0.151,steady,12:13:13,2026-07-09 12:13:13
AADX,20.85,20.86,-0.0005,1.1416,1504640,3,0.5144,1.834,0.0879,45.2,yf_premarket,0.1408913078356597,0.5144,0.26650291679459626,0.6,0.5,weak,0.0,2.4734,2.5204,-0.047,steady,12:13:13,2026-07-09 12:13:13
FRO,37.9817,38.46,-0.0124,0.7327,3109060,4,0.4827,1.725,0.0449,47.1,yf_premarket,0.09042664790748763,0.4827,0.13447958243782623,0.8,0.5,weak,0.0,2.4683,2.4679,0.0,steady,12:13:13,2026-07-09 12:13:13
DOLE,13.83,14.06,-0.0164,0.5815,1355230,3,0.6125,0.3365,0.0239,45.8,yf_premarket,0.07176620138966024,0.6125,0.07000307031010132,0.6,0.5,weak,0.0,2.4677,2.4672,0.0,steady,12:13:13,2026-07-09 12:13:13
MFA,9.2576,9.27,-0.0013,0.8249,2011620,1,0.2904,0.2157,0.0233,58.0,yf_premarket,0.10180557098251199,0.2904,0.06816088424930919,0.2,1.5,neutral,0.0,2.4676,,,new,12:13:13,2026-07-09 12:13:13
QGEN,38.35,38.0,0.0092,0.9016,2782730,2,0.1442,0.7635,0.0201,56.5,yf_premarket,0.11127155145815591,0.1442,0.058335891925084433,0.4,1.5,neutral,0.05535499398315283,2.4675,2.384,0.083,steady,12:13:13,2026-07-09 12:13:13
BSAC,32.51,33.06,-0.0166,0.9475,372670,3,0.5759,0.903,0.0273,46.9,yf_premarket,0.11693632986535352,0.5759,0.08044212465459012,0.6,0.5,weak,0.0,2.4674,2.467,0.0,steady,12:13:13,2026-07-09 12:13:13
AKR,21.39,21.31,0.0038,0.7003,2055100,4,0.4886,0.3685,0.0173,46.7,yf_premarket,0.08642798079652461,0.4886,0.049739023641387776,0.8,0.5,weak,0.022864019253910954,2.466,2.5062,-0.04,steady,12:13:13,2026-07-09 12:13:13
TILE,32.45,32.14,0.0096,1.353,686770,1,0.1856,1.236,0.0385,53.0,yf_premarket,0.16698137657817763,0.1856,0.11482959778937674,0.2,1.5,neutral,0.05776173285198556,2.4657,,,new,12:13:13,2026-07-09 12:13:13
HAYW,15.92,15.85,0.0044,0.6906,3212050,0,0.3727,0.5575,0.0352,61.1,yf_premarket,0.08523084897626716,0.3727,0.10469757445501998,0.0,1.5,neutral,0.02647412755716005,2.4653,2.6282,-0.163,steady,12:13:13,2026-07-09 12:13:13
GOGO,3.52,3.55,-0.0085,0.8389,2054770,3,0.5521,0.2361,0.0665,48.8,yf_premarket,0.10353339010453305,0.5521,0.20079828062634328,0.6,0.5,weak,0.0,2.4599,2.4595,0.0,steady,12:13:13,2026-07-09 12:13:13
AMAL,45.32,45.04,0.0062,0.6819,219100,2,0.1691,1.172,0.026,55.6,yf_premarket,0.08415713280758265,0.1691,0.07645072152287381,0.4,1.5,neutral,0.03730445246690734,2.4586,2.5244,-0.066,steady,12:13:13,2026-07-09 12:13:13
MAC,24.96,24.77,0.0077,0.3798,4423940,3,0.0909,0.614,0.0248,59.1,yf_premarket,0.046873264467399756,0.0909,0.07276634940128952,0.6,1.5,neutral,0.04632972322503009,2.458,,,new,12:13:13,2026-07-09 12:13:13
FTDR,73.13,73.13,0.0,0.9293,872160,3,0.0629,2.853,0.039,58.2,yf_premarket,0.11469016500672614,0.0629,0.11636475284003686,0.6,1.5,neutral,0.0,2.456,2.4556,0.0,steady,12:13:13,2026-07-09 12:13:13
RELX,32.18,32.05,0.0041,0.8419,2895270,3,0.5659,0.65,0.0203,43.7,yf_premarket,0.10390363705925185,0.5659,0.05894995394534848,0.6,0.5,weak,0.024669073405535504,2.4541,,,new,12:13:13,2026-07-09 12:13:13
PMT,10.0501,10.45,-0.0383,0.8302,2235150,1,0.2707,0.398,0.0381,54.4,yf_premarket,0.10245967393584854,0.2707,0.11360147374884866,0.2,1.5,neutral,0.0,2.4519,,,new,12:13:13,2026-07-09 12:13:13
CCNE,32.49,32.97,-0.0146,0.9719,215360,2,0.1595,1.007,0.0305,58.1,yf_premarket,0.11994767176373307,0.1595,0.09026711697881486,0.4,1.5,neutral,0.0,2.4441,2.4436,0.001,steady,12:13:13,2026-07-09 12:13:13
SWIM,5.85,5.88,-0.0051,0.7758,935020,2,0.1616,0.2965,0.0504,60.9,yf_premarket,0.09574586249028101,0.1616,0.15136628799508753,0.4,1.5,neutral,0.0,2.4425,2.4421,0.0,steady,12:13:13,2026-07-09 12:13:13
FAST,46.7,46.51,0.0041,0.648,8044280,1,0.2727,1.165,0.025,52.7,yf_premarket,0.07997334221926024,0.2727,0.07338041142155358,0.2,1.5,neutral,0.024669073405535504,2.4391,3.0028,-0.564,fading,12:13:13,2026-07-09 12:13:13
GENB,15.8697,15.87,-0.0,0.6086,1321640,1,0.2476,1.268,0.0799,67.1,yf_premarket,0.07511076554728671,0.2476,0.2419404359840344,0.2,1.5,neutral,0.0,2.4288,2.4285,0.0,steady,12:13:13,2026-07-09 12:13:13
ASAN,7.0,7.08,-0.0113,1.0267,5967250,3,0.5305,0.3635,0.0513,44.7,yf_premarket,0.12671084946992978,0.5305,0.15412956708627573,0.6,0.5,weak,0.0,2.4281,2.4277,0.0,steady,12:13:13,2026-07-09 12:13:13
NEOG,9.25,9.26,-0.0011,0.57,2041470,3,0.5758,0.425,0.0459,49.3,yf_premarket,0.0703469213965715,0.5758,0.13754989253914648,0.6,0.5,weak,0.0,2.4259,,,new,12:13:13,2026-07-09 12:13:13
WNW,3.5571,3.54,0.0048,0.1179,419020,1,0.2526,0.3614,0.1021,50.8,yf_premarket,0.01455070532044874,0.2526,0.3101013202333436,0.2,1.5,neutral,0.02888086642599278,2.4254,,,new,12:13:13,2026-07-09 12:13:13
ZG,32.55,32.13,0.0131,0.6404,1344040,2,0.609,1.442,0.0449,43.5,yf_premarket,0.07903538326730596,0.609,0.13447958243782623,0.4,0.5,weak,0.07882069795427198,2.422,,,new,12:13:13,2026-07-09 12:13:13
SPHL,3.03,3.09,-0.0194,0.0958,1746130,3,0.5729,0.3207,0.1038,43.1,yf_premarket,0.01182321942068693,0.5729,0.31532084740558797,0.6,0.5,weak,0.0,2.4212,,,new,12:13:13,2026-07-09 12:13:13
CRON,2.75,2.75,0.0,0.5916,1017280,1,0.283,0.0845,0.0307,61.9,yf_premarket,0.07301269947054685,0.283,0.09088117899907891,0.2,1.5,neutral,0.0,2.421,2.6354,-0.214,steady,12:13:13,2026-07-09 12:13:13
CBRL,48.61,48.58,0.0006,1.0152,1191600,1,0.2203,2.766,0.0569,61.1,yf_premarket,0.12529156947684106,0.2203,0.17132330365366905,0.2,1.5,neutral,0.0036101083032490976,2.4196,2.4138,0.006,steady,12:13:13,2026-07-09 12:13:13
PRGO,10.72,10.52,0.019,0.5306,5398960,3,0.4806,0.518,0.0492,48.1,yf_premarket,0.06548434472459796,0.4806,0.14768191587350324,0.6,0.5,weak,0.11432009626955476,2.4047,,,new,12:13:13,2026-07-09 12:13:13
AOSL,39.99,37.37,0.0701,1.0559,725510,2,0.2638,3.649,0.0976,40.7,yf_premarket,0.1303145864958594,0.2638,0.29628492477740254,0.4,0.5,weak,0.42178098676293624,2.4039,2.1296,0.274,steady,12:13:13,2026-07-09 12:13:13
INTR,5.67,5.57,0.018,0.5709,5551570,2,0.5846,0.2351,0.0422,42.1,yf_premarket,0.07045799548298715,0.5846,0.1261897451642616,0.4,0.5,weak,0.10830324909747292,2.4004,2.415,-0.015,steady,12:13:13,2026-07-09 12:13:13
APAM,35.99,35.76,0.0064,0.7404,962100,2,0.6316,0.973,0.0272,44.9,yf_premarket,0.0913769484245992,0.6316,0.08013509364445809,0.4,0.5,weak,0.038507821901323715,2.3981,2.6868,-0.289,steady,12:13:13,2026-07-09 12:13:13
NERV,4.62,4.62,0.0,0.2857,581630,0,0.337,0.489,0.1058,53.5,yf_premarket,0.03525985165438681,0.337,0.32146146760822847,0.0,1.5,neutral,0.0,2.3876,,,new,12:13:13,2026-07-09 12:13:13
ARDX,5.43,5.43,0.0,0.6031,5906120,5,0.3402,0.3315,0.061,44.8,yf_premarket,0.07443197946363557,0.3402,0.18391157506908198,1.0,0.5,weak,0.0,2.384,2.3836,0.0,steady,12:13:13,2026-07-09 12:13:13
MGPI,16.41,16.41,0.0,0.6087,279630,1,0.2452,0.854,0.052,50.7,yf_premarket,0.075123107112444,0.2452,0.1562787841571999,0.2,1.5,neutral,0.0,2.3812,,,new,12:13:13,2026-07-09 12:13:13
CEPT,11.78,11.78,0.0,0.7603,1265476,3,0.5094,0.9177,0.0779,49.9,prev_close,0.09383291989090056,0.5094,0.23579981578139392,0.6,0.5,weak,0.0,2.3774,2.3771,0.0,steady,12:13:13,2026-07-09 12:13:13
GNW,9.21,9.2,0.0011,1.0257,3440140,2,0.125,0.172,0.0187,59.8,yf_premarket,0.12658743381835685,0.125,0.05403745778323611,0.4,1.5,neutral,0.006618531889290013,2.3768,2.3665,0.01,steady,12:13:13,2026-07-09 12:13:13
BANR,66.32,66.32,0.0,0.7435,294420,2,0.1566,1.188,0.0179,51.0,yf_premarket,0.0917595369444753,0.1566,0.05158120970217992,0.4,1.5,neutral,0.0,2.3766,2.3762,0.0,steady,12:13:13,2026-07-09 12:13:13
STN,69.7,69.61,0.0013,0.824,518180,3,0.5308,2.0451,0.0294,44.6,yf_premarket,0.10169449689609635,0.5308,0.0868897758673626,0.6,0.5,weak,0.007821901323706379,2.3693,2.7415,-0.372,fading,12:13:13,2026-07-09 12:13:13
BCAL,20.27,20.27,-0.0,0.5074,283200,2,0.1689,0.504,0.0249,61.4,yf_premarket,0.06262110160810593,0.1689,0.07307338041142156,0.4,1.5,neutral,0.0,2.3683,2.3678,0.001,steady,12:13:13,2026-07-09 12:13:13
FNB,18.35,18.41,-0.0033,1.3781,4693750,2,0.0923,0.362,0.0197,50.5,yf_premarket,0.17007910943265825,0.0923,0.057107767884556335,0.4,1.5,neutral,0.0,2.3683,2.3678,0.001,steady,12:13:13,2026-07-09 12:13:13
HOG,25.15,25.36,-0.0083,0.6586,3419330,3,0.5458,0.862,0.034,48.0,yf_premarket,0.08128154812593333,0.5458,0.10101320233343569,0.6,0.5,weak,0.0,2.364,2.3636,0.0,steady,12:13:13,2026-07-09 12:13:13
FCF,19.46,19.98,-0.026,0.9805,784380,2,0.1275,0.38,0.019,55.6,yf_premarket,0.1210090463672603,0.1275,0.05495855081363218,0.4,1.5,neutral,0.0,2.364,3.8636,-1.5,fading,12:13:13,2026-07-09 12:13:13
CLPT,17.49,17.29,0.0116,0.5873,717680,1,0.1673,1.277,0.0739,65.7,yf_premarket,0.07248201216878325,0.1673,0.22351857537611297,0.2,1.5,neutral,0.06979542719614922,2.3598,2.4834,-0.124,steady,12:13:13,2026-07-09 12:13:13
BWEN,4.49,4.34,0.0346,1.3397,320080,2,0.3738,0.434,0.1,42.0,yf_premarket,0.16533994841225763,0.3738,0.3036536690205711,0.4,0.5,weak,0.20818291215403129,2.3597,2.9105,-0.551,fading,12:13:13,2026-07-09 12:13:13
CCRN,13.2,13.2,0.0,0.845,484620,1,0.25,0.025,0.0019,57.1,yf_premarket,0.10428622557912794,0.25,0.0024562480810561864,0.2,1.5,neutral,0.0,2.3577,2.3572,0.0,steady,12:13:13,2026-07-09 12:13:13
SHLS,9.97,9.775,0.0199,0.7766,6439460,2,0.4966,0.8415,0.0861,48.6,yf_premarket,0.09584459501153936,0.4966,0.2609763586122198,0.4,0.5,weak,0.11973525872442842,2.3471,,,new,12:13:13,2026-07-09 12:13:13
GIII,33.73,33.8,-0.0021,1.0056,694590,2,0.6073,1.053,0.0312,43.8,yf_premarket,0.1241067792217409,0.6073,0.09241633404973902,0.4,0.5,weak,0.0,2.347,2.3465,0.001,steady,12:13:13,2026-07-09 12:13:13
UBSI,45.3,45.3,0.0,0.8632,1234180,2,0.1216,0.753,0.0166,51.9,yf_premarket,0.10653239043775531,0.1216,0.04758980657046362,0.4,1.5,neutral,0.0,2.3268,2.3264,0.0,steady,12:13:13,2026-07-09 12:13:13
PICS,11.0,10.93,0.0064,0.5944,298960,2,0.5782,0.737,0.0674,48.7,yf_premarket,0.07335826329495107,0.5782,0.20356155971753148,0.4,0.5,weak,0.038507821901323715,2.326,,,new,12:13:13,2026-07-09 12:13:13
SEVN,8.44,8.36,0.0096,0.4071,209800,2,0.1067,0.249,0.0298,54.5,yf_premarket,0.050242511755340814,0.1067,0.08811789990789069,0.4,1.5,neutral,0.05776173285198556,2.3195,,,new,12:13:13,2026-07-09 12:13:13
AAL,16.6,16.52,0.0048,1.0996,160643370,1,0.153,0.724,0.0438,58.7,yf_premarket,0.13570785046959655,0.153,0.13110224132637396,0.2,1.5,neutral,0.02888086642599278,2.3184,2.3516,-0.033,steady,12:13:13,2026-07-09 12:13:13
LXRX,2.28,2.27,0.0044,0.5659,7155830,1,0.18,0.171,0.0753,63.1,yf_premarket,0.06984091722512248,0.18,0.22781700951796133,0.2,1.5,neutral,0.02647412755716005,2.3184,,,new,12:13:13,2026-07-09 12:13:13
DAKT,20.05,20.0,0.0025,0.7707,865730,4,0.3843,1.119,0.056,47.7,yf_premarket,0.09511644266725906,0.3843,0.16856002456248084,0.8,0.5,weak,0.015042117930204574,2.3181,2.2952,0.023,steady,12:13:13,2026-07-09 12:13:13
SSYS,8.38,8.38,-0.0,0.9674,615700,2,0.5909,0.319,0.0381,42.9,yf_premarket,0.11939230133165488,0.5909,0.11360147374884866,0.4,0.5,weak,0.0,2.3177,,,new,12:13:13,2026-07-09 12:13:13
CHCT,17.8,17.89,-0.005,0.8581,228300,1,0.2132,0.3815,0.0213,54.2,yf_premarket,0.10590297061473335,0.2132,0.062020264046668716,0.2,1.5,neutral,0.0,2.3163,2.3158,0.001,steady,12:13:13,2026-07-09 12:13:13
PASG,4.82,4.82,-0.0,0.1053,253450,3,0.5083,0.5555,0.1152,41.9,yf_premarket,0.01299566811062979,0.5083,0.35032238256063863,0.6,0.5,weak,0.0,2.3113,,,new,12:13:13,2026-07-09 12:13:13
WASH,34.83,34.99,-0.0046,0.6263,214920,2,0.1299,0.794,0.0227,52.9,yf_premarket,0.07729522258012761,0.1299,0.06631869818851704,0.4,1.5,neutral,0.0,2.3089,,,new,12:13:13,2026-07-09 12:13:13
HOMB,27.95,28.21,-0.0092,0.873,2412520,2,0.1069,0.496,0.0176,52.4,yf_premarket,0.10774186382317005,0.1069,0.050660116671783856,0.4,1.5,neutral,0.0,2.3007,2.3831,-0.082,steady,12:13:13,2026-07-09 12:13:13
PRAA,17.51,17.51,-0.0,0.7464,577840,2,0.0963,0.804,0.0459,63.3,yf_premarket,0.09211744233403679,0.0963,0.13754989253914648,0.4,1.5,neutral,0.0,2.2996,,,new,12:13:13,2026-07-09 12:13:13
DHC,9.13,9.03,0.0111,0.8038,1955530,1,0.1486,0.307,0.034,55.9,yf_premarket,0.09920150073432311,0.1486,0.10101320233343569,0.2,1.5,neutral,0.06678700361010831,2.2967,2.8288,-0.532,fading,12:13:13,2026-07-09 12:13:13
FFIN,33.93,33.98,-0.0015,0.7554,1334810,1,0.208,0.796,0.0234,54.4,yf_premarket,0.09322818319819319,0.208,0.06846791525944121,0.2,1.5,neutral,0.0,2.2901,2.2896,0.0,steady,12:13:13,2026-07-09 12:13:13
RKT,14.21,14.16,0.0035,0.8356,39150430,1,0.1556,0.8595,0.0607,51.7,yf_premarket,0.10312611845434237,0.1556,0.18299048203868593,0.2,1.5,neutral,0.021058965102286404,2.289,,,new,12:13:13,2026-07-09 12:13:13
CIVB,27.3,27.42,-0.0044,0.7512,206460,2,0.1009,0.823,0.03,54.5,yf_premarket,0.09270983746158687,0.1009,0.08873196192815475,0.4,1.5,neutral,0.0,2.2852,2.2848,0.0,steady,12:13:13,2026-07-09 12:13:13
ASIX,20.48,20.48,0.0,0.6769,296330,2,0.6031,0.7331,0.0358,42.7,yf_premarket,0.08354005454971798,0.6031,0.10653976051581211,0.4,0.5,weak,0.0,2.2848,2.2844,0.0,steady,12:13:13,2026-07-09 12:13:13
RRGB,6.57,6.57,-0.0,0.5462,370560,0,0.2716,0.605,0.0921,55.6,yf_premarket,0.06740962888913572,0.2716,0.27939821922014124,0.0,1.5,neutral,0.0,2.284,,,new,12:13:13,2026-07-09 12:13:13
EBF,20.78,21.11,-0.0156,0.6456,220580,1,0.2136,0.503,0.0238,56.7,yf_premarket,0.0796771446554852,0.2136,0.0696960392999693,0.2,1.5,neutral,0.0,2.2816,2.2811,0.001,steady,12:13:13,2026-07-09 12:13:13
CVNA,66.26,66.36,-0.0015,0.7494,13501220,3,0.4778,3.8313,0.0577,44.5,yf_premarket,0.09248768928875559,0.4778,0.17377955173472523,0.6,0.5,weak,0.0,2.2812,2.3459,-0.065,steady,12:13:13,2026-07-09 12:13:13
BUSE,28.71,28.67,0.0014,1.0459,1062280,1,0.1704,0.611,0.0213,53.6,yf_premarket,0.12908042998013008,0.1704,0.062020264046668716,0.2,1.5,neutral,0.008423586040914562,2.2781,2.265,0.013,steady,12:13:13,2026-07-09 12:13:13
LOAR,71.75,72.16,-0.0057,1.0113,1033270,2,0.0618,3.2027,0.0444,58.9,yf_premarket,0.12481024843570662,0.0618,0.13294442738716614,0.4,1.5,neutral,0.0,2.2773,,,new,12:13:13,2026-07-09 12:13:13
ALC,66.3711,66.56,-0.0028,1.3156,2132970,1,0.1518,1.3685,0.0206,52.8,yf_premarket,0.16236563120934996,0.1518,0.05987104697574455,0.2,1.5,neutral,0.0,2.2771,2.2767,0.0,steady,12:13:13,2026-07-09 12:13:13
VNET,8.3111,8.33,-0.0023,0.9451,5707150,2,0.5511,0.547,0.0657,42.9,yf_premarket,0.11664013230157849,0.5511,0.19834203254528704,0.4,0.5,weak,0.0,2.2763,,,new,12:13:13,2026-07-09 12:13:13
OSBC,22.83,22.71,0.0053,0.7012,466650,1,0.1842,0.465,0.0205,59.0,yf_premarket,0.08653905488294025,0.1842,0.05956401596561253,0.2,1.5,neutral,0.031889290012033694,2.2758,,,new,12:13:13,2026-07-09 12:13:13
WWW,16.5,16.75,-0.0149,0.7209,953670,3,0.4889,0.7036,0.042,43.7,yf_premarket,0.08897034321892702,0.4889,0.12557568314399756,0.6,0.5,weak,0.0,2.274,,,new,12:13:13,2026-07-09 12:13:13
TOWN,35.06,35.43,-0.0104,0.7851,779560,1,0.1994,0.677,0.0191,56.4,yf_premarket,0.09689362804990928,0.1994,0.0552655818237642,0.2,1.5,neutral,0.0,2.2718,,,new,12:13:13,2026-07-09 12:13:13
NPB,18.14,18.14,0.0,0.573,289720,2,0.108,0.5839,0.0322,55.6,yf_premarket,0.0707171683512903,0.108,0.09548664415105926,0.4,1.5,neutral,0.0,2.2698,,,new,12:13:13,2026-07-09 12:13:13
CFFN,8.29,8.21,0.0097,0.9141,861310,2,0.04,0.182,0.0222,51.6,yf_premarket,0.11281424710281758,0.04,0.06478354313785693,0.4,1.5,neutral,0.05836341756919375,2.2692,2.3487,-0.079,steady,12:13:13,2026-07-09 12:13:13
CTRN,56.24,56.24,-0.0,0.2774,309290,1,0.2097,3.66,0.0651,51.0,yf_premarket,0.03423550174633146,0.2097,0.19649984648449495,0.2,1.5,neutral,0.0,2.269,2.2686,0.0,steady,12:13:13,2026-07-09 12:13:13
TATT,43.91,43.87,0.0009,0.3436,333240,1,0.201,2.686,0.0612,52.0,yf_premarket,0.0424056178804596,0.201,0.18452563708934602,0.2,1.5,neutral,0.005415162454873647,2.266,,,new,12:13:13,2026-07-09 12:13:13
LUV,48.17,48.66,-0.0101,0.8309,6839080,1,0.1813,1.622,0.0333,55.7,yf_premarket,0.10254606489194959,0.1813,0.09886398526251154,0.2,1.5,neutral,0.0,2.2659,,,new,12:13:13,2026-07-09 12:13:13
MLCO,5.3,5.25,0.0095,2.2771,3615100,2,0.4,0.203,0.0387,44.4,yf_premarket,0.28102978019672453,0.4,0.11544365980964078,0.4,0.5,weak,0.05716004813477738,2.265,,,new,12:13:13,2026-07-09 12:13:13
BY,36.57,36.6,-0.0008,0.7933,483290,1,0.1891,0.8056,0.022,63.5,yf_premarket,0.09790563639280733,0.1891,0.06416948111759288,0.2,1.5,neutral,0.0,2.2571,2.2567,0.0,steady,12:13:13,2026-07-09 12:13:13
FENC,10.25,10.25,0.0,0.5426,286590,1,0.1908,0.5055,0.0493,68.1,yf_premarket,0.06696533254347316,0.1908,0.14798894688363526,0.2,1.5,neutral,0.0,2.256,2.2556,0.0,steady,12:13:13,2026-07-09 12:13:13
JCAP,18.14,17.85,0.0162,0.4085,417890,1,0.1362,0.7287,0.0408,58.4,yf_premarket,0.05041529366754291,0.1362,0.12189131102241328,0.2,1.5,neutral,0.09747292418772563,2.2552,2.4279,-0.173,steady,12:13:13,2026-07-09 12:13:13
HBNC,19.4,19.3,0.0052,0.5146,1089190,2,0.0894,0.4013,0.0208,50.3,yf_premarket,0.06350969429943104,0.0894,0.0604851089960086,0.4,1.5,neutral,0.031287605294825514,2.2512,2.3064,-0.055,steady,12:13:13,2026-07-09 12:13:13
CWK,13.42,13.42,-0.0,0.6283,2830640,3,0.4895,0.466,0.0347,49.7,yf_premarket,0.07754205388327347,0.4895,0.10316241940435986,0.6,0.5,weak,0.0,2.2469,2.2465,0.0,steady,12:13:13,2026-07-09 12:13:13
CARE,31.55,31.58,-0.0009,0.7387,513850,2,0.0775,1.043,0.033,59.5,yf_premarket,0.09116714181692522,0.0775,0.09794289223211546,0.4,1.5,neutral,0.0,2.2407,2.2403,0.0,steady,12:13:13,2026-07-09 12:13:13
CBU,65.19,65.31,-0.0018,0.6656,435270,1,0.1918,1.496,0.0229,57.9,yf_premarket,0.08214545768694385,0.1918,0.06693276020878108,0.2,1.5,neutral,0.0,2.2403,2.2399,0.0,steady,12:13:13,2026-07-09 12:13:13
IIIN,28.89,28.98,-0.0031,1.0412,312040,1,0.1523,0.839,0.029,53.2,yf_premarket,0.1285003764177373,0.1523,0.08566165182683452,0.2,1.5,neutral,0.0,2.2402,2.2398,0.0,steady,12:13:13,2026-07-09 12:13:13
IBN,28.79,28.85,-0.0021,1.1441,7861950,2,0.0548,0.375,0.013,57.0,yf_premarket,0.14119984696459204,0.0548,0.03653669020571078,0.4,1.5,neutral,0.0,2.2397,2.2392,0.001,steady,12:13:13,2026-07-09 12:13:13
AIN,71.31,71.31,0.0,0.8228,286110,1,0.1653,2.536,0.0356,53.3,yf_premarket,0.10154639811420883,0.1653,0.10592569849554806,0.2,1.5,neutral,0.0,2.2359,2.2355,0.0,steady,12:13:13,2026-07-09 12:13:13
INMD,14.46,14.46,-0.0,0.4559,987930,2,0.1098,0.3065,0.0212,66.8,yf_premarket,0.05626519555209992,0.1098,0.06171323303653669,0.4,1.5,neutral,0.0,2.2349,2.4256,-0.191,steady,12:13:13,2026-07-09 12:13:13
GOOS,9.56,9.43,0.0138,0.9116,484300,3,0.3972,0.2794,0.0296,40.7,yf_premarket,0.11250570797388523,0.3972,0.08750383788762665,0.6,0.5,weak,0.08303249097472924,2.2315,2.3568,-0.125,steady,12:13:13,2026-07-09 12:13:13
EFSC,63.96,64.25,-0.0045,0.8716,311610,1,0.1696,1.319,0.0205,57.4,yf_premarket,0.10756908191096795,0.1696,0.05956401596561253,0.2,1.5,neutral,0.0,2.2303,2.2299,0.0,steady,12:13:13,2026-07-09 12:13:13
MH,9.95,9.9,0.0051,0.4487,1387010,3,0.4508,0.6483,0.0655,45.6,yf_premarket,0.055376602860774796,0.4508,0.19772797052502303,0.6,0.5,weak,0.030685920577617334,2.2296,,,new,12:13:13,2026-07-09 12:13:13
RRC,36.52,37.24,-0.0193,0.893,3382260,2,0.5647,0.881,0.0237,48.3,yf_premarket,0.1102101768546287,0.5647,0.06938900828983727,0.4,0.5,weak,0.0,2.2294,,,new,12:13:13,2026-07-09 12:13:13
MGY,26.53,26.32,0.008,0.5878,3446910,3,0.4474,0.86,0.0327,43.4,yf_premarket,0.07254371999456971,0.4474,0.09702179920171938,0.6,0.5,weak,0.048134777376654635,2.2243,,,new,12:13:13,2026-07-09 12:13:13
NEWT,14.06,14.06,-0.0,0.7366,377120,1,0.1634,0.558,0.0397,54.0,yf_premarket,0.09090796894862206,0.1634,0.11851396991096101,0.2,1.5,neutral,0.0,2.2224,,,new,12:13:13,2026-07-09 12:13:13
HFWA,28.7,28.7,-0.0,0.6567,388320,2,0.0784,0.753,0.0262,54.1,yf_premarket,0.08104705838794475,0.0784,0.07706478354313787,0.4,1.5,neutral,0.0,2.2169,2.2165,0.0,steady,12:13:13,2026-07-09 12:13:13
TWIN,21.83,21.25,0.0273,0.2919,306950,1,0.058,1.39,0.0654,58.7,yf_premarket,0.03602502869413899,0.058,0.197420939514891,0.2,1.5,neutral,0.16425992779783397,2.2151,1.9684,0.247,steady,12:13:13,2026-07-09 12:13:13
SNDR,36.49,35.95,0.015,1.0252,884990,2,0.4693,1.1925,0.0332,41.0,yf_premarket,0.12652572599257036,0.4693,0.09855695425237951,0.4,0.5,weak,0.09025270758122744,2.213,2.1048,0.108,steady,12:13:13,2026-07-09 12:13:13
ONON,36.3,36.38,-0.0022,0.6651,5100140,3,0.4634,1.5085,0.0415,42.7,yf_premarket,0.08208374986115739,0.4634,0.12404052809333745,0.6,0.5,weak,0.0,2.2119,,,new,12:13:13,2026-07-09 12:13:13
STBA,48.02,48.15,-0.0027,0.8539,276370,2,0.0586,1.113,0.0231,56.1,yf_premarket,0.10538462487812704,0.0586,0.06754682222904514,0.4,1.5,neutral,0.0,2.2091,,,new,12:13:13,2026-07-09 12:13:13
PBI,17.39,17.31,0.0046,0.7261,3057730,3,0.4371,0.665,0.0384,47.2,yf_premarket,0.08961210460710627,0.4371,0.1145225667792447,0.6,0.5,weak,0.027677496991576414,2.2074,,,new,12:13:13,2026-07-09 12:13:13
CVEO,32.59,32.03,0.0175,0.7486,314340,2,0.4633,1.721,0.0537,44.4,yf_premarket,0.09238895676749725,0.4633,0.16149831132944428,0.4,0.5,weak,0.10529482551143203,2.2039,2.3905,-0.187,steady,12:13:13,2026-07-09 12:13:13
AVBC,20.44,20.24,0.0099,0.1789,323160,1,0.1672,0.6325,0.0312,52.5,yf_premarket,0.02207906006639762,0.1672,0.09241633404973902,0.2,1.5,neutral,0.059566787003610115,2.2031,2.1133,0.09,steady,12:13:13,2026-07-09 12:13:13
NKE,42.8096,42.89,-0.0019,0.5627,37455920,2,0.5734,1.481,0.0345,40.8,yf_premarket,0.0694459871400891,0.5734,0.10254835738409582,0.4,0.5,weak,0.0,2.2022,2.2018,0.0,steady,12:13:13,2026-07-09 12:13:13
GXO,49.89,49.88,0.0002,1.6824,1356180,3,0.3682,1.7557,0.0352,49.7,yf_premarket,0.2076344922063016,0.3682,0.10469757445501998,0.6,0.5,weak,0.001203369434416366,2.202,2.1998,0.002,steady,12:13:13,2026-07-09 12:13:13
BBCP,11.02,11.02,-0.0,0.5556,338940,1,0.1643,0.5113,0.0464,55.4,yf_premarket,0.06856973601392127,0.1643,0.13908504758980658,0.2,1.5,neutral,0.0,2.201,2.2006,0.0,steady,12:13:13,2026-07-09 12:13:13
HSAI,16.31,16.37,-0.0037,0.8879,2484190,3,0.4218,1.0009,0.0611,45.5,yf_premarket,0.10958075703160675,0.4218,0.18421860607921403,0.6,0.5,weak,0.0,2.2001,2.1997,0.0,steady,12:13:13,2026-07-09 12:13:13
LZB,38.42,38.42,0.0,0.6253,726710,1,0.1677,1.21,0.0315,63.7,yf_premarket,0.07717180692855467,0.1677,0.0933374270801351,0.2,1.5,neutral,0.0,2.1978,,,new,12:13:13,2026-07-09 12:13:13
LESL,7.01,7.135,-0.0175,0.8254,375470,1,0.0218,1.4076,0.1973,50.4,yf_premarket,0.10186727880829846,0.0218,0.6023948418790298,0.2,1.5,neutral,0.0,2.1976,,,new,12:13:13,2026-07-09 12:13:13
HOPE,13.13,13.13,-0.0,1.1751,1517850,1,0.1238,0.283,0.0216,51.9,yf_premarket,0.14502573216335296,0.1238,0.06294135707706479,0.2,1.5,neutral,0.0,2.1966,2.1962,0.0,steady,12:13:13,2026-07-09 12:13:13
SLM,23.5,23.9,-0.0167,1.0177,3307590,0,0.2268,0.875,0.0366,61.6,yf_premarket,0.1256001086057734,0.2268,0.1089960085968683,0.0,1.5,neutral,0.0,2.1965,,,new,12:13:13,2026-07-09 12:13:13
MCFT,23.49,23.49,0.0,0.5953,211980,1,0.1534,1.222,0.052,53.7,yf_premarket,0.07346933738136671,0.1534,0.1562787841571999,0.2,1.5,neutral,0.0,2.1951,,,new,12:13:13,2026-07-09 12:13:13
MSBI,29.52,29.65,-0.0044,0.6207,226200,2,0.069,0.8423,0.0284,50.7,yf_premarket,0.07660409493131919,0.069,0.08381946576604238,0.4,1.5,neutral,0.0,2.1948,,,new,12:13:13,2026-07-09 12:13:13
BBDC,8.39,8.36,0.0036,1.2651,702090,2,0.5,0.152,0.0182,47.8,yf_premarket,0.15613314080491686,0.5,0.052502302732575994,0.4,0.5,weak,0.021660649819494587,2.1929,2.16,0.033,steady,12:13:13,2026-07-09 12:13:13
ARCC,18.42,18.38,0.0022,0.9386,5222590,2,0.5364,0.298,0.0162,44.3,yf_premarket,0.11583793056635441,0.5364,0.04636168252993552,0.4,0.5,weak,0.013237063778580025,2.1896,2.2343,-0.045,steady,12:13:13,2026-07-09 12:13:13
AUB,40.95,40.68,0.0066,0.815,1611850,1,0.1224,0.933,0.0229,56.7,yf_premarket,0.10058375603193996,0.1224,0.06693276020878108,0.2,1.5,neutral,0.039711191335740074,2.1887,2.2154,-0.027,steady,12:13:13,2026-07-09 12:13:13
BFST,29.56,29.64,-0.0027,0.5945,352390,2,0.0678,0.7505,0.0253,58.0,yf_premarket,0.07337060486010835,0.0678,0.07430150445194965,0.4,1.5,neutral,0.0,2.1828,2.1824,0.0,steady,12:13:13,2026-07-09 12:13:13
JMIA,6.82,6.81,0.0015,0.8123,1693240,2,0.5113,0.3749,0.0551,43.6,yf_premarket,0.10025053377269305,0.5113,0.16579674547129264,0.4,0.5,weak,0.009025270758122745,2.1694,,,new,12:13:13,2026-07-09 12:13:13
LIND,25.59,25.6,-0.0004,0.4677,1412810,1,0.1555,1.208,0.0472,58.2,yf_premarket,0.05772150024066052,0.1555,0.14154129567086277,0.2,1.5,neutral,0.0,2.1684,,,new,12:13:13,2026-07-09 12:13:13
CSGP,29.19,29.34,-0.0051,0.8064,6326330,3,0.428,1.203,0.041,40.4,yf_premarket,0.09952238142841274,0.428,0.12250537304267733,0.6,0.5,weak,0.0,2.1665,2.1661,0.0,steady,12:13:13,2026-07-09 12:13:13
SNN,29.82,29.95,-0.0043,0.6007,1637010,2,0.5628,0.588,0.0196,45.7,yf_premarket,0.07413578189986053,0.5628,0.056800736874424315,0.4,0.5,weak,0.0,2.1652,,,new,12:13:13,2026-07-09 12:13:13
TBPH,17.0,17.0,0.0,0.3596,1246280,2,0.0864,0.2757,0.0162,57.6,yf_premarket,0.04438026830562651,0.0864,0.04636168252993552,0.4,1.5,neutral,0.0,2.1626,2.1621,0.0,steady,12:13:13,2026-07-09 12:13:13
TRN,34.44,34.15,0.0085,1.0722,894540,3,0.3672,1.201,0.0352,44.2,yf_premarket,0.13232626161649821,0.3672,0.10469757445501998,0.6,0.5,weak,0.051143200962695555,2.162,,,new,12:13:13,2026-07-09 12:13:13
APG,41.44,41.47,-0.0007,0.7454,3368510,3,0.4358,1.4179,0.0342,44.2,yf_premarket,0.09199402668246386,0.4358,0.10162726435369974,0.6,0.5,weak,0.0,2.1604,2.16,0.0,steady,12:13:13,2026-07-09 12:13:13
FRME,42.08,42.15,-0.0017,0.7278,543830,1,0.1439,1.044,0.0248,56.4,yf_premarket,0.08982191121478025,0.1439,0.07276634940128952,0.2,1.5,neutral,0.0,2.1589,2.1585,0.0,steady,12:13:13,2026-07-09 12:13:13
FND,53.8,53.96,-0.003,0.8076,2878170,0,0.2172,2.4152,0.0448,53.1,yf_premarket,0.09967048021030027,0.2172,0.13417255142769421,0.0,1.5,neutral,0.0,2.151,2.4541,-0.303,fading,12:13:13,2026-07-09 12:13:13
EXTR,31.52,31.12,0.0129,0.6107,2429040,2,0.4706,1.636,0.0526,48.2,yf_premarket,0.07536993841558987,0.4706,0.15812097021799204,0.4,0.5,weak,0.0776173285198556,2.1497,2.0329,0.117,steady,12:13:13,2026-07-09 12:13:13
MRP,28.47,28.18,0.0103,0.6569,1722270,1,0.0975,0.6793,0.0241,52.0,yf_premarket,0.08107174151825934,0.0975,0.07061713233036537,0.2,1.5,neutral,0.06197352587244285,2.1449,,,new,12:13:13,2026-07-09 12:13:13
WEN,7.43,7.45,-0.0027,0.2342,56849790,1,0.1031,0.946,0.127,55.4,yf_premarket,0.028903945598380783,0.1031,0.38655204175621743,0.2,1.5,neutral,0.0,2.1428,,,new,12:13:13,2026-07-09 12:13:13
CALX,37.25,37.77,-0.0138,0.6786,1367600,1,0.6312,1.371,0.0363,47.5,yf_premarket,0.08374986115739197,0.6312,0.10807491556647222,0.2,0.5,weak,0.0,2.1421,2.4866,-0.344,fading,12:13:13,2026-07-09 12:13:13
FDP,28.33,28.33,0.0,0.9681,493558,2,0.5026,0.9663,0.0341,47.0,prev_close,0.11947869228775593,0.5026,0.10132023334356771,0.4,0.5,weak,0.0,2.1351,2.1347,0.0,steady,12:13:13,2026-07-09 12:13:13
ASTE,54.98,55.12,-0.0025,0.9425,240000,1,0.0977,2.381,0.0432,56.0,yf_premarket,0.11631925160748885,0.0977,0.12926005526558185,0.2,1.5,neutral,0.0,2.1345,2.1341,0.0,steady,12:13:13,2026-07-09 12:13:13
OCFC,18.85,18.65,0.0107,0.5747,1418810,1,0.0956,0.445,0.0239,55.8,yf_premarket,0.07092697495896429,0.0956,0.07000307031010132,0.2,1.5,neutral,0.06438026474127558,2.1292,,,new,12:13:13,2026-07-09 12:13:13
NIO,4.8802,4.9,-0.004,0.6726,26387820,2,0.5217,0.186,0.038,46.3,yf_premarket,0.08300936724795438,0.5217,0.11329444273871662,0.4,0.5,weak,0.0,2.1246,,,new,12:13:13,2026-07-09 12:13:13
OPRT,5.41,5.46,-0.0092,0.8676,549440,1,0.0959,0.2405,0.044,57.8,yf_premarket,0.10707541930467622,0.0959,0.131716303346638,0.2,1.5,neutral,0.0,2.1183,2.6225,-0.504,fading,12:13:13,2026-07-09 12:13:13
ERII,8.65,8.62,0.0035,0.8302,794990,1,0.0896,0.295,0.0342,50.8,yf_premarket,0.10245967393584854,0.0896,0.10162726435369974,0.2,1.5,neutral,0.021058965102286404,2.1153,2.2666,-0.151,steady,12:13:13,2026-07-09 12:13:13
AVBH,32.14,32.14,0.0,0.5108,252940,1,0.1356,0.886,0.0276,50.5,yf_premarket,0.06304071482345391,0.1356,0.08136321768498618,0.2,1.5,neutral,0.0,2.1064,2.106,0.0,steady,12:13:13,2026-07-09 12:13:13
BMBL,2.98,3.0,-0.0067,0.3925,5059970,2,0.5055,0.2315,0.0772,47.5,yf_premarket,0.048440643242376,0.5055,0.23365059871046978,0.4,0.5,weak,0.0,2.1005,2.1001,0.0,steady,12:13:13,2026-07-09 12:13:13
KBH,56.75,56.35,0.0071,0.8191,1705950,1,0.0582,2.558,0.0454,55.2,yf_premarket,0.101089760203389,0.0582,0.13601473748848636,0.2,1.5,neutral,0.042719614921780995,2.1001,,,new,12:13:13,2026-07-09 12:13:13
RXO,26.95,26.86,0.0034,0.5806,1704920,2,0.4934,1.2769,0.0475,47.8,yf_premarket,0.0716551273032446,0.4934,0.14246238870125885,0.4,0.5,weak,0.02045728038507822,2.0962,,,new,12:13:13,2026-07-09 12:13:13
OPCH,21.59,21.47,0.0056,0.8633,2745180,3,0.3672,0.707,0.0329,48.6,yf_premarket,0.1065447320029126,0.3672,0.09763586122198344,0.6,0.5,weak,0.03369434416365825,2.0936,,,new,12:13:13,2026-07-09 12:13:13
SHBI,22.17,22.22,-0.0023,0.7918,282270,1,0.1053,0.53,0.0239,50.6,yf_premarket,0.09772051291544792,0.1053,0.07000307031010132,0.2,1.5,neutral,0.0,2.0922,2.0918,0.0,steady,12:13:13,2026-07-09 12:13:13
NWBI,14.83,14.78,0.0034,0.813,1499590,1,0.0921,0.268,0.0181,54.0,yf_premarket,0.10033692472879409,0.0921,0.052195271722443974,0.2,1.5,neutral,0.02045728038507822,2.0915,,,new,12:13:13,2026-07-09 12:13:13
FPI,9.65,9.59,0.0063,0.7884,557980,4,0.2814,0.1716,0.0179,46.1,yf_premarket,0.09730089970009996,0.2814,0.05158120970217992,0.8,0.5,weak,0.03790613718411553,2.0914,2.0341,0.057,steady,12:13:13,2026-07-09 12:13:13
GBDC,12.75,12.75,0.0,0.623,1354810,1,0.6235,0.221,0.0173,49.3,yf_premarket,0.07688795092993693,0.6235,0.049739023641387776,0.2,0.5,weak,0.0,2.0872,2.0868,0.0,steady,12:13:13,2026-07-09 12:13:13
WYHG,4.0,3.83,0.0444,0.0467,297740,3,0.1032,0.9262,0.2418,48.2,yf_premarket,0.005763510928455946,0.1032,0.7390236413877802,0.6,0.5,weak,0.26714801444043323,2.0853,,,new,12:13:13,2026-07-09 12:13:13
IXHL,3.43,3.38,0.0148,1.4026,320130,2,0.3246,0.3144,0.093,41.9,yf_premarket,0.1731027928961951,0.3246,0.2821614983113294,0.4,0.5,weak,0.08904933814681108,2.0835,2.125,-0.042,steady,12:13:13,2026-07-09 12:13:13
TCBK,52.58,52.43,0.0029,0.7521,254360,1,0.094,1.081,0.0206,54.8,yf_premarket,0.09282091154800251,0.094,0.05987104697574455,0.2,1.5,neutral,0.017448856799037304,2.0833,,,new,12:13:13,2026-07-09 12:13:13
TRT,11.2801,10.85,0.0396,0.9355,451830,1,0.3414,1.203,0.1109,42.6,yf_premarket,0.11545534204647832,0.3414,0.33712004912496163,0.2,0.5,weak,0.23826714801444046,2.0819,,,new,12:13:13,2026-07-09 12:13:13
ORC,6.77,6.74,0.0045,0.6812,5806230,0,0.1934,0.1273,0.0189,58.5,yf_premarket,0.0840707418514816,0.1934,0.05465151980350016,0.0,1.5,neutral,0.02707581227436823,2.0808,,,new,12:13:13,2026-07-09 12:13:13
FBNC,62.29,62.29,-0.0,0.5717,356510,1,0.1192,1.4911,0.0239,58.9,yf_premarket,0.07055672800424549,0.1192,0.07000307031010132,0.2,1.5,neutral,0.0,2.0792,2.0788,0.0,steady,12:13:13,2026-07-09 12:13:13
SFNC,22.24,22.24,0.0,0.7117,1634550,1,0.1077,0.447,0.0201,52.6,yf_premarket,0.08783491922445603,0.1077,0.058335891925084433,0.2,1.5,neutral,0.0,2.0763,,,new,12:13:13,2026-07-09 12:13:13
MRTN,17.18,17.18,-0.0,0.592,935910,3,0.4111,0.489,0.0285,46.7,yf_premarket,0.07306206573117602,0.4111,0.0841264967761744,0.6,0.5,weak,0.0,2.0739,,,new,12:13:13,2026-07-09 12:13:13
CNMD,33.01,33.59,-0.0173,0.9886,539630,3,0.359,1.619,0.0482,46.8,yf_premarket,0.12200871314500104,0.359,0.14461160577218302,0.6,0.5,weak,0.0,2.0733,2.3016,-0.228,steady,12:13:13,2026-07-09 12:13:13
STWD,16.56,16.45,0.0067,0.758,4161650,2,0.4738,0.2519,0.0153,49.1,yf_premarket,0.09354906389228282,0.4738,0.04359840343874731,0.4,0.5,weak,0.04031287605294826,2.0702,,,new,12:13:13,2026-07-09 12:13:13
ORMP,4.2103,4.29,-0.0186,0.2367,848020,0,0.1892,0.4,0.0932,61.4,yf_premarket,0.029212484727313116,0.1892,0.2827755603315935,0.0,1.5,neutral,0.0,2.0636,2.0633,0.0,steady,12:13:13,2026-07-09 12:13:13
PZZA,34.0,33.89,0.0032,0.8631,805110,1,0.0556,1.398,0.0413,54.4,yf_premarket,0.10652004887259801,0.0556,0.12342646607307341,0.2,1.5,neutral,0.019253910950661857,2.0616,,,new,12:13:13,2026-07-09 12:13:13
DEI,11.71,11.68,0.0026,0.9192,2379070,3,0.355,0.4266,0.0365,45.9,yf_premarket,0.11344366692583953,0.355,0.10868897758673626,0.6,0.5,weak,0.015643802647412757,2.058,2.0676,-0.01,steady,12:13:13,2026-07-09 12:13:13
ACM,68.85,67.89,0.0141,0.7474,1934210,3,0.32,2.1723,0.032,40.6,yf_premarket,0.09224085798560973,0.32,0.09487258213079522,0.6,0.5,weak,0.08483754512635379,2.0531,1.9569,0.096,steady,12:13:13,2026-07-09 12:13:13
NBHC,43.42,43.14,0.0065,0.6034,518220,1,0.0709,0.854,0.0198,51.4,yf_premarket,0.07446900415910745,0.0709,0.05741479889468837,0.2,1.5,neutral,0.03910950661853189,2.0409,,,new,12:13:13,2026-07-09 12:13:13
CCS,63.62,63.62,0.0,0.9539,401070,1,0.0437,3.0087,0.0473,55.1,yf_premarket,0.11772619003542029,0.0437,0.1418483266809948,0.2,1.5,neutral,0.0,2.0349,2.0345,0.0,steady,12:13:13,2026-07-09 12:13:13
MTH,75.0,74.58,0.0056,1.0338,1037410,1,0.0173,2.862,0.0384,50.5,yf_premarket,0.1275871005960976,0.0173,0.1145225667792447,0.2,1.5,neutral,0.03369434416365825,2.0338,,,new,12:13:13,2026-07-09 12:13:13
TMDX,70.42,70.44,-0.0003,0.6772,1269990,3,0.3632,3.7603,0.0534,42.1,yf_premarket,0.08357707924518987,0.3632,0.16057721829904822,0.6,0.5,weak,0.0,2.0321,2.1184,-0.086,steady,12:13:13,2026-07-09 12:13:13
LODE,4.055,4.1,-0.011,0.465,2169470,2,0.4655,0.297,0.0724,46.1,yf_premarket,0.057388277981413605,0.4655,0.21891311022413265,0.4,0.5,weak,0.0,2.0265,,,new,12:13:13,2026-07-09 12:13:13
MDLZ,59.4,59.48,-0.0013,0.8537,10435670,3,0.362,1.5908,0.0267,42.7,yf_premarket,0.10535994174781245,0.362,0.07859993859379798,0.6,0.5,weak,0.0,2.0213,,,new,12:13:13,2026-07-09 12:13:13
NBBK,20.4,20.4,0.0,0.8079,308950,1,0.0667,0.519,0.0254,50.0,yf_premarket,0.09970750490577214,0.0667,0.07460853546208167,0.2,1.5,neutral,0.0,2.0203,,,new,12:13:13,2026-07-09 12:13:13
GNLX,2.9,2.96,-0.0203,0.8683,206620,2,0.4359,0.1693,0.0572,46.2,yf_premarket,0.10716181026077726,0.4359,0.1722443966840651,0.4,0.5,weak,0.0,2.0187,2.0183,0.0,steady,12:13:13,2026-07-09 12:13:13
GRDN,39.81,40.39,-0.0144,0.9607,585220,2,0.4267,2.3182,0.0574,43.7,yf_premarket,0.11856541646611622,0.4267,0.17285845870432914,0.4,0.5,weak,0.0,2.0177,2.0173,0.0,steady,12:13:13,2026-07-09 12:13:13
SEDG,53.73,52.41,0.0252,1.2603,2711670,1,0.3533,5.0725,0.0968,43.8,yf_premarket,0.15554074567736678,0.3533,0.2938286766963463,0.2,0.5,weak,0.1516245487364621,2.0143,,,new,12:13:13,2026-07-09 12:13:13
HAFC,31.16,31.6,-0.0139,0.7308,275190,1,0.0732,0.638,0.0202,53.3,yf_premarket,0.09019215816949905,0.0732,0.05864292293521645,0.2,1.5,neutral,0.0,2.011,2.0106,0.0,steady,12:13:13,2026-07-09 12:13:13
COLM,62.8,62.63,0.0027,0.8516,516690,2,0.4401,2.01,0.0321,41.2,yf_premarket,0.1051007688795093,0.4401,0.09517961314092722,0.4,0.5,weak,0.01624548736462094,2.0098,2.0382,-0.028,steady,12:13:13,2026-07-09 12:13:13
DHT,17.69,17.72,-0.0017,0.6594,4257970,3,0.3584,0.817,0.0461,44.9,yf_premarket,0.08138028064719167,0.3584,0.13816395455941052,0.6,0.5,weak,0.0,2.008,2.0076,0.0,steady,12:13:13,2026-07-09 12:13:13
BDN,3.12,3.07,0.0163,0.8314,2172600,3,0.2802,0.0938,0.0306,46.7,yf_premarket,0.10260777271773606,0.2802,0.09057414798894688,0.6,0.5,weak,0.09807460890493382,2.0067,2.3736,-0.367,fading,12:13:13,2026-07-09 12:13:13
MANU,21.88,21.85,0.0014,0.929,288710,3,0.3359,0.717,0.0328,44.4,yf_premarket,0.11465314031125427,0.3359,0.09732883021185142,0.6,0.5,weak,0.008423586040914562,2.0051,,,new,12:13:13,2026-07-09 12:13:13
ONL,2.78,2.79,-0.0036,0.1726,1022010,2,0.5033,0.1225,0.0439,49.3,yf_premarket,0.021301541461488147,0.5033,0.131409272336506,0.4,0.5,weak,0.0,2.0043,,,new,12:13:13,2026-07-09 12:13:13
FSUN,37.18,37.18,-0.0,0.6565,443590,1,0.0642,1.2545,0.0337,56.4,yf_premarket,0.08102237525763016,0.0642,0.10009210930303962,0.2,1.5,neutral,0.0,2.0,1.9996,0.0,steady,12:13:13,2026-07-09 12:13:13
IBCP,35.13,35.13,-0.0,0.901,210320,1,0.05,0.765,0.0218,54.2,yf_premarket,0.11119750206721216,0.05,0.06355541909732883,0.2,1.5,neutral,0.0,1.9986,1.9981,0.0,steady,12:13:13,2026-07-09 12:13:13
LGIH,57.07,57.08,-0.0002,0.5981,448250,1,0.0428,3.215,0.0563,55.2,yf_premarket,0.0738149012057709,0.0428,0.1694811175928769,0.2,1.5,neutral,0.0,1.9811,,,new,12:13:13,2026-07-09 12:13:13
CUBE,39.94,39.94,0.0,0.8025,2002820,3,0.3493,0.8129,0.0204,45.9,yf_premarket,0.0990410603872783,0.3493,0.059256984955480506,0.6,0.5,weak,0.0,1.9768,1.9764,0.0,steady,12:13:13,2026-07-09 12:13:13
PPC,27.7371,27.4,0.0123,0.9434,1627370,3,0.2609,1.084,0.0396,41.4,yf_premarket,0.11643032569390449,0.2609,0.118206938900829,0.6,0.5,weak,0.07400722021660651,1.9666,,,new,12:13:13,2026-07-09 12:13:13
MC,64.6,64.58,0.0003,1.23,952320,3,0.2871,2.6598,0.0412,40.7,yf_premarket,0.15180125143470694,0.2871,0.12311943506294137,0.6,0.5,weak,0.0018050541516245488,1.9662,,,new,12:13:13,2026-07-09 12:13:13
STAA,28.15,28.15,0.0,1.8851,797300,1,0.4188,1.467,0.0521,46.3,yf_premarket,0.232650844780135,0.4188,0.15658581516733192,0.2,0.5,weak,0.0,1.9649,,,new,12:13:13,2026-07-09 12:13:13
JYNT,8.78,8.93,-0.0168,0.3603,287570,2,0.4483,0.5722,0.0641,44.2,yf_premarket,0.04446665926172757,0.4483,0.1934295363831747,0.4,0.5,weak,0.0,1.96,,,new,12:13:13,2026-07-09 12:13:13
GDYN,5.9,5.86,0.0068,0.5364,3792270,1,0.5,0.375,0.064,40.3,yf_premarket,0.06620015550372098,0.5,0.19312250537304268,0.2,0.5,weak,0.04091456077015644,1.9572,1.8955,0.062,steady,12:13:13,2026-07-09 12:13:13
UIS,3.56,3.56,0.0,0.7993,958670,3,0.3111,0.199,0.0559,42.1,yf_premarket,0.09864613030224492,0.3111,0.1682529935523488,0.6,0.5,weak,0.0,1.9543,,,new,12:13:13,2026-07-09 12:13:13
WHR,37.3001,37.67,-0.0098,1.5369,2582080,2,0.3395,2.205,0.0585,41.4,yf_premarket,0.18967751490243992,0.3395,0.1762357998157814,0.4,0.5,weak,0.0,1.9516,,,new,12:13:13,2026-07-09 12:13:13
OM,4.53,4.3,0.0535,0.5337,455140,2,0.1399,0.5356,0.1246,48.8,yf_premarket,0.06586693324447405,0.1399,0.3791832975130488,0.4,0.5,weak,0.32190132370637786,1.951,,,new,12:13:13,2026-07-09 12:13:13
FISI,37.2003,37.64,-0.0117,0.6112,264070,1,0.0473,1.0,0.0266,54.2,yf_premarket,0.07543164624137633,0.0473,0.07829290758366594,0.2,1.5,neutral,0.0,1.9469,1.9465,0.0,steady,12:13:13,2026-07-09 12:13:13
FTV,61.3,61.27,0.0005,0.6837,2713040,3,0.3344,1.3117,0.0214,49.5,yf_premarket,0.08437928098041393,0.3344,0.062327295056800736,0.6,0.5,weak,0.0030084235860409147,1.931,1.9261,0.005,steady,12:13:13,2026-07-09 12:13:13
INVA,22.006,22.43,-0.0189,1.0424,938790,3,0.2955,0.657,0.0293,48.2,yf_premarket,0.1286484751996248,0.2955,0.08658274485723058,0.6,0.5,weak,0.0,1.9273,1.9268,0.0,steady,12:13:13,2026-07-09 12:13:13
KRMN,49.98,49.96,0.0004,0.6479,3113460,2,0.3972,3.2222,0.0645,46.6,yf_premarket,0.07996100065410296,0.3972,0.1946576604237028,0.4,0.5,weak,0.002406738868832732,1.9153,,,new,12:13:13,2026-07-09 12:13:13
HTHT,40.51,41.86,-0.0323,0.492,1714530,2,0.4385,1.162,0.0278,40.6,yf_premarket,0.06072050057388278,0.4385,0.08197727970525023,0.4,0.5,weak,0.0,1.9091,1.9086,0.0,steady,12:13:13,2026-07-09 12:13:13
SPOK,10.46,10.46,-0.0,0.5339,209970,2,0.4333,0.257,0.0246,49.6,yf_premarket,0.06589161637478866,0.4333,0.07215228738102548,0.4,0.5,weak,0.0,1.9015,,,new,12:13:13,2026-07-09 12:13:13
VENU,2.4887,2.43,0.0242,0.429,1425500,2,0.2527,0.3055,0.1257,41.4,yf_premarket,0.05294531452478803,0.2527,0.38256063862450107,0.4,0.5,weak,0.14560770156438027,1.8945,1.7961,0.098,steady,12:13:13,2026-07-09 12:13:13
SHPH,3.2156,3.57,-0.0993,0.5214,4560500,3,0.2062,0.6542,0.1832,43.3,yf_premarket,0.06434892073012699,0.2062,0.5591034694504146,0.6,0.5,weak,0.0,1.8885,,,new,12:13:13,2026-07-09 12:13:13
THRM,34.48,34.48,0.0,0.7233,382700,2,0.3978,1.334,0.0387,41.9,yf_premarket,0.08926654078270206,0.3978,0.11544365980964078,0.4,0.5,weak,0.0,1.8872,,,new,12:13:13,2026-07-09 12:13:13
NWL,5.1044,5.06,0.0088,0.5907,19884780,0,0.042,0.377,0.0745,55.9,yf_premarket,0.07290162538413121,0.042,0.22536076143690512,0.0,1.5,neutral,0.0529482551143201,1.8855,,,new,12:13:13,2026-07-09 12:13:13
KRG,27.88,28.66,-0.0272,0.5865,2809570,2,0.4274,0.415,0.0145,48.5,yf_premarket,0.0723832796475249,0.4274,0.041142155357691126,0.4,0.5,weak,0.0,1.8839,,,new,12:13:13,2026-07-09 12:13:13
AS,33.88,33.88,-0.0,0.955,3980560,2,0.3768,1.1867,0.035,41.0,yf_premarket,0.1178619472521505,0.3768,0.10408351243475593,0.4,0.5,weak,0.0,1.8824,1.882,0.0,steady,12:13:13,2026-07-09 12:13:13
AMTM,21.0,20.88,0.0057,0.6955,2289870,2,0.3694,0.8507,0.0407,40.7,yf_premarket,0.08583558566897453,0.3694,0.12158428001228125,0.4,0.5,weak,0.03429602888086643,1.8798,1.8555,0.024,steady,12:13:13,2026-07-09 12:13:13
OXM,35.49,35.49,-0.0,1.3834,446350,2,0.3176,1.938,0.0546,45.8,yf_premarket,0.1707332123859948,0.3176,0.16426159042063251,0.4,0.5,weak,0.0,1.8734,,,new,12:13:13,2026-07-09 12:13:13
STM,70.11,68.54,0.0229,0.8481,10995170,2,0.267,3.336,0.0487,42.7,yf_premarket,0.10466881409900403,0.267,0.1461467608228431,0.4,0.5,weak,0.1377858002406739,1.8708,,,new,12:13:13,2026-07-09 12:13:13
BRBS,3.42,3.42,-0.0,0.2898,503400,1,0.04,0.0759,0.0222,61.5,yf_premarket,0.03576585582583583,0.04,0.06478354313785693,0.2,1.5,neutral,0.0,1.866,1.8656,0.0,steady,12:13:13,2026-07-09 12:13:13
SVCO,11.08,10.97,0.01,0.7661,623000,2,0.2645,1.4765,0.1346,44.9,yf_premarket,0.09454873067002356,0.2645,0.4098863985262512,0.4,0.5,weak,0.060168471720818295,1.866,,,new,12:13:13,2026-07-09 12:13:13
VNCE,6.66,6.6,0.0091,0.6905,224030,3,0.2,0.664,0.1006,45.2,yf_premarket,0.08521850741110987,0.2,0.3054958550813632,0.6,0.5,weak,0.054753309265944655,1.8627,,,new,12:13:13,2026-07-09 12:13:13
QFIN,15.3,14.75,0.0373,1.0089,1256720,2,0.1766,0.8166,0.0554,46.3,yf_premarket,0.12451405087193156,0.1766,0.16671783850168867,0.4,0.5,weak,0.22442839951865223,1.86,,,new,12:13:13,2026-07-09 12:13:13
ALHC,20.4297,20.03,0.02,2.6086,5885620,2,0.0943,1.3976,0.0698,47.2,yf_premarket,0.3219420686931517,0.0943,0.21093030396070003,0.4,0.5,weak,0.12033694344163659,1.8575,1.6766,0.181,steady,12:13:13,2026-07-09 12:13:13
BBAR,19.44,19.49,-0.0026,0.7635,577480,2,0.3656,1.0789,0.0554,43.5,yf_premarket,0.09422784997593393,0.3656,0.16671783850168867,0.4,0.5,weak,0.0,1.8559,1.8555,0.0,steady,12:13:13,2026-07-09 12:13:13
CRCT,4.28,4.28,-0.0,0.6474,608090,3,0.2919,0.143,0.0334,43.3,yf_premarket,0.07989929282831648,0.2919,0.09917101627264355,0.6,0.5,weak,0.0,1.8532,1.8528,0.0,steady,12:13:13,2026-07-09 12:13:13
TH,18.85,18.23,0.034,0.5894,1754140,2,0.2317,0.866,0.0475,43.0,yf_premarket,0.0727411850370864,0.2317,0.14246238870125885,0.4,0.5,weak,0.20457280385078222,1.8506,,,new,12:13:13,2026-07-09 12:13:13
BLMN,7.72,7.77,-0.0064,0.6167,2608500,0,0.0679,0.514,0.0662,52.3,yf_premarket,0.07611043232502746,0.0679,0.19987718759594716,0.0,1.5,neutral,0.0,1.8499,2.1038,-0.254,steady,12:13:13,2026-07-09 12:13:13
SMCI,28.94,28.17,0.0273,0.748,49567900,1,0.3221,1.997,0.0709,47.7,yf_premarket,0.09231490737655348,0.3221,0.2143076450721523,0.2,0.5,weak,0.16425992779783397,1.8362,1.757,0.079,steady,12:13:13,2026-07-09 12:13:13
TSSI,11.4747,11.37,0.0092,0.6801,873390,2,0.3043,0.831,0.0731,42.2,yf_premarket,0.08393498463475138,0.3043,0.2210623272950568,0.4,0.5,weak,0.05535499398315283,1.8281,2.3853,-0.557,fading,12:13:13,2026-07-09 12:13:13
REFI,10.71,10.68,0.0028,0.4331,226280,2,0.3922,0.2541,0.0238,49.5,yf_premarket,0.05345131869623705,0.3922,0.0696960392999693,0.4,0.5,weak,0.016847172081829124,1.8247,,,new,12:13:13,2026-07-09 12:13:13
DAVA,2.88,2.84,0.0141,0.5536,403690,1,0.3919,0.204,0.0718,47.9,yf_premarket,0.06832290471077541,0.3919,0.2170709241633405,0.2,0.5,weak,0.08483754512635379,1.8221,1.9724,-0.15,steady,12:13:13,2026-07-09 12:13:13
PII,65.9,65.65,0.0038,0.7958,986720,2,0.3371,2.813,0.0428,40.8,yf_premarket,0.09821417552173965,0.3371,0.12803193122505374,0.4,0.5,weak,0.022864019253910954,1.8198,,,new,12:13:13,2026-07-09 12:13:13
SILC,41.99,41.61,0.0091,0.4494,210720,2,0.2845,5.067,0.1218,44.2,yf_premarket,0.055462993816875854,0.2845,0.3705864292293522,0.4,0.5,weak,0.054753309265944655,1.8196,,,new,12:13:13,2026-07-09 12:13:13
RLMD,6.31,6.41,-0.0156,0.5947,3314450,2,0.3491,0.4425,0.069,46.7,yf_premarket,0.07339528799042294,0.3491,0.20847405587964385,0.4,0.5,weak,0.0,1.8125,,,new,12:13:13,2026-07-09 12:13:13
SEV,2.11,2.1,0.0048,1.4013,224500,2,0.2453,0.1633,0.0778,40.6,yf_premarket,0.17294235254915027,0.2453,0.23549278477126187,0.4,0.5,weak,0.02888086642599278,1.8111,1.7674,0.044,steady,12:13:13,2026-07-09 12:13:13
FRPT,54.7,54.25,0.0083,0.93,1773920,2,0.2824,3.4505,0.0636,44.4,yf_premarket,0.11477655596282721,0.2824,0.1918943813325146,0.4,0.5,weak,0.04993983152827919,1.8078,1.7325,0.075,steady,12:13:13,2026-07-09 12:13:13
ARLO,12.89,12.8,0.007,0.894,1546350,2,0.2965,0.73,0.057,44.8,yf_premarket,0.11033359250620163,0.2965,0.17163033466380107,0.4,0.5,weak,0.04211793020457281,1.8075,1.8819,-0.074,steady,12:13:13,2026-07-09 12:13:13
PLAB,29.22,28.14,0.0384,0.738,1668250,2,0.1643,1.612,0.0573,43.5,yf_premarket,0.09108075086082416,0.1643,0.17255142769419712,0.4,0.5,weak,0.23104693140794225,1.7981,,,new,12:13:13,2026-07-09 12:13:13
BTGO,5.15,4.99,0.0321,0.7104,1068250,1,0.2762,0.4025,0.0807,42.0,yf_premarket,0.08767447887741123,0.2762,0.24439668406509055,0.2,0.5,weak,0.1931407942238267,1.7958,1.5058,0.29,steady,12:13:13,2026-07-09 12:13:13
UE,23.49,22.89,0.0262,0.5695,1366090,2,0.2613,0.4467,0.0195,48.2,yf_premarket,0.07028521357078504,0.2613,0.056493705864292296,0.4,0.5,weak,0.15764139590854395,1.7927,1.5558,0.237,steady,12:13:13,2026-07-09 12:13:13
THO,71.51,72.32,-0.0112,1.6494,777680,2,0.2582,3.1122,0.043,44.5,yf_premarket,0.20356177570439482,0.2582,0.12864599324531778,0.4,0.5,weak,0.0,1.7861,,,new,12:13:13,2026-07-09 12:13:13
TAP,38.75,38.79,-0.001,1.1542,3486570,3,0.2088,1.248,0.0322,40.1,yf_premarket,0.14244634504547865,0.2088,0.09548664415105926,0.6,0.5,weak,0.0,1.779,,,new,12:13:13,2026-07-09 12:13:13
GTN,3.79,3.77,0.0053,0.9035,1515200,2,0.2821,0.249,0.066,46.0,yf_premarket,0.11150604119614449,0.2821,0.19926312557568315,0.4,0.5,weak,0.031889290012033694,1.7789,1.7307,0.048,steady,12:13:13,2026-07-09 12:13:13
OTIS,71.8,72.07,-0.0037,1.1205,3295060,2,0.312,1.6521,0.0229,44.0,yf_premarket,0.13828723758747083,0.312,0.06693276020878108,0.4,0.5,weak,0.0,1.7649,1.7645,0.0,steady,12:13:13,2026-07-09 12:13:13
MDU,20.83,20.83,0.0,0.7246,1842500,2,0.3491,0.424,0.0204,47.1,yf_premarket,0.08942698112974687,0.3491,0.059256984955480506,0.4,0.5,weak,0.0,1.762,,,new,12:13:13,2026-07-09 12:13:13
XGN,4.36,4.36,-0.0,2.2358,219030,2,0.1667,0.32,0.0734,46.3,yf_premarket,0.2759327137867624,0.1667,0.22198342032545287,0.4,0.5,weak,0.0,1.7583,,,new,12:13:13,2026-07-09 12:13:13
ATAT,31.84,31.84,-0.0,0.9587,905610,2,0.3137,1.0687,0.0336,44.3,yf_premarket,0.11831858516297036,0.3137,0.09978507829290759,0.4,0.5,weak,0.0,1.7548,1.7544,0.0,steady,12:13:13,2026-07-09 12:13:13
GRRR,17.5011,17.51,-0.0005,0.5681,1332990,2,0.309,1.4232,0.0813,48.8,yf_premarket,0.07011243165858294,0.309,0.2462388701258827,0.4,0.5,weak,0.0,1.7463,1.8051,-0.059,steady,12:13:13,2026-07-09 12:13:13
FINV,4.7,4.71,-0.0021,0.9165,608050,2,0.3125,0.1621,0.0344,44.7,yf_premarket,0.1131104446665926,0.3125,0.10224132637396378,0.4,0.5,weak,0.0,1.7458,1.7454,0.0,steady,12:13:13,2026-07-09 12:13:13
JFB,4.7456,4.78,-0.0072,0.6255,357010,3,0.2,0.3928,0.0822,43.7,yf_premarket,0.07719649005886925,0.2,0.2490021492170709,0.6,0.5,weak,0.0,1.7403,2.0238,-0.284,steady,12:13:13,2026-07-09 12:13:13
AHCO,10.16,9.99,0.017,0.7326,1796180,2,0.2441,0.3997,0.04,47.3,yf_premarket,0.09041430634233033,0.2441,0.1194350629413571,0.4,0.5,weak,0.10228640192539111,1.737,1.9182,-0.181,steady,12:13:13,2026-07-09 12:13:13
HNRG,16.2,16.09,0.0068,0.9764,933550,2,0.2492,1.0284,0.0639,43.2,yf_premarket,0.12050304219581127,0.2492,0.19281547436291063,0.4,0.5,weak,0.04091456077015644,1.7369,1.6752,0.062,steady,12:13:13,2026-07-09 12:13:13
LFTO,23.24,23.63,-0.0165,0.5502,1072390,2,0.298,2.165,0.0916,46.2,yf_premarket,0.06790329149542745,0.298,0.27786306416948114,0.4,0.5,weak,0.0,1.7368,,,new,12:13:13,2026-07-09 12:13:13
ROCK,42.358,41.26,0.0266,0.9394,366400,1,0.2673,2.087,0.0506,49.2,yf_premarket,0.11593666308761276,0.2673,0.15198035001535157,0.2,0.5,weak,0.16004813477737667,1.7246,,,new,12:13:13,2026-07-09 12:13:13
AVA,41.88,40.87,0.0247,0.5654,785450,2,0.2353,0.725,0.0177,49.1,yf_premarket,0.06977920939933602,0.2353,0.050967147681915875,0.4,0.5,weak,0.1486161251504212,1.7237,1.9872,-0.264,steady,12:13:13,2026-07-09 12:13:13
LAND,8.5097,8.49,0.0023,0.9195,828430,3,0.2,0.1796,0.0212,40.8,yf_premarket,0.1134806916213114,0.2,0.06171323303653669,0.6,0.5,weak,0.013838748495788207,1.7218,,,new,12:13:13,2026-07-09 12:13:13
AXGN,43.24,42.75,0.0115,0.6114,1720950,2,0.25,2.854,0.0668,47.9,yf_premarket,0.07545632937169092,0.25,0.2017193736567393,0.4,0.5,weak,0.06919374247894104,1.7178,1.6137,0.104,steady,12:13:13,2026-07-09 12:13:13
UVV,52.13,52.13,-0.0,0.8453,264180,2,0.317,0.971,0.0186,40.1,yf_premarket,0.10432325027459982,0.317,0.05373042677310408,0.4,0.5,weak,0.0,1.7174,,,new,12:13:13,2026-07-09 12:13:13
FLR,49.97,49.51,0.0093,0.8858,2405250,2,0.2522,2.082,0.0421,46.4,yf_premarket,0.10932158416330359,0.2522,0.12588271415412958,0.4,0.5,weak,0.05595667870036101,1.7153,1.6506,0.065,steady,12:13:13,2026-07-09 12:13:13
HRL,24.53,24.54,-0.0004,0.7607,4927650,3,0.2167,0.663,0.027,49.1,yf_premarket,0.09388228615152974,0.2167,0.07952103162419405,0.6,0.5,weak,0.0,1.714,1.7136,0.0,steady,12:13:13,2026-07-09 12:13:13
PRM,35.14,33.79,0.04,0.4649,2288420,1,0.2372,1.9847,0.0587,41.5,yf_premarket,0.0573759364162563,0.2372,0.17684986183604545,0.2,0.5,weak,0.24067388688327318,1.7099,,,new,12:13:13,2026-07-09 12:13:13
SBC,2.97,2.97,-0.0,0.7207,217970,3,0.1957,0.1551,0.0522,49.2,yf_premarket,0.08894566008861243,0.1957,0.15689284617746396,0.6,0.5,weak,0.0,1.7033,,,new,12:13:13,2026-07-09 12:13:13
KE,24.6,24.56,0.0016,0.9856,247170,2,0.2651,1.2269,0.05,42.9,yf_premarket,0.12163846619028225,0.2651,0.15013816395455942,0.4,0.5,weak,0.009626955475330929,1.7022,,,new,12:13:13,2026-07-09 12:13:13
CV,6.2834,6.125,0.0259,0.7771,345520,1,0.2349,0.6034,0.0985,43.7,yf_premarket,0.09590630283732583,0.2349,0.2990482038685907,0.2,0.5,weak,0.15583634175691938,1.6969,1.4629,0.234,steady,12:13:13,2026-07-09 12:13:13
AUGO,60.11,59.82,0.0048,0.7263,1408160,2,0.2598,3.8507,0.0644,41.1,yf_premarket,0.08963678773742084,0.2598,0.19435062941357076,0.4,0.5,weak,0.02888086642599278,1.6946,1.6509,0.044,steady,12:13:13,2026-07-09 12:13:13
CGBD,10.4,10.4,0.0,1.0677,576450,2,0.2749,0.2792,0.0268,42.6,yf_premarket,0.13177089118442,0.2749,0.07890696960393,0.4,0.5,weak,0.0,1.6869,1.6865,0.0,steady,12:13:13,2026-07-09 12:13:13
XP,15.46,15.44,0.0013,2.8682,7160090,1,0.1924,0.5405,0.035,46.7,yf_premarket,0.3539807718414849,0.1924,0.10408351243475593,0.2,0.5,weak,0.007821901323706379,1.6795,,,new,12:13:13,2026-07-09 12:13:13
AVNT,36.4,35.73,0.0188,1.0101,1297750,2,0.1785,1.387,0.0388,43.3,yf_premarket,0.1246621496538191,0.1785,0.11575069081977281,0.4,0.5,weak,0.1131167268351384,1.6715,1.5961,0.075,steady,12:13:13,2026-07-09 12:13:13
TUSK,3.02,3.02,0.0,0.3757,649720,0,0.4921,0.229,0.0758,47.3,yf_premarket,0.04636726029595073,0.4921,0.22935216456862145,0.0,0.5,weak,0.0,1.6684,,,new,12:13:13,2026-07-09 12:13:13
TGLS,44.1,43.94,0.0036,0.6114,323670,2,0.2722,2.099,0.0478,46.5,yf_premarket,0.07545632937169092,0.2722,0.1433834817316549,0.4,0.5,weak,0.021660649819494587,1.6618,,,new,12:13:13,2026-07-09 12:13:13
KNX,76.11,74.98,0.0151,1.0358,3293830,1,0.2935,2.223,0.0296,43.3,yf_premarket,0.12783393189924347,0.2935,0.08750383788762665,0.2,0.5,weak,0.09085439229843563,1.6588,,,new,12:13:13,2026-07-09 12:13:13
KULR,3.3028,3.16,0.0452,0.8711,2154380,2,0.0,0.392,0.1241,40.0,yf_premarket,0.10750737408518148,0.0,0.3776481424623887,0.4,0.5,weak,0.2719614921780987,1.658,,,new,12:13:13,2026-07-09 12:13:13
PGC,45.31,45.06,0.0055,2.776,290310,2,0.0621,1.536,0.0341,49.2,yf_premarket,0.3426018487664605,0.0621,0.10132023334356771,0.4,0.5,weak,0.03309265944645006,1.6384,,,new,12:13:13,2026-07-09 12:13:13
CRNC,10.19,10.17,0.002,0.8323,761060,2,0.2218,0.758,0.0745,49.1,yf_premarket,0.1027188468041517,0.2218,0.22536076143690512,0.4,0.5,weak,0.012033694344163659,1.6284,1.61,0.018,steady,12:13:13,2026-07-09 12:13:13
LTM,55.6,54.5,0.0202,1.6811,698530,1,0.1934,1.6719,0.0307,47.8,yf_premarket,0.2074740518592568,0.1934,0.09088117899907891,0.2,0.5,weak,0.12154031287605295,1.6258,,,new,12:13:13,2026-07-09 12:13:13
COHU,54.6,52.12,0.0476,0.7479,1708040,1,0.099,5.362,0.1029,40.6,yf_premarket,0.0923025658113962,0.099,0.3125575683143998,0.2,0.5,weak,0.2864019253910951,1.6223,1.9671,-0.345,fading,12:13:13,2026-07-09 12:13:13
YETI,48.06,47.74,0.0067,0.7072,1009520,2,0.2404,1.586,0.0332,43.6,yf_premarket,0.08727954879237786,0.2404,0.09855695425237951,0.4,0.5,weak,0.04031287605294826,1.6215,,,new,12:13:13,2026-07-09 12:13:13
BHC,4.98,4.91,0.0143,0.316,3827690,2,0.2121,0.326,0.0664,48.8,yf_premarket,0.038999345897046664,0.2121,0.20049124961621123,0.4,0.5,weak,0.08604091456077016,1.612,1.4826,0.129,steady,12:13:13,2026-07-09 12:13:13
AVEX,17.3499,17.35,-0.0,0.5843,2989460,1,0.3089,2.114,0.1218,42.5,yf_premarket,0.07211176521406445,0.3089,0.3705864292293522,0.2,0.5,weak,0.0,1.6113,2.1116,-0.5,fading,12:13:13,2026-07-09 12:13:13
VVV,37.9,37.67,0.0061,1.2111,2194450,2,0.1906,1.233,0.0327,49.6,yf_premarket,0.14946869561997853,0.1906,0.09702179920171938,0.4,0.5,weak,0.03670276774969916,1.609,,,new,12:13:13,2026-07-09 12:13:13
RAL,69.09,68.14,0.0139,0.8149,1841420,2,0.1859,2.587,0.038,48.4,yf_premarket,0.10057141446678267,0.1859,0.11329444273871662,0.4,0.5,weak,0.08363417569193743,1.6048,,,new,12:13:13,2026-07-09 12:13:13
EARN,4.342,4.37,-0.0064,0.5403,429190,2,0.287,0.0884,0.0202,47.2,yf_premarket,0.06668147654485541,0.287,0.05864292293521645,0.4,0.5,weak,0.0,1.6033,1.6029,0.0,steady,12:13:13,2026-07-09 12:13:13
BEPC,35.92,35.92,0.0,0.8506,1368150,2,0.2468,1.1968,0.0333,46.6,yf_premarket,0.10497735322793636,0.2468,0.09886398526251154,0.4,0.5,weak,0.0,1.6005,1.7657,-0.165,steady,12:13:13,2026-07-09 12:13:13
ASH,63.6,63.7,-0.0016,0.4309,1332650,2,0.2855,1.913,0.03,47.3,yf_premarket,0.0531798042627766,0.2855,0.08873196192815475,0.4,0.5,weak,0.0,1.5951,1.7189,-0.124,steady,12:13:13,2026-07-09 12:13:13
ALGM,53.93,51.465,0.0479,0.684,5014080,1,0.0839,5.6559,0.1099,48.3,yf_premarket,0.08441630567588582,0.0839,0.3340497390236414,0.2,0.5,weak,0.2882069795427196,1.5938,1.7328,-0.139,steady,12:13:13,2026-07-09 12:13:13
MGA,63.47,62.97,0.0079,1.396,1439490,1,0.2571,1.917,0.0304,41.9,yf_premarket,0.1722882495958137,0.2571,0.08996008596868284,0.2,0.5,weak,0.04753309265944646,1.5889,1.7774,-0.189,steady,12:13:13,2026-07-09 12:13:13
FMC,10.9538,10.94,0.0013,0.7062,6504580,3,0.1226,0.7174,0.0656,43.0,yf_premarket,0.08715613314080492,0.1226,0.19803500153515508,0.6,0.5,weak,0.007821901323706379,1.5867,2.1699,-0.583,fading,12:13:13,2026-07-09 12:13:13
DX,13.05,13.02,0.0023,0.6854,5556030,2,0.2564,0.185,0.0142,49.3,yf_premarket,0.08458908758808792,0.2564,0.04022106232729506,0.4,0.5,weak,0.013838748495788207,1.5806,1.6205,-0.04,steady,12:13:13,2026-07-09 12:13:13
CGNX,66.55,64.11,0.0381,0.7055,2995390,1,0.1551,3.736,0.0583,47.7,yf_premarket,0.08706974218470385,0.1551,0.17562173779551735,0.2,0.5,weak,0.22924187725631773,1.5725,1.4904,0.082,steady,12:13:13,2026-07-09 12:13:13
VNT,28.52,28.52,-0.0,1.0146,1773670,3,0.119,0.864,0.0303,40.0,yf_premarket,0.1252175200858973,0.119,0.08965305495855082,0.6,0.5,weak,0.0,1.5707,,,new,12:13:13,2026-07-09 12:13:13
PB,70.04,70.43,-0.0055,0.6977,2145520,3,0.1397,1.536,0.0218,44.8,yf_premarket,0.08610710010243498,0.1397,0.06355541909732883,0.6,0.5,weak,0.0,1.5403,,,new,12:13:13,2026-07-09 12:13:13
CMCSA,23.2357,23.19,0.002,0.5272,50593560,2,0.232,0.9347,0.0403,48.5,yf_premarket,0.06506473150925,0.232,0.12035615597175317,0.4,0.5,weak,0.012033694344163659,1.5398,1.5214,0.018,steady,12:13:13,2026-07-09 12:13:13
RYN,20.98,20.98,0.0,0.9246,2593850,4,0.0093,0.52,0.0248,45.7,yf_premarket,0.11411011144433336,0.0093,0.07276634940128952,0.8,0.5,weak,0.0,1.5261,,,new,12:13:13,2026-07-09 12:13:13
MODD,4.1597,4.1,0.0146,0.2515,217870,2,0.0821,0.7502,0.183,40.5,yf_premarket,0.031039036370592517,0.0821,0.5584894074301505,0.4,0.5,weak,0.08784596871239471,1.5218,,,new,12:13:13,2026-07-09 12:13:13
BKH,73.32,72.9,0.0058,0.8731,857140,2,0.1866,1.421,0.0195,47.4,yf_premarket,0.10775420538832733,0.1866,0.056493705864292296,0.4,0.5,weak,0.03489771359807461,1.5154,1.4626,0.053,steady,12:13:13,2026-07-09 12:13:13
AVD,2.66,2.59,0.027,0.4251,679870,2,0.0725,0.233,0.09,48.4,yf_premarket,0.05246399348365359,0.0725,0.2729505680073687,0.4,0.5,weak,0.1624548736462094,1.5039,1.3367,0.167,steady,12:13:13,2026-07-09 12:13:13
FLX,2.11,2.11,0.0,0.6896,209690,2,0.1875,0.14,0.0664,48.3,yf_premarket,0.08510743332469423,0.1875,0.20049124961621123,0.4,0.5,weak,0.0,1.5029,1.5025,0.0,steady,12:13:13,2026-07-09 12:13:13
MATW,26.21,26.21,0.0,0.7627,460310,2,0.2045,0.902,0.0344,47.1,yf_premarket,0.0941291174546756,0.2045,0.10224132637396378,0.4,0.5,weak,0.0,1.5013,,,new,12:13:13,2026-07-09 12:13:13
PPL,35.963,35.99,-0.0008,0.6869,11139920,2,0.2216,0.745,0.0207,47.2,yf_premarket,0.08477421106544732,0.2216,0.06017807798587657,0.4,0.5,weak,0.0,1.5005,,,new,12:13:13,2026-07-09 12:13:13
PSBD,10.5,10.29,0.0204,0.5503,278740,2,0.1356,0.2674,0.026,48.0,yf_premarket,0.06791563306058473,0.1356,0.07645072152287381,0.4,0.5,weak,0.12274368231046934,1.4954,,,new,12:13:13,2026-07-09 12:13:13
ANTX,4.41,4.41,0.0,0.9557,563280,1,0.2443,0.373,0.0846,42.7,yf_premarket,0.11794833820825157,0.2443,0.25637089346023945,0.2,0.5,weak,0.0,1.4937,1.4934,0.0,steady,12:13:13,2026-07-09 12:13:13
OFRM,18.5,18.37,0.0071,1.1462,876780,2,0.085,1.763,0.096,47.3,yf_premarket,0.14145901983289522,0.085,0.29137242861529017,0.4,0.5,weak,0.042719614921780995,1.492,,,new,12:13:13,2026-07-09 12:13:13
RFL,2.4,2.45,-0.0204,0.4572,397680,2,0.1138,0.4442,0.1813,48.6,yf_premarket,0.056425635899144726,0.1138,0.553269880257906,0.4,0.5,weak,0.0,1.4889,,,new,12:13:13,2026-07-09 12:13:13
MOV,36.7,36.73,-0.0008,0.9093,264500,2,0.1875,1.12,0.0305,47.8,yf_premarket,0.1122218519752675,0.1875,0.09026711697881486,0.4,0.5,weak,0.0,1.4885,,,new,12:13:13,2026-07-09 12:13:13
CUPR,4.91,5.09,-0.0354,0.0143,5352360,1,0.2324,1.0571,0.2077,48.9,yf_premarket,0.0017648438174929343,0.2324,0.6343260669327603,0.2,0.5,weak,0.0,1.4846,1.4844,0.0,steady,12:13:13,2026-07-09 12:13:13
AMRC,25.5,25.24,0.0103,0.9377,532670,1,0.2108,1.578,0.0625,41.3,yf_premarket,0.11572685647993877,0.2108,0.18851704022106233,0.2,0.5,weak,0.06197352587244285,1.4824,1.9824,-0.5,fading,12:13:13,2026-07-09 12:13:13
PDFS,54.0,52.42,0.0301,0.761,992230,1,0.1148,4.758,0.0908,41.1,yf_premarket,0.09391931084700161,0.1148,0.27540681608842493,0.2,0.5,weak,0.18110709987966306,1.4798,,,new,12:13:13,2026-07-09 12:13:13
IHS,8.14,8.14,-0.0,0.8715,1276110,2,0.2,0.0735,0.009,41.4,yf_premarket,0.10755674034581066,0.2,0.024255449800429842,0.4,0.5,weak,0.0,1.4735,1.4967,-0.023,steady,12:13:13,2026-07-09 12:13:13
AIAI,12.57,12.7,-0.0102,0.6682,205320,2,0.132,1.55,0.122,40.3,yf_premarket,0.08246633838103348,0.132,0.3712004912496162,0.4,0.5,weak,0.0,1.4733,1.473,0.0,steady,12:13:13,2026-07-09 12:13:13
PAGS,8.8,8.77,0.0034,1.0054,3280190,1,0.25,0.2981,0.034,40.0,yf_premarket,0.12408209609142631,0.25,0.10101320233343569,0.2,0.5,weak,0.02045728038507822,1.4673,,,new,12:13:13,2026-07-09 12:13:13
MTW,12.39,12.39,-0.0,0.9494,311550,2,0.1542,0.631,0.0509,45.8,yf_premarket,0.1171708196033421,0.1542,0.15290144304574763,0.4,0.5,weak,0.0,1.4606,,,new,12:13:13,2026-07-09 12:13:13
CMCO,13.22,13.22,-0.0,0.9781,583770,1,0.2424,0.825,0.0624,44.4,yf_premarket,0.12071284880348525,0.2424,0.1882100092109303,0.2,0.5,weak,0.0,1.46,1.4596,0.0,steady,12:13:13,2026-07-09 12:13:13
RUN,12.1196,12.01,0.0091,1.3332,16982050,1,0.1364,1.247,0.1038,45.3,yf_premarket,0.16453774667703355,0.1364,0.31532084740558797,0.2,0.5,weak,0.054753309265944655,1.4594,,,new,12:13:13,2026-07-09 12:13:13
AOS,59.47,59.47,-0.0,1.017,1717060,1,0.2649,1.591,0.0268,47.3,yf_premarket,0.1255137176496723,0.2649,0.07890696960393,0.2,0.5,weak,0.0,1.4575,1.6266,-0.169,steady,12:13:13,2026-07-09 12:13:13
NX,16.32,16.0,0.02,0.9782,450510,1,0.1536,0.906,0.0566,45.9,yf_premarket,0.12072519036864254,0.1536,0.17040221062327296,0.2,0.5,weak,0.12033694344163659,1.454,,,new,12:13:13,2026-07-09 12:13:13
BROS,65.2528,64.93,0.005,1.0554,3449350,1,0.2177,3.2727,0.0504,47.9,yf_premarket,0.13025287867007293,0.2177,0.15136628799508753,0.2,0.5,weak,0.030084235860409148,1.4516,1.5795,-0.128,steady,12:13:13,2026-07-09 12:13:13
MBAV,10.83,10.84,-0.0009,0.2556,341120,2,0.25,0.0264,0.0024,47.6,yf_premarket,0.03154504054204154,0.25,0.003991403131716303,0.4,0.5,weak,0.0,1.4493,,,new,12:13:13,2026-07-09 12:13:13
CDNL,71.0,68.29,0.0397,0.645,1259910,1,0.0272,9.361,0.1371,48.5,yf_premarket,0.07960309526454144,0.0272,0.4175621737795518,0.2,0.5,weak,0.23886883273164863,1.4409,1.3425,0.098,steady,12:13:13,2026-07-09 12:13:13
TTI,9.32,9.33,-0.0011,0.5986,2412110,2,0.1636,0.617,0.0661,40.6,yf_premarket,0.07387660903155738,0.1636,0.19957015658581517,0.4,0.5,weak,0.0,1.4378,,,new,12:13:13,2026-07-09 12:13:13
CIM,13.15,12.99,0.0123,0.759,879050,1,0.2266,0.2715,0.0209,46.7,yf_premarket,0.09367247954385574,0.2266,0.06079214000614062,0.2,0.5,weak,0.07400722021660651,1.4351,1.5819,-0.147,steady,12:13:13,2026-07-09 12:13:13
ORN,14.78,14.2,0.0408,0.4386,604020,1,0.0857,0.941,0.0663,40.0,yf_premarket,0.05413010477988818,0.0857,0.2001842186060792,0.2,0.5,weak,0.24548736462093868,1.4209,,,new,12:13:13,2026-07-09 12:13:13
CODI,9.88,10.08,-0.0198,0.6861,903130,2,0.151,0.607,0.0602,49.4,yf_premarket,0.08467547854418897,0.151,0.1814553269880258,0.4,0.5,weak,0.0,1.4197,1.4194,0.0,steady,12:13:13,2026-07-09 12:13:13
NGVT,71.53,71.53,0.0,0.7984,329040,1,0.2547,2.579,0.0361,49.3,yf_premarket,0.09853505621582928,0.2547,0.10746085354620818,0.2,0.5,weak,0.0,1.4109,,,new,12:13:13,2026-07-09 12:13:13
OZK,49.37,49.37,0.0,1.3317,1474090,2,0.1126,1.168,0.0237,45.2,yf_premarket,0.1643526231996742,0.1126,0.06938900828983727,0.4,0.5,weak,0.0,1.4064,1.406,0.0,steady,12:13:13,2026-07-09 12:13:13
HTLD,14.89,14.89,-0.0,0.6334,603390,0,0.3727,0.441,0.0296,42.5,yf_premarket,0.07817147370629543,0.3727,0.08750383788762665,0.0,0.5,weak,0.0,1.4064,1.406,0.0,steady,12:13:13,2026-07-09 12:13:13
CNM,46.2,45.59,0.0134,0.6891,3076610,1,0.2033,1.5664,0.0344,42.5,yf_premarket,0.08504572549890778,0.2033,0.10224132637396378,0.2,0.5,weak,0.08062575210589652,1.4062,1.549,-0.143,steady,12:13:13,2026-07-09 12:13:13
OSUR,4.25,4.25,0.0,0.5739,587420,2,0.1714,0.161,0.0379,47.0,yf_premarket,0.07082824243770594,0.1714,0.1129874117285846,0.4,0.5,weak,0.0,1.4055,,,new,12:13:13,2026-07-09 12:13:13
OMF,57.25,57.25,0.0,1.623,1330100,1,0.1757,1.867,0.0326,47.7,yf_premarket,0.2003036025028694,0.1757,0.09671476819158735,0.2,0.5,weak,0.0,1.4002,,,new,12:13:13,2026-07-09 12:13:13
KIM,25.7269,24.97,0.0303,0.7744,4238990,2,0.0312,0.344,0.0138,48.4,yf_premarket,0.09557308057807891,0.0312,0.03899293828676696,0.4,0.5,weak,0.18231046931407943,1.3987,,,new,12:13:13,2026-07-09 12:13:13
ATMU,49.58,49.52,0.0012,0.6461,939660,2,0.1459,2.054,0.0415,43.8,yf_premarket,0.07973885248127167,0.1459,0.12404052809333745,0.4,0.5,weak,0.007220216606498195,1.3843,1.373,0.011,steady,12:13:13,2026-07-09 12:13:13
EQT,50.86,51.16,-0.0059,1.0288,8128910,2,0.1284,1.153,0.0225,48.6,yf_premarket,0.12697002233823293,0.1284,0.06570463616825299,0.4,0.5,weak,0.0,1.3801,1.5965,-0.216,steady,12:13:13,2026-07-09 12:13:13
INIO,34.25,33.54,0.0212,0.7367,5777070,0,0.1978,3.439,0.1025,48.4,yf_premarket,0.09092031051377936,0.1978,0.31132944427387166,0.0,0.5,weak,0.12755716004813478,1.379,1.1873,0.192,steady,12:13:13,2026-07-09 12:13:13
AXTA,32.57,32.56,0.0003,0.9233,1589520,1,0.2299,0.8632,0.0265,45.3,yf_premarket,0.11394967109728855,0.2299,0.07798587657353392,0.2,0.5,weak,0.0018050541516245488,1.3724,1.3693,0.003,steady,12:13:13,2026-07-09 12:13:13
MCS,22.59,22.17,0.0189,0.5457,379710,1,0.1707,0.863,0.0389,45.3,yf_premarket,0.06734792106334925,0.1707,0.11605772182990483,0.2,0.5,weak,0.11371841155234658,1.371,,,new,12:13:13,2026-07-09 12:13:13
LPTH,12.99,12.67,0.0253,0.9211,3641600,0,0.1478,1.431,0.1129,42.5,yf_premarket,0.1136781566638281,0.1478,0.3432606693276021,0.0,0.5,weak,0.15222623345367028,1.3661,,,new,12:13:13,2026-07-09 12:13:13
HAE,72.81,73.82,-0.0137,0.8031,770490,1,0.2288,2.907,0.0394,47.8,yf_premarket,0.09911510977822208,0.2288,0.11759287688056494,0.2,0.5,weak,0.0,1.3651,1.3647,0.0,steady,12:13:13,2026-07-09 12:13:13
LAES,2.8806,2.84,0.0143,0.5712,18399810,1,0.1528,0.2335,0.0822,40.3,yf_premarket,0.07049502017845903,0.1528,0.2490021492170709,0.2,0.5,weak,0.08604091456077016,1.3649,,,new,12:13:13,2026-07-09 12:13:13
CAST,3.38,3.28,0.0305,0.2261,2090680,0,0.0225,1.072,0.3268,48.5,yf_premarket,0.027904278820640033,0.0225,1.0,0.0,0.5,weak,0.1835138387484958,1.3621,1.146,0.216,steady,12:13:13,2026-07-09 12:13:13
ATRO,71.3783,71.17,0.0029,0.7759,968330,2,0.0893,4.503,0.0633,43.7,yf_premarket,0.0957582040554383,0.0893,0.19097328830211852,0.4,0.5,weak,0.017448856799037304,1.3439,1.3725,-0.029,steady,12:13:13,2026-07-09 12:13:13
KEY,22.6,22.64,-0.0018,0.9209,11127410,2,0.122,0.44,0.0194,48.1,yf_premarket,0.11365347353351352,0.122,0.056186674854160276,0.4,0.5,weak,0.0,1.3426,,,new,12:13:13,2026-07-09 12:13:13
HLIT,13.86,13.73,0.0095,0.6464,2448390,1,0.1687,0.905,0.0659,40.8,yf_premarket,0.07977587717674355,0.1687,0.1989560945655511,0.2,0.5,weak,0.05716004813477738,1.3423,1.4434,-0.101,steady,12:13:13,2026-07-09 12:13:13
XFOR,3.96,3.96,-0.0,0.2813,1651610,2,0.1395,0.2895,0.0731,48.1,yf_premarket,0.034716822787465906,0.1395,0.2210623272950568,0.4,0.5,weak,0.0,1.3416,,,new,12:13:13,2026-07-09 12:13:13
TEX,66.27,64.27,0.0311,0.785,1840540,1,0.0671,3.082,0.048,48.8,yf_premarket,0.096881286484752,0.0671,0.14399754375191895,0.2,0.5,weak,0.1871239470517449,1.3322,,,new,12:13:13,2026-07-09 12:13:13
TRS,40.84,40.84,-0.0,0.9374,458310,1,0.2003,1.473,0.0361,42.9,yf_premarket,0.1156898317844669,0.2003,0.10746085354620818,0.2,0.5,weak,0.0,1.3279,,,new,12:13:13,2026-07-09 12:13:13
UMH,15.25,15.16,0.0059,0.5289,797900,2,0.125,0.265,0.0175,49.6,yf_premarket,0.06527453811692399,0.125,0.05035308566165183,0.4,0.5,weak,0.035499398315282794,1.3263,,,new,12:13:13,2026-07-09 12:13:13
BXDC,20.4344,20.57,-0.0066,0.8434,890900,2,0.1066,0.78,0.0379,40.1,yf_premarket,0.10408876053661126,0.1066,0.1129874117285846,0.4,0.5,weak,0.0,1.3258,1.3254,0.0,steady,12:13:13,2026-07-09 12:13:13
MQ,15.29,15.44,-0.0097,1.0313,1381102,2,0.0738,0.8466,0.0548,49.0,yf_premarket,0.12727856146716526,0.0738,0.16487565244089655,0.4,0.5,weak,0.0,1.321,,,new,12:13:13,2026-07-09 12:13:13
IART,17.3,17.3,0.0,0.7148,982720,2,0.1099,0.749,0.0433,45.0,yf_premarket,0.08821750774433212,0.1099,0.12956708627571387,0.4,0.5,weak,0.0,1.3169,1.3165,0.0,steady,12:13:13,2026-07-09 12:13:13
SLG,48.74,48.37,0.0076,0.9818,1198660,2,0.0589,1.5358,0.0318,44.2,yf_premarket,0.12116948671430511,0.0589,0.09425852011053117,0.4,0.5,weak,0.04572803850782191,1.3153,,,new,12:13:13,2026-07-09 12:13:13
UPST,32.03,31.81,0.0069,0.9455,4669150,1,0.1387,2.0798,0.0654,48.4,yf_premarket,0.11668949856220766,0.1387,0.197420939514891,0.2,0.5,weak,0.04151624548736462,1.3134,,,new,12:13:13,2026-07-09 12:13:13
RLJ,11.4,11.07,0.0298,0.9966,2468320,1,0.0558,0.3312,0.0299,49.1,yf_premarket,0.1229960383575845,0.0558,0.08842493091802273,0.2,0.5,weak,0.1793020457280385,1.3093,,,new,12:13:13,2026-07-09 12:13:13
RNST,41.3,41.48,-0.0043,1.0603,970450,2,0.087,1.013,0.0244,47.1,yf_premarket,0.13085761536278032,0.087,0.07153822536076145,0.4,0.5,weak,0.0,1.3061,1.3056,0.0,steady,12:13:13,2026-07-09 12:13:13
AAP,55.506,55.09,0.0076,1.606,1911520,1,0.0784,2.671,0.0485,40.1,yf_premarket,0.19820553642612956,0.0784,0.14553269880257907,0.2,0.5,weak,0.04572803850782191,1.2955,1.2265,0.069,steady,12:13:13,2026-07-09 12:13:13
PFS,21.26,22.99,-0.0753,0.8833,1181940,2,0.1007,0.467,0.0203,47.6,yf_premarket,0.10901304503437124,0.1007,0.05894995394534848,0.4,0.5,weak,0.0,1.2944,,,new,12:13:13,2026-07-09 12:13:13
FCUV,2.82,2.85,-0.0105,0.0083,3071770,1,0.0531,0.905,0.3175,49.8,yf_premarket,0.0010243499080553396,0.0531,0.9714461160577219,0.2,0.5,weak,0.0,1.2935,1.2934,0.0,steady,12:13:13,2026-07-09 12:13:13
FNKO,5.31,5.3,0.0019,0.9296,711570,1,0.1558,0.3106,0.0586,45.9,yf_premarket,0.11472718970219803,0.1558,0.17654283082591343,0.2,0.5,weak,0.011432009626955477,1.2891,1.6441,-0.355,fading,12:13:13,2026-07-09 12:13:13
ILPT,8.46,8.57,-0.0128,0.8334,624940,1,0.1837,0.3555,0.0415,48.6,yf_premarket,0.10285460402088192,0.1837,0.12404052809333745,0.2,0.5,weak,0.0,1.2837,1.2833,0.0,steady,12:13:13,2026-07-09 12:13:13
REAL,10.46,10.47,-0.001,1.1397,3578020,1,0.1351,0.6773,0.0647,42.1,yf_premarket,0.14065681809767114,0.1351,0.19527172244396682,0.2,0.5,weak,0.0,1.2788,1.6746,-0.396,fading,12:13:13,2026-07-09 12:13:13
MRBK,19.35,19.4,-0.0026,0.4743,201540,2,0.1189,0.651,0.0336,44.9,yf_premarket,0.058536043541041874,0.1189,0.09978507829290759,0.4,0.5,weak,0.0,1.2755,,,new,12:13:13,2026-07-09 12:13:13
BRX,31.2,30.88,0.0104,0.7346,2527180,2,0.0597,0.3995,0.0129,44.2,yf_premarket,0.0906611376454762,0.0597,0.03622965919557875,0.4,0.5,weak,0.06257521058965103,1.2674,1.2815,-0.014,steady,12:13:13,2026-07-09 12:13:13
LKQ,25.31,25.14,0.0068,0.9163,2630350,2,0.0443,0.752,0.0299,42.7,yf_premarket,0.11308576153627803,0.0443,0.08842493091802273,0.4,0.5,weak,0.04091456077015644,1.2638,,,new,12:13:13,2026-07-09 12:13:13
KMX,50.21,50.3,-0.0018,0.7761,3170300,1,0.1809,1.925,0.0383,45.7,yf_premarket,0.0957828871857529,0.1809,0.1142155357691127,0.2,0.5,weak,0.0,1.2626,,,new,12:13:13,2026-07-09 12:13:13
CNX,33.24,33.18,0.0018,0.8136,2150530,1,0.1791,0.803,0.0242,47.5,yf_premarket,0.10041097411973786,0.1791,0.07092416334049739,0.2,0.5,weak,0.010830324909747294,1.2605,1.3562,-0.096,steady,12:13:13,2026-07-09 12:13:13
WBD,26.085,26.15,-0.0025,0.578,18356970,2,0.1154,0.412,0.0158,44.0,yf_premarket,0.07133424660915497,0.1154,0.045133558489407435,0.4,0.5,weak,0.0,1.2604,,,new,12:13:13,2026-07-09 12:13:13
LPX,70.0,72.09,-0.029,1.1551,1295940,1,0.1363,3.346,0.0464,40.5,yf_premarket,0.1425574191318943,0.1363,0.13908504758980658,0.2,0.5,weak,0.0,1.256,,,new,12:13:13,2026-07-09 12:13:13
LCUT,7.83,7.74,0.0116,0.2337,479710,1,0.1347,0.703,0.0908,42.9,yf_premarket,0.028842237772594318,0.1347,0.27540681608842493,0.2,0.5,weak,0.06979542719614922,1.2551,1.3787,-0.124,steady,12:13:13,2026-07-09 12:13:13
TRMK,44.72,45.06,-0.0075,0.7381,566330,2,0.0951,0.865,0.0192,48.7,yf_premarket,0.09109309242598146,0.0951,0.055572612833896216,0.4,0.5,weak,0.0,1.2546,,,new,12:13:13,2026-07-09 12:13:13
VIRC,6.06,6.06,0.0,0.2247,209630,2,0.1124,0.349,0.0576,47.4,yf_premarket,0.027731496908437927,0.1124,0.17347252072459318,0.4,0.5,weak,0.0,1.2531,,,new,12:13:13,2026-07-09 12:13:13
ALH,25.43,25.43,-0.0,0.7564,781470,1,0.1836,0.778,0.0306,40.9,yf_premarket,0.09335159884976611,0.1836,0.09057414798894688,0.2,0.5,weak,0.0,1.2525,1.6089,-0.356,fading,12:13:13,2026-07-09 12:13:13
XPEL,44.4,44.7,-0.0067,1.517,330980,1,0.0986,2.0607,0.0461,49.4,yf_premarket,0.18722154343613856,0.0986,0.13816395455941052,0.2,0.5,weak,0.0,1.2471,,,new,12:13:13,2026-07-09 12:13:13
RAIL,8.09,8.15,-0.0074,0.4734,463890,1,0.1705,0.591,0.0725,41.7,yf_premarket,0.05842496945462623,0.1705,0.21922014123426464,0.2,0.5,weak,0.0,1.2382,,,new,12:13:13,2026-07-09 12:13:13
CBAN,19.9,19.79,0.0056,0.4724,511010,2,0.076,0.593,0.03,40.8,yf_premarket,0.058301553803053296,0.076,0.08873196192815475,0.4,0.5,weak,0.03369434416365825,1.2344,1.2938,-0.059,steady,12:13:13,2026-07-09 12:13:13
NWE,70.99,70.33,0.0094,0.5492,556860,1,0.159,1.421,0.0202,49.0,yf_premarket,0.06777987584385452,0.159,0.05864292293521645,0.2,0.5,weak,0.0565583634175692,1.2338,,,new,12:13:13,2026-07-09 12:13:13
JHX,23.25,24.26,-0.0416,1.0162,6859640,1,0.1408,0.915,0.0377,40.0,yf_premarket,0.12541498512841398,0.1408,0.11237334970832055,0.2,0.5,weak,0.0,1.2259,,,new,12:13:13,2026-07-09 12:13:13
SKT,39.57,39.16,0.0105,0.6515,1135620,2,0.037,0.762,0.0195,42.2,yf_premarket,0.08040529699976551,0.037,0.056493705864292296,0.4,0.5,weak,0.06317689530685922,1.2176,,,new,12:13:13,2026-07-09 12:13:13
CABO,41.41,40.87,0.0132,0.6488,275570,1,0.0336,5.6378,0.1379,42.2,yf_premarket,0.0800720747405186,0.0336,0.42001842186060795,0.2,0.5,weak,0.07942238267148015,1.2165,1.304,-0.088,steady,12:13:13,2026-07-09 12:13:13
EFC,13.44,13.42,0.0015,0.7438,1602390,1,0.1723,0.1933,0.0144,45.7,yf_premarket,0.09179656163994718,0.1723,0.0408351243475591,0.2,0.5,weak,0.009025270758122745,1.2163,1.2023,0.014,steady,12:13:13,2026-07-09 12:13:13
MOS,20.74,20.65,0.0044,0.8556,9520890,2,0.0302,0.748,0.0362,42.5,yf_premarket,0.10559443148580103,0.0302,0.10776788455634022,0.4,0.5,weak,0.02647412755716005,1.2124,,,new,12:13:13,2026-07-09 12:13:13
TSCO,29.3842,29.58,-0.0066,0.6086,12536510,2,0.0699,1.062,0.0359,45.6,yf_premarket,0.07511076554728671,0.0699,0.10684679152594413,0.4,0.5,weak,0.0,1.2059,,,new,12:13:13,2026-07-09 12:13:13
BKU,47.11,47.63,-0.0109,0.5491,1367420,2,0.0792,1.309,0.0275,47.9,yf_premarket,0.06776753427869722,0.0792,0.08105618667485416,0.4,0.5,weak,0.0,1.2006,1.2002,0.0,steady,12:13:13,2026-07-09 12:13:13
MBRX,2.37,2.37,0.0,0.2273,947510,1,0.12,0.3367,0.1421,44.3,yf_premarket,0.028052377602527552,0.12,0.43291372428615293,0.2,0.5,weak,0.0,1.1985,,,new,12:13:13,2026-07-09 12:13:13
MEC,32.33,32.57,-0.0074,0.5325,622740,1,0.1544,1.9105,0.0587,41.7,yf_premarket,0.06571883446258654,0.1544,0.17684986183604545,0.2,0.5,weak,0.0,1.1958,,,new,12:13:13,2026-07-09 12:13:13
FRMI,7.47,7.36,0.0149,0.4252,15172490,1,0.0496,0.8831,0.12,46.3,yf_premarket,0.05247633504881089,0.0496,0.36505987104697574,0.2,0.5,weak,0.08965102286401926,1.1949,1.0602,0.135,steady,12:13:13,2026-07-09 12:13:13
SPFI,41.29,41.48,-0.0046,0.6448,246910,2,0.0626,1.226,0.0296,48.4,yf_premarket,0.07957841213422687,0.0626,0.08750383788762665,0.4,0.5,weak,0.0,1.1883,,,new,12:13:13,2026-07-09 12:13:13
IBOC,74.61,74.61,-0.0,0.7969,511490,2,0.0541,1.31,0.0176,46.2,yf_premarket,0.0983499327384699,0.0541,0.050660116671783856,0.4,0.5,weak,0.0,1.1811,1.1806,0.0,steady,12:13:13,2026-07-09 12:13:13
TWI,7.15,7.14,0.0014,0.768,687600,1,0.1262,0.324,0.0454,43.3,yf_premarket,0.09478322040801214,0.1262,0.13601473748848636,0.2,0.5,weak,0.008423586040914562,1.1752,,,new,12:13:13,2026-07-09 12:13:13
NI,46.5478,46.85,-0.0065,0.9046,5419760,2,0.0367,0.859,0.0183,45.2,yf_premarket,0.11164179841287471,0.0367,0.05280933374270801,0.4,0.5,weak,0.0,1.1673,,,new,12:13:13,2026-07-09 12:13:13
ALK,47.38,47.53,-0.0032,1.3139,3443020,0,0.174,2.351,0.0495,44.4,yf_premarket,0.162155824601676,0.174,0.14860300890389933,0.0,0.5,weak,0.0,1.1655,1.1987,-0.033,steady,12:13:13,2026-07-09 12:13:13
ASPN,5.2,5.19,0.0019,0.5925,1602190,1,0.1115,0.384,0.074,40.3,yf_premarket,0.07312377355696249,0.1115,0.223825606386245,0.2,0.5,weak,0.011432009626955477,1.1617,1.1442,0.017,steady,12:13:13,2026-07-09 12:13:13
CLDT,12.45,12.45,0.0,0.7525,408880,2,0.0371,0.3887,0.0312,42.2,yf_premarket,0.09287027780863168,0.0371,0.09241633404973902,0.4,0.5,weak,0.0,1.1597,1.1593,0.0,steady,12:13:13,2026-07-09 12:13:13
AMPH,18.88,18.88,0.0,0.9,487420,1,0.1034,1.015,0.0538,43.9,yf_premarket,0.11107408641563923,0.1034,0.1618053423395763,0.2,0.5,weak,0.0,1.1543,1.1539,0.0,steady,12:13:13,2026-07-09 12:13:13
LYTS,24.82,24.81,0.0004,0.4998,409190,1,0.1472,1.037,0.0418,48.9,yf_premarket,0.06168314265615165,0.1472,0.1249616211237335,0.2,0.5,weak,0.002406738868832732,1.153,,,new,12:13:13,2026-07-09 12:13:13
NAVI,8.1,8.08,0.0025,0.842,1047220,1,0.1064,0.3209,0.0397,46.8,yf_premarket,0.10391597862440914,0.1064,0.11851396991096101,0.2,0.5,weak,0.015042117930204574,1.1505,,,new,12:13:13,2026-07-09 12:13:13
LBRDK,31.28,31.28,-0.0,0.6643,1807810,1,0.1149,1.9005,0.0608,43.1,yf_premarket,0.08198501733989905,0.1149,0.18329751304881794,0.2,0.5,weak,0.0,1.1444,,,new,12:13:13,2026-07-09 12:13:13
HCKT,10.06,10.06,-0.0,0.7091,301220,2,0.013,0.555,0.0552,41.4,yf_premarket,0.0875140385303664,0.013,0.16610377648142463,0.4,0.5,weak,0.0,1.1403,1.1399,0.0,steady,12:13:13,2026-07-09 12:13:13
WD,49.7,49.27,0.0087,1.215,352360,1,0.0389,1.931,0.0392,40.7,yf_premarket,0.14995001666111296,0.0389,0.1169788148603009,0.2,0.5,weak,0.052346570397111915,1.1397,,,new,12:13:13,2026-07-09 12:13:13
III,3.9,4.05,-0.037,0.6879,343490,1,0.1304,0.136,0.0336,45.9,yf_premarket,0.08489762671702024,0.1304,0.09978507829290759,0.2,0.5,weak,0.0,1.138,1.1376,0.0,steady,12:13:13,2026-07-09 12:13:13
BCC,71.29,71.29,-0.0,0.9201,476270,1,0.1018,2.9842,0.0419,49.5,yf_premarket,0.11355474101225517,0.1018,0.12526865213386554,0.2,0.5,weak,0.0,1.1366,1.1362,0.0,steady,12:13:13,2026-07-09 12:13:13
LBRDA,31.26,31.26,-0.0,0.595,304380,1,0.1192,1.8155,0.0581,43.3,yf_premarket,0.07343231268589481,0.1192,0.1750076757752533,0.2,0.5,weak,0.0,1.1361,,,new,12:13:13,2026-07-09 12:13:13
VLRS,8.41,8.46,-0.0059,1.1011,751700,1,0.0857,0.333,0.0394,45.6,yf_premarket,0.13589297394695593,0.0857,0.11759287688056494,0.2,0.5,weak,0.0,1.134,,,new,12:13:13,2026-07-09 12:13:13
BIRD,3.49,3.47,0.0058,0.3036,815330,1,0.0581,0.4708,0.1357,45.1,yf_premarket,0.0374689918175423,0.0581,0.4132637396377034,0.2,0.5,weak,0.03489771359807461,1.1314,1.0788,0.053,steady,12:13:13,2026-07-09 12:13:13
GSBD,8.7499,8.93,-0.0202,1.1559,1059170,1,0.0802,0.2538,0.0284,48.2,yf_premarket,0.14265615165315262,0.0802,0.08381946576604238,0.2,0.5,weak,0.0,1.1163,1.1159,0.0,steady,12:13:13,2026-07-09 12:13:13
DRH,11.75,11.65,0.0086,0.6219,3199540,1,0.0911,0.3051,0.0262,43.4,yf_premarket,0.07675219371320671,0.0911,0.07706478354313787,0.2,0.5,weak,0.051744885679903735,1.1135,1.0354,0.078,steady,12:13:13,2026-07-09 12:13:13
HTH,37.91,37.66,0.0066,0.7242,295490,1,0.088,0.967,0.0257,47.7,yf_premarket,0.08937761486911769,0.088,0.07552962849247774,0.2,0.5,weak,0.039711191335740074,1.1074,1.1775,-0.07,steady,12:13:13,2026-07-09 12:13:13
WYY,12.64,12.72,-0.0063,0.5983,1074620,0,0.0802,2.751,0.2163,49.9,yf_premarket,0.0738395843360855,0.0802,0.6607307338041143,0.0,0.5,weak,0.0,1.1015,1.1014,0.0,steady,12:13:13,2026-07-09 12:13:13
APLE,16.11,16.07,0.0025,1.0215,3372120,1,0.0773,0.3316,0.0206,44.8,yf_premarket,0.12606908808175052,0.0773,0.05987104697574455,0.2,0.5,weak,0.015042117930204574,1.0962,1.0732,0.023,steady,12:13:13,2026-07-09 12:13:13
MSGE,73.89,74.77,-0.0118,0.9345,704440,0,0.1808,2.9319,0.0392,48.3,yf_premarket,0.1153319263949054,0.1808,0.1169788148603009,0.0,0.5,weak,0.0,1.0931,,,new,12:13:13,2026-07-09 12:13:13
ARR,16.95,16.89,0.0036,1.1363,4274230,1,0.0617,0.285,0.0169,46.6,yf_premarket,0.1402372048823232,0.0617,0.048510899600859685,0.2,0.5,weak,0.021660649819494587,1.0905,1.1167,-0.026,steady,12:13:13,2026-07-09 12:13:13
TREX,45.02,45.83,-0.0177,1.0151,1820320,0,0.1694,1.943,0.0424,46.3,yf_premarket,0.12527922791168375,0.1694,0.12680380718452566,0.0,0.5,weak,0.0,1.0901,,,new,12:13:13,2026-07-09 12:13:13
KSS,15.95,15.89,0.0038,0.8466,5200580,1,0.046,1.041,0.0655,46.2,yf_premarket,0.10448369062164463,0.046,0.19772797052502303,0.2,0.5,weak,0.022864019253910954,1.0819,,,new,12:13:13,2026-07-09 12:13:13
MBC,8.7,8.65,0.0058,0.9797,2957810,0,0.1189,0.521,0.0602,47.9,yf_premarket,0.12091031384600194,0.1189,0.1814553269880258,0.0,0.5,weak,0.03489771359807461,1.0622,,,new,12:13:13,2026-07-09 12:13:13
SVV,9.55,9.48,0.0074,0.5729,783100,0,0.1641,0.3847,0.0406,46.2,yf_premarket,0.070704826786133,0.1641,0.12127724900214923,0.0,0.5,weak,0.04452466907340554,1.0617,,,new,12:13:13,2026-07-09 12:13:13
FMNB,14.15,14.15,0.0,0.6319,630150,1,0.1087,0.263,0.0186,45.1,yf_premarket,0.07798635022893603,0.1087,0.05373042677310408,0.2,0.5,weak,0.0,1.0612,1.0608,0.0,steady,12:13:13,2026-07-09 12:13:13
PNR,72.02,73.26,-0.0169,0.6372,2156970,1,0.1006,1.897,0.0259,41.7,yf_premarket,0.07864045318227257,0.1006,0.0761436905127418,0.2,0.5,weak,0.0,1.0572,,,new,12:13:13,2026-07-09 12:13:13
WABC,57.65,57.65,-0.0,0.827,242320,1,0.0854,1.062,0.0184,47.5,yf_premarket,0.10206474385081515,0.0854,0.05311636475284004,0.2,0.5,weak,0.0,1.0505,,,new,12:13:13,2026-07-09 12:13:13
SW,42.075,42.08,-0.0001,1.089,7012480,0,0.1405,1.8486,0.0439,41.3,yf_premarket,0.13439964456292347,0.1405,0.131409272336506,0.0,0.5,weak,0.0,1.0483,,,new,12:13:13,2026-07-09 12:13:13
ENR,20.2,20.08,0.006,0.8469,965010,1,0.0276,0.8669,0.0432,48.1,yf_premarket,0.10452071531711651,0.0276,0.12926005526558185,0.2,0.5,weak,0.03610108303249098,1.0308,1.6168,-0.586,fading,12:13:13,2026-07-09 12:13:13
LC,18.78,18.78,0.0,0.5155,3121340,1,0.076,0.825,0.0439,47.7,prev_close,0.06362076838584668,0.076,0.131409272336506,0.2,0.5,weak,0.0,1.0131,,,new,12:13:13,2026-07-09 12:13:13
ABR,4.97,4.92,0.0102,0.8807,4720320,0,0.0952,0.209,0.0425,40.8,yf_premarket,0.10869216434028163,0.0952,0.12711083819465768,0.0,0.5,weak,0.06137184115523467,1.0091,1.0762,-0.067,steady,12:13:13,2026-07-09 12:13:13
AIV,2.87,2.85,0.007,1.0421,1442040,0,0.1111,0.06,0.0211,40.0,yf_premarket,0.12861145050415293,0.1111,0.06140620202640467,0.0,0.5,weak,0.04211793020457281,1.009,1.0834,-0.074,steady,12:13:13,2026-07-09 12:13:13
WAFD,36.73,36.9,-0.0046,0.8125,693190,1,0.0577,0.796,0.0216,49.5,yf_premarket,0.10027521690300763,0.0577,0.06294135707706479,0.2,0.5,weak,0.0,0.9973,,,new,12:13:13,2026-07-09 12:13:13
ARE,48.126,48.04,0.0018,0.8846,1920790,1,0.0224,1.9839,0.0413,41.2,yf_premarket,0.10917348538141607,0.0224,0.12342646607307341,0.2,0.5,weak,0.010830324909747294,0.9865,0.9778,0.009,steady,12:13:13,2026-07-09 12:13:13
GRBK,71.91,71.97,-0.0008,0.8853,340450,1,0.0278,2.682,0.0373,47.7,yf_premarket,0.10925987633751712,0.0278,0.11114522566779246,0.2,0.5,weak,0.0,0.9751,0.9747,0.0,steady,12:13:13,2026-07-09 12:13:13
HGV,49.09,49.09,-0.0,0.6836,1337250,1,0.0439,1.986,0.0405,42.3,yf_premarket,0.08436693941525664,0.0439,0.12097021799201721,0.2,0.5,weak,0.0,0.9748,0.9744,0.0,steady,12:13:13,2026-07-09 12:13:13
ISTR,28.79,28.71,0.0028,0.8288,245290,1,0.0298,0.6128,0.0213,42.1,yf_premarket,0.10228689202364644,0.0298,0.062020264046668716,0.2,0.5,weak,0.016847172081829124,0.9693,0.9988,-0.029,steady,12:13:13,2026-07-09 12:13:13
TTAM,16.98,16.99,-0.0006,0.8599,310510,1,0.0227,0.6457,0.038,48.0,yf_premarket,0.10612511878756463,0.0227,0.11329444273871662,0.2,0.5,weak,0.0,0.9612,,,new,12:13:13,2026-07-09 12:13:13
INN,6.35,6.33,0.0032,0.5306,2232920,1,0.0353,0.217,0.0343,45.1,yf_premarket,0.06548434472459796,0.0353,0.10193429536383175,0.2,0.5,weak,0.019253910950661857,0.9487,0.9194,0.029,steady,12:13:13,2026-07-09 12:13:13
CENTA,36.55,37.02,-0.0127,0.4697,524780,1,0.0511,1.327,0.0358,44.5,yf_premarket,0.05796833154380638,0.0511,0.10653976051581211,0.2,0.5,weak,0.0,0.9424,0.942,0.0,steady,12:13:13,2026-07-09 12:13:13
BLDR,74.28,74.2,0.0011,0.9576,2590090,0,0.0684,4.309,0.0581,44.5,yf_premarket,0.11818282794624013,0.0684,0.1750076757752533,0.0,0.5,weak,0.006618531889290013,0.9115,0.9012,0.01,steady,12:13:13,2026-07-09 12:13:13
MGM,46.69,46.6,0.0019,0.7428,3500400,0,0.1063,1.294,0.0278,40.9,yf_premarket,0.09167314598837424,0.1063,0.08197727970525023,0.0,0.5,weak,0.011432009626955477,0.9082,1.212,-0.304,fading,12:13:13,2026-07-09 12:13:13
ACCO,3.7867,3.84,-0.0139,0.5786,1024240,1,0.0189,0.155,0.0404,46.0,yf_premarket,0.07140829600009872,0.0189,0.12066318698188518,0.2,0.5,weak,0.0,0.9052,0.9048,0.0,steady,12:13:13,2026-07-09 12:13:13
OSW,26.33,26.33,0.0,0.7235,1198230,1,0.0,1.2436,0.0472,49.8,yf_premarket,0.08929122391301665,0.0,0.14154129567086277,0.2,0.5,weak,0.0,0.9047,,,new,12:13:13,2026-07-09 12:13:13
CHMI,2.29,2.27,0.0088,0.3978,250100,1,0.0,0.0587,0.0258,48.7,yf_premarket,0.04909474619571254,0.0,0.07583665950260976,0.2,0.5,weak,0.0529482551143201,0.891,1.0516,-0.161,steady,12:13:13,2026-07-09 12:13:13
APOG,38.53,38.4,0.0034,0.6278,451930,0,0.0553,2.798,0.0729,46.1,yf_premarket,0.077480346057487,0.0553,0.22044826527479278,0.0,0.5,weak,0.02045728038507822,0.8677,0.9037,-0.036,steady,12:13:13,2026-07-09 12:13:13
MITT,7.63,7.61,0.0026,0.4972,207370,1,0.0,0.162,0.0213,45.7,yf_premarket,0.06136226196206202,0.0,0.062020264046668716,0.2,0.5,weak,0.015643802647412757,0.8465,,,new,12:13:13,2026-07-09 12:13:13
ENLV,7.3125,,,1.6163,503397,1,,0.0492,,,yf_premarket,0.19947671763733077,,,0.2,3.0,—,,,,,new,12:13:13,2026-07-09 12:13:13
GIPR,0.127,,,0.6487,5516554,2,,0.0162,,,yf_premarket,0.0800597331753613,,,0.4,3.0,—,,,,,new,12:13:13,2026-07-09 12:13:13
