ticker,premarket_price,yesterday_close,gap_pct,rvol,avg_volume_10d,trend_5d,breakout_score,atr_10d,volatility_score,rsi,price_source,norm_rvol,norm_breakout,norm_volatility,norm_trend,rsi_score,rsi_label,norm_gap,score,score_prev,score_trend,trend_dir,scan_time_utc,snapshot_utc
AVAH,8.6,8.2,0.0488,1.4996,1960790,5,0.991,0.3215,0.0392,91.0,yf_premarket,0.15405344249480593,0.9908545879483792,0.0547925401185485,1.0,5.0,🔥 90+,0.11444652908067543,8.4119,8.329,0.083,steady,13:17:32,2026-06-24 13:17:32
URGN,35.03,35.15,-0.0034,0.7221,644360,5,0.9521,1.6845,0.0479,91.1,yf_premarket,0.07408512126385945,0.9513260847474849,0.06737024721700159,1.0,5.0,🔥 90+,0.0,8.0475,,,new,13:17:32,2026-06-24 13:17:32
CXW,29.9,29.73,0.0057,1.1076,1703310,5,0.8325,1.258,0.0423,100.0,yf_premarket,0.11373500915393,0.8297937201503912,0.05927425184328466,1.0,5.0,🔥 90+,0.013367729831144466,7.8799,7.8636,0.016,steady,13:17:32,2026-06-24 13:17:32
AMRX,16.81,16.66,0.009,0.7776,2347090,3,0.9762,0.6769,0.0406,92.6,yf_premarket,0.07979347088227429,0.9758154659079361,0.056816538961977726,0.6,5.0,🔥 90+,0.021106941838649154,7.7314,7.708,0.023,steady,13:17:32,2026-06-24 13:17:32
EPC,26.1897,26.22,-0.0012,2.4134,1277090,2,0.9268,1.3276,0.0506,90.1,yf_premarket,0.24804064756340902,0.9256173153134843,0.07127367355790082,0.4,5.0,🔥 90+,0.0,7.6589,7.6606,-0.002,steady,13:17:32,2026-06-24 13:17:32
ALOT,28.4,28.4,0.0,0.1752,417270,3,0.9788,0.664,0.0234,91.0,yf_premarket,0.01783473556456092,0.97845747383396,0.03195026745699003,0.6,5.0,🔥 90+,0.0,7.5996,7.6001,-0.001,steady,13:17:32,2026-06-24 13:17:32
NAT,6.4,6.46,-0.0093,1.5158,5203000,5,0.9862,0.2865,0.0444,87.3,yf_premarket,0.1557196634645054,0.9859770348541814,0.062310250108428514,1.0,4.0,strong ✓,0.0,7.2367,,,new,13:17:32,2026-06-24 13:17:32
AQST,5.0508,5.03,0.0041,1.6148,1850000,5,0.9393,0.211,0.0419,83.5,yf_premarket,0.1659021249460021,0.9383192764962911,0.05869596645944773,1.0,4.0,strong ✓,0.009615384615384616,7.1693,7.1648,0.005,steady,13:17:32,2026-06-24 13:17:32
MBX,46.99,46.39,0.0129,0.5857,1142720,5,0.9728,3.7697,0.0813,82.3,yf_premarket,0.06005595211157509,0.9723605324662128,0.11565707676738471,1.0,4.0,strong ✓,0.03025328330206379,7.138,,,new,13:17:32,2026-06-24 13:17:32
GALT,3.2893,3.12,0.0543,5.8771,647050,4,0.5797,0.285,0.0913,80.2,yf_premarket,0.604293090325633,0.57290925718931,0.1301142113633078,0.8,4.0,strong ✓,0.12734521575984992,7.1083,,,new,13:17:32,2026-06-24 13:17:32
CARE,32.36,32.33,0.0009,0.7533,431690,5,0.9839,0.794,0.0246,80.3,yf_premarket,0.07729413942772509,0.9836398739965451,0.033685123608500796,1.0,4.0,strong ✓,0.0021106941838649157,7.1032,7.1043,-0.001,steady,13:17:32,2026-06-24 13:17:32
AGIO,34.5,35.59,-0.0306,0.5566,1337290,5,0.9764,1.463,0.0411,87.5,yf_premarket,0.05706292555489272,0.9760186972868612,0.05753939569177389,1.0,4.0,strong ✓,0.0,7.0664,7.0669,-0.001,steady,13:17:32,2026-06-24 13:17:32
BCAX,25.2,25.0,0.008,1.0065,712680,5,0.8607,1.2655,0.0506,87.5,yf_premarket,0.10333655606525002,0.858449344578803,0.07127367355790082,1.0,4.0,strong ✓,0.01876172607879925,6.9357,6.9106,0.025,steady,13:17:32,2026-06-24 13:17:32
RDY,14.3,14.31,-0.0007,2.0583,2016370,3,1.0,0.253,0.0177,83.0,yf_premarket,0.21151749532018188,1.0,0.023709700737313866,0.6,4.0,strong ✓,0.0,6.9291,,,new,13:17:32,2026-06-24 13:17:32
CNO,52.77,52.77,-0.0,0.8719,736190,4,0.9894,0.8688,0.0165,86.9,yf_premarket,0.08949252257626561,0.9892287369169799,0.021974844585803097,0.8,4.0,strong ✓,-0.0,6.9237,6.9239,-0.0,steady,13:17:32,2026-06-24 13:17:32
FTDR,72.93,73.21,-0.0038,0.8769,667320,4,0.9842,2.034,0.0278,89.4,yf_premarket,0.09000678830765434,0.9839447210649324,0.038311406679196185,0.8,4.0,strong ✓,0.0,6.9221,,,new,13:17:32,2026-06-24 13:17:32
ETON,33.15,33.49,-0.0102,1.81,316020,4,0.8968,1.679,0.0501,89.6,yf_premarket,0.18597905909941786,0.8951326084747485,0.07055081682810467,0.8,4.0,strong ✓,0.0,6.9045,6.9068,-0.002,steady,13:17:32,2026-06-24 13:17:32
CLDT,13.79,13.5,0.0215,0.7784,548190,4,0.9317,0.424,0.0314,86.3,yf_premarket,0.07987575339929648,0.9305964840971446,0.04351597513372849,0.8,4.0,strong ✓,0.050422138836772976,6.8784,6.8043,0.074,steady,13:17:32,2026-06-24 13:17:32
DSGN,13.36,13.74,-0.0277,0.9206,734750,4,0.9041,0.745,0.0542,83.9,yf_premarket,0.09450147079999177,0.9025505538055076,0.07647824201243313,0.8,4.0,strong ✓,0.0,6.7851,6.7872,-0.002,steady,13:17:32,2026-06-24 13:17:32
FRO,42.79,42.88,-0.0021,0.9572,4058980,3,0.9989,1.9611,0.0457,89.8,yf_premarket,0.09826589595375723,0.998882227415913,0.0641896776058985,0.6,4.0,strong ✓,0.0,6.7773,,,new,13:17:32,2026-06-24 13:17:32
DHT,20.22,19.96,0.013,0.7433,3831170,3,0.9643,0.771,0.0386,82.8,yf_premarket,0.07626560796494765,0.9637231988619043,0.05392511204279312,0.6,4.0,strong ✓,0.03048780487804878,6.7145,6.7017,0.013,steady,13:17:32,2026-06-24 13:17:32
ALHC,21.74,21.66,0.0037,0.363,7276370,4,0.8992,1.3777,0.0636,87.1,yf_premarket,0.037150556435521356,0.8975713850218474,0.09006794853260085,0.8,4.0,strong ✓,0.008677298311444653,6.7089,6.7123,-0.003,steady,13:17:32,2026-06-24 13:17:32
DNLI,24.9,24.77,0.0052,0.8359,1984090,3,0.9078,1.3449,0.0543,84.0,yf_premarket,0.08578980931026679,0.9063103343156184,0.07662281335839237,0.6,4.0,strong ✓,0.012195121951219511,6.5979,6.6039,-0.006,steady,13:17:32,2026-06-24 13:17:32
CON,28.66,28.66,0.0,0.4968,993400,3,0.9149,0.663,0.0231,89.2,yf_premarket,0.05091230740748359,0.9135250482674525,0.03151655341911233,0.6,4.0,strong ✓,0.0,6.5192,6.557,-0.038,steady,13:17:32,2026-06-24 13:17:32
ARQT,26.93,26.27,0.0251,0.7963,2089440,3,0.8349,1.253,0.0477,83.7,yf_premarket,0.08171682471766811,0.8322324966974901,0.06708110452508313,0.6,4.0,strong ✓,0.05886491557223265,6.5089,6.5317,-0.023,steady,13:17:32,2026-06-24 13:17:32
FMS,23.69,23.7,-0.0004,0.92,533690,3,0.8603,0.329,0.0139,84.8,yf_premarket,0.09443975891222513,0.8580428818209531,0.018215989590863093,0.6,4.0,strong ✓,0.0,6.4669,,,new,13:17:32,2026-06-24 13:17:32
DRH,12.4,12.3,0.0081,0.8994,1889610,3,0.837,0.234,0.019,83.7,yf_premarket,0.09232098409890357,0.8343664261762016,0.02558912823478387,0.6,4.0,strong ✓,0.018996247654784238,6.4485,6.4583,-0.01,steady,13:17:32,2026-06-24 13:17:32
APLE,16.58,16.6,-0.0012,1.1282,2814430,3,0.7737,0.3403,0.0205,85.5,yf_premarket,0.11585378396725157,0.7700436947464689,0.027757698424172333,0.6,4.0,strong ✓,0.0,6.3277,6.3551,-0.027,steady,13:17:32,2026-06-24 13:17:32
CAST,8.7917,8.26,0.0644,0.1327,53253900,3,0.6632,1.842,0.223,83.4,yf_premarket,0.013463476847756775,0.6577583578904583,0.3205146739916149,0.6,4.0,strong ✓,0.15103189493433394,6.3225,6.3103,0.012,steady,13:17:32,2026-06-24 13:17:32
BOXL,3.8425,3.56,0.0794,1.0238,218410,1,0.8187,0.1702,0.0478,87.5,yf_premarket,0.10511591549585503,0.8157707550045726,0.06722567587104236,0.2,4.0,strong ✓,0.18621013133208256,6.3021,6.1832,0.119,steady,13:17:32,2026-06-24 13:17:32
CNTA,40.6835,40.5,0.0045,3.3593,3372710,4,0.9388,0.223,0.0055,71.1,yf_premarket,0.3453294386275277,0.9378111980489787,0.006071996530287697,0.8,3.0,good,0.010553470919324577,6.2125,6.2173,-0.005,steady,13:17:32,2026-06-24 13:17:32
AKTS,27.4556,27.01,0.0165,0.9905,411900,5,0.947,1.8841,0.0698,74.4,yf_premarket,0.10169090572480613,0.9461436845848998,0.09903137198207317,1.0,3.0,good,0.038696060037523454,6.1524,6.0955,0.057,steady,13:17:32,2026-06-24 13:17:32
RLJ,11.45,11.31,0.0124,0.8952,1803250,2,0.7636,0.26,0.023,81.1,yf_premarket,0.09188900088453705,0.7597805101107611,0.0313719820731531,0.4,4.0,strong ✓,0.029080675422138835,6.1167,,,new,13:17:32,2026-06-24 13:17:32
BRBS,3.5,3.5,0.0,1.2435,378120,4,1.0,0.064,0.0183,73.9,yf_premarket,0.12771275173307553,1.0,0.02457712881306925,0.8,3.0,good,0.0,6.0039,6.0039,0.0,steady,13:17:32,2026-06-24 13:17:32
FLNT,3.32,3.39,-0.0206,0.114,401020,5,0.952,0.345,0.1018,71.4,yf_premarket,0.011540123012362949,0.9512244690580225,0.14529420268902704,1.0,3.0,good,0.0,5.9924,,,new,13:17:32,2026-06-24 13:17:32
BRBR,11.01,11.27,-0.0231,1.4535,7178680,4,0.9508,0.6979,0.0619,72.6,yf_premarket,0.14931191245140188,0.9500050807844731,0.0876102356512939,0.8,3.0,good,0.0,5.9678,5.9689,-0.001,steady,13:17:32,2026-06-24 13:17:32
BBCP,11.1,11.08,0.0018,0.8409,370190,2,0.7009,0.5732,0.0517,83.1,yf_premarket,0.08630407504165552,0.696067472817803,0.07286395836345237,0.4,4.0,strong ✓,0.004221388367729831,5.9644,5.9724,-0.008,steady,13:17:32,2026-06-24 13:17:32
FULT,23.6,23.66,-0.0025,1.0089,2490700,4,0.9946,0.677,0.0286,71.4,yf_premarket,0.10358340361631661,0.9945127527690276,0.039467977446870035,0.8,3.0,good,0.0,5.9641,,,new,13:17:32,2026-06-24 13:17:32
BIOA,22.2144,22.32,-0.0047,0.9792,508700,4,0.9822,1.5055,0.0675,75.3,yf_premarket,0.1005286651718676,0.9819124072756833,0.09570623102501086,0.8,3.0,good,0.0,5.9625,5.9629,-0.0,steady,13:17:32,2026-06-24 13:17:32
EVMN,24.05,24.25,-0.0082,1.3001,550900,4,0.9527,1.4826,0.0611,73.4,yf_premarket,0.13353423981239587,0.9519357788842597,0.08645366488362007,0.8,3.0,good,0.0,5.9474,5.9574,-0.01,steady,13:17:32,2026-06-24 13:17:32
ENGS,2.34,2.2,0.0636,0.9802,298420,3,0.9552,0.19,0.0864,75.7,yf_premarket,0.10063151831814535,0.9544761711208211,0.1230302154113055,0.6,3.0,good,0.14915572232645405,5.9451,5.8059,0.139,steady,13:17:32,2026-06-24 13:17:32
AIAI,18.2,18.21,-0.0005,0.5758,771730,5,0.8955,1.643,0.0902,79.9,yf_premarket,0.05903770596342542,0.8938116045117366,0.12852392655775627,1.0,3.0,good,0.0,5.9404,5.9757,-0.035,steady,13:17:32,2026-06-24 13:17:32
FBP,26.47,26.23,0.0091,0.9294,1794370,4,0.9758,0.493,0.0188,76.1,yf_premarket,0.09540657848723592,0.9754090031500864,0.025299985542865406,0.8,3.0,good,0.021341463414634148,5.9386,,,new,13:17:32,2026-06-24 13:17:32
CFG,69.16,68.99,0.0025,0.9113,4817920,4,0.9791,1.5041,0.0218,76.4,yf_premarket,0.09354493653960874,0.9787623209023473,0.029637125921642332,0.8,3.0,good,0.005863039399624766,5.9215,5.9131,0.008,steady,13:17:32,2026-06-24 13:17:32
TH,20.52,20.52,-0.0,1.1576,1329640,4,0.9418,0.778,0.0379,79.5,yf_premarket,0.11887766646781725,0.9408596687328523,0.052913112621078506,0.8,3.0,good,-0.0,5.8865,,,new,13:17:32,2026-06-24 13:17:32
ALKS,48.15,48.07,0.0017,0.9405,2606830,4,0.9527,1.675,0.0348,79.8,yf_premarket,0.09654824841091889,0.9519357788842597,0.04843140089634234,0.8,3.0,good,0.00398686679174484,5.8789,5.9566,-0.078,steady,13:17:32,2026-06-24 13:17:32
CNOB,33.04,33.08,-0.0012,0.7718,481980,4,0.9707,0.791,0.0239,72.2,yf_premarket,0.07919692263386337,0.9702266029875013,0.03267312418678618,0.8,3.0,good,0.0,5.8756,5.8762,-0.001,steady,13:17:32,2026-06-24 13:17:32
FNB,18.99,18.75,0.0128,1.1039,4566510,4,0.9223,0.412,0.022,71.1,yf_premarket,0.11335445251270237,0.9210446092876741,0.02992626861356079,0.8,3.0,good,0.0300187617260788,5.8721,,,new,13:17:32,2026-06-24 13:17:32
BANC,20.51,20.51,-0.0,0.7455,2659410,4,0.9696,0.454,0.0221,71.3,yf_premarket,0.07649188488675869,0.9691088304034143,0.030070839959520028,0.8,3.0,good,-0.0,5.868,5.8687,-0.001,steady,13:17:32,2026-06-24 13:17:32
EIG,48.5,48.18,0.0066,0.8971,374420,4,0.9481,0.766,0.0159,78.3,yf_premarket,0.09208442186246477,0.9472614571689869,0.021107416510047713,0.8,3.0,good,0.01547842401500938,5.8664,5.8726,-0.006,steady,13:17:32,2026-06-24 13:17:32
CBSH,56.44,55.96,0.0086,0.6616,1469570,4,0.9562,0.996,0.0178,74.0,yf_premarket,0.0678625059140559,0.9554923280154456,0.023854272083273096,0.8,3.0,good,0.020168855534709193,5.855,5.8518,0.003,steady,13:17:32,2026-06-24 13:17:32
ASB,29.88,29.88,0.0,0.7067,2435960,4,0.9604,0.622,0.0208,72.1,yf_premarket,0.07250118281118219,0.9597601869728687,0.028191412462050022,0.8,3.0,good,0.0,5.8424,5.8432,-0.001,steady,13:17:32,2026-06-24 13:17:32
CURB,31.0,31.0,0.0,0.6855,1077220,4,0.9555,0.7503,0.0242,72.4,yf_premarket,0.070320696110094,0.9547810181892085,0.03310683822466387,0.8,3.0,good,0.0,5.8316,5.8326,-0.001,steady,13:17:32,2026-06-24 13:17:32
FULC,3.88,3.85,0.0078,0.6714,4190470,4,0.9273,0.2115,0.0549,73.2,yf_premarket,0.06887046674757781,0.9261253937607967,0.07749024143414775,0.8,3.0,good,0.018292682926829267,5.8217,,,new,13:17:32,2026-06-24 13:17:32
ECO,56.5,56.64,-0.0025,1.2198,464250,3,1.0,2.291,0.0404,79.9,yf_premarket,0.12527513216629296,1.0,0.05652739627005927,0.6,3.0,good,0.0,5.8162,5.8213,-0.005,steady,13:17:32,2026-06-24 13:17:32
CGON,65.85,65.73,0.0018,0.8067,1049400,4,0.9234,3.0588,0.0465,73.5,yf_premarket,0.08278649743895665,0.922162381871761,0.06534624837357235,0.8,3.0,good,0.004221388367729831,5.8075,5.8029,0.005,steady,13:17:32,2026-06-24 13:17:32
BY,36.2,35.98,0.0061,0.7692,334630,4,0.9154,0.6668,0.0185,75.9,yf_premarket,0.07892950445354123,0.9140331267147648,0.024866271504987714,0.8,3.0,good,0.014305816135084429,5.7804,5.7869,-0.006,steady,13:17:32,2026-06-24 13:17:32
AAL,16.28,16.14,0.0087,1.1012,151139100,4,0.8628,0.677,0.0419,70.5,yf_premarket,0.11307674901775244,0.8605832740575144,0.05869596645944773,0.8,3.0,good,0.020403377110694183,5.7507,5.7523,-0.002,steady,13:17:32,2026-06-24 13:17:32
AROC,38.71,39.06,-0.009,1.6114,1798710,3,0.9376,1.19,0.0305,79.4,yf_premarket,0.16555242424865776,0.9365918097754293,0.04221483302009542,0.6,3.0,good,0.0,5.7426,5.744,-0.001,steady,13:17:32,2026-06-24 13:17:32
AUPH,18.0,17.88,0.0067,1.6008,1364350,4,0.8225,0.5585,0.0312,78.5,yf_premarket,0.16446218089811368,0.8196321512041459,0.04322683244181003,0.8,3.0,good,0.01571294559099437,5.7311,5.7282,0.003,steady,13:17:32,2026-06-24 13:17:32
BTSG,67.5,66.84,0.0099,0.6799,3539460,4,0.885,1.8919,0.0283,73.4,yf_premarket,0.06974471849093863,0.883141957118179,0.03903426340899234,0.8,3.0,good,0.023217636022514074,5.7252,5.693,0.032,steady,13:17:32,2026-06-24 13:17:32
MYE,27.87,27.92,-0.0018,1.404,404570,3,0.9374,0.9369,0.0336,78.9,yf_premarket,0.14422068171065353,0.9363885783965045,0.04669654474483157,0.6,3.0,good,0.0,5.7125,,,new,13:17:32,2026-06-24 13:17:32
NMIH,38.41,38.41,0.0,0.8608,527160,3,0.9811,0.6911,0.018,74.0,yf_premarket,0.08835085265258265,0.9807946346915963,0.02414341477519156,0.6,3.0,good,0.0,5.7062,,,new,13:17:32,2026-06-24 13:17:32
BCRX,9.3899,9.31,0.0086,1.0872,4727200,4,0.8403,0.39,0.0419,73.9,yf_premarket,0.11163680496986401,0.8377197439284626,0.05869596645944773,0.8,3.0,good,0.020168855534709193,5.7025,5.7216,-0.019,steady,13:17:32,2026-06-24 13:17:32
ASC,16.5,17.89,-0.0777,0.9362,610420,3,0.9628,0.715,0.04,75.9,yf_premarket,0.09610597988192458,0.9621989635199675,0.05594911088622235,0.6,3.0,good,0.0,5.6965,5.6974,-0.001,steady,13:17:32,2026-06-24 13:17:32
BHF,63.51,63.51,0.0,1.0796,531230,3,0.9595,0.596,0.0094,71.8,yf_premarket,0.11085512105815315,0.9588456457677066,0.0117102790226977,0.6,3.0,good,0.0,5.6898,5.6907,-0.001,steady,13:17:32,2026-06-24 13:17:32
CNA,46.92,46.92,0.0,0.7019,747380,3,0.9831,0.888,0.0189,77.6,yf_premarket,0.07200748770904901,0.9828269484808454,0.025444556888824636,0.6,3.0,good,0.0,5.6864,5.6868,-0.0,steady,13:17:32,2026-06-24 13:17:32
CLPT,18.5203,18.53,-0.0005,1.0468,1334540,3,0.933,1.301,0.0702,76.6,yf_premarket,0.10748153786024314,0.9319174880601565,0.09960965736591008,0.6,3.0,good,0.0,5.6749,5.6926,-0.018,steady,13:17:32,2026-06-24 13:17:32
ANRO,24.42,24.44,-0.0008,1.1023,367040,4,0.8263,1.9501,0.0798,71.7,yf_premarket,0.11318988747865798,0.8234935474037192,0.11348850657799625,0.8,3.0,good,0.0,5.6735,5.6774,-0.004,steady,13:17:32,2026-06-24 13:17:32
AMLX,16.55,16.37,0.011,1.2018,1541710,4,0.8054,0.9399,0.0574,74.4,yf_premarket,0.12342377553329356,0.8022558683060664,0.08110452508312853,0.8,3.0,good,0.025797373358348967,5.6689,5.6345,0.034,steady,13:17:32,2026-06-24 13:17:32
RCKT,3.45,3.47,-0.0058,0.5954,3488610,4,0.8545,0.1949,0.0562,71.6,yf_premarket,0.06105362763046922,0.8521491718321309,0.07936966893161775,0.8,3.0,good,0.0,5.6356,,,new,13:17:32,2026-06-24 13:17:32
ALMS,24.43,24.51,-0.0033,0.7943,1492570,3,0.9318,1.7513,0.0715,70.1,yf_premarket,0.08151111842511262,0.930698099786607,0.10148908486338008,0.6,3.0,good,0.0,5.6344,5.6603,-0.026,steady,13:17:32,2026-06-24 13:17:32
EE,36.0,36.06,-0.0017,0.9823,399770,3,0.9273,1.1585,0.0321,76.3,yf_premarket,0.10084750992532861,0.9261253937607967,0.044527974555443106,0.6,3.0,good,0.0,5.6258,5.6274,-0.002,steady,13:17:32,2026-06-24 13:17:32
CBRL,46.56,46.46,0.0022,0.3438,2580980,4,0.836,3.109,0.0669,76.2,yf_premarket,0.03517577602698866,0.8333502692815771,0.09483880294925547,0.8,3.0,good,0.005159474671669794,5.5746,5.5744,0.0,steady,13:17:32,2026-06-24 13:17:32
BJRI,53.24,53.16,0.0015,1.4939,635970,4,0.7439,2.385,0.0449,76.1,yf_premarket,0.15346717956102277,0.7397622192866579,0.06303310683822466,0.8,3.0,good,0.003517823639774859,5.5465,5.5534,-0.007,steady,13:17:32,2026-06-24 13:17:32
REAL,12.27,12.21,0.0049,1.2687,3648700,3,0.8367,0.7493,0.0614,71.7,yf_premarket,0.13030465101927466,0.8340615791078142,0.08688737892149777,0.6,3.0,good,0.01149155722326454,5.5243,,,new,13:17:32,2026-06-24 13:17:32
AVLN,32.09,32.29,-0.0062,0.7398,459150,3,0.8684,2.791,0.0864,75.0,yf_premarket,0.07590562195297554,0.8662737526674118,0.1230302154113055,0.6,3.0,good,0.0,5.5079,5.5109,-0.003,steady,13:17:32,2026-06-24 13:17:32
CCS,63.74,62.78,0.0153,0.7075,400450,3,0.8542,2.4505,0.039,73.7,yf_premarket,0.0725834653282044,0.8518443247637435,0.05450339742663004,0.6,3.0,good,0.035881801125703564,5.4936,5.5946,-0.101,steady,13:17:32,2026-06-24 13:17:32
CPRX,31.38,31.4,-0.0006,0.5246,1808150,2,1.0,0.041,0.0013,74.1,yf_premarket,0.053771624874004886,1.0,0.0,0.4,3.0,good,0.0,5.4807,5.4807,0.0,steady,13:17:32,2026-06-24 13:17:32
ENR,21.94,21.59,0.0162,1.0558,1058990,3,0.8093,0.7912,0.0366,78.5,yf_premarket,0.10840721617674286,0.8062188801951021,0.0510336851236085,0.6,3.0,good,0.037992495309568476,5.4576,5.4463,0.011,steady,13:17:32,2026-06-24 13:17:32
UHAL,63.01,62.77,0.0038,0.7533,312510,4,0.735,1.555,0.0248,75.3,yf_premarket,0.07729413942772509,0.7307184229244995,0.033974266300419255,0.8,3.0,good,0.008911819887429643,5.4077,,,new,13:17:32,2026-06-24 13:17:32
BKD,13.96,13.84,0.0087,0.7529,4297930,3,0.788,0.535,0.0387,70.7,yf_premarket,0.077252998169214,0.7845747383395997,0.05406968338875234,0.6,3.0,good,0.020403377110694183,5.3427,5.3168,0.026,steady,13:17:32,2026-06-24 13:17:32
AXGN,45.1,44.69,0.0092,0.7031,1563260,3,0.7717,2.152,0.0482,71.5,yf_premarket,0.07213091148458231,0.7680113809572199,0.06780396125487928,0.6,3.0,good,0.021575984990619138,5.3105,5.3187,-0.008,steady,13:17:32,2026-06-24 13:17:32
CLDX,33.0,32.98,0.0006,0.6263,1069400,3,0.7929,1.221,0.037,72.2,yf_premarket,0.06423178985045153,0.7895539071232599,0.05161197050744542,0.6,3.0,good,0.0014071294559099435,5.3034,5.3603,-0.057,steady,13:17:32,2026-06-24 13:17:32
ADMA,8.62,8.69,-0.0081,0.7205,4155130,3,0.7657,0.355,0.0409,74.9,yf_premarket,0.07392055622981507,0.7619144395894727,0.05725025299985542,0.6,3.0,good,0.0,5.2633,5.2784,-0.015,steady,13:17:32,2026-06-24 13:17:32
ARDX,6.26,6.18,0.0129,0.7729,3993500,3,0.7071,0.291,0.0471,71.2,yf_premarket,0.07931006109476889,0.7023676455644751,0.06621367644932774,0.6,3.0,good,0.03025328330206379,5.2022,5.177,0.025,steady,13:17:32,2026-06-24 13:17:32
ANGO,12.24,12.37,-0.0105,0.7305,391770,3,0.7264,0.39,0.0315,71.7,yf_premarket,0.07494908769259252,0.7219794736307287,0.04366054647968773,0.6,3.0,good,0.0,5.1782,5.1843,-0.006,steady,13:17:32,2026-06-24 13:17:32
ARTV,9.8,9.8,-0.0,0.5205,921160,2,0.8147,0.8868,0.0905,72.9,yf_premarket,0.05334992697426614,0.8117061274260745,0.12895764059563394,0.4,3.0,good,-0.0,5.1679,5.2461,-0.078,steady,13:17:32,2026-06-24 13:17:32
HRL,24.6654,24.72,-0.0022,0.8729,3947900,2,0.8095,0.478,0.0193,71.2,yf_premarket,0.08959537572254335,0.806422111574027,0.02602284227266156,0.4,3.0,good,0.0,5.1602,,,new,13:17:32,2026-06-24 13:17:32
SF,73.1,73.56,-0.0063,0.9736,1318260,3,0.6866,1.591,0.0216,70.2,yf_premarket,0.09995268755271224,0.6815364292246723,0.029347983229723873,0.6,3.0,good,0.0,5.1277,,,new,13:17:32,2026-06-24 13:17:32
FHI,59.25,59.25,0.0,0.6444,645600,3,0.7079,1.124,0.019,74.3,yf_premarket,0.0660934317980787,0.7031805710801747,0.02558912823478387,0.6,3.0,good,0.0,5.1183,,,new,13:17:32,2026-06-24 13:17:32
AAT,24.35,24.35,-0.0,1.14,476240,4,0.569,0.449,0.0184,70.3,yf_premarket,0.11706745109332893,0.5620363784168275,0.02472170015902848,0.8,3.0,good,-0.0,5.112,5.1216,-0.01,steady,13:17:32,2026-06-24 13:17:32
VNCE,6.83,6.86,-0.0044,0.4889,476560,3,0.6608,0.904,0.1318,77.0,yf_premarket,0.05009976755188941,0.6553195813433594,0.1886656064767963,0.6,3.0,good,0.0,5.0801,,,new,13:17:32,2026-06-24 13:17:32
COLL,34.62,34.62,0.0,0.8361,380350,2,0.765,1.2945,0.0374,74.1,yf_premarket,0.08581037993952234,0.7612031297632355,0.05219025589128235,0.4,3.0,good,0.0,5.0772,5.0824,-0.005,steady,13:17:32,2026-06-24 13:17:32
EQH,45.82,44.93,0.0198,1.0329,4492660,2,0.7151,1.0364,0.0231,70.9,yf_premarket,0.10605187912698248,0.7104969007214713,0.03151655341911233,0.4,3.0,good,0.04643527204502815,5.0655,5.0022,0.063,steady,13:17:32,2026-06-24 13:17:32
ANAB,59.5,59.43,0.0012,0.7861,516210,2,0.7536,3.0765,0.0518,73.5,yf_premarket,0.08066772262563512,0.7496189411645159,0.07300852970941159,0.4,3.0,good,0.002814258911819887,5.061,5.0674,-0.006,steady,13:17:32,2026-06-24 13:17:32
CENTA,37.92,37.92,0.0,0.8478,385830,2,0.7579,1.076,0.0284,77.6,yf_premarket,0.08701376175097196,0.7539884158114013,0.039178834754951576,0.4,3.0,good,0.0,5.0581,5.0635,-0.005,steady,13:17:32,2026-06-24 13:17:32
BLZE,11.5294,11.66,-0.0112,7.5699,4636080,2,0.9613,0.7025,0.0602,69.7,yf_premarket,0.7784028963445991,0.9606747281780307,0.08515252276998699,0.4,1.5,neutral,0.0,5.0315,5.1013,-0.07,steady,13:17:32,2026-06-24 13:17:32
VVV,38.21,38.32,-0.0029,0.638,2386620,2,0.76,1.0673,0.0279,74.9,yf_premarket,0.06543517166190113,0.7561223452901128,0.03845597802515542,0.4,3.0,good,0.0,5.0296,,,new,13:17:32,2026-06-24 13:17:32
BROS,68.21,67.44,0.0114,0.5715,4211510,2,0.7318,3.5265,0.0523,70.6,yf_premarket,0.058595437434431116,0.727466720861701,0.07373138643920775,0.4,3.0,good,0.02673545966228893,5.0198,5.0341,-0.014,steady,13:17:32,2026-06-24 13:17:32
ENTA,14.28,14.06,0.0156,1.9688,203630,5,0.9801,0.719,0.0511,66.3,yf_premarket,0.2023121387283237,0.9797784777969718,0.07199653028769698,1.0,1.5,neutral,0.036585365853658534,4.8539,4.7995,0.054,steady,13:17:32,2026-06-24 13:17:32
PEB,18.38,18.36,0.0011,0.9028,4119580,2,0.5664,0.611,0.0333,70.1,yf_premarket,0.09267068479624792,0.5593943704908038,0.04626283070695388,0.4,3.0,good,0.002579737335834897,4.6848,,,new,13:17:32,2026-06-24 13:17:32
CCRN,13.19,13.19,0.0,0.6095,639740,2,0.6,0.029,0.0022,77.8,yf_premarket,0.06250385699298541,0.593537242150188,0.0013011421136330781,0.4,3.0,good,0.0,4.6815,4.6904,-0.009,steady,13:17:32,2026-06-24 13:17:32
CWAN,24.54,24.55,-0.0004,2.2163,9503590,4,1.0,0.0715,0.0029,63.5,yf_premarket,0.2277682924320655,1.0,0.002313141535347694,0.8,1.5,neutral,0.0,4.6428,4.6428,0.0,steady,13:17:32,2026-06-24 13:17:32
OMER,10.53,10.48,0.0048,0.4624,2319060,5,0.9692,0.927,0.0885,52.6,yf_premarket,0.047374159175529174,0.9687023676455644,0.12606621367644932,1.0,1.5,neutral,0.011257035647279548,4.5884,,,new,13:17:32,2026-06-24 13:17:32
BWB,20.54,20.44,0.0049,1.8755,247030,4,0.9752,0.498,0.0244,66.4,yf_premarket,0.1927159401806101,0.9747993090133116,0.033395980916582337,0.8,1.5,neutral,0.01149155722326454,4.5726,4.5559,0.017,steady,13:17:32,2026-06-24 13:17:32
RCUS,28.5,28.18,0.0114,1.3609,1720900,4,0.986,1.5278,0.0542,65.2,yf_premarket,0.13978771110608273,0.9857738034752566,0.07647824201243313,0.8,1.5,neutral,0.02673545966228893,4.5596,,,new,13:17:32,2026-06-24 13:17:32
AMTB,24.99,24.28,0.0292,1.4204,308220,4,0.9583,0.597,0.0246,67.5,yf_premarket,0.14590747330960854,0.9576262574941571,0.033685123608500796,0.8,1.5,neutral,0.06848030018761726,4.5537,4.5769,-0.023,steady,13:17:32,2026-06-24 13:17:32
EVC,10.86,10.84,0.0018,1.5711,1982860,4,0.9724,0.71,0.0655,67.7,yf_premarket,0.16140744245366465,0.9719540697083631,0.09281480410582624,0.8,1.5,neutral,0.004221388367729831,4.5388,4.6161,-0.077,steady,13:17:32,2026-06-24 13:17:32
ATEC,8.67,8.5,0.02,0.6839,3042050,2,0.4706,0.43,0.0506,70.6,yf_premarket,0.07015613107604961,0.46204653998577383,0.07127367355790082,0.4,3.0,good,0.04690431519699813,4.5353,4.5624,-0.027,steady,13:17:32,2026-06-24 13:17:32
FVCB,17.29,17.24,0.0029,1.157,345970,4,1.0,0.3098,0.018,69.6,yf_premarket,0.1188159545800506,1.0,0.02414341477519156,0.8,1.5,neutral,0.006801125703564727,4.5005,,,new,13:17:32,2026-06-24 13:17:32
ASMB,27.42,26.8,0.0231,1.1869,213750,4,0.9381,1.446,0.054,65.9,yf_premarket,0.12189126365375517,0.9370998882227416,0.07618909932051467,0.8,1.5,neutral,0.05417448405253283,4.4764,4.3965,0.08,steady,13:17:32,2026-06-24 13:17:32
ACIC,10.95,10.95,0.0,1.0511,275530,4,1.0,0.22,0.0201,62.6,yf_premarket,0.10792380638923743,1.0,0.027179413040335408,0.8,1.5,neutral,0.0,4.4755,4.4755,0.0,steady,13:17:32,2026-06-24 13:17:32
EDSA,7.351,7.64,-0.0378,0.5433,224560,4,0.9935,0.96,0.1257,56.5,yf_premarket,0.05569497870939872,0.9933949801849407,0.17984675437328324,0.8,1.5,neutral,0.0,4.4603,4.4604,-0.0,steady,13:17:32,2026-06-24 13:17:32
CGEM,17.75,17.75,0.0,1.1537,1698220,4,0.9635,1.3847,0.078,63.0,yf_premarket,0.11847653919733404,0.9629102733462047,0.11088622235073009,0.8,1.5,neutral,0.0,4.459,4.4598,-0.001,steady,13:17:32,2026-06-24 13:17:32
CNP,43.5,43.5,0.0,2.1301,6208960,4,0.9048,0.889,0.0204,65.7,yf_premarket,0.21890235122292395,0.9032618636317448,0.027613127078213104,0.8,1.5,neutral,0.0,4.4487,4.4803,-0.032,steady,13:17:32,2026-06-24 13:17:32
EYPT,14.21,14.38,-0.0118,1.2102,1280560,5,0.8603,0.822,0.0572,65.7,yf_premarket,0.1242877419620266,0.8580428818209531,0.08081538239121006,1.0,1.5,neutral,0.0,4.4429,4.446,-0.003,steady,13:17:32,2026-06-24 13:17:32
AVBP,33.72,33.74,-0.0006,1.5788,538500,5,0.8351,1.594,0.0472,67.8,yf_premarket,0.1621994116800033,0.832435728076415,0.06635824779528697,1.0,1.5,neutral,0.0,4.4413,4.478,-0.037,steady,13:17:32,2026-06-24 13:17:32
JANX,14.7,14.91,-0.0141,1.2152,978150,4,0.9506,0.626,0.042,66.0,yf_premarket,0.12480200769341535,0.9498018494055482,0.05884053780540697,0.8,1.5,neutral,0.0,4.4162,,,new,13:17:32,2026-06-24 13:17:32
ACAD,22.3804,22.6,-0.0097,1.0232,1443480,4,0.967,0.674,0.0298,69.1,yf_premarket,0.10505420360808838,0.9664668224773905,0.041202833598380804,0.8,1.5,neutral,0.0,4.4111,4.4119,-0.001,steady,13:17:32,2026-06-24 13:17:32
FDMT,11.745,11.6,0.0125,2.0842,992320,4,0.8478,0.8791,0.0758,66.2,yf_premarket,0.21418139180877546,0.8453409206381465,0.10770565273962703,0.8,1.5,neutral,0.02931519699812383,4.4098,4.5169,-0.107,steady,13:17:32,2026-06-24 13:17:32
ALRS,30.38,30.38,0.0,1.4892,208830,4,0.9173,0.619,0.0204,65.8,yf_premarket,0.15298376977351738,0.9159638248145514,0.027613127078213104,0.8,1.5,neutral,0.0,4.3752,4.3771,-0.002,steady,13:17:32,2026-06-24 13:17:32
AM,21.88,22.21,-0.0149,0.7923,2730160,4,0.9668,0.4548,0.0205,68.5,yf_premarket,0.08130541213255714,0.9662635910984656,0.027757698424172333,0.8,1.5,neutral,0.0,4.3684,4.3691,-0.001,steady,13:17:32,2026-06-24 13:17:32
FBIO,3.2294,3.16,0.022,1.7159,461340,4,0.8462,0.166,0.0525,69.2,yf_premarket,0.17630057803468208,0.8437150696067472,0.07402052913112621,0.8,1.5,neutral,0.051594746716697934,4.3663,4.4144,-0.048,steady,13:17:32,2026-06-24 13:17:32
AII,17.96,17.96,0.0,1.2452,200690,4,0.9247,0.6826,0.038,62.1,yf_premarket,0.12788760208174768,0.9234833858347729,0.05305768396703773,0.8,1.5,neutral,0.0,4.3653,4.367,-0.002,steady,13:17:32,2026-06-24 13:17:32
BCAL,20.31,20.31,0.0,1.8214,256010,3,0.9838,0.474,0.0233,67.5,yf_premarket,0.18715158496698414,0.9835382583070826,0.0318056961110308,0.6,1.5,neutral,0.0,4.3637,4.3641,-0.0,steady,13:17:32,2026-06-24 13:17:32
EHGO,5.14,4.0,0.285,0.2427,23959170,3,0.5063,1.2494,0.3124,68.4,yf_premarket,0.02477732293830868,0.4983233411238695,0.4497614572791673,0.6,1.5,neutral,0.6683864915572232,4.3613,3.6052,0.756,rising,13:17:32,2026-06-24 13:17:32
FENC,10.5,10.3,0.0194,1.4612,258550,4,0.8644,0.5194,0.0504,54.2,yf_premarket,0.15010388167774052,0.8622091250889137,0.07098453086598236,0.8,1.5,neutral,0.04549718574108818,4.3533,4.342,0.011,steady,13:17:32,2026-06-24 13:17:32
ES,71.03,71.03,0.0,1.0645,3288860,4,0.9343,1.444,0.0203,60.8,yf_premarket,0.10930203854935923,0.9332384920231684,0.027468555732253867,0.8,1.5,neutral,0.0,4.3442,4.3456,-0.001,steady,13:17:32,2026-06-24 13:17:32
BVS,9.47,9.29,0.0194,0.891,543540,4,0.9045,0.3465,0.0373,69.0,yf_premarket,0.09145701767017053,0.9029570165633574,0.052045684545323115,0.8,1.5,neutral,0.04549718574108818,4.3374,4.3543,-0.017,steady,13:17:32,2026-06-24 13:17:32
ALMR,22.94,22.94,-0.0,0.8957,285820,4,0.9268,1.436,0.0626,59.8,yf_premarket,0.09194042745767593,0.9256173153134843,0.08862223507300854,0.8,1.5,neutral,-0.0,4.3335,4.3351,-0.002,steady,13:17:32,2026-06-24 13:17:32
CBL,50.82,50.09,0.0146,1.0544,307200,4,0.8982,1.3896,0.0277,59.8,yf_premarket,0.10826322177195401,0.8965552281272229,0.038166835333236955,0.8,1.5,neutral,0.03424015009380863,4.3259,4.291,0.035,steady,13:17:32,2026-06-24 13:17:32
FCF,20.0,20.0,0.0,0.8052,768620,4,0.9412,0.383,0.0191,67.7,yf_premarket,0.08263221771954005,0.9402499745960776,0.025733699580743098,0.8,1.5,neutral,0.0,4.3173,4.3186,-0.001,steady,13:17:32,2026-06-24 13:17:32
ABSI,9.3095,7.41,0.2563,1.0324,5804440,3,0.536,0.7909,0.1067,57.4,yf_premarket,0.10600045255384362,0.5285032008942181,0.15237819864102936,0.6,1.5,neutral,0.6010787992495309,4.2938,4.3561,-0.062,steady,13:17:32,2026-06-24 13:17:32
CFFN,8.32,8.29,0.0036,0.8088,861640,4,0.9211,0.153,0.0185,64.4,yf_premarket,0.08300248904613991,0.9198252210141246,0.024866271504987714,0.8,1.5,neutral,0.008442776735459663,4.2893,4.2938,-0.005,steady,13:17:32,2026-06-24 13:17:32
EBC,21.06,20.98,0.0038,0.3702,7213050,4,0.9412,0.512,0.0244,66.0,yf_premarket,0.03789109908872112,0.9402499745960776,0.033395980916582337,0.8,1.5,neutral,0.008911819887429643,4.2674,4.2613,0.006,steady,13:17:32,2026-06-24 13:17:32
ONB,25.32,25.32,0.0,0.9736,3949870,4,0.8973,0.534,0.0211,67.7,yf_premarket,0.09995268755271224,0.8956406869220608,0.028625126499927718,0.8,1.5,neutral,0.0,4.2555,,,new,13:17:32,2026-06-24 13:17:32
DERM,7.0,6.7,0.0448,1.7196,303910,3,0.8447,0.3688,0.055,65.2,yf_premarket,0.17668113467590973,0.8421908342648105,0.07763481278010698,0.6,1.5,neutral,0.10506566604127579,4.2458,4.0917,0.154,steady,13:17:32,2026-06-24 13:17:32
CAPR,29.9,29.6,0.0101,0.6018,1320480,4,0.8935,1.402,0.0474,62.0,yf_premarket,0.06171188776664678,0.8917792907224875,0.06664739048720543,0.8,1.5,neutral,0.02368667917448405,4.245,4.2542,-0.009,steady,13:17:32,2026-06-24 13:17:32
BFAM,67.0,65.84,0.0176,0.8138,1093170,3,0.961,2.203,0.0335,62.7,yf_premarket,0.08351675477752864,0.9603698811096433,0.04655197339887234,0.6,1.5,neutral,0.041275797373358354,4.2312,4.2455,-0.014,steady,13:17:32,2026-06-24 13:17:32
FFBC,32.74,32.47,0.0083,0.8472,874650,4,0.879,0.644,0.0198,68.3,yf_premarket,0.0869520498632053,0.8770450157504319,0.026745699002457716,0.8,1.5,neutral,0.019465290806754222,4.2271,4.2361,-0.009,steady,13:17:32,2026-06-24 13:17:32
ARVN,8.1,8.14,-0.0049,1.1223,759150,3,0.959,0.419,0.0515,52.6,yf_premarket,0.11524695040421287,0.9583375673203942,0.0725748156715339,0.6,1.5,neutral,0.0,4.2258,4.2267,-0.001,steady,13:17:32,2026-06-24 13:17:32
WAFD,36.94,37.26,-0.0086,0.7963,627180,4,0.8968,0.714,0.0192,66.1,yf_premarket,0.08171682471766811,0.8951326084747485,0.025878270926702328,0.8,1.5,neutral,0.0,4.2258,,,new,13:17:32,2026-06-24 13:17:32
CTRE,38.83,38.8,0.0008,0.7768,3959780,3,0.9928,0.978,0.0252,50.4,yf_premarket,0.0797111883652521,0.9926836703587034,0.03455255168425618,0.6,1.5,neutral,0.001876172607879925,4.225,4.2224,0.003,steady,13:17:32,2026-06-24 13:17:32
ANNX,5.36,5.28,0.0152,1.6909,3460930,3,0.8817,0.3655,0.0692,50.5,yf_premarket,0.17372924937773848,0.8797886393659181,0.09816394390631777,0.6,1.5,neutral,0.03564727954971857,4.2227,4.2126,0.01,steady,13:17:32,2026-06-24 13:17:32
ATEN,34.0,33.85,0.0044,0.6458,1379870,4,0.8816,1.539,0.0455,57.3,yf_premarket,0.06623742620286754,0.8796870236764557,0.06390053491398004,0.8,1.5,neutral,0.010318949343339589,4.2062,4.1933,0.013,steady,13:17:32,2026-06-24 13:17:32
COYA,5.45,5.39,0.0111,1.2963,205360,3,0.9083,0.3642,0.0676,63.9,yf_premarket,0.13314339785654042,0.9068184127629306,0.09585080237097007,0.6,1.5,neutral,0.02603189493433396,4.2003,4.2108,-0.01,steady,13:17:32,2026-06-24 13:17:32
XPER,8.01,8.03,-0.0025,0.9867,417370,4,0.861,0.2969,0.037,50.9,yf_premarket,0.10130006376895069,0.8587541916471904,0.05161197050744542,0.8,1.5,neutral,0.0,4.1953,,,new,13:17:32,2026-06-24 13:17:32
BFST,29.48,29.55,-0.0024,0.8137,288930,3,0.9756,0.594,0.0201,69.4,yf_premarket,0.08350646946290087,0.9752057717711615,0.027179413040335408,0.6,1.5,neutral,0.0,4.1893,4.1898,-0.0,steady,13:17:32,2026-06-24 13:17:32
FIBK,37.22,37.33,-0.0029,0.7436,1037940,4,0.8795,0.839,0.0225,64.4,yf_premarket,0.07629646390883098,0.8775530941977441,0.030649125343356946,0.8,1.5,neutral,0.0,4.1849,,,new,13:17:32,2026-06-24 13:17:32
EFSC,64.67,64.67,0.0,0.7726,286700,3,0.9723,1.4964,0.0231,68.4,yf_premarket,0.07927920515088556,0.9718524540189005,0.03151655341911233,0.6,1.5,neutral,0.0,4.1784,4.179,-0.001,steady,13:17:32,2026-06-24 13:17:32
CARG,30.53,30.44,0.003,0.8092,1451750,4,0.8528,1.2662,0.0416,61.8,yf_premarket,0.08304363030465102,0.8504217051112691,0.05826225242157004,0.8,1.5,neutral,0.007035647279549718,4.1651,4.1707,-0.006,steady,13:17:32,2026-06-24 13:17:32
FBNC,61.72,62.03,-0.005,0.7445,262740,4,0.8673,1.522,0.0245,61.8,yf_premarket,0.07638903174048095,0.8651559800833248,0.033540552262541566,0.8,1.5,neutral,0.0,4.1617,,,new,13:17:32,2026-06-24 13:17:32
ACRS,4.94,4.92,0.0041,1.1559,1613630,4,0.8127,0.28,0.0569,57.0,yf_premarket,0.11870281611914507,0.8096738136368254,0.08038166835333237,0.8,1.5,neutral,0.009615384615384616,4.152,4.1418,0.01,steady,13:17:32,2026-06-24 13:17:32
ESNT,59.49,59.78,-0.0049,0.6515,897260,3,0.9659,1.052,0.0176,68.0,yf_premarket,0.06682368913665068,0.9653490498933035,0.023565129391354637,0.6,1.5,neutral,0.0,4.1427,4.1542,-0.012,steady,13:17:32,2026-06-24 13:17:32
EXC,46.47,46.62,-0.0032,1.0142,8460150,4,0.8382,0.909,0.0195,66.1,yf_premarket,0.10412852529158867,0.835585814449751,0.026311984964580024,0.8,1.5,neutral,0.0,4.1405,4.1441,-0.004,steady,13:17:32,2026-06-24 13:17:32
EWTX,39.2,38.83,0.0095,0.5349,1934720,3,0.94,2.5358,0.0653,55.1,yf_premarket,0.05483101228066567,0.9390305863225281,0.09252566141390776,0.6,1.5,neutral,0.02227954971857411,4.14,4.1387,0.001,steady,13:17:32,2026-06-24 13:17:32
POR,50.72,51.01,-0.0057,0.672,1152850,4,0.8617,0.844,0.0165,60.0,yf_premarket,0.06893217863534445,0.8594655014734275,0.021974844585803097,0.8,1.5,neutral,0.0,4.1333,,,new,13:17:32,2026-06-24 13:17:32
BANR,67.19,66.96,0.0034,0.9968,271770,4,0.8287,1.436,0.0214,61.5,yf_premarket,0.10233888054635591,0.825932323950818,0.029058840537805407,0.8,1.5,neutral,0.00797373358348968,4.1319,4.1383,-0.006,steady,13:17:32,2026-06-24 13:17:32
COO,64.2,66.15,-0.0295,0.8762,3159240,2,0.298,1.567,0.0237,70.0,yf_premarket,0.08993479110525991,0.2866578599735799,0.032383981494867715,0.4,3.0,good,0.0,4.1244,4.14,-0.016,steady,13:17:32,2026-06-24 13:17:32
BBVA,24.22,24.61,-0.0158,0.7617,2191010,4,0.8414,0.466,0.0189,62.4,yf_premarket,0.07815810585645815,0.8388375165125496,0.025444556888824636,0.8,1.5,neutral,0.0,4.1076,4.1112,-0.004,steady,13:17:32,2026-06-24 13:17:32
BUSE,28.38,28.88,-0.0173,0.8279,826450,4,0.8346,0.543,0.0188,66.6,yf_premarket,0.08496698414004483,0.8319276496291027,0.025299985542865406,0.8,1.5,neutral,0.0,4.104,4.1076,-0.004,steady,13:17:32,2026-06-24 13:17:32
CRBP,8.3879,8.46,-0.0085,0.7889,345920,4,0.8211,0.4838,0.0572,65.2,yf_premarket,0.08095571143521281,0.8182095315516716,0.08081538239121006,0.8,1.5,neutral,0.0,4.0983,4.1022,-0.004,steady,13:17:32,2026-06-24 13:17:32
FLR,53.34,53.37,-0.0006,0.7683,3209800,4,0.8245,2.431,0.0455,61.3,yf_premarket,0.07883693662189126,0.821664464993395,0.06390053491398004,0.8,1.5,neutral,0.0,4.0935,,,new,13:17:32,2026-06-24 13:17:32
COMP,9.99,9.89,0.0101,0.7872,14056800,3,0.8998,0.5471,0.0553,62.8,yf_premarket,0.08078086108654063,0.8981810791586221,0.07806852681798468,0.6,1.5,neutral,0.02368667917448405,4.0921,4.0588,0.033,steady,13:17:32,2026-06-24 13:17:32
FITB,54.83,54.67,0.0029,0.8424,8095500,4,0.8169,1.336,0.0244,69.1,yf_premarket,0.08645835476107214,0.8139416725942485,0.033395980916582337,0.8,1.5,neutral,0.006801125703564727,4.0845,,,new,13:17:32,2026-06-24 13:17:32
GSHD,40.06,40.06,-0.0,0.9819,574500,4,0.7969,2.4023,0.06,59.0,yf_premarket,0.10080636866681751,0.793618534701758,0.08486338007806853,0.8,1.5,neutral,-0.0,4.0809,,,new,13:17:32,2026-06-24 13:17:32
FISI,38.4,38.4,-0.0,1.0799,213530,3,0.8995,0.842,0.0219,68.8,yf_premarket,0.11088597700203649,0.8978762320902347,0.029781697267601562,0.6,1.5,neutral,-0.0,4.077,,,new,13:17:32,2026-06-24 13:17:32
FR,66.0,63.63,0.0372,0.7515,1090290,3,0.8587,1.388,0.0218,65.0,yf_premarket,0.07710900376442514,0.8564170307895539,0.029637125921642332,0.6,1.5,neutral,0.0872420262664165,4.0742,,,new,13:17:32,2026-06-24 13:17:32
ABM,43.91,43.91,0.0,0.6598,826260,2,0.2847,1.335,0.0304,70.7,yf_premarket,0.06767737025075597,0.27314297327507364,0.04207026167413619,0.4,3.0,good,0.0,4.0688,4.0848,-0.016,steady,13:17:32,2026-06-24 13:17:32
KMPR,26.45,26.22,0.0088,0.9799,1106010,3,0.881,0.953,0.0363,63.5,yf_premarket,0.10060066237426203,0.8790773295396809,0.050599971085730805,0.6,1.5,neutral,0.020637898686679177,4.0653,,,new,13:17:32,2026-06-24 13:17:32
ACT,43.32,43.32,0.0,0.6902,332360,3,0.9242,0.7959,0.0184,65.3,yf_premarket,0.0708041058975994,0.9229753073874607,0.02472170015902848,0.6,1.5,neutral,0.0,4.0645,4.0662,-0.002,steady,13:17:32,2026-06-24 13:17:32
CCNE,33.06,33.06,-0.0,0.8013,208280,3,0.9111,0.798,0.0241,68.8,yf_premarket,0.08223109044905684,0.9096636520678792,0.03296226687870464,0.6,1.5,neutral,-0.0,4.0592,4.0611,-0.002,steady,13:17:32,2026-06-24 13:17:32
RLMD,6.87,6.77,0.0148,0.8899,1881620,4,0.7635,0.443,0.0654,56.9,yf_premarket,0.09134387920926501,0.7596788944212985,0.09267023275986701,0.8,1.5,neutral,0.03470919324577861,4.0548,,,new,13:17:32,2026-06-24 13:17:32
CBAN,20.97,21.08,-0.0052,2.4867,250570,3,0.7766,0.43,0.0204,69.5,yf_premarket,0.2555797831855677,0.77299054974088,0.027613127078213104,0.6,1.5,neutral,0.0,4.0432,4.0481,-0.005,steady,13:17:32,2026-06-24 13:17:32
ALDX,2.0725,2.02,0.026,1.8654,1305150,4,0.6607,0.1319,0.0653,69.0,yf_premarket,0.1916771234032049,0.6552179656538969,0.09252566141390776,0.8,1.5,neutral,0.06097560975609756,4.0357,4.0366,-0.001,steady,13:17:32,2026-06-24 13:17:32
AURA,7.01,7.02,-0.0014,0.7039,710930,4,0.792,0.4286,0.0611,53.0,yf_premarket,0.0722131940016045,0.7886393659180978,0.08645366488362007,0.8,1.5,neutral,0.0,4.0288,4.0335,-0.005,steady,13:17:32,2026-06-24 13:17:32
FHB,28.73,28.6,0.0045,1.6418,1460880,4,0.7252,0.629,0.022,66.5,yf_premarket,0.1686791598955012,0.7207600853571791,0.02992626861356079,0.8,1.5,neutral,0.010553470919324577,4.0253,,,new,13:17:32,2026-06-24 13:17:32
BKH,73.9,73.84,0.0008,0.5334,1389570,3,0.9113,2.196,0.0297,55.3,yf_premarket,0.054676732561249046,0.9098668834468042,0.041058262252421575,0.6,1.5,neutral,0.001876172607879925,4.0251,4.0243,0.001,steady,13:17:32,2026-06-24 13:17:32
AVR,10.3,10.28,0.0019,1.3524,1149090,3,0.8363,0.6158,0.0599,63.5,yf_premarket,0.1389134593627219,0.8336551163499645,0.0847188087321093,0.6,1.5,neutral,0.004455909943714822,4.0247,4.0298,-0.005,steady,13:17:32,2026-06-24 13:17:32
AHR,49.0,48.67,0.0068,1.1396,3067300,3,0.8563,1.198,0.0246,63.9,yf_premarket,0.11702630983481783,0.853978254242455,0.033685123608500796,0.6,1.5,neutral,0.01594746716697936,4.0243,4.0327,-0.008,steady,13:17:32,2026-06-24 13:17:32
BCS,26.84,27.02,-0.0067,0.8042,5603800,3,0.8942,0.56,0.0207,63.6,yf_premarket,0.08252936457326229,0.8924906005487248,0.028046841116090793,0.6,1.5,neutral,0.0,4.0228,4.0252,-0.002,steady,13:17:32,2026-06-24 13:17:32
DB,34.78,35.18,-0.0114,0.596,3494850,4,0.8123,0.655,0.0186,63.9,yf_premarket,0.06111533951823586,0.8092673508789757,0.025010842850946943,0.8,1.5,neutral,0.0,4.0227,4.0269,-0.004,steady,13:17:32,2026-06-24 13:17:32
AUB,40.53,40.36,0.0042,0.8012,1100720,4,0.7875,0.917,0.0227,65.5,yf_premarket,0.08222080513442906,0.7840666598922873,0.030938268035275412,0.8,1.5,neutral,0.009849906191369606,4.0217,4.0267,-0.005,steady,13:17:32,2026-06-24 13:17:32
DHC,9.14,9.14,-0.0,0.8698,2116630,3,0.8788,0.397,0.0434,64.2,yf_premarket,0.08927653096908235,0.876841784371507,0.0608645366488362,0.6,1.5,neutral,-0.0,4.018,4.0207,-0.003,steady,13:17:32,2026-06-24 13:17:32
FER,69.27,70.01,-0.0106,0.9023,1854650,3,0.8813,1.4398,0.0206,65.4,yf_premarket,0.09261925822310904,0.8793821766080683,0.027902269770131563,0.6,1.5,neutral,0.0,4.0116,,,new,13:17:32,2026-06-24 13:17:32
AES,14.66,14.7,-0.0027,1.1395,7621110,3,0.8667,0.06,0.0041,52.3,yf_premarket,0.11701602452019007,0.8645462859465501,0.004047997686858465,0.6,1.5,neutral,0.0,4.0066,4.0096,-0.003,steady,13:17:32,2026-06-24 13:17:32
EIX,71.1,72.94,-0.0252,1.0459,2450200,3,0.8664,1.254,0.0172,59.0,yf_premarket,0.10738897002859318,0.8642414388781627,0.02298684400751771,0.6,1.5,neutral,0.0,4.0011,4.0139,-0.013,steady,13:17:32,2026-06-24 13:17:32
MBAV,10.84,10.85,-0.0009,0.5546,735290,2,0.9943,0.2101,0.0194,50.8,yf_premarket,0.05685721926233723,0.9942079057006401,0.026167413618620794,0.4,1.5,neutral,0.0,3.9868,,,new,13:17:32,2026-06-24 13:17:32
CART,45.7,46.09,-0.0085,0.9506,4829150,3,0.8564,1.9177,0.0416,68.6,yf_premarket,0.0975870651883241,0.8540798699319175,0.05826225242157004,0.6,1.5,neutral,0.0,3.9837,4.0031,-0.019,steady,13:17:32,2026-06-24 13:17:32
BEN,33.99,33.79,0.0059,1.3213,4999070,3,0.8235,0.887,0.0263,67.7,yf_premarket,0.13571472651348404,0.8206483080987704,0.03614283648980772,0.6,1.5,neutral,0.013836772983114446,3.9837,4.091,-0.107,steady,13:17:32,2026-06-24 13:17:32
BWEN,5.04,4.85,0.0392,0.4882,675200,4,0.6978,0.556,0.1146,64.0,yf_premarket,0.050027770349494995,0.692917386444467,0.1637993349718086,0.8,1.5,neutral,0.09193245778611632,3.9807,4.0054,-0.025,steady,13:17:32,2026-06-24 13:17:32
CBC,28.9,28.98,-0.0028,0.7673,1068720,3,0.8707,0.8525,0.0294,54.1,yf_premarket,0.07873408347561352,0.8686109135250483,0.04062454821454388,0.6,1.5,neutral,0.0,3.9756,3.9785,-0.003,steady,13:17:32,2026-06-24 13:17:32
DCTH,12.3214,12.29,0.0026,1.0291,593720,2,0.9363,0.6363,0.0518,68.2,yf_premarket,0.10566103717112706,0.9352708058124175,0.07300852970941159,0.4,1.5,neutral,0.0060975609756097554,3.9747,3.9738,0.001,steady,13:17:32,2026-06-24 13:17:32
KROS,11.0,11.0,0.0,1.0073,266050,4,0.7486,0.4642,0.0422,58.1,yf_premarket,0.10341883858227224,0.7445381566913932,0.05912968049732543,0.8,1.5,neutral,0.0,3.9738,,,new,13:17:32,2026-06-24 13:17:32
TFSL,16.88,16.88,0.0,0.8677,989500,3,0.8652,0.3345,0.0198,69.9,yf_premarket,0.08906053936189909,0.8630220506046133,0.026745699002457716,0.6,1.5,neutral,0.0,3.973,,,new,13:17:32,2026-06-24 13:17:32
FRME,42.1,41.91,0.0045,0.9731,381780,4,0.7469,0.984,0.0235,63.6,yf_premarket,0.09990126097957336,0.7428106899705315,0.032094838802949256,0.8,1.5,neutral,0.010553470919324577,3.9674,,,new,13:17:32,2026-06-24 13:17:32
SNDX,19.75,19.61,0.0071,0.5542,1832600,4,0.7672,0.742,0.0378,63.9,yf_premarket,0.05681607800382614,0.7634386749314094,0.05276854127511927,0.8,1.5,neutral,0.016651031894934335,3.9635,4.0289,-0.065,steady,13:17:32,2026-06-24 13:17:32
PPL,36.28,36.29,-0.0003,1.2395,10824690,4,0.7335,0.7295,0.0201,67.9,yf_premarket,0.12730133914796454,0.7291941875825628,0.027179413040335408,0.8,1.5,neutral,0.0,3.9629,,,new,13:17:32,2026-06-24 13:17:32
FAF,69.3,69.44,-0.002,0.73,1159770,3,0.8679,1.632,0.0235,69.0,yf_premarket,0.07489766111945365,0.8657656742200995,0.032094838802949256,0.6,1.5,neutral,0.0,3.9599,3.9629,-0.003,steady,13:17:32,2026-06-24 13:17:32
PTRN,21.47,21.49,-0.0009,0.5319,2623840,3,0.8693,1.307,0.0608,56.3,yf_premarket,0.054522452841832436,0.8671882938725739,0.08601995084574238,0.6,1.5,neutral,0.0,3.9592,,,new,13:17:32,2026-06-24 13:17:32
CRI,42.97,42.75,0.0051,1.3136,918800,3,0.8062,1.705,0.0399,61.8,yf_premarket,0.13492275728714542,0.8030687938217661,0.05580453954026311,0.6,1.5,neutral,0.011960600375234522,3.9544,3.9557,-0.001,steady,13:17:32,2026-06-24 13:17:32
CRVS,12.97,12.63,0.0269,0.7279,1263970,3,0.8036,0.7144,0.0566,66.2,yf_premarket,0.07468166951227037,0.8004267858957422,0.07994795431545468,0.6,1.5,neutral,0.06308630393996248,3.9475,3.9793,-0.032,steady,13:17:32,2026-06-24 13:17:32
AVO,11.7411,11.71,0.0027,0.625,2388420,3,0.8533,0.5715,0.0488,60.7,yf_premarket,0.06409808076029046,0.8509297835585814,0.06867138933063467,0.6,1.5,neutral,0.006332082551594747,3.9418,3.987,-0.045,steady,13:17:32,2026-06-24 13:17:32
CYH,3.08,3.08,0.0,0.8053,1331990,4,0.75,0.106,0.0344,68.7,yf_premarket,0.08264250303416781,0.7459607763438675,0.04785311551250542,0.8,1.5,neutral,0.0,3.9398,3.9732,-0.033,steady,13:17:32,2026-06-24 13:17:32
DTIL,6.95,6.95,0.0,0.9084,323970,4,0.7244,0.4889,0.0703,60.6,yf_premarket,0.09324666241540329,0.7199471598414796,0.09975422871186931,0.8,1.5,neutral,0.0,3.9296,3.9358,-0.006,steady,13:17:32,2026-06-24 13:17:32
FE,47.2606,47.45,-0.004,0.7816,4757850,4,0.749,0.924,0.0195,66.0,yf_premarket,0.08020488346738526,0.744944619449243,0.026311984964580024,0.8,1.5,neutral,0.0,3.9234,,,new,13:17:32,2026-06-24 13:17:32
DEA,24.33,24.08,0.0104,0.6461,470370,4,0.7367,0.546,0.0227,53.3,yf_premarket,0.06626828214675087,0.7324458896453613,0.030938268035275412,0.8,1.5,neutral,0.024390243902439022,3.9163,3.8856,0.031,steady,13:17:32,2026-06-24 13:17:32
ARXS,45.29,45.35,-0.0013,0.7269,1183670,3,0.8269,2.741,0.0604,57.9,yf_premarket,0.07457881636599263,0.8241032415404939,0.08544166546190546,0.6,1.5,neutral,0.0,3.9028,3.9066,-0.004,steady,13:17:32,2026-06-24 13:17:32
BATRK,51.61,51.61,-0.0,1.0182,674890,3,0.8138,1.188,0.023,63.7,yf_premarket,0.10453993787669964,0.8107915862209125,0.0313719820731531,0.6,1.5,neutral,-0.0,3.8941,3.8982,-0.004,steady,13:17:32,2026-06-24 13:17:32
VNT,30.45,30.07,0.0126,1.0545,1922270,3,0.7855,0.8479,0.0282,65.3,yf_premarket,0.10827350708658177,0.7820343461030382,0.03888969206303311,0.6,1.5,neutral,0.02954971857410882,3.8902,,,new,13:17:32,2026-06-24 13:17:32
TOWN,35.7,35.54,0.0045,0.7304,626650,4,0.724,0.717,0.0202,65.5,yf_premarket,0.07493880237796474,0.7195406970836297,0.027323984386294638,0.8,1.5,neutral,0.010553470919324577,3.881,,,new,13:17:32,2026-06-24 13:17:32
BKU,49.12,49.12,0.0,0.9275,839540,3,0.8119,1.182,0.0241,63.6,yf_premarket,0.09521115750930821,0.8088608881211259,0.03296226687870464,0.6,1.5,neutral,0.0,3.877,3.8812,-0.004,steady,13:17:32,2026-06-24 13:17:32
MBI,6.3,6.28,0.0032,0.8984,254900,2,0.9038,0.201,0.032,65.0,yf_premarket,0.09221813095262583,0.9022457067371202,0.04438340320948388,0.4,1.5,neutral,0.0075046904315197,3.8763,3.8809,-0.005,steady,13:17:32,2026-06-24 13:17:32
ALK,49.94,49.21,0.0148,0.8958,3617980,3,0.7757,2.654,0.0539,63.2,yf_premarket,0.09195071277230371,0.7720760085357179,0.07604452797455545,0.6,1.5,neutral,0.03470919324577861,3.8722,3.8251,0.047,steady,13:17:32,2026-06-24 13:17:32
FBK,57.0,54.73,0.0415,1.3274,395820,4,0.6076,1.1583,0.0212,59.2,yf_premarket,0.13634213070577827,0.6012600345493344,0.028769697845886948,0.8,1.5,neutral,0.09732645403377112,3.8674,3.9079,-0.041,steady,13:17:32,2026-06-24 13:17:32
CUPR,5.62,3.94,0.4264,0.0049,13542510,1,0.1575,2.0472,0.5196,55.5,yf_premarket,0.00031884475346100836,0.14388781627883346,0.7493132861066937,0.2,1.5,neutral,1.0,3.8629,3.8817,-0.019,steady,13:17:32,2026-06-24 13:17:32
CSTL,21.8,21.38,0.0196,1.2878,341130,3,0.7367,0.781,0.0365,63.3,yf_premarket,0.1322691461131796,0.7324458896453613,0.050889113777649264,0.6,1.5,neutral,0.04596622889305816,3.8577,3.8785,-0.021,steady,13:17:32,2026-06-24 13:17:32
CADL,9.08,9.08,0.0,0.5965,2309930,3,0.8099,0.5835,0.0643,57.3,yf_premarket,0.06116676609137474,0.8068285743318768,0.09107994795431545,0.6,1.5,neutral,0.0,3.8509,3.8882,-0.037,steady,13:17:32,2026-06-24 13:17:32
CRK,13.3236,13.46,-0.0101,1.0195,2622880,3,0.7846,0.557,0.0414,50.1,yf_premarket,0.10467364696686073,0.7811198048978761,0.05797310972965158,0.6,1.5,neutral,0.0,3.8482,3.8625,-0.014,steady,13:17:32,2026-06-24 13:17:32
BLBD,74.21,73.72,0.0066,1.0845,371140,4,0.672,2.551,0.0346,54.3,yf_premarket,0.11135910147491412,0.6667005385631541,0.04814225820442388,0.8,1.5,neutral,0.01547842401500938,3.8477,3.8318,0.016,steady,13:17:32,2026-06-24 13:17:32
AADX,18.32,18.35,-0.0016,0.4693,1539920,2,0.1576,2.213,0.1206,,yf_premarket,0.048083845884845614,0.1439894319682959,0.17247361572936246,0.4,3.0,—,0.0,3.8463,3.8651,-0.019,steady,13:17:32,2026-06-24 13:17:32
AVIR,4.48,4.48,-0.0,0.7063,275220,4,0.7083,0.1815,0.0405,58.8,yf_premarket,0.07246004155267109,0.7035870338380247,0.056671967616018504,0.8,1.5,neutral,-0.0,3.8442,3.8507,-0.006,steady,13:17:32,2026-06-24 13:17:32
EVER,20.87,20.75,0.0058,1.0239,640490,4,0.6653,1.0565,0.0509,66.7,yf_premarket,0.1051262008104828,0.6598922873691698,0.07170738759577852,0.8,1.5,neutral,0.013602251407129454,3.8337,3.8456,-0.012,steady,13:17:32,2026-06-24 13:17:32
AEG,8.44,8.55,-0.0129,0.8695,5846250,3,0.7985,0.1076,0.0126,62.4,yf_premarket,0.08924567502519902,0.7952443857331571,0.01633656209339309,0.6,1.5,neutral,0.0,3.8325,3.837,-0.005,steady,13:17:32,2026-06-24 13:17:32
PAR,15.38,15.38,-0.0,0.7989,1151380,3,0.7841,0.97,0.0631,50.7,yf_premarket,0.08198424289799025,0.780611726450564,0.08934509180280469,0.6,1.5,neutral,-0.0,3.8289,,,new,13:17:32,2026-06-24 13:17:32
ANIX,2.95,2.76,0.0688,0.586,215860,3,0.6769,0.197,0.0714,59.3,yf_premarket,0.060086808055458414,0.6716797073468143,0.10134451351742087,0.6,1.5,neutral,0.16135084427767354,3.8262,3.8705,-0.044,steady,13:17:32,2026-06-24 13:17:32
VSTM,4.23,4.21,0.0048,1.0571,2405800,3,0.75,0.279,0.0663,62.0,yf_premarket,0.10854092526690391,0.7459607763438675,0.09397137487350007,0.6,1.5,neutral,0.011257035647279548,3.8186,,,new,13:17:32,2026-06-24 13:17:32
CNK,33.99,33.81,0.0053,0.5016,2578160,4,0.7023,1.18,0.0349,68.0,yf_premarket,0.05140600250961677,0.6974900924702775,0.04857597224230158,0.8,1.5,neutral,0.012429643527204503,3.815,3.803,0.012,steady,13:17:32,2026-06-24 13:17:32
ANTX,4.25,4.98,-0.1466,1.5112,330990,3,0.7072,0.4875,0.0979,66.2,yf_premarket,0.15524653899162777,0.7024692612539376,0.13965592019661704,0.6,1.5,neutral,0.0,3.8076,3.8142,-0.007,steady,13:17:32,2026-06-24 13:17:32
FFIN,33.5,33.5,0.0,0.8767,1005010,4,0.6796,0.6717,0.0201,60.4,yf_premarket,0.08998621767839879,0.6744233309623006,0.027179413040335408,0.8,1.5,neutral,0.0,3.7974,,,new,13:17:32,2026-06-24 13:17:32
FMNB,14.39,14.39,-0.0,0.7955,496650,4,0.6866,0.2413,0.0168,56.8,yf_premarket,0.08163454220064592,0.6815364292246723,0.022408558623680786,0.8,1.5,neutral,-0.0,3.7967,,,new,13:17:32,2026-06-24 13:17:32
COAG,28.6,29.15,-0.0189,0.8757,397280,4,0.6536,2.584,0.0886,54.7,yf_premarket,0.08988336453212104,0.6480032517020627,0.12621078502240857,0.8,1.5,neutral,0.0,3.7939,3.8016,-0.008,steady,13:17:32,2026-06-24 13:17:32
BLMN,8.27,8.25,0.0024,0.927,2214080,3,0.7517,0.491,0.0595,55.9,yf_premarket,0.09515973093616933,0.7476882430647293,0.08414052334827236,0.6,1.5,neutral,0.005628517823639774,3.7886,3.8893,-0.101,steady,13:17:32,2026-06-24 13:17:32
CNX,32.99,33.5,-0.0152,0.7402,2198390,3,0.7725,1.017,0.0304,51.5,yf_premarket,0.07594676321148663,0.7688243064729193,0.04207026167413619,0.6,1.5,neutral,0.0,3.7726,3.7777,-0.005,steady,13:17:32,2026-06-24 13:17:32
FLYW,15.6425,15.61,0.0021,0.8705,2174760,3,0.7421,0.621,0.0398,54.8,yf_premarket,0.08934852817147677,0.7379331368763337,0.05565996819430389,0.6,1.5,neutral,0.004924953095684803,3.7451,,,new,13:17:32,2026-06-24 13:17:32
EQPT,23.111,23.88,-0.0322,1.7166,2196080,3,0.6689,1.6099,0.0674,65.1,yf_premarket,0.1763725752370765,0.6635504521898181,0.09556165967905163,0.6,1.5,neutral,0.0,3.7394,3.7468,-0.007,steady,13:17:32,2026-06-24 13:17:32
CBLL,18.75,18.39,0.0196,0.858,319000,3,0.7097,0.7403,0.0403,57.3,yf_premarket,0.08806286384300495,0.7050096534904989,0.056382824924100045,0.6,1.5,neutral,0.04596622889305816,3.7393,3.7607,-0.021,steady,13:17:32,2026-06-24 13:17:32
ELPC,11.49,11.7,-0.0179,1.0268,396190,3,0.736,0.2965,0.0253,51.1,yf_premarket,0.10542447493468825,0.731734579819124,0.03469712303021541,0.6,1.5,neutral,0.0,3.739,3.7448,-0.006,steady,13:17:32,2026-06-24 13:17:32
DOLE,14.23,14.23,0.0,0.7437,968690,2,0.8559,0.2943,0.0207,52.5,yf_premarket,0.07630674922345874,0.8535717914846052,0.028046841116090793,0.4,1.5,neutral,0.0,3.7356,3.7448,-0.009,steady,13:17:32,2026-06-24 13:17:32
CRNX,35.99,35.91,0.0022,0.8815,1060840,3,0.7342,1.6457,0.0458,65.2,yf_premarket,0.09047991278053195,0.7299054974087998,0.06433424895185774,0.6,1.5,neutral,0.005159474671669794,3.7354,3.7336,0.002,steady,13:17:32,2026-06-24 13:17:32
DYN,20.3,20.26,0.002,0.9497,2185850,3,0.7247,1.1885,0.0587,66.3,yf_premarket,0.09749449735667413,0.7202520069098669,0.08298395258059853,0.6,1.5,neutral,0.004690431519699813,3.7353,3.8286,-0.093,steady,13:17:32,2026-06-24 13:17:32
EGBN,28.37,28.25,0.0042,0.8385,290990,4,0.6373,0.84,0.0297,61.4,yf_premarket,0.08605722749058894,0.631439894319683,0.041058262252421575,0.8,1.5,neutral,0.009849906191369606,3.7273,3.7386,-0.011,steady,13:17:32,2026-06-24 13:17:32
ESI,45.92,45.86,0.0013,1.7181,3507160,3,0.6686,1.971,0.043,58.1,yf_premarket,0.17652685495649312,0.6632456051214307,0.06028625126499927,0.6,1.5,neutral,0.0030487804878048777,3.726,3.7725,-0.046,steady,13:17:32,2026-06-24 13:17:32
SW,44.8,44.36,0.0099,0.7314,6845280,2,0.8256,1.9085,0.043,57.1,yf_premarket,0.0750416555242425,0.8227822375774819,0.06028625126499927,0.4,1.5,neutral,0.023217636022514074,3.7231,,,new,13:17:32,2026-06-24 13:17:32
ALTG,8.2,7.16,0.1453,0.6515,240540,2,0.5893,0.4339,0.0606,61.7,yf_premarket,0.06682368913665068,0.5826643633777056,0.08573080815382392,0.4,1.5,neutral,0.3407598499061914,3.7196,3.8398,-0.12,steady,13:17:32,2026-06-24 13:17:32
BNL,21.17,21.05,0.0057,0.83,1729260,4,0.6341,0.4139,0.0197,64.5,yf_premarket,0.0851829757472281,0.6281881922568845,0.026601127656498483,0.8,1.5,neutral,0.013367729831144466,3.7175,3.7056,0.012,steady,13:17:32,2026-06-24 13:17:32
BRO,60.43,60.4,0.0005,1.1349,3226790,3,0.715,1.627,0.0269,64.3,yf_premarket,0.11654290004731245,0.7103952850320089,0.03701026456556311,0.6,1.5,neutral,0.0011726078799249532,3.7159,3.738,-0.022,steady,13:17:32,2026-06-24 13:17:32
ALLO,2.0639,2.07,-0.0029,0.5816,8253670,3,0.7442,0.129,0.0623,51.3,yf_premarket,0.05963425421183634,0.7400670663550452,0.08818852103513083,0.6,1.5,neutral,0.0,3.7137,3.7609,-0.047,steady,13:17:32,2026-06-24 13:17:32
ERAS,15.19,15.07,0.008,0.8528,5035720,2,0.8052,1.0535,0.0699,60.4,yf_premarket,0.08752802748236069,0.8020526369271416,0.0991759433280324,0.4,1.5,neutral,0.01876172607879925,3.7131,3.6979,0.015,steady,13:17:32,2026-06-24 13:17:32
ACVA,6.41,6.4,0.0016,1.0064,2734610,2,0.8069,0.3575,0.0559,51.3,yf_premarket,0.10332627075062226,0.8037801036480032,0.07893595489374006,0.4,1.5,neutral,0.00375234521575985,3.7076,3.7132,-0.006,steady,13:17:32,2026-06-24 13:17:32
FNF,47.87,47.96,-0.0019,0.8435,1569780,3,0.7353,1.0084,0.021,65.3,yf_premarket,0.08657149322197766,0.7310232699928868,0.02848055515396849,0.6,1.5,neutral,0.0,3.7061,,,new,13:17:32,2026-06-24 13:17:32
EXTR,31.5,31.45,0.0016,0.8465,2201810,2,0.8213,1.255,0.0399,59.0,yf_premarket,0.08688005266081089,0.8184127629305965,0.05580453954026311,0.4,1.5,neutral,0.00375234521575985,3.7007,3.699,0.002,steady,13:17:32,2026-06-24 13:17:32
ACIW,45.17,45.17,0.0,1.3713,1087980,2,0.7856,1.599,0.0354,55.9,yf_premarket,0.14085738382737129,0.7821359617925007,0.04929882897209773,0.4,1.5,neutral,0.0,3.7002,3.708,-0.008,steady,13:17:32,2026-06-24 13:17:32
ALT,2.91,2.91,-0.0,0.9663,4363960,3,0.7158,0.1169,0.0402,50.6,yf_premarket,0.0992018595848847,0.7112082105477086,0.05623825357814081,0.6,1.5,neutral,-0.0,3.6993,3.7643,-0.065,steady,13:17:32,2026-06-24 13:17:32
PACS,37.3,37.37,-0.0019,0.9773,835950,2,0.8108,1.618,0.0433,52.1,yf_premarket,0.10033324419393988,0.8077431155370389,0.06071996530287697,0.4,1.5,neutral,0.0,3.6963,,,new,13:17:32,2026-06-24 13:17:32
FSUN,37.05,37.05,0.0,1.3507,263720,2,0.786,1.0675,0.0288,63.7,yf_premarket,0.13873860901404975,0.7825424245503506,0.039757120138788495,0.4,1.5,neutral,0.0,3.6931,,,new,13:17:32,2026-06-24 13:17:32
CRSP,53.65,53.99,-0.0063,1.01,1517420,3,0.7044,2.5848,0.0479,55.0,yf_premarket,0.10369654207722215,0.699624021948989,0.06737024721700159,0.6,1.5,neutral,0.0,3.6885,3.7092,-0.021,steady,13:17:32,2026-06-24 13:17:32
COHU,65.59,64.37,0.019,0.9511,1489680,3,0.6694,3.998,0.0621,58.9,yf_premarket,0.09763849176146297,0.6640585306371304,0.08789937834321238,0.6,1.5,neutral,0.04455909943714822,3.6854,3.7051,-0.02,steady,13:17:32,2026-06-24 13:17:32
BGLC,2.38,2.42,-0.0165,0.051,537450,2,0.8282,0.4048,0.1673,54.4,yf_premarket,0.005060374796865035,0.8254242455035058,0.23998843429232328,0.4,1.5,neutral,0.0,3.6784,3.6823,-0.004,steady,13:17:32,2026-06-24 13:17:32
EZPW,32.9516,32.38,0.0177,0.9285,1254880,2,0.7687,1.798,0.0555,55.0,yf_premarket,0.09531401065558595,0.7649629102733463,0.07835766950990314,0.4,1.5,neutral,0.04151031894934334,3.6743,3.666,0.008,steady,13:17:32,2026-06-24 13:17:32
COLB,31.27,31.27,-0.0,0.7504,3183720,3,0.7246,0.765,0.0245,68.0,yf_premarket,0.07699586530351962,0.7201503912204045,0.033540552262541566,0.6,1.5,neutral,-0.0,3.6726,3.6787,-0.006,steady,13:17:32,2026-06-24 13:17:32
IART,17.7,17.69,0.0006,0.9089,946900,4,0.6065,0.754,0.0426,65.5,yf_premarket,0.09329808898854217,0.6001422619652474,0.05970796588116235,0.8,1.5,neutral,0.0014071294559099435,3.6722,,,new,13:17:32,2026-06-24 13:17:32
ACIU,2.43,2.45,-0.0082,0.4965,300880,3,0.732,0.1157,0.0472,51.6,yf_premarket,0.05088145146360027,0.7276699522406259,0.06635824779528697,0.6,1.5,neutral,0.0,3.6648,3.828,-0.163,steady,13:17:32,2026-06-24 13:17:32
BZUN,2.7,2.77,-0.0253,1.2285,253390,3,0.678,0.1126,0.0406,57.9,yf_premarket,0.12616995453890933,0.6727974799309013,0.056816538961977726,0.6,1.5,neutral,0.0,3.6633,3.6704,-0.007,steady,13:17:32,2026-06-24 13:17:32
CBU,67.0,64.58,0.0375,0.9082,390870,3,0.6419,1.7448,0.027,56.6,yf_premarket,0.09322609178614774,0.6361142160349558,0.03715483591152234,0.6,1.5,neutral,0.08794559099437148,3.6626,3.6992,-0.037,steady,13:17:32,2026-06-24 13:17:32
FRMI,8.78,8.69,0.0104,0.5247,26962080,3,0.6922,0.8636,0.0994,67.9,yf_premarket,0.053781910188632674,0.6872269078345696,0.1418244903860055,0.6,1.5,neutral,0.024390243902439022,3.6626,,,new,13:17:32,2026-06-24 13:17:32
AIP,41.51,41.22,0.007,0.6638,1016630,3,0.695,3.1333,0.076,56.6,yf_premarket,0.06808878283586695,0.6900721471395183,0.10799479543154547,0.6,1.5,neutral,0.016416510318949345,3.6609,3.7343,-0.073,steady,13:17:32,2026-06-24 13:17:32
BTBT,2.13,2.14,-0.0047,1.2321,32416930,3,0.6575,0.188,0.0879,56.7,yf_premarket,0.12654022586550923,0.6519662635910984,0.12519878560069397,0.6,1.5,neutral,0.0,3.6563,3.6841,-0.028,steady,13:17:32,2026-06-24 13:17:32
ALGM,55.55,55.52,0.0005,1.2049,2826900,3,0.6656,3.7505,0.0676,56.1,yf_premarket,0.12374262028675458,0.6601971344375571,0.09585080237097007,0.6,1.5,neutral,0.0011726078799249532,3.6557,3.741,-0.085,steady,13:17:32,2026-06-24 13:17:32
FDUS,18.35,18.29,0.0033,0.8161,341490,3,0.6984,0.3718,0.0203,50.8,yf_premarket,0.08375331701396746,0.6935270805812418,0.027468555732253867,0.6,1.5,neutral,0.00773921200750469,3.638,3.6473,-0.009,steady,13:17:32,2026-06-24 13:17:32
ABOS,2.41,2.41,-0.0,0.7427,469360,3,0.6923,0.144,0.0598,52.8,yf_premarket,0.076203896077181,0.6873285235240322,0.08457423738615007,0.6,1.5,neutral,-0.0,3.6313,3.6381,-0.007,steady,13:17:32,2026-06-24 13:17:32
XPEL,45.74,45.96,-0.0048,0.6405,260910,4,0.6104,1.5747,0.0343,57.5,yf_premarket,0.06569230452759549,0.6041052738542831,0.047708544166546185,0.8,1.5,neutral,0.0,3.6306,3.6393,-0.009,steady,13:17:32,2026-06-24 13:17:32
TNXP,11.98,11.96,0.0017,0.7499,621950,3,0.6796,0.954,0.0798,52.2,yf_premarket,0.07694443873038076,0.6744233309623006,0.11348850657799625,0.6,1.5,neutral,0.00398686679174484,3.627,,,new,13:17:32,2026-06-24 13:17:32
MEI,13.6551,13.4,0.019,1.2077,634280,2,0.7136,0.984,0.0734,55.3,yf_premarket,0.12403060909633226,0.7089726653795346,0.10423594043660549,0.4,1.5,neutral,0.04455909943714822,3.6229,,,new,13:17:32,2026-06-24 13:17:32
CDNA,25.25,25.12,0.0052,0.6843,1010380,3,0.6783,1.4361,0.0572,64.3,yf_premarket,0.07019727233456072,0.6731023269992887,0.08081538239121006,0.6,1.5,neutral,0.012195121951219511,3.6102,3.6385,-0.028,steady,13:17:32,2026-06-24 13:17:32
NI,47.01,47.26,-0.0053,1.585,3997390,3,0.6306,0.874,0.0185,61.2,yf_premarket,0.1628371011869253,0.6246316431256986,0.024866271504987714,0.6,1.5,neutral,0.0,3.606,,,new,13:17:32,2026-06-24 13:17:32
MEG,17.19,17.19,0.0,1.7049,672402,4,0.5,0.954,0.0555,61.2,prev_close,0.1751691934256269,0.49192155268773496,0.07835766950990314,0.8,1.5,neutral,0.0,3.5858,,,new,13:17:32,2026-06-24 13:17:32
FLNG,30.942,30.89,0.0017,0.706,415160,2,0.7789,0.7737,0.025,55.4,yf_premarket,0.07242918560878776,0.7753277105985165,0.03426340899233772,0.4,1.5,neutral,0.00398686679174484,3.5824,,,new,13:17:32,2026-06-24 13:17:32
BESS,5.01,4.98,0.006,0.3709,799180,4,0.5333,1.053,0.2114,60.8,yf_premarket,0.03796309629111554,0.5257595772787318,0.30374439786034413,0.8,1.5,neutral,0.014071294559099437,3.5814,3.7942,-0.213,steady,13:17:32,2026-06-24 13:17:32
ASX,40.424,39.77,0.0164,1.2642,13485480,3,0.5997,1.958,0.0492,51.0,yf_premarket,0.12984181186102484,0.5932323950818006,0.06924967471447159,0.6,1.5,neutral,0.038461538461538464,3.5735,3.6185,-0.045,steady,13:17:32,2026-06-24 13:17:32
DFIN,40.15,40.15,-0.0,0.6877,429100,2,0.7702,1.6185,0.0403,51.6,yf_premarket,0.07054697303190505,0.766487145615283,0.056382824924100045,0.4,1.5,neutral,-0.0,3.567,3.5721,-0.005,steady,13:17:32,2026-06-24 13:17:32
EMA,51.98,52.42,-0.0084,1.0166,524280,3,0.6505,0.887,0.0169,60.0,yf_premarket,0.10437537284265525,0.6448531653287267,0.022553129969640016,0.6,1.5,neutral,0.0,3.5575,3.6047,-0.047,steady,13:17:32,2026-06-24 13:17:32
ABUS,4.6412,4.45,0.043,1.4545,2401940,3,0.5342,0.175,0.0393,60.2,yf_premarket,0.14941476559767963,0.5266741184838939,0.054937111464507735,0.6,1.5,neutral,0.10084427767354595,3.5562,3.4431,0.113,steady,13:17:32,2026-06-24 13:17:32
ATHM,17.97,18.37,-0.0218,0.7715,946890,2,0.7563,0.785,0.0427,50.2,yf_premarket,0.07916606668998004,0.752362564780002,0.05985253722712158,0.4,1.5,neutral,0.0,3.5534,3.5588,-0.005,steady,13:17:32,2026-06-24 13:17:32
EVH,4.85,4.8,0.0104,0.8714,2280490,1,0.8182,0.3109,0.0648,65.8,yf_premarket,0.08944109600312673,0.8152626765572605,0.09180280468411162,0.2,1.5,neutral,0.024390243902439022,3.5472,3.5592,-0.012,steady,13:17:32,2026-06-24 13:17:32
BBIO,69.779,68.63,0.0167,1.0109,2428300,2,0.7053,2.3942,0.0349,68.5,yf_premarket,0.10378910990887211,0.7005385631541511,0.04857597224230158,0.4,1.5,neutral,0.039165103189493435,3.5398,3.5698,-0.03,steady,13:17:32,2026-06-24 13:17:32
STRO,30.0,29.19,0.0277,0.8634,262800,3,0.5735,2.664,0.0913,61.9,yf_premarket,0.08861827083290477,0.5666090844426379,0.1301142113633078,0.6,1.5,neutral,0.0649624765478424,3.5286,,,new,13:17:32,2026-06-24 13:17:32
CTO,20.95,20.83,0.0058,1.3151,327890,2,0.7001,0.3466,0.0166,64.0,yf_premarket,0.135077037006562,0.6952545473021033,0.022119415931762327,0.4,1.5,neutral,0.013602251407129454,3.5246,3.6774,-0.153,steady,13:17:32,2026-06-24 13:17:32
FCPT,25.44,24.95,0.0196,0.7225,854060,3,0.616,0.467,0.0187,55.8,yf_premarket,0.07412626252237056,0.6097957524641805,0.025155414196906176,0.6,1.5,neutral,0.04596622889305816,3.5123,3.5358,-0.023,steady,13:17:32,2026-06-24 13:17:32
ESPR,3.16,3.16,-0.0,0.5636,10019800,3,0.6667,0.016,0.0051,60.0,yf_premarket,0.057782897578836936,0.6613149070216441,0.005493711146450774,0.6,1.5,neutral,-0.0,3.5121,3.5195,-0.007,steady,13:17:32,2026-06-24 13:17:32
BEAM,33.35,33.2,0.0045,1.5917,2261710,3,0.5518,2.203,0.0664,61.2,yf_premarket,0.16352621726698618,0.5445584798292856,0.09411594621945932,0.6,1.5,neutral,0.010553470919324577,3.4973,3.5561,-0.059,steady,13:17:32,2026-06-24 13:17:32
DIN,33.2,33.28,-0.0024,0.6031,416650,3,0.6353,1.639,0.0492,66.5,yf_premarket,0.06184559685680784,0.6294075805304339,0.06924967471447159,0.6,1.5,neutral,0.0,3.4862,3.4943,-0.008,steady,13:17:32,2026-06-24 13:17:32
APOG,40.2,40.17,0.0007,1.5174,301440,3,0.5665,1.512,0.0376,58.1,yf_premarket,0.15588422849854977,0.5594959861802662,0.05247939858320081,0.6,1.5,neutral,0.0016416510318949342,3.4815,3.4917,-0.01,steady,13:17:32,2026-06-24 13:17:32
CRVL,60.14,59.69,0.0075,1.1735,239890,3,0.5772,2.103,0.0352,58.5,yf_premarket,0.12051303149363339,0.5703688649527487,0.04900968628017927,0.6,1.5,neutral,0.017589118198874296,3.4724,3.4554,0.017,steady,13:17:32,2026-06-24 13:17:32
ABEO,5.9127,5.72,0.0337,0.8596,1181180,1,0.75,0.211,0.0369,51.2,yf_premarket,0.08822742887704935,0.7459607763438675,0.051467399161486196,0.2,1.5,neutral,0.07903377110694185,3.4685,3.3556,0.113,steady,13:17:32,2026-06-24 13:17:32
FA,16.7207,16.56,0.0097,0.525,3009580,3,0.6167,0.7037,0.0425,51.5,yf_premarket,0.053812766132515996,0.6105070622904176,0.059563394535203124,0.6,1.5,neutral,0.02274859287054409,3.4656,3.4816,-0.016,steady,13:17:32,2026-06-24 13:17:32
CARR,71.1,70.75,0.0049,0.8654,6223120,3,0.603,2.216,0.0313,61.3,yf_premarket,0.08882397712546027,0.5965857128340616,0.04337140378776927,0.6,1.5,neutral,0.01149155722326454,3.4653,3.4792,-0.014,steady,13:17:32,2026-06-24 13:17:32
KLAR,18.06,17.75,0.0175,0.4983,4798450,3,0.5995,1.0104,0.0569,51.5,yf_premarket,0.05106658712690021,0.5930291637028757,0.08038166835333237,0.6,1.5,neutral,0.041041275797373364,3.4644,,,new,13:17:32,2026-06-24 13:17:32
AIN,71.0,70.37,0.009,0.5906,259040,3,0.6113,2.39,0.034,66.2,yf_premarket,0.06055993252833604,0.6050198150594451,0.047274830128668496,0.6,1.5,neutral,0.021106941838649154,3.4562,3.5013,-0.045,steady,13:17:32,2026-06-24 13:17:32
CWT,47.0,46.28,0.0156,0.7953,536530,3,0.5878,0.912,0.0197,56.8,yf_premarket,0.08161397157139037,0.5811401280357688,0.026601127656498483,0.6,1.5,neutral,0.036585365853658534,3.4529,3.474,-0.021,steady,13:17:32,2026-06-24 13:17:32
PHAT,10.9987,10.86,0.0128,0.7904,765440,2,0.6747,0.54,0.0497,67.4,yf_premarket,0.08110999115462941,0.6694441621786403,0.06997253144426775,0.4,1.5,neutral,0.0300187617260788,3.4406,,,new,13:17:32,2026-06-24 13:17:32
ALC,66.93,66.12,0.0123,1.2772,1794510,3,0.5487,1.3076,0.0198,57.4,yf_premarket,0.1311789027626355,0.5414083934559496,0.026745699002457716,0.6,1.5,neutral,0.028846153846153848,3.4362,3.4171,0.019,steady,13:17:32,2026-06-24 13:17:32
AGNC,10.44,10.44,0.0,0.8876,14015990,3,0.6,0.158,0.0151,58.3,yf_premarket,0.09110731697282619,0.593537242150188,0.019950845742373862,0.6,1.5,neutral,0.0,3.4337,3.4452,-0.011,steady,13:17:32,2026-06-24 13:17:32
CUZ,28.73,28.86,-0.0045,0.7761,2012150,3,0.5991,0.721,0.025,65.6,yf_premarket,0.07963919116285767,0.5926227009450259,0.03426340899233772,0.6,1.5,neutral,0.0,3.4218,3.4308,-0.009,steady,13:17:32,2026-06-24 13:17:32
BBSI,33.83,33.83,-0.0,1.7026,249740,2,0.6218,1.337,0.0395,54.1,yf_premarket,0.17493263118918806,0.6156894624530027,0.055226254156426194,0.4,1.5,neutral,-0.0,3.4214,3.4298,-0.008,steady,13:17:32,2026-06-24 13:17:32
DX,12.92,12.92,-0.0,0.7962,4925590,3,0.5972,0.19,0.0147,56.3,yf_premarket,0.08170653940304035,0.5906920028452393,0.019372560358536937,0.6,1.5,neutral,-0.0,3.4136,3.4226,-0.009,steady,13:17:32,2026-06-24 13:17:32
FHN,24.95,24.95,-0.0,0.7465,5160220,3,0.597,0.462,0.0185,66.9,yf_premarket,0.07659473803303643,0.5904887714663144,0.024866271504987714,0.6,1.5,neutral,-0.0,3.4083,,,new,13:17:32,2026-06-24 13:17:32
AFRM,72.66,71.83,0.0116,0.6287,4480640,2,0.669,4.2645,0.0594,51.1,yf_premarket,0.06447863740151812,0.6636520678792805,0.08399595200231315,0.4,1.5,neutral,0.02720450281425891,3.4068,3.3734,0.033,steady,13:17:32,2026-06-24 13:17:32
RDNT,55.7,56.2,-0.0089,0.6359,1007690,3,0.5873,3.078,0.0548,55.1,yf_premarket,0.06521918005471787,0.5806320495884565,0.07734567008818852,0.6,1.5,neutral,0.0,3.3978,,,new,13:17:32,2026-06-24 13:17:32
LW,44.49,44.88,-0.0087,0.9514,1380350,2,0.6716,1.182,0.0263,67.6,yf_premarket,0.09766934770534631,0.6662940758053043,0.03614283648980772,0.4,1.5,neutral,0.0,3.3972,,,new,13:17:32,2026-06-24 13:17:32
PRM,36.3,35.81,0.0137,0.6519,1764720,2,0.6624,1.411,0.0394,69.2,yf_premarket,0.06686483039516179,0.6569454323747587,0.05508168281046696,0.4,1.5,neutral,0.03212945590994372,3.3899,,,new,13:17:32,2026-06-24 13:17:32
MRP,29.2,28.99,0.0072,0.5009,2271750,3,0.5887,0.6882,0.0237,61.1,yf_premarket,0.05133400530722235,0.5820546692409307,0.032383981494867715,0.6,1.5,neutral,0.016885553470919325,3.3826,,,new,13:17:32,2026-06-24 13:17:32
ACTG,4.5,4.79,-0.0605,1.1303,264360,3,0.5517,0.123,0.0257,53.7,yf_premarket,0.11606977557443483,0.5444568641398232,0.035275408414052335,0.6,1.5,neutral,0.0,3.3807,3.3906,-0.01,steady,13:17:32,2026-06-24 13:17:32
EPRT,30.35,30.35,-0.0,0.853,2054440,3,0.5714,0.6739,0.0222,51.8,yf_premarket,0.08754859811161624,0.5644751549639264,0.030215411305479258,0.6,1.5,neutral,-0.0,3.3754,3.3849,-0.01,steady,13:17:32,2026-06-24 13:17:32
TECH,56.62,56.26,0.0064,0.866,2672260,2,0.651,2.191,0.0389,66.4,yf_premarket,0.08888568901322691,0.645361243776039,0.0543588260806708,0.4,1.5,neutral,0.0150093808630394,3.3737,,,new,13:17:32,2026-06-24 13:17:32
NNN,45.8,46.02,-0.0048,0.733,1874940,3,0.5749,0.777,0.0169,66.6,yf_premarket,0.07520622055828688,0.5680317040951123,0.022553129969640016,0.6,1.5,neutral,0.0,3.3601,,,new,13:17:32,2026-06-24 13:17:32
FTRE,16.46,16.46,0.0,0.8628,1353640,2,0.6423,0.9201,0.0559,56.9,yf_premarket,0.08855655894513813,0.6365206787928056,0.07893595489374006,0.4,1.5,neutral,0.0,3.3453,,,new,13:17:32,2026-06-24 13:17:32
ATMU,50.45,50.15,0.006,0.4862,990620,3,0.5672,1.8431,0.0368,61.0,yf_premarket,0.0498220640569395,0.5602072960065034,0.05132282781552696,0.6,1.5,neutral,0.014071294559099437,3.3419,3.3304,0.011,steady,13:17:32,2026-06-24 13:17:32
AUNA,5.11,5.08,0.0059,0.3863,351020,3,0.5714,0.2065,0.0406,68.8,yf_premarket,0.03954703474379281,0.5644751549639264,0.056816538961977726,0.6,1.5,neutral,0.013836772983114446,3.3374,3.3515,-0.014,steady,13:17:32,2026-06-24 13:17:32
BLCO,15.27,15.24,0.002,1.0725,389850,3,0.5291,0.3849,0.0253,54.9,yf_premarket,0.11012486371958118,0.5214917183213088,0.03469712303021541,0.6,1.5,neutral,0.004690431519699813,3.3326,3.3446,-0.012,steady,13:17:32,2026-06-24 13:17:32
AMN,32.1,31.24,0.0275,0.6297,996760,3,0.5091,1.578,0.0505,55.1,yf_premarket,0.06458149054779586,0.5011685804288182,0.0711291022119416,0.6,1.5,neutral,0.06449343339587242,3.3315,3.2457,0.086,steady,13:17:32,2026-06-24 13:17:32
MAC,24.8,24.39,0.0168,0.5167,4985950,3,0.535,0.7151,0.0293,65.5,yf_premarket,0.05295908501841071,0.5274870439995936,0.04047997686858465,0.6,1.5,neutral,0.039399624765478425,3.3138,,,new,13:17:32,2026-06-24 13:17:32
CPNG,17.49,17.51,-0.0011,0.6423,37400260,3,0.5411,1.0349,0.0591,54.0,yf_premarket,0.06587744019089543,0.5336856010568032,0.08356223796443545,0.6,1.5,neutral,0.0,3.308,3.3379,-0.03,steady,13:17:32,2026-06-24 13:17:32
FNKO,5.38,5.38,-0.0,1.3274,649230,2,0.5862,0.3028,0.0563,52.3,yf_premarket,0.13634213070577827,0.5795142770043695,0.07951424027757699,0.4,1.5,neutral,-0.0,3.3033,3.3125,-0.009,steady,13:17:32,2026-06-24 13:17:32
ALH,26.64,26.28,0.0137,0.8547,686190,2,0.6055,0.937,0.0357,60.5,yf_premarket,0.0877234484602884,0.5991261050706229,0.04973254300997543,0.4,1.5,neutral,0.03212945590994372,3.3029,3.3303,-0.027,steady,13:17:32,2026-06-24 13:17:32
CDNL,72.7561,72.73,0.0004,1.3813,569670,2,0.5684,5.5079,0.0757,69.2,yf_premarket,0.1418859152901487,0.5614266842800528,0.1075610813936678,0.4,1.5,neutral,0.0009380863039399625,3.2909,3.3008,-0.01,steady,13:17:32,2026-06-24 13:17:32
CARS,9.86,9.84,0.002,0.8572,801570,2,0.6154,0.3698,0.0376,55.2,yf_premarket,0.08798058132598276,0.6091860583274057,0.05247939858320081,0.4,1.5,neutral,0.004690431519699813,3.2836,3.307,-0.023,steady,13:17:32,2026-06-24 13:17:32
BBAR,20.29,20.39,-0.0049,0.9306,948230,2,0.5991,1.1133,0.0546,58.7,yf_premarket,0.09553000226276921,0.5926227009450259,0.07705652739627006,0.4,1.5,neutral,0.0,3.2671,3.276,-0.009,steady,13:17:32,2026-06-24 13:17:32
MARA,14.85,14.7,0.0102,1.0343,40769010,2,0.5598,1.164,0.0792,52.5,yf_premarket,0.10619587353177133,0.5526877349862819,0.11262107850224087,0.4,1.5,neutral,0.023921200750469045,3.2569,,,new,13:17:32,2026-06-24 13:17:32
LADR,10.25,10.24,0.001,1.007,977900,3,0.5,0.182,0.0178,51.5,yf_premarket,0.1033879826383889,0.49192155268773496,0.023854272083273096,0.6,1.5,neutral,0.0023452157598499064,3.2544,,,new,13:17:32,2026-06-24 13:17:32
EPR,59.479,59.18,0.0051,0.6913,682940,3,0.5119,1.272,0.0215,63.8,yf_premarket,0.07091724435850492,0.5040138197337669,0.029203411883764636,0.6,1.5,neutral,0.011960600375234522,3.2469,3.2643,-0.017,steady,13:17:32,2026-06-24 13:17:32
ATRC,28.2003,28.44,-0.0084,0.8446,861250,1,0.6966,1.176,0.0414,67.6,yf_premarket,0.08668463168288318,0.6916979981709176,0.05797310972965158,0.2,1.5,neutral,0.0,3.2424,3.2492,-0.007,steady,13:17:32,2026-06-24 13:17:32
BTI,61.01,60.74,0.0044,0.8751,4402020,2,0.5892,1.021,0.0168,51.1,yf_premarket,0.08982165264435439,0.582562747688243,0.022408558623680786,0.4,1.5,neutral,0.010318949343339589,3.2265,3.2378,-0.011,steady,13:17:32,2026-06-24 13:17:32
ENIC,4.59,4.53,0.0132,0.7002,596080,1,0.6783,0.1168,0.0258,68.4,yf_premarket,0.07183263736037686,0.6731023269992887,0.035419979760011565,0.2,1.5,neutral,0.03095684803001876,3.2181,3.2353,-0.017,steady,13:17:32,2026-06-24 13:17:32
AXTA,34.42,33.64,0.0232,0.8582,2750960,2,0.5475,1.0367,0.0308,68.9,yf_premarket,0.0880834344722605,0.5401890051824001,0.042648547057973114,0.4,1.5,neutral,0.05440900562851782,3.2154,3.209,0.006,steady,13:17:32,2026-06-24 13:17:32
CLAR,3.04,3.04,0.0,0.8164,333770,3,0.4865,0.121,0.0398,57.6,yf_premarket,0.08378417295785077,0.4782034346103038,0.05565996819430389,0.6,1.5,neutral,0.0,3.2099,3.2213,-0.011,steady,13:17:32,2026-06-24 13:17:32
CCL,29.12,28.72,0.0139,1.3219,30479890,2,0.516,1.424,0.0496,54.0,yf_premarket,0.1357764384012507,0.5081800630017275,0.06982796009830851,0.4,1.5,neutral,0.03259849906191369,3.2038,3.1854,0.018,steady,13:17:32,2026-06-24 13:17:32
ACEL,14.24,13.01,0.0945,0.6199,341180,2,0.4343,0.4064,0.0312,65.7,yf_premarket,0.06357352971427396,0.42516004471090335,0.04322683244181003,0.4,1.5,neutral,0.22162288930581614,3.1997,3.2845,-0.085,steady,13:17:32,2026-06-24 13:17:32
CRBG,29.1,28.91,0.0066,0.623,6334250,1,0.6855,0.7276,0.0252,67.6,yf_premarket,0.06389237446773496,0.6804186566405853,0.03455255168425618,0.2,1.5,neutral,0.01547842401500938,3.1972,3.181,0.016,steady,13:17:32,2026-06-24 13:17:32
BSAC,34.0,32.25,0.0543,0.757,422060,2,0.4903,0.832,0.0258,57.9,yf_premarket,0.07767469606895275,0.48206483080987705,0.035419979760011565,0.4,1.5,neutral,0.12734521575984992,3.1894,3.2422,-0.053,steady,13:17:32,2026-06-24 13:17:32
BMRN,56.61,56.5,0.0019,0.957,2070730,2,0.56,1.377,0.0244,64.6,yf_premarket,0.09824532532450167,0.5528909663652068,0.033395980916582337,0.4,1.5,neutral,0.004455909943714822,3.1765,3.1874,-0.011,steady,13:17:32,2026-06-24 13:17:32
ARHS,7.15,7.07,0.0113,0.5399,1264000,2,0.5573,0.434,0.0614,58.5,yf_premarket,0.05534527801205439,0.5501473427497205,0.08688737892149777,0.4,1.5,neutral,0.026500938086303938,3.1665,3.1366,0.03,steady,13:17:32,2026-06-24 13:17:32
EOLS,6.8,6.74,0.0089,0.7313,748770,2,0.5517,0.3201,0.0475,65.7,yf_premarket,0.0750313702096147,0.5444568641398232,0.06679196183316466,0.4,1.5,neutral,0.020872420262664164,3.1662,3.1829,-0.017,steady,13:17:32,2026-06-24 13:17:32
GSL,39.15,39.04,0.0028,0.9797,291530,2,0.5431,1.04,0.0266,60.0,yf_premarket,0.10058009174500648,0.5357179148460522,0.036576550527685416,0.4,1.5,neutral,0.006566604127579737,3.1504,,,new,13:17:32,2026-06-24 13:17:32
FPS,60.17,59.3,0.0147,0.6864,4983780,2,0.5275,4.442,0.0749,53.4,yf_premarket,0.07041326394174398,0.5198658672899095,0.10640451062599393,0.4,1.5,neutral,0.03447467166979362,3.1503,,,new,13:17:32,2026-06-24 13:17:32
AMCR,40.66,40.43,0.0057,0.6571,3690200,2,0.5615,1.009,0.025,62.5,yf_premarket,0.06739966675580605,0.5544152017071435,0.03426340899233772,0.4,1.5,neutral,0.013367729831144466,3.1471,3.1612,-0.014,steady,13:17:32,2026-06-24 13:17:32
DLO,12.21,12.15,0.0049,0.7368,2012480,3,0.451,0.4746,0.0391,55.5,yf_premarket,0.0755970625141423,0.44212986485113304,0.054647968772589275,0.6,1.5,neutral,0.01149155722326454,3.1422,3.1372,0.005,steady,13:17:32,2026-06-24 13:17:32
FCEL,24.9065,21.82,0.1415,0.6956,11208410,4,0.5705,3.027,0.1387,44.3,yf_premarket,0.07135951288749923,0.5635606137587643,0.19864102934798322,0.8,0.5,weak,0.3318480300187617,3.1313,3.3063,-0.175,steady,13:17:32,2026-06-24 13:17:32
AMPH,19.74,19.53,0.0108,0.9762,676990,2,0.5137,0.804,0.0412,57.4,yf_premarket,0.10022010573303437,0.5058429021440911,0.05768396703773312,0.4,1.5,neutral,0.025328330206378986,3.1289,3.1171,0.012,steady,13:17:32,2026-06-24 13:17:32
FND,51.71,51.46,0.0049,0.7231,2845410,2,0.5255,3.0071,0.0584,52.0,yf_premarket,0.0741879744101372,0.5178335535006604,0.08255023854272084,0.4,1.5,neutral,0.01149155722326454,3.1055,,,new,13:17:32,2026-06-24 13:17:32
CMPS,12.79,12.65,0.0111,0.8585,2739930,4,0.7939,0.8238,0.0651,44.2,yf_premarket,0.08811429041614383,0.7905700640178844,0.09223651872198932,0.8,0.5,weak,0.02603189493433396,3.0985,3.115,-0.017,steady,13:17:32,2026-06-24 13:17:32
CNC,64.4392,63.14,0.0206,0.7992,6244710,2,0.4872,2.379,0.0377,57.8,yf_premarket,0.08201509884187358,0.47891474443654103,0.05262396992916003,0.4,1.5,neutral,0.04831144465290807,3.0796,3.0927,-0.013,steady,13:17:32,2026-06-24 13:17:32
BMY,55.86,55.53,0.0059,1.0018,13222450,2,0.5024,1.207,0.0217,54.3,yf_premarket,0.10285314627774464,0.4943603292348338,0.029492554575683103,0.4,1.5,neutral,0.013836772983114446,3.0785,3.089,-0.01,steady,13:17:32,2026-06-24 13:17:32
FIHL,22.94,22.94,0.0,1.1777,382430,1,0.5949,0.5814,0.0253,65.1,prev_close,0.12094501470799991,0.5883548419876029,0.03469712303021541,0.2,1.5,neutral,0.0,3.0755,,,new,13:17:32,2026-06-24 13:17:32
AIB,2.1855,2.15,0.0165,0.6501,1444850,4,0.7753,0.219,0.1019,42.0,yf_premarket,0.06667969473186185,0.7716695457778681,0.14543877403498628,0.8,0.5,weak,0.038696060037523454,3.0741,3.0211,0.053,steady,13:17:32,2026-06-24 13:17:32
CAG,13.47,13.43,0.003,1.1188,16194550,2,0.4919,0.451,0.0336,59.5,yf_premarket,0.11488696439224076,0.4836906818412763,0.04669654474483157,0.4,1.5,neutral,0.007035647279549718,3.0736,3.0774,-0.004,steady,13:17:32,2026-06-24 13:17:32
FTS,57.2632,56.7,0.0099,0.9038,810480,1,0.59,0.909,0.016,65.4,yf_premarket,0.09277353794252567,0.5833756732039427,0.021251987856006942,0.2,1.5,neutral,0.023217636022514074,3.0514,,,new,13:17:32,2026-06-24 13:17:32
CCCC,4.2308,4.22,0.0026,1.2375,2353460,4,0.75,0.3455,0.0819,47.1,yf_premarket,0.12709563285540906,0.7459607763438675,0.1165245048431401,0.8,0.5,weak,0.0060975609756097554,3.05,3.0622,-0.012,steady,13:17:32,2026-06-24 13:17:32
NMRK,15.04,15.04,0.0,0.9455,1251950,3,0.3973,0.5084,0.0338,57.9,yf_premarket,0.09706251414230761,0.38756223960979574,0.04698568743675003,0.6,1.5,neutral,0.0,3.0442,,,new,13:17:32,2026-06-24 13:17:32
ASH,63.76,63.94,-0.0028,0.7096,1172400,1,0.6066,2.474,0.0387,65.5,yf_premarket,0.07279945693538765,0.6002438776547099,0.05406968338875234,0.2,1.5,neutral,0.0,3.0367,3.0455,-0.009,steady,13:17:32,2026-06-24 13:17:32
AHCO,9.68,9.7,-0.0021,1.4217,1420810,4,0.2589,0.307,0.0316,51.2,yf_premarket,0.1460411823997696,0.24692612539376083,0.043805117825646965,0.8,1.5,neutral,0.0,3.0348,3.0513,-0.016,steady,13:17:32,2026-06-24 13:17:32
AMC,2.12,2.08,0.0192,1.9713,59461100,3,0.2479,0.261,0.1255,50.2,yf_premarket,0.20256927159401805,0.23574839955289098,0.17955761168136478,0.6,1.5,neutral,0.04502814258911819,3.0327,2.9999,0.033,steady,13:17:32,2026-06-24 13:17:32
BIRD,5.22,5.12,0.0195,0.2142,7560270,3,0.3647,0.8721,0.1703,57.4,yf_premarket,0.021846008269392963,0.3544355248450361,0.24432557467110022,0.6,1.5,neutral,0.04573170731707317,3.0324,3.1368,-0.104,steady,13:17:32,2026-06-24 13:17:32
EFXT,26.99,25.25,0.0689,0.8266,534140,3,0.77,0.854,0.0338,44.1,yf_premarket,0.08483327504988378,0.7662839142363581,0.04698568743675003,0.6,0.5,weak,0.16158536585365854,3.0257,3.0835,-0.058,steady,13:17:32,2026-06-24 13:17:32
BRX,31.8,31.77,0.0009,0.9562,2589760,2,0.4876,0.68,0.0214,66.3,yf_premarket,0.09816304280747948,0.47932120719439075,0.029058840537805407,0.4,1.5,neutral,0.0021106941838649157,3.0236,3.0357,-0.012,steady,13:17:32,2026-06-24 13:17:32
ADC,74.55,74.37,0.0024,0.598,1256030,3,0.4132,1.212,0.0163,58.0,yf_premarket,0.06132104581079135,0.40371913423432576,0.02168570189388463,0.6,1.5,neutral,0.005628517823639774,3.0187,3.0597,-0.041,steady,13:17:32,2026-06-24 13:17:32
FTK,23.23,23.47,-0.0102,0.9435,283950,2,0.4746,1.35,0.0575,50.7,yf_premarket,0.09685680784975212,0.46611116756427196,0.08124909642908776,0.4,1.5,neutral,0.0,3.0181,,,new,13:17:32,2026-06-24 13:17:32
SCSC,49.52,49.19,0.0067,0.8114,226160,1,0.5809,1.398,0.0284,55.2,yf_premarket,0.08326990722646206,0.5741286454628595,0.039178834754951576,0.2,1.5,neutral,0.01571294559099437,3.0163,,,new,13:17:32,2026-06-24 13:17:32
TREX,45.12,45.34,-0.0049,0.7924,2194870,2,0.4825,2.164,0.0477,60.0,yf_premarket,0.0813156974471849,0.47413880703180566,0.06708110452508313,0.4,1.5,neutral,0.0,3.0038,,,new,13:17:32,2026-06-24 13:17:32
FRPT,52.85,53.37,-0.0097,1.002,1342380,2,0.4622,2.7661,0.0518,59.2,yf_premarket,0.10287371690700019,0.45351082207092774,0.07300852970941159,0.4,1.5,neutral,0.0,2.9978,,,new,13:17:32,2026-06-24 13:17:32
SVV,9.71,9.71,-0.0,1.0699,817290,2,0.4595,0.4334,0.0446,60.7,yf_premarket,0.10985744553925905,0.45076719845544155,0.06259939280034697,0.4,1.5,neutral,-0.0,2.9976,,,new,13:17:32,2026-06-24 13:17:32
ERII,8.88,8.86,0.0023,0.431,1441440,2,0.4952,0.529,0.0597,59.8,yf_premarket,0.044144570382407995,0.4870439995935372,0.08442966604019084,0.4,1.5,neutral,0.0053939962476547846,2.9906,3.013,-0.022,steady,13:17:32,2026-06-24 13:17:32
KIM,25.12,25.19,-0.0028,0.5947,8023090,2,0.5,0.559,0.0222,68.1,yf_premarket,0.06098163042807479,0.49192155268773496,0.030215411305479258,0.4,1.5,neutral,0.0,2.9904,,,new,13:17:32,2026-06-24 13:17:32
LION,15.02,15.0,0.0013,0.3905,4595580,2,0.5015,0.7081,0.0472,61.2,yf_premarket,0.03997901795815934,0.4934457880296717,0.06635824779528697,0.4,1.5,neutral,0.0030487804878048777,2.9846,,,new,13:17:32,2026-06-24 13:17:32
AMH,32.79,32.46,0.0102,1.1122,2687760,1,0.5333,0.6098,0.0188,56.6,yf_premarket,0.11420813362680765,0.5257595772787318,0.025299985542865406,0.2,1.5,neutral,0.023921200750469045,2.9714,2.9459,0.026,steady,13:17:32,2026-06-24 13:17:32
FGMC,10.0,10.42,-0.0403,0.769,560830,4,0.2313,1.518,0.1457,50.1,yf_premarket,0.07890893382428568,0.21888019510212378,0.2087610235651294,0.8,1.5,neutral,0.0,2.9605,,,new,13:17:32,2026-06-24 13:17:32
CTMX,3.2,3.15,0.0159,0.7559,4701530,3,0.8272,0.1608,0.051,49.5,yf_premarket,0.07756155760804723,0.8244080886088813,0.07185195894173774,0.6,0.5,weak,0.03728893058161351,2.957,3.0402,-0.083,steady,13:17:32,2026-06-24 13:17:32
TWFG,21.18,21.05,0.0062,0.6604,213050,2,0.4566,1.0765,0.0511,62.5,yf_premarket,0.06773908213852262,0.4478203434610304,0.07199653028769698,0.4,1.5,neutral,0.014540337711069417,2.9551,,,new,13:17:32,2026-06-24 13:17:32
ENHA,3.98,3.92,0.0153,0.3047,1647670,2,0.4259,0.662,0.1689,63.3,yf_premarket,0.03115421800752885,0.4166243267960573,0.24230157582767095,0.4,1.5,neutral,0.035881801125703564,2.955,3.0274,-0.072,steady,13:17:32,2026-06-24 13:17:32
SMFG,23.76,23.95,-0.0079,0.925,2473590,2,0.4574,0.451,0.0188,60.9,yf_premarket,0.09495402464361385,0.44863326897672995,0.025299985542865406,0.4,1.5,neutral,0.0,2.9523,,,new,13:17:32,2026-06-24 13:17:32
FG,27.8,27.84,-0.0014,0.5392,847320,2,0.4811,0.8948,0.0321,53.6,yf_premarket,0.055273280809659965,0.4727161873793314,0.044527974555443106,0.4,1.5,neutral,0.0,2.9506,,,new,13:17:32,2026-06-24 13:17:32
NOMD,9.9,10.21,-0.0304,1.1525,1086820,1,0.5278,0.2469,0.0242,53.4,yf_premarket,0.11835311542180076,0.520170714358297,0.03310683822466387,0.2,1.5,neutral,0.0,2.9344,,,new,13:17:32,2026-06-24 13:17:32
AMPG,7.774,7.73,0.0057,0.4885,8346010,2,0.4123,1.4353,0.1857,63.0,yf_premarket,0.05005862629337831,0.40280459302916366,0.2665895619488218,0.4,1.5,neutral,0.013367729831144466,2.934,2.9382,-0.004,steady,13:17:32,2026-06-24 13:17:32
AQN,5.98,5.91,0.0118,0.8394,3903350,3,0.3333,0.102,0.0173,50.0,yf_premarket,0.0861497953222389,0.3225281983538258,0.02313141535347694,0.6,1.5,neutral,0.027673545966228893,2.9274,2.9512,-0.024,steady,13:17:32,2026-06-24 13:17:32
FLO,7.63,7.55,0.0106,0.793,6785210,2,0.4253,0.3366,0.0446,55.6,yf_premarket,0.08137740933495156,0.41601463265928257,0.06259939280034697,0.4,1.5,neutral,0.024859287054409006,2.9227,,,new,13:17:32,2026-06-24 13:17:32
ACHC,24.49,24.54,-0.002,1.1618,2566450,2,0.4111,1.114,0.0454,50.6,yf_premarket,0.11930964968218377,0.40158520475561427,0.06375596356802082,0.4,1.5,neutral,0.0,2.914,2.9374,-0.023,steady,13:17:32,2026-06-24 13:17:32
FBRX,18.33,18.15,0.0099,1.4882,233980,3,0.7529,1.286,0.0709,49.8,yf_premarket,0.15288091662723963,0.7489076313382786,0.1006216567876247,0.6,0.5,weak,0.023217636022514074,2.9123,2.9562,-0.044,steady,13:17:32,2026-06-24 13:17:32
FTV,60.35,60.34,0.0002,0.595,3164510,3,0.3575,1.7096,0.0283,51.1,yf_premarket,0.061012486371958115,0.3471191952037394,0.03903426340899234,0.6,1.5,neutral,0.00046904315196998124,2.906,,,new,13:17:32,2026-06-24 13:17:32
EQ,2.88,2.84,0.0141,0.4905,403840,2,0.4151,0.259,0.0912,51.6,yf_premarket,0.0502643325859338,0.4056498323341124,0.12996964001734856,0.4,1.5,neutral,0.03306754221388367,2.9013,2.8647,0.037,steady,13:17:32,2026-06-24 13:17:32
EDIT,2.89,2.76,0.0471,0.8401,2365410,3,0.7321,0.1918,0.0695,48.0,yf_premarket,0.08622179252463333,0.7277715679300883,0.09859765794419548,0.6,0.5,weak,0.11045966228893059,2.8999,2.9418,-0.042,steady,13:17:32,2026-06-24 13:17:32
BDN,3.13,3.16,-0.0095,0.9766,1826490,2,0.4231,0.092,0.0291,52.2,yf_premarket,0.10026124699154547,0.4137790874911086,0.04019083417666619,0.4,1.5,neutral,0.0,2.898,2.9109,-0.013,steady,13:17:32,2026-06-24 13:17:32
EPRX,6.59,6.39,0.0313,1.9895,401450,3,0.6726,0.373,0.0584,44.6,yf_premarket,0.20444119885627302,0.6673102326999288,0.08255023854272084,0.6,0.5,weak,0.07340525328330207,2.8927,2.8768,0.016,steady,13:17:32,2026-06-24 13:17:32
CHNR,4.0306,4.18,-0.0357,0.0063,380590,2,0.4667,0.43,0.1029,52.3,yf_premarket,0.00046283915824985093,0.45808352809673814,0.14688448749457858,0.4,1.5,neutral,0.0,2.8903,2.9022,-0.012,steady,13:17:32,2026-06-24 13:17:32
COUR,5.4329,5.41,0.0042,1.3327,7355430,3,0.7701,0.218,0.0403,44.0,yf_premarket,0.13688725238105034,0.7663855299258205,0.056382824924100045,0.6,0.5,weak,0.009849906191369606,2.8811,2.8945,-0.013,steady,13:17:32,2026-06-24 13:17:32
CMG,31.02,30.95,0.0023,0.7447,19107740,2,0.4253,1.079,0.0349,58.8,yf_premarket,0.07640960236973648,0.41601463265928257,0.04857597224230158,0.4,1.5,neutral,0.0053939962476547846,2.879,2.9043,-0.025,steady,13:17:32,2026-06-24 13:17:32
MPLT,28.64,28.64,0.0,0.8343,431640,2,0.3981,2.4905,0.087,53.5,yf_premarket,0.08562524427622241,0.38837516512549536,0.12389764348706087,0.4,1.5,neutral,0.0,2.8671,,,new,13:17:32,2026-06-24 13:17:32
PENN,20.49,20.5,-0.0005,0.8117,3478120,2,0.4151,0.903,0.044,53.5,yf_premarket,0.08330076317034538,0.4056498323341124,0.06173196472459158,0.4,1.5,neutral,0.0,2.8671,,,new,13:17:32,2026-06-24 13:17:32
BCC,72.0,71.8,0.0028,0.7262,425200,1,0.5092,2.678,0.0373,58.2,yf_premarket,0.0745068191635982,0.5012701961182806,0.052045684545323115,0.2,1.5,neutral,0.006566604127579737,2.8502,2.8513,-0.001,steady,13:17:32,2026-06-24 13:17:32
APPS,9.25,9.26,-0.0011,0.5454,6525090,2,0.4054,0.91,0.0983,57.6,yf_premarket,0.05591097031658198,0.3957931104562544,0.14023420558045396,0.4,1.5,neutral,0.0,2.8456,2.8635,-0.018,steady,13:17:32,2026-06-24 13:17:32
BZH,26.9,26.55,0.0132,0.3357,422980,3,0.3209,1.035,0.039,50.5,yf_premarket,0.03434266554213893,0.30992785286048163,0.05450339742663004,0.6,1.5,neutral,0.03095684803001876,2.8451,2.8703,-0.025,steady,13:17:32,2026-06-24 13:17:32
AVAL,5.47,5.32,0.0282,1.2719,492410,2,0.3125,0.3418,0.0642,60.8,yf_premarket,0.13063378108736345,0.3013921349456356,0.09093537660835622,0.4,1.5,neutral,0.06613508442776735,2.8434,3.0147,-0.171,steady,13:17:32,2026-06-24 13:17:32
EVTC,25.16,25.49,-0.0129,0.4316,877100,1,0.529,1.197,0.047,55.6,yf_premarket,0.04420628227017464,0.5213901026318464,0.06606910510336851,0.2,1.5,neutral,0.0,2.8421,2.8526,-0.01,steady,13:17:32,2026-06-24 13:17:32
VSME,2.27,2.27,0.0,0.0066,39682350,2,0.3305,0.9082,0.4001,62.1,yf_premarket,0.0004936951021331743,0.31968295904887717,0.5765505276854127,0.4,1.5,neutral,0.0,2.8284,,,new,13:17:32,2026-06-24 13:17:32
CRCT,4.37,4.35,0.0046,2.2525,480800,1,0.375,0.1445,0.0332,64.3,yf_premarket,0.23149157632731987,0.3649019408596687,0.046118259360994646,0.2,1.5,neutral,0.010787992495309569,2.8163,2.8337,-0.017,steady,13:17:32,2026-06-24 13:17:32
CUBE,41.54,40.85,0.0169,1.0898,1966930,2,0.3469,0.84,0.0206,61.4,yf_premarket,0.11190422315018618,0.3363479321207194,0.027902269770131563,0.4,1.5,neutral,0.03963414634146341,2.814,2.7892,0.025,steady,13:17:32,2026-06-24 13:17:32
BAX,20.2289,20.1,0.0064,0.6818,7439810,2,0.3814,0.742,0.0369,63.2,yf_premarket,0.06994013946886635,0.37140534498526573,0.051467399161486196,0.4,1.5,neutral,0.0150093808630394,2.796,2.8236,-0.028,steady,13:17:32,2026-06-24 13:17:32
FAST,45.64,45.6,0.0009,0.8795,6826380,2,0.381,0.99,0.0217,55.0,yf_premarket,0.09027420648797646,0.3709988822274159,0.029492554575683103,0.4,1.5,neutral,0.0021106941838649157,2.7953,2.8342,-0.039,steady,13:17:32,2026-06-24 13:17:32
ACCO,3.91,3.89,0.0051,0.6901,930490,3,0.2857,0.115,0.0296,50.6,yf_premarket,0.07079382058297164,0.2741591301696982,0.040913690906462345,0.6,1.5,neutral,0.011960600375234522,2.7929,2.802,-0.009,steady,13:17:32,2026-06-24 13:17:32
CTKB,4.19,4.07,0.0295,0.4214,3448500,3,0.7475,0.212,0.0521,46.6,yf_premarket,0.043157180178141644,0.7434203841073063,0.07344224374728929,0.6,0.5,weak,0.06918386491557223,2.7921,2.7783,0.014,steady,13:17:32,2026-06-24 13:17:32
FWRG,11.5,11.15,0.0314,0.9247,1157000,1,0.4062,0.68,0.061,57.5,yf_premarket,0.09492316869973053,0.39660603597195404,0.08630909353766084,0.2,1.5,neutral,0.07363977485928705,2.7892,,,new,13:17:32,2026-06-24 13:17:32
FIP,4.64,4.63,0.0022,0.5787,845560,1,0.4659,0.3012,0.0651,53.1,yf_premarket,0.05933598008763088,0.45727060258103847,0.09223651872198932,0.2,1.5,neutral,0.005159474671669794,2.7574,,,new,13:17:32,2026-06-24 13:17:32
CSX,46.0003,46.16,-0.0035,1.0447,12457790,2,0.3507,0.978,0.0212,50.2,yf_premarket,0.10726554625305988,0.34020932832029266,0.028769697845886948,0.4,1.5,neutral,0.0,2.7557,2.7702,-0.014,steady,13:17:32,2026-06-24 13:17:32
BCH,41.0,39.2,0.0459,0.7571,415420,0,0.4851,1.198,0.0306,59.9,yf_premarket,0.07768498138358051,0.4767808149578294,0.04235940436605465,0.0,1.5,neutral,0.1076454033771107,2.7527,2.7993,-0.047,steady,13:17:32,2026-06-24 13:17:32
AVTR,9.45,9.43,0.0021,1.3748,8337570,2,0.3077,0.3735,0.0396,56.9,yf_premarket,0.14121736983934338,0.2965145818514378,0.05537082550238543,0.4,1.5,neutral,0.004924953095684803,2.7399,2.748,-0.008,steady,13:17:32,2026-06-24 13:17:32
CING,4.9108,4.83,0.0167,0.5904,377170,1,0.4125,0.3954,0.0819,63.6,yf_premarket,0.0605393618990805,0.4030078244080886,0.1165245048431401,0.2,1.5,neutral,0.039165103189493435,2.7138,2.7397,-0.026,steady,13:17:32,2026-06-24 13:17:32
ABCL,5.6661,5.63,0.0064,1.1649,4735360,3,0.6813,0.3994,0.0709,42.9,yf_premarket,0.11962849443564479,0.6761507976831623,0.1006216567876247,0.6,0.5,weak,0.0150093808630394,2.7046,2.6973,0.007,steady,13:17:32,2026-06-24 13:17:32
KMT,35.1,35.1,0.0,0.5808,1144850,1,0.4494,1.219,0.0347,59.5,yf_premarket,0.05955197169481414,0.44050401381973375,0.04828682955038312,0.2,1.5,neutral,0.0,2.6945,,,new,13:17:32,2026-06-24 13:17:32
CRMD,8.6278,8.6,0.0032,0.8994,1413620,3,0.2222,0.314,0.0365,60.9,yf_premarket,0.09232098409890357,0.20963316736104057,0.050889113777649264,0.6,1.5,neutral,0.0075046904315197,2.6944,2.8611,-0.167,steady,13:17:32,2026-06-24 13:17:32
LUD,5.31,5.37,-0.0112,0.1764,266440,2,0.8342,0.6657,0.124,46.6,yf_premarket,0.017958159340094215,0.831521186871253,0.1773890414919763,0.4,0.5,weak,0.0,2.6787,2.6824,-0.004,steady,13:17:32,2026-06-24 13:17:32
BXP,64.34,64.34,0.0,1.0553,1765160,2,0.308,1.713,0.0266,61.5,yf_premarket,0.10835578960360397,0.2968194289198252,0.036576550527685416,0.4,1.5,neutral,0.0,2.6745,2.6899,-0.015,steady,13:17:32,2026-06-24 13:17:32
ELS,62.94,62.6,0.0054,0.9188,1597680,2,0.3105,1.318,0.0211,56.0,yf_premarket,0.09431633513669183,0.29935982115638654,0.028625126499927718,0.4,1.5,neutral,0.012664165103189493,2.6735,2.693,-0.019,steady,13:17:32,2026-06-24 13:17:32
AVNT,33.5,35.77,-0.0635,0.7892,996920,2,0.3233,1.142,0.0319,54.1,yf_premarket,0.08098656737909612,0.3123666294075805,0.04423883186352465,0.4,1.5,neutral,0.0,2.6683,2.6834,-0.015,steady,13:17:32,2026-06-24 13:17:32
ARI,10.89,10.91,-0.0018,1.1908,2220630,3,0.6829,0.206,0.0189,47.0,yf_premarket,0.12229239092423838,0.6777766487145614,0.025444556888824636,0.6,0.5,weak,0.0,2.6517,2.6588,-0.007,steady,13:17:32,2026-06-24 13:17:32
EROK,22.6,21.11,0.0706,0.3874,229970,3,0.6044,1.116,0.0529,43.8,yf_premarket,0.039660173204698335,0.598008332486536,0.07459881451496314,0.6,0.5,weak,0.16557223264540336,2.6412,2.7039,-0.063,steady,13:17:32,2026-06-24 13:17:32
CSWC,23.3483,23.28,0.0029,0.8712,604420,4,0.5952,0.3298,0.0142,48.9,yf_premarket,0.08942052537387118,0.5886596890559902,0.018649703628740785,0.8,0.5,weak,0.006801125703564727,2.631,2.6409,-0.01,steady,13:17:32,2026-06-24 13:17:32
BKV,25.33,25.49,-0.0063,0.84,866980,3,0.6713,1.047,0.0411,40.7,yf_premarket,0.08621150721000555,0.665989228736917,0.05753939569177389,0.6,0.5,weak,0.0,2.5901,2.5974,-0.007,steady,13:17:32,2026-06-24 13:17:32
CPB,21.2,21.21,-0.0005,0.6805,15735090,2,0.2902,0.739,0.0348,51.9,yf_premarket,0.06980643037870528,0.27873183619550856,0.04843140089634234,0.4,1.5,neutral,0.0,2.5864,2.6022,-0.016,steady,13:17:32,2026-06-24 13:17:32
RGNT,4.1,4.2,-0.0238,0.0184,31751070,1,0.1969,2.9104,0.693,57.9,yf_premarket,0.001707362228210561,0.18392439792703993,1.0,0.2,1.5,neutral,0.0,2.5704,2.5883,-0.018,steady,13:17:32,2026-06-24 13:17:32
EYE,15.3,16.78,-0.0882,0.6706,2828050,2,0.2672,0.9825,0.0586,52.8,yf_premarket,0.0687881842305556,0.25536022761914434,0.0828393812346393,0.4,1.5,neutral,0.0,2.5553,2.5716,-0.016,steady,13:17:32,2026-06-24 13:17:32
ADPT,17.25,17.23,0.0012,0.5018,4528780,1,0.3669,1.3457,0.0781,60.5,yf_premarket,0.05142657313887232,0.35667107001321,0.11103079369668933,0.2,1.5,neutral,0.002814258911819887,2.5502,2.5652,-0.015,steady,13:17:32,2026-06-24 13:17:32
DNOW,13.45,13.41,0.003,1.116,3644420,2,0.2268,0.4789,0.0357,51.8,yf_premarket,0.11459897558266308,0.2143074890763134,0.04973254300997543,0.4,1.5,neutral,0.007035647279549718,2.5359,2.5426,-0.007,steady,13:17:32,2026-06-24 13:17:32
EIKN,9.7903,9.51,0.0295,0.8665,239010,2,0.6696,0.803,0.0844,48.9,yf_premarket,0.08893711558636579,0.6642617620160552,0.12013878849212088,0.4,0.5,weak,0.06918386491557223,2.5258,2.5557,-0.03,steady,13:17:32,2026-06-24 13:17:32
FLYE,2.15,2.25,-0.0444,0.0201,543430,1,0.3548,0.4124,0.1833,60.3,yf_premarket,0.001882212576882727,0.3443755715882532,0.2631198496458002,0.2,1.5,neutral,0.0,2.5231,,,new,13:17:32,2026-06-24 13:17:32
VRNS,35.82,35.03,0.0226,4.4843,2177020,2,0.4117,2.2095,0.0631,45.7,yf_premarket,0.4610392281899903,0.40219489889238896,0.08934509180280469,0.4,0.5,weak,0.053001876172607876,2.5201,,,new,13:17:32,2026-06-24 13:17:32
PHI,18.11,17.76,0.0197,0.8452,301480,4,0.5071,0.468,0.0264,43.5,yf_premarket,0.08674634357064982,0.4991362666395691,0.036287407835766956,0.8,0.5,weak,0.04620075046904315,2.5158,,,new,13:17:32,2026-06-24 13:17:32
BBNX,13.67,13.67,-0.0,0.8002,1079960,1,0.3283,1.0038,0.0734,56.9,yf_premarket,0.08211795198815132,0.31744741388070313,0.10423594043660549,0.2,1.5,neutral,-0.0,2.5102,2.5251,-0.015,steady,13:17:32,2026-06-24 13:17:32
ANDG,40.0,37.47,0.0675,0.5081,280450,3,0.5314,2.2595,0.0603,49.5,yf_premarket,0.05207454796042211,0.5238288791789452,0.08529709411594621,0.6,0.5,weak,0.1583020637898687,2.5059,2.5679,-0.062,steady,13:17:32,2026-06-24 13:17:32
BKE,45.07,44.15,0.0208,0.8152,500490,2,0.1934,1.207,0.0273,50.0,yf_premarket,0.08366074918231749,0.18036784879585407,0.03758854994940004,0.4,1.5,neutral,0.048780487804878044,2.4782,2.6015,-0.123,steady,13:17:32,2026-06-24 13:17:32
ADIL,2.6481,2.55,0.0385,0.0247,2280000,2,0.1438,0.611,0.2396,54.0,yf_premarket,0.0023553370497603524,0.1299664668224774,0.34451351742084724,0.4,1.5,neutral,0.09029080675422138,2.4712,2.7654,-0.294,steady,13:17:32,2026-06-24 13:17:32
DV,10.3,10.44,-0.0134,0.9029,2678750,2,0.708,0.368,0.0352,45.8,yf_premarket,0.0926809701108757,0.7032821867696372,0.04900968628017927,0.4,0.5,weak,0.0,2.4701,2.4766,-0.006,steady,13:17:32,2026-06-24 13:17:32
CMTG,2.5,2.5,0.0,0.587,894570,2,0.2252,0.18,0.072,51.3,yf_premarket,0.060189661201736154,0.21268163804491416,0.10221194159317623,0.4,1.5,neutral,0.0,2.4668,2.484,-0.017,steady,13:17:32,2026-06-24 13:17:32
CLSK,17.35,17.19,0.0093,0.9972,20905920,3,0.5654,1.3957,0.0812,47.7,yf_premarket,0.10238002180486701,0.5583782135961792,0.11551250542142548,0.6,0.5,weak,0.021810506566604125,2.4608,2.5148,-0.054,steady,13:17:32,2026-06-24 13:17:32
CMPX,2.05,2.06,-0.0049,0.8678,3569570,2,0.6923,0.1126,0.0547,48.7,yf_premarket,0.08907082467652686,0.6873285235240322,0.07720109874222929,0.4,0.5,weak,0.0,2.4469,2.4747,-0.028,steady,13:17:32,2026-06-24 13:17:32
ENB,55.6353,55.74,-0.0019,0.7542,3594020,3,0.6142,0.878,0.0158,46.0,yf_premarket,0.07738670725937506,0.6079666700538563,0.020962845164088483,0.6,0.5,weak,0.0,2.4425,2.4511,-0.009,steady,13:17:32,2026-06-24 13:17:32
AEO,17.73,17.73,0.0,0.7244,5170570,1,0.3049,0.877,0.0495,64.7,yf_premarket,0.07432168350029827,0.2936693425464892,0.06968338875234929,0.2,1.5,neutral,0.0,2.4337,2.4491,-0.015,steady,13:17:32,2026-06-24 13:17:32
BXDC,22.1535,21.83,0.0148,0.4634,1443360,3,0.592,0.978,0.0448,49.5,yf_premarket,0.04747701232180692,0.5854079869931917,0.06288853549226543,0.6,0.5,weak,0.03470919324577861,2.4255,2.4061,0.019,steady,13:17:32,2026-06-24 13:17:32
DLTH,4.14,4.14,0.0,0.5015,289920,2,0.2017,0.3884,0.0938,60.6,yf_premarket,0.051395717194988984,0.18880195102123767,0.13372849501228856,0.4,1.5,neutral,0.0,2.4216,2.4393,-0.018,steady,13:17:32,2026-06-24 13:17:32
FLL,2.71,2.71,-0.0,0.4679,303940,1,0.3053,0.232,0.0856,55.3,yf_premarket,0.04793985148005677,0.29407580530433897,0.12187364464363164,0.2,1.5,neutral,-0.0,2.421,,,new,13:17:32,2026-06-24 13:17:32
AMX,26.0,25.85,0.0058,1.1775,1198530,1,0.2585,0.77,0.0298,51.2,yf_premarket,0.12092444407874436,0.246519662635911,0.041202833598380804,0.2,1.5,neutral,0.013602251407129454,2.4154,2.4364,-0.021,steady,13:17:32,2026-06-24 13:17:32
ASPN,5.88,5.9,-0.0034,1.081,1508460,3,0.5461,0.4143,0.0702,45.1,yf_premarket,0.110999115462942,0.5387663855299258,0.09960965736591008,0.6,0.5,weak,0.0,2.3938,2.4763,-0.083,steady,13:17:32,2026-06-24 13:17:32
CVRX,5.29,5.15,0.0272,1.0164,305790,2,0.6,0.343,0.0666,44.4,yf_premarket,0.1043548022133997,0.593537242150188,0.09440508891137778,0.4,0.5,weak,0.06378986866791744,2.3865,2.2997,0.087,steady,13:17:32,2026-06-24 13:17:32
TV,2.73,2.71,0.0074,1.1407,975870,2,0.1395,0.126,0.0465,53.9,yf_premarket,0.11713944829572337,0.12559699217559192,0.06534624837357235,0.4,1.5,neutral,0.017354596622889306,2.3856,,,new,13:17:32,2026-06-24 13:17:32
FBRT,8.4,8.35,0.006,1.0418,1557280,3,0.5476,0.2075,0.0249,48.9,yf_premarket,0.10696727212885443,0.5402906208718625,0.034118837646378485,0.6,0.5,weak,0.014071294559099437,2.3792,,,new,13:17:32,2026-06-24 13:17:32
KRNT,16.03,16.14,-0.0068,1.8755,214130,3,0.487,0.6477,0.0401,44.2,yf_premarket,0.1927159401806101,0.47871151305761606,0.05609368223218157,0.6,0.5,weak,0.0,2.3745,2.386,-0.012,steady,13:17:32,2026-06-24 13:17:32
APLD,45.4,45.27,0.0029,0.7818,21980640,2,0.6433,4.0881,0.0903,44.7,yf_premarket,0.08022545409664082,0.6375368356874301,0.1286684979037155,0.4,0.5,weak,0.006801125703564727,2.3699,2.4178,-0.048,steady,13:17:32,2026-06-24 13:17:32
AVXL,2.65,2.58,0.0271,0.4264,1819650,4,0.4359,0.171,0.0663,42.0,yf_premarket,0.04367144590953037,0.4267858957423026,0.09397137487350007,0.8,0.5,weak,0.06355534709193246,2.3614,2.2786,0.083,steady,13:17:32,2026-06-24 13:17:32
AOS,57.01,57.44,-0.0075,0.7631,2077980,3,0.0756,1.639,0.0285,52.8,yf_premarket,0.078302100261247,0.060664566609084446,0.039323406100910806,0.6,1.5,neutral,0.0,2.3584,2.379,-0.021,steady,13:17:32,2026-06-24 13:17:32
LEVI,23.6,23.37,0.0098,0.8035,2378880,1,0.2486,0.74,0.0317,55.3,yf_premarket,0.08245736737086787,0.23645970937912814,0.04394968917160619,0.2,1.5,neutral,0.02298311444652908,2.3531,,,new,13:17:32,2026-06-24 13:17:32
DGII,68.75,68.75,0.0,1.1167,284410,1,0.7301,2.779,0.0404,47.1,yf_premarket,0.1146709727850575,0.7257392541408393,0.05652739627005927,0.2,0.5,weak,0.0,2.3517,2.3732,-0.022,steady,13:17:32,2026-06-24 13:17:32
BRSP,5.61,5.57,0.0072,1.2185,1570230,3,0.5167,0.1231,0.0221,49.5,yf_premarket,0.12514142307613188,0.5088913728279647,0.030070839959520028,0.6,0.5,weak,0.016885553470919325,2.3459,2.3313,0.015,steady,13:17:32,2026-06-24 13:17:32
CCAP,11.3,11.27,0.0027,0.8112,261580,3,0.525,0.236,0.0209,41.7,yf_premarket,0.08324933659720651,0.5173254750533482,0.028335983808009252,0.6,0.5,weak,0.006332082551594747,2.2832,2.2843,-0.001,steady,13:17:32,2026-06-24 13:17:32
CRTO,17.3141,17.36,-0.0026,1.2582,286990,2,0.5828,0.6644,0.0383,40.1,yf_premarket,0.12922469298335837,0.5760593435626461,0.053491398004915425,0.4,0.5,weak,0.0,2.2727,2.282,-0.009,steady,13:17:32,2026-06-24 13:17:32
CBRG,5.6303,6.82,-0.1744,1.1467,6138180,3,0.429,1.374,0.2015,44.3,yf_premarket,0.11775656717338984,0.41977441316939335,0.28943183461038025,0.6,0.5,weak,0.0,2.2609,2.2736,-0.013,steady,13:17:32,2026-06-24 13:17:32
CGNX,64.9,63.96,0.0147,0.9094,2094790,2,0.575,2.588,0.0405,45.8,yf_premarket,0.09334951556168103,0.5681333197845747,0.056671967616018504,0.4,0.5,weak,0.03447467166979362,2.2563,2.2274,0.029,steady,13:17:32,2026-06-24 13:17:32
MTCH,35.8287,35.31,0.0147,0.985,3455970,3,0.4706,0.9608,0.0272,49.9,yf_premarket,0.10112521342027853,0.46204653998577383,0.0374439786034408,0.6,0.5,weak,0.03447467166979362,2.2462,,,new,13:17:32,2026-06-24 13:17:32
ARLO,12.01,12.81,-0.0625,1.0831,1178150,3,0.4818,0.561,0.0438,42.5,yf_premarket,0.11121510707012527,0.47342749720556854,0.06144282203267312,0.6,0.5,weak,0.0,2.2444,2.2559,-0.011,steady,13:17:32,2026-06-24 13:17:32
AGBK,6.91,6.91,0.0,0.6602,337170,3,0.5043,0.345,0.0499,48.1,yf_premarket,0.06771851150926707,0.49629102733462044,0.07026167413618621,0.6,0.5,weak,0.0,2.2293,2.2403,-0.011,steady,13:17:32,2026-06-24 13:17:32
CERS,2.4922,2.59,-0.0378,1.0787,2491550,2,0.5625,0.16,0.0618,43.8,yf_premarket,0.11076255322650319,0.5554313586017681,0.08746566430533469,0.4,0.5,weak,0.0,2.2207,2.2305,-0.01,steady,13:17:32,2026-06-24 13:17:32
CMCL,20.49,20.2,0.0144,1.2645,303760,2,0.5224,0.8915,0.0441,42.5,yf_premarket,0.12987266780490814,0.5146834671273244,0.06187653607055082,0.4,0.5,weak,0.03377110694183865,2.2058,2.1657,0.04,steady,13:17:32,2026-06-24 13:17:32
AR,34.27,34.53,-0.0075,1.0601,5461270,2,0.5625,1.089,0.0315,40.6,yf_premarket,0.10884948470573715,0.5554313586017681,0.04366054647968773,0.4,0.5,weak,0.0,2.196,2.2267,-0.031,steady,13:17:32,2026-06-24 13:17:32
EXEL,51.36,51.34,0.0004,0.9667,2662950,1,0.1725,1.437,0.028,63.3,yf_premarket,0.0992430008433958,0.1591301696982014,0.03860054937111465,0.2,1.5,neutral,0.0009380863039399625,2.1878,2.2173,-0.029,steady,13:17:32,2026-06-24 13:17:32
TBN,33.31,33.31,-0.0,2.069,312320,1,0.0747,2.2335,0.0671,51.7,yf_premarket,0.21261802398535373,0.05975002540392237,0.09512794564117394,0.2,1.5,neutral,-0.0,2.186,,,new,13:17:32,2026-06-24 13:17:32
DAKT,21.88,20.11,0.088,1.1009,434660,2,0.3902,0.981,0.0488,49.4,yf_premarket,0.11304589307386913,0.38034752565796154,0.06867138933063467,0.4,0.5,weak,0.20637898686679174,2.1742,2.2233,-0.049,steady,13:17:32,2026-06-24 13:17:32
ATPC,3.14,3.22,-0.0248,0.0183,7870560,1,0.1785,0.6085,0.189,52.5,yf_premarket,0.0016970769135827865,0.1652271110659486,0.27136041636547636,0.2,1.5,neutral,0.0,2.1687,2.187,-0.018,steady,13:17:32,2026-06-24 13:17:32
EFC,13.51,13.49,0.0015,0.9065,1355150,3,0.4643,0.191,0.0142,46.7,yf_premarket,0.09305124143747556,0.45564475154963924,0.018649703628740785,0.6,0.5,weak,0.003517823639774859,2.1655,2.185,-0.019,steady,13:17:32,2026-06-24 13:17:32
EQR,66.0,65.7,0.0046,0.9043,3524790,3,0.4512,1.345,0.0205,47.6,yf_premarket,0.09282496451566453,0.4423330962300579,0.027757698424172333,0.6,0.5,weak,0.010787992495309569,2.154,2.15,0.004,steady,13:17:32,2026-06-24 13:17:32
CMCO,13.88,14.04,-0.0114,0.6592,902340,2,0.5526,0.939,0.0669,40.7,yf_premarket,0.06761565836298933,0.5453714053449852,0.09483880294925547,0.4,0.5,weak,0.0,2.1396,2.1495,-0.01,steady,13:17:32,2026-06-24 13:17:32
AOSL,44.701,45.07,-0.0082,0.6911,930540,2,0.5368,4.183,0.0928,40.3,yf_premarket,0.07089667372924938,0.5293161264099178,0.13228278155269627,0.4,0.5,weak,0.0,2.1311,2.1872,-0.056,steady,13:17:32,2026-06-24 13:17:32
DUOT,12.33,12.09,0.0199,0.6208,582920,2,0.5038,1.24,0.1026,41.2,yf_premarket,0.06366609754592394,0.49578294888730823,0.14645077345670088,0.4,0.5,weak,0.04666979362101314,2.1303,2.1484,-0.018,steady,13:17:32,2026-06-24 13:17:32
ARMK,53.97,53.76,0.0039,1.3336,2092800,3,0.4031,1.021,0.019,46.7,yf_premarket,0.1369798202127003,0.393455949598618,0.02558912823478387,0.6,0.5,weak,0.009146341463414634,2.1189,2.1185,0.0,steady,13:17:32,2026-06-24 13:17:32
BXMT,18.34,18.15,0.0105,0.6694,1341810,3,0.4342,0.314,0.0173,47.6,yf_premarket,0.06866476045502232,0.42505842902144086,0.02313141535347694,0.6,0.5,weak,0.024624765478424016,2.1016,2.1222,-0.021,steady,13:17:32,2026-06-24 13:17:32
BRCB,7.19,7.12,0.0098,0.4459,585290,2,0.5294,0.547,0.0768,47.6,yf_premarket,0.045677082261946396,0.5217965653896961,0.10915136619921931,0.4,0.5,weak,0.02298311444652908,2.1012,2.0772,0.024,steady,13:17:32,2026-06-24 13:17:32
CNTB,2.1544,2.09,0.0308,0.8148,373820,2,0.4595,0.1826,0.0874,46.6,yf_premarket,0.08361960792380639,0.45076719845544155,0.12447592887089781,0.4,0.5,weak,0.07223264540337711,2.0976,2.1648,-0.067,steady,13:17:32,2026-06-24 13:17:32
CRON,2.6994,2.69,0.0035,0.759,980020,3,0.4286,0.0875,0.0325,46.9,yf_premarket,0.07788040236150824,0.4193679504115435,0.04510625993928004,0.6,0.5,weak,0.008208255159474672,2.0904,2.1067,-0.016,steady,13:17:32,2026-06-24 13:17:32
EXPO,57.35,57.35,0.0,0.9357,686440,2,0.5157,2.33,0.0406,46.6,yf_premarket,0.0960545533087857,0.5078752159333402,0.056816538961977726,0.4,0.5,weak,0.0,2.0882,2.099,-0.011,steady,13:17:32,2026-06-24 13:17:32
EBS,8.19,8.01,0.0225,0.7706,1088270,2,0.4839,0.415,0.0518,46.9,yf_premarket,0.07907349885833007,0.47556142668428003,0.07300852970941159,0.4,0.5,weak,0.052767354596622885,2.0854,2.0391,0.046,steady,13:17:32,2026-06-24 13:17:32
APEI,51.79,51.79,-0.0,1.3432,220590,4,0.2776,2.167,0.0418,47.7,yf_premarket,0.13796721041696666,0.2659282593232395,0.0585513951134885,0.8,0.5,weak,-0.0,2.0681,2.0842,-0.016,steady,13:17:32,2026-06-24 13:17:32
EXPI,4.69,4.69,0.0,2.5209,1395624,3,0.2809,0.2573,0.0549,42.6,prev_close,0.25909736078826656,0.26928157707550043,0.07749024143414775,0.6,0.5,weak,0.0,2.066,,,new,13:17:32,2026-06-24 13:17:32
BOBS,13.3,13.18,0.0091,0.8817,700440,2,0.4765,0.926,0.0703,49.9,yf_premarket,0.0905004834097875,0.4680418656640585,0.09975422871186931,0.4,0.5,weak,0.021341463414634148,2.0537,2.1374,-0.084,steady,13:17:32,2026-06-24 13:17:32
EDHL,4.66,4.83,-0.0352,0.0018,7966280,0,0.1202,2.2799,0.472,58.6,yf_premarket,0.0,0.10598516410933849,0.6804973254300997,0.0,1.5,neutral,0.0,2.0522,2.0718,-0.02,steady,13:17:32,2026-06-24 13:17:32
BTGO,5.63,5.38,0.0465,0.881,1871900,3,0.2957,0.6022,0.1119,45.5,yf_premarket,0.09042848620739308,0.2843206991159435,0.15989590863090936,0.6,0.5,weak,0.10905253283302063,2.0478,2.0434,0.004,steady,13:17:32,2026-06-24 13:17:32
LCLN,22.9,23.56,-0.028,0.7362,252510,4,0.3012,1.315,0.0558,44.1,yf_premarket,0.07553535062637566,0.2899095620363784,0.07879138354778083,0.8,0.5,weak,0.0,2.0325,,,new,13:17:32,2026-06-24 13:17:32
CNMD,33.75,33.8,-0.0015,0.8532,681550,3,0.3907,1.695,0.0501,49.8,yf_premarket,0.08756916874087178,0.3808556041052738,0.07055081682810467,0.6,0.5,weak,0.0,2.0283,2.0419,-0.014,steady,13:17:32,2026-06-24 13:17:32
USAU,15.0013,15.18,-0.0118,0.6233,296970,2,0.506,0.753,0.0496,45.1,yf_premarket,0.06392323041161829,0.49801849405548215,0.06982796009830851,0.4,0.5,weak,0.0,2.0268,,,new,13:17:32,2026-06-24 13:17:32
BXSL,23.6019,23.63,-0.0012,0.8082,1923230,3,0.4,0.4552,0.0193,48.3,yf_premarket,0.08294077715837328,0.390305863225282,0.02602284227266156,0.6,0.5,weak,0.0,2.018,2.0314,-0.013,steady,13:17:32,2026-06-24 13:17:32
AVA,40.55,40.68,-0.0032,0.5662,986200,3,0.4149,0.974,0.0239,42.9,yf_premarket,0.058050315759159074,0.4054466009551875,0.03267312418678618,0.6,0.5,weak,0.0,2.0143,2.0273,-0.013,steady,13:17:32,2026-06-24 13:17:32
AIV,2.92,2.92,-0.0,0.9085,1949520,2,0.4667,0.05,0.0171,40.9,yf_premarket,0.09325694773003106,0.45808352809673814,0.022842272661558482,0.4,0.5,weak,-0.0,1.9675,1.9793,-0.012,steady,13:17:32,2026-06-24 13:17:32
MSDL,15.21,15.21,-0.0,0.7458,701440,3,0.3774,0.3265,0.0215,43.9,yf_premarket,0.076522740830642,0.3673407174067676,0.029203411883764636,0.6,0.5,weak,-0.0,1.9641,,,new,13:17:32,2026-06-24 13:17:32
CEVA,47.595,45.48,0.0465,0.6372,838980,1,0.4796,3.627,0.0797,43.8,yf_premarket,0.06535288914487894,0.4711919520373946,0.11334393523203701,0.2,0.5,weak,0.10905253283302063,1.9607,1.9234,0.037,steady,13:17:32,2026-06-24 13:17:32
AUGO,59.84,61.5,-0.027,0.5229,1150490,2,0.4754,3.9616,0.0644,42.1,yf_premarket,0.05359677452533273,0.4669240930799715,0.0912245193002747,0.4,0.5,weak,0.0,1.9599,1.9715,-0.012,steady,13:17:32,2026-06-24 13:17:32
CTS,65.85,65.85,0.0,1.2142,423830,2,0.4304,2.534,0.0385,48.1,yf_premarket,0.12469915454713759,0.4211970328218677,0.053780540696833884,0.4,0.5,weak,0.0,1.9563,1.969,-0.013,steady,13:17:32,2026-06-24 13:17:32
KODK,9.69,9.54,0.0157,1.103,1039030,2,0.4057,0.466,0.0488,44.8,yf_premarket,0.11326188468105239,0.3960979575246418,0.06867138933063467,0.4,0.5,weak,0.036819887429643525,1.9517,,,new,13:17:32,2026-06-24 13:17:32
FET,49.7,50.23,-0.0106,0.7114,202690,2,0.4641,2.247,0.0447,41.2,yf_premarket,0.0729845925986876,0.4554415201707144,0.06274396414630619,0.4,0.5,weak,0.0,1.9517,,,new,13:17:32,2026-06-24 13:17:32
TNET,46.35,45.82,0.0116,1.2075,359500,1,0.5,1.864,0.0407,41.0,yf_premarket,0.12401003846707671,0.49192155268773496,0.05696111030793696,0.2,0.5,weak,0.02720450281425891,1.9391,,,new,13:17:32,2026-06-24 13:17:32
LYFT,13.88,13.82,0.0043,0.8353,13660220,2,0.4231,0.5365,0.0388,45.8,yf_premarket,0.08572809742250016,0.4137790874911086,0.05421425473471158,0.4,0.5,weak,0.010084427767354597,1.8984,,,new,13:17:32,2026-06-24 13:17:32
ARE,51.36,51.6,-0.0047,0.7338,1898570,2,0.4363,2.088,0.0405,46.7,yf_premarket,0.07528850307530907,0.4271923585001524,0.056671967616018504,0.4,0.5,weak,0.0,1.8957,1.9082,-0.012,steady,13:17:32,2026-06-24 13:17:32
AGH,4.21,4.21,0.0,1.2242,878854,0,0.0722,0.5251,0.1247,50.1,prev_close,0.12572768600991505,0.057209633167361044,0.1784010409136909,0.0,1.5,neutral,0.0,1.8922,1.9129,-0.021,steady,13:17:32,2026-06-24 13:17:32
CTRI,30.39,30.23,0.0053,0.9221,1048100,1,0.5079,1.332,0.0441,48.1,yf_premarket,0.09465575051940839,0.4999491921552688,0.06187653607055082,0.2,0.5,weak,0.012429643527204503,1.8915,1.8936,-0.002,steady,13:17:32,2026-06-24 13:17:32
ARR,16.85,16.8,0.003,0.7326,3847240,2,0.4342,0.3004,0.0179,46.4,yf_premarket,0.07516507929977578,0.42505842902144086,0.023998843429232326,0.4,0.5,weak,0.007035647279549718,1.8854,1.8875,-0.002,steady,13:17:32,2026-06-24 13:17:32
MC,66.81,67.31,-0.0074,0.4845,1157400,3,0.3467,2.8998,0.0431,45.6,yf_premarket,0.04964721370826733,0.33614470074179453,0.06043082261095851,0.6,0.5,weak,0.0,1.877,,,new,13:17:32,2026-06-24 13:17:32
PAHC,30.53,30.53,-0.0,0.7723,256750,1,0.0265,1.326,0.0434,58.1,yf_premarket,0.07924834920700224,0.010771263083020018,0.0608645366488362,0.2,1.5,neutral,-0.0,1.8708,,,new,13:17:32,2026-06-24 13:17:32
ARDT,9.28,9.18,0.0109,0.5768,579970,2,0.4138,0.4495,0.049,49.1,yf_premarket,0.05914055910970316,0.40432882837110046,0.06896053202255313,0.4,0.5,weak,0.025562851782363977,1.8702,1.8916,-0.021,steady,13:17:32,2026-06-24 13:17:32
UVV,52.77,52.67,0.0019,0.9352,278760,2,0.4065,1.079,0.0205,42.2,yf_premarket,0.09600312673564684,0.3969108830403414,0.027757698424172333,0.4,0.5,weak,0.004455909943714822,1.8584,,,new,13:17:32,2026-06-24 13:17:32
MOMO,5.6,5.55,0.009,0.8257,1120880,2,0.3977,0.1475,0.0266,40.0,yf_premarket,0.0847407072182338,0.3879687023676455,0.036576550527685416,0.4,0.5,weak,0.021106941838649154,1.853,,,new,13:17:32,2026-06-24 13:17:32
CIG,2.11,2.1,0.0048,0.972,8789280,2,0.3889,0.054,0.0257,41.9,yf_premarket,0.09978812251866784,0.3790265216949497,0.035275408414052335,0.4,0.5,weak,0.011257035647279548,1.8423,1.839,0.003,steady,13:17:32,2026-06-24 13:17:32
CIM,13.29,13.26,0.0023,0.7637,814750,3,0.3019,0.248,0.0187,43.6,yf_premarket,0.07836381214901364,0.2906208718626156,0.025155414196906176,0.6,0.5,weak,0.0053939962476547846,1.8195,1.8269,-0.007,steady,13:17:32,2026-06-24 13:17:32
DFH,14.38,14.75,-0.0251,0.5954,677160,3,0.3015,0.9536,0.0647,47.5,yf_premarket,0.06105362763046922,0.29021440910476576,0.09165823333815237,0.6,0.5,weak,0.0,1.8178,1.8334,-0.016,steady,13:17:32,2026-06-24 13:17:32
TR,37.42,37.12,0.0081,1.2862,221200,2,0.3407,1.0112,0.0272,48.7,yf_premarket,0.1321045810791352,0.33004775937404734,0.0374439786034408,0.4,0.5,weak,0.018996247654784238,1.8055,,,new,13:17:32,2026-06-24 13:17:32
TEM,48.3918,48.61,-0.0045,0.7937,6698160,2,0.3702,3.5415,0.0729,48.4,yf_premarket,0.08144940653734598,0.36002438776547097,0.10351308370680933,0.4,0.5,weak,0.0,1.794,,,new,13:17:32,2026-06-24 13:17:32
ACM,69.6,69.07,0.0077,1.1094,1913100,2,0.3371,2.35,0.034,41.6,yf_premarket,0.11392014481722995,0.32638959455339905,0.047274830128668496,0.4,0.5,weak,0.018058161350844277,1.7744,1.7638,0.011,steady,13:17:32,2026-06-24 13:17:32
BBD,3.43,3.43,-0.0,0.7861,29702350,1,0.4688,0.095,0.0277,44.7,yf_premarket,0.08066772262563512,0.46021745757544963,0.038166835333236955,0.2,0.5,weak,-0.0,1.7605,1.7972,-0.037,steady,13:17:32,2026-06-24 13:17:32
AMRZ,53.07,52.8,0.0051,0.695,3041370,2,0.3632,1.974,0.0374,45.9,yf_premarket,0.07129780099973257,0.3529112895030993,0.05219025589128235,0.4,0.5,weak,0.011960600375234522,1.7568,1.7548,0.002,steady,13:17:32,2026-06-24 13:17:32
AKR,21.9,21.66,0.0111,0.6294,2299690,2,0.3608,0.475,0.0219,47.3,yf_premarket,0.06455063460391253,0.3504725129560004,0.029781697267601562,0.4,0.5,weak,0.02603189493433396,1.7517,1.7744,-0.023,steady,13:17:32,2026-06-24 13:17:32
ASO,50.0,49.7,0.006,0.813,1960210,4,0.1457,2.7513,0.0554,44.6,yf_premarket,0.08343447226050645,0.131897164922264,0.0782130981639439,0.8,0.5,weak,0.014071294559099437,1.7492,1.8481,-0.099,steady,13:17:32,2026-06-24 13:17:32
ANDE,70.71,70.78,-0.001,0.8506,355510,1,0.4562,2.271,0.0321,43.4,yf_premarket,0.08730175056054965,0.44741388070318056,0.044527974555443106,0.2,0.5,weak,0.0,1.748,1.7602,-0.012,steady,13:17:32,2026-06-24 13:17:32
FLGT,17.89,18.18,-0.016,0.8238,310270,2,0.3588,0.5385,0.0296,45.5,yf_premarket,0.08454528624030609,0.34844019916675134,0.040913690906462345,0.4,0.5,weak,0.0,1.7442,,,new,13:17:32,2026-06-24 13:17:32
CMND,2.9952,2.97,0.0085,0.1247,423520,0,0.0735,0.3214,0.1082,51.0,yf_premarket,0.012640651677534817,0.05853063713037293,0.15454676883041782,0.0,1.5,neutral,0.019934333958724203,1.7432,1.7339,0.009,steady,13:17:32,2026-06-24 13:17:32
ARCT,7.1,7.08,0.0028,1.0766,315530,2,0.319,0.416,0.0588,41.1,yf_premarket,0.11054656161931993,0.30799715476069506,0.08312852392655776,0.4,0.5,weak,0.006566604127579737,1.7332,1.7505,-0.017,steady,13:17:32,2026-06-24 13:17:32
ADT,6.59,6.56,0.0046,0.8781,9464480,3,0.2444,0.1562,0.0238,42.6,yf_premarket,0.09013021208318762,0.23219185042170512,0.03252855284082695,0.6,0.5,weak,0.010787992495309569,1.732,1.7327,-0.001,steady,13:17:32,2026-06-24 13:17:32
BCAT,15.61,15.6,0.0006,0.6388,696820,1,0.4676,0.2461,0.0158,48.9,yf_premarket,0.06551745417892334,0.45899806930190024,0.020962845164088483,0.2,0.5,weak,0.0014071294559099435,1.7289,1.7634,-0.034,steady,13:17:32,2026-06-24 13:17:32
CERT,5.45,5.4,0.0093,0.5705,4633020,2,0.3398,0.3682,0.0682,45.1,yf_premarket,0.058492584288153376,0.32913321816888524,0.09671823044672546,0.4,0.5,weak,0.021810506566604125,1.7271,1.7091,0.018,steady,13:17:32,2026-06-24 13:17:32
DNUT,3.45,3.45,-0.0,0.772,3032480,0,0.0435,0.2503,0.0726,52.5,yf_premarket,0.07921749326311892,0.028045930291637027,0.10307936966893162,0.0,1.5,neutral,-0.0,1.7265,1.785,-0.058,steady,13:17:32,2026-06-24 13:17:32
CGAU,15.45,16.02,-0.0356,0.604,2089700,2,0.3566,0.821,0.0512,41.3,yf_premarket,0.061938164688457815,0.34620465399857736,0.07214110163365621,0.4,0.5,weak,0.0,1.7214,1.7357,-0.014,steady,13:17:32,2026-06-24 13:17:32
DLX,22.385,22.65,-0.0117,0.902,481050,2,0.336,0.865,0.0382,41.0,yf_premarket,0.09258840227922573,0.3252718219693121,0.05334682665895619,0.4,0.5,weak,0.0,1.7161,1.748,-0.032,steady,13:17:32,2026-06-24 13:17:32
AS,36.2522,34.76,0.0429,0.8551,3890990,1,0.3556,1.3802,0.0397,46.9,yf_premarket,0.0877645897187995,0.3451884971039529,0.05551539684834465,0.2,0.5,weak,0.10060975609756098,1.7007,1.6553,0.045,steady,13:17:32,2026-06-24 13:17:32
CVNA,64.81,64.83,-0.0003,0.8576,11040660,3,0.2172,4.0122,0.0619,48.8,yf_premarket,0.08802172258449387,0.2045523828879179,0.0876102356512939,0.6,0.5,weak,0.0,1.6849,1.7229,-0.038,steady,13:17:32,2026-06-24 13:17:32
DVN,42.59,43.39,-0.0184,0.5684,17809050,2,0.3465,1.4593,0.0336,40.4,yf_premarket,0.05827659268097011,0.33594146936286956,0.04669654474483157,0.4,0.5,weak,0.0,1.6826,1.6972,-0.015,steady,13:17:32,2026-06-24 13:17:32
EGO,30.04,31.43,-0.0442,0.7141,3490600,1,0.4281,1.559,0.0496,44.4,yf_premarket,0.0732622960936375,0.41885987196423125,0.06982796009830851,0.2,0.5,weak,0.0,1.6825,1.6953,-0.013,steady,13:17:32,2026-06-24 13:17:32
BMBL,2.82,2.8,0.0071,1.0694,3716640,2,0.2857,0.163,0.0582,40.6,yf_premarket,0.10980601896612016,0.2741591301696982,0.08226109585080237,0.4,0.5,weak,0.016651031894934335,1.6791,1.6855,-0.006,steady,13:17:32,2026-06-24 13:17:32
STWD,16.7291,16.74,-0.0007,1.3232,3391220,3,0.1905,0.247,0.0148,41.0,yf_premarket,0.13591014749141175,0.17742099380144294,0.019517131704496173,0.6,0.5,weak,0.0,1.6685,,,new,13:17:32,2026-06-24 13:17:32
BRKR,54.06,55.11,-0.0191,0.9793,2189530,1,0.3976,2.4672,0.0448,45.7,yf_premarket,0.10053895048649537,0.3878670866781831,0.06288853549226543,0.2,0.5,weak,0.0,1.658,1.6714,-0.013,steady,13:17:32,2026-06-24 13:17:32
ASYS,20.8,20.33,0.0231,1.1232,545840,1,0.3224,2.28,0.1121,45.2,yf_premarket,0.11533951823586283,0.31145208820241843,0.16018505132282784,0.2,0.5,weak,0.05417448405253283,1.6573,1.7744,-0.117,steady,13:17:32,2026-06-24 13:17:32
BAM,47.28,46.96,0.0068,1.154,2794610,1,0.3739,1.2585,0.0268,46.7,yf_premarket,0.11850739514121736,0.36378416827558174,0.036865693219603875,0.2,0.5,weak,0.01594746716697936,1.6477,1.6377,0.01,steady,13:17:32,2026-06-24 13:17:32
ABEV,3.1292,3.16,-0.0097,1.304,29057430,2,0.2727,0.071,0.0225,42.1,yf_premarket,0.13393536708287906,0.26094909053957926,0.030649125343356946,0.4,0.5,weak,0.0,1.6381,1.6543,-0.016,steady,13:17:32,2026-06-24 13:17:32
KELYA,11.5,11.36,0.0123,0.844,428070,1,0.3768,0.447,0.0393,46.6,yf_premarket,0.08662291979511653,0.3667310232699929,0.054937111464507735,0.2,0.5,weak,0.028846153846153848,1.6341,,,new,13:17:32,2026-06-24 13:17:32
CCO,2.4099,2.4,0.0041,0.4203,11102110,2,0.3333,0.016,0.0067,44.4,yf_premarket,0.04304404171723613,0.3225281983538258,0.007806852681798468,0.4,0.5,weak,0.009615384615384616,1.6279,1.6459,-0.018,steady,13:17:32,2026-06-24 13:17:32
FTI,65.85,66.14,-0.0044,0.8849,4207050,2,0.2901,2.112,0.0319,41.1,yf_premarket,0.09082961347787628,0.27863022050604613,0.04423883186352465,0.4,0.5,weak,0.0,1.6156,,,new,13:17:32,2026-06-24 13:17:32
STEP,43.2,42.93,0.0063,0.7406,1396240,2,0.2732,2.5199,0.0587,44.7,yf_premarket,0.07598790446999774,0.26145716898689153,0.08298395258059853,0.4,0.5,weak,0.01477485928705441,1.6006,,,new,13:17:32,2026-06-24 13:17:32
CTNM,11.91,11.91,0.0,1.1285,260170,1,0.3434,0.9905,0.0832,44.4,yf_premarket,0.11588463991113489,0.33279138298953354,0.1184039323406101,0.2,0.5,weak,0.0,1.5986,1.6132,-0.015,steady,13:17:32,2026-06-24 13:17:32
AKAN,15.75,16.18,-0.0266,0.0989,594330,2,0.2952,2.5494,0.1576,47.0,yf_premarket,0.009987040503569005,0.2838126206686312,0.22596501373427785,0.4,0.5,weak,0.0,1.5956,1.6113,-0.016,steady,13:17:32,2026-06-24 13:17:32
BHC,4.79,4.8,-0.0021,0.5597,2184440,2,0.3026,0.179,0.0373,42.9,yf_premarket,0.05738177030835373,0.2913321816888527,0.052045684545323115,0.4,0.5,weak,0.0,1.5948,1.6103,-0.016,steady,13:17:32,2026-06-24 13:17:32
CAAP,25.98,26.17,-0.0073,0.9242,206980,1,0.3671,1.155,0.0441,45.1,yf_premarket,0.09487174212659165,0.3568743013921349,0.06187653607055082,0.2,0.5,weak,0.0,1.587,1.6011,-0.014,steady,13:17:32,2026-06-24 13:17:32
FIGS,12.4,11.03,0.1242,0.6444,3063270,2,0.0634,0.6679,0.0606,45.5,yf_premarket,0.0660934317980787,0.04826745249466518,0.08573080815382392,0.4,0.5,weak,0.29127579737335835,1.5755,,,new,13:17:32,2026-06-24 13:17:32
VSH,59.22,58.96,0.0044,0.842,9017130,1,0.3389,6.0676,0.1029,45.3,yf_premarket,0.08641721350256104,0.32821867696372314,0.14688448749457858,0.2,0.5,weak,0.010318949343339589,1.575,,,new,13:17:32,2026-06-24 13:17:32
BGS,3.9,3.89,0.0026,0.9768,2042360,1,0.3529,0.134,0.0344,41.1,yf_premarket,0.10028181762080102,0.3424448734884666,0.04785311551250542,0.2,0.5,weak,0.0060975609756097554,1.5684,1.5848,-0.016,steady,13:17:32,2026-06-24 13:17:32
APG,41.61,41.58,0.0007,0.9557,3287760,3,0.1543,1.4138,0.034,49.1,yf_premarket,0.0981116162343406,0.14063611421603495,0.047274830128668496,0.6,0.5,weak,0.0016416510318949342,1.5545,1.5709,-0.016,steady,13:17:32,2026-06-24 13:17:32
ANY,3.14,3.07,0.0228,0.2921,606310,2,0.2154,0.5242,0.1707,44.5,yf_premarket,0.02985826836442927,0.20272330047759377,0.2449038600549371,0.4,0.5,weak,0.05347091932457786,1.5529,1.7274,-0.175,steady,13:17:32,2026-06-24 13:17:32
CLBK,19.8155,19.82,-0.0002,0.9244,431430,3,0.159,0.4385,0.0221,42.6,yf_premarket,0.0948923127558472,0.14541205162077026,0.030070839959520028,0.6,0.5,weak,0.0,1.5482,1.5669,-0.019,steady,13:17:32,2026-06-24 13:17:32
BWLP,19.08,19.08,0.0,0.6166,542690,2,0.2634,0.7186,0.0377,45.9,yf_premarket,0.0632341143315574,0.2514988314195712,0.05262396992916003,0.4,0.5,weak,0.0,1.5242,1.5675,-0.043,steady,13:17:32,2026-06-24 13:17:32
AVNS,24.93,24.93,-0.0,0.3712,950050,2,0.2857,0.0715,0.0029,43.5,yf_premarket,0.037993952234998865,0.2741591301696982,0.002313141535347694,0.4,0.5,weak,-0.0,1.5065,1.5224,-0.016,steady,13:17:32,2026-06-24 13:17:32
CMRE,13.91,15.34,-0.0932,0.8741,483830,2,0.2337,0.568,0.037,46.7,yf_premarket,0.08971879949807664,0.22131897164922265,0.05161197050744542,0.4,0.5,weak,0.0,1.503,1.5201,-0.017,steady,13:17:32,2026-06-24 13:17:32
DRS,45.0,45.74,-0.0162,0.7455,941460,2,0.2289,2.012,0.044,45.1,yf_premarket,0.07649188488675869,0.21644141855502488,0.06173196472459158,0.4,0.5,weak,0.0,1.4785,1.4957,-0.017,steady,13:17:32,2026-06-24 13:17:32
FSK,10.29,10.23,0.0059,0.8833,3031350,2,0.2137,0.2607,0.0255,43.9,yf_premarket,0.09066504844383189,0.20099583375673205,0.034986265722133876,0.4,0.5,weak,0.013836772983114446,1.4762,,,new,13:17:32,2026-06-24 13:17:32
BWA,71.0,70.52,0.0068,0.8105,3128880,2,0.2121,2.821,0.04,43.3,yf_premarket,0.08317733939481209,0.19936998272533282,0.05594911088622235,0.4,0.5,weak,0.01594746716697936,1.4754,1.5166,-0.041,steady,13:17:32,2026-06-24 13:17:32
LPTH,13.651,13.62,0.0023,0.7063,3402050,2,0.1875,1.386,0.1018,40.5,yf_premarket,0.07246004155267109,0.17437252311756937,0.14529420268902704,0.4,0.5,weak,0.0053939962476547846,1.4382,,,new,13:17:32,2026-06-24 13:17:32
AVD,2.46,2.56,-0.0391,0.4751,430040,2,0.2027,0.252,0.0984,48.7,yf_premarket,0.04868039413325654,0.1898181079158622,0.1403787769264132,0.4,0.5,weak,0.0,1.4228,1.4406,-0.018,steady,13:17:32,2026-06-24 13:17:32
CEPU,15.17,15.1,0.0046,1.0339,312590,0,0.3669,0.5435,0.036,40.5,yf_premarket,0.10615473227326024,0.35667107001321,0.05016625704785311,0.0,0.5,weak,0.010787992495309569,1.4138,1.4314,-0.018,steady,13:17:32,2026-06-24 13:17:32
FIZZ,34.55,34.55,0.0,1.2523,392560,2,0.1586,1.37,0.0397,45.4,yf_premarket,0.12861785942031967,0.14500558886292042,0.05551539684834465,0.4,0.5,weak,0.0,1.4107,,,new,13:17:32,2026-06-24 13:17:32
RCI,36.88,36.57,0.0085,0.9149,1054960,2,0.1688,0.902,0.0247,40.5,yf_premarket,0.09391520786620863,0.15537038918809065,0.033829694954460025,0.4,0.5,weak,0.019934333958724203,1.3984,,,new,13:17:32,2026-06-24 13:17:32
AMBO,2.1079,2.27,-0.0714,0.0351,532680,1,0.303,0.2409,0.1061,45.4,yf_premarket,0.003425009771048896,0.29173864444670256,0.15151077056527398,0.2,0.5,weak,0.0,1.3644,1.3799,-0.015,steady,13:17:32,2026-06-24 13:17:32
EGY,5.38,5.32,0.0113,0.7153,1523740,3,0.0581,0.199,0.0374,47.2,yf_premarket,0.0733857198691708,0.04288182095315517,0.05219025589128235,0.6,0.5,weak,0.026500938086303938,1.3617,1.3429,0.019,steady,13:17:32,2026-06-24 13:17:32
EC,15.15,15.51,-0.0232,0.9084,3726750,2,0.1547,0.872,0.0562,45.7,yf_premarket,0.09324666241540329,0.14104257697388478,0.07936966893161775,0.4,0.5,weak,0.0,1.3616,1.3805,-0.019,steady,13:17:32,2026-06-24 13:17:32
CGBD,10.7781,10.72,0.0054,1.2695,539750,2,0.1277,0.2353,0.0219,43.8,yf_premarket,0.13038693353629688,0.11360634081902247,0.029781697267601562,0.4,0.5,weak,0.012664165103189493,1.3567,1.3772,-0.02,steady,13:17:32,2026-06-24 13:17:32
BNED,10.7,10.7,0.0,1.0894,386710,1,0.2127,0.6321,0.0591,48.3,yf_premarket,0.11186308189167506,0.19997967686210752,0.08356223796443545,0.2,0.5,weak,0.0,1.3095,1.3271,-0.018,steady,13:17:32,2026-06-24 13:17:32
DEI,11.73,11.69,0.0034,0.628,2132060,2,0.1308,0.372,0.0318,46.4,yf_premarket,0.06440664019912369,0.1167564271923585,0.044094260517565424,0.4,0.5,weak,0.00797373358348968,1.2641,1.2861,-0.022,steady,13:17:32,2026-06-24 13:17:32
SOLV,74.28,73.99,0.0039,0.9747,1576750,2,0.0981,2.3309,0.0315,45.0,yf_premarket,0.10006582601361776,0.08352809673813638,0.04366054647968773,0.4,0.5,weak,0.009146341463414634,1.2527,1.2591,-0.006,steady,13:17:32,2026-06-24 13:17:32
CWH,7.25,7.23,0.0028,0.7172,2158720,1,0.2,0.5506,0.0762,47.7,yf_premarket,0.0735811408470985,0.187074484300376,0.10828393812346394,0.2,0.5,weak,0.006566604127579737,1.2485,1.2565,-0.008,steady,13:17:32,2026-06-24 13:17:32
TPG,39.56,39.58,-0.0005,1.4904,2351470,1,0.1507,1.9434,0.0491,41.0,yf_premarket,0.15310719354905067,0.13697794939538666,0.06910510336851236,0.2,0.5,weak,0.0,1.2382,,,new,13:17:32,2026-06-24 13:17:32
ELME,1.9638,2.02,-0.0278,1.0025,1062350,1,0.2,0.026,0.0129,41.7,yf_premarket,0.10292514348013905,0.187074484300376,0.016770276131270783,0.2,0.5,weak,0.0,1.2369,1.2547,-0.018,steady,13:17:32,2026-06-24 13:17:32
ELAN,23.42,23.18,0.0104,0.8109,5726270,1,0.1818,0.934,0.0403,47.5,yf_premarket,0.08321848065332318,0.16858042881820953,0.056382824924100045,0.2,0.5,weak,0.024390243902439022,1.2268,1.2435,-0.017,steady,13:17:32,2026-06-24 13:17:32
CWK,12.79,12.79,0.0,0.8989,1975150,2,0.08,0.544,0.0425,45.4,yf_premarket,0.09226955752576471,0.06513565694543239,0.059563394535203124,0.4,0.5,weak,0.0,1.1985,1.2189,-0.02,steady,13:17:32,2026-06-24 13:17:32
ACHV,5.0009,5.01,-0.0018,0.8938,2376870,1,0.1418,0.436,0.087,49.6,yf_premarket,0.09174500647974822,0.12793415303322836,0.12389764348706087,0.2,0.5,weak,0.0,1.1554,1.1745,-0.019,steady,13:17:32,2026-06-24 13:17:32
FOSL,4.0,4.01,-0.0025,0.7588,707140,2,0.0563,0.263,0.0656,45.7,yf_premarket,0.0778598317322527,0.04105273854283102,0.09295937545178547,0.4,0.5,weak,0.0,1.1454,,,new,13:17:32,2026-06-24 13:17:32
CG,42.91,42.91,0.0,2.1133,2897840,1,0.0541,1.601,0.0373,43.9,yf_premarket,0.21717441836545784,0.03881719337465705,0.052045684545323115,0.2,0.5,weak,0.0,1.1294,1.1505,-0.021,steady,13:17:32,2026-06-24 13:17:32
BOOM,6.65,6.65,-0.0,1.1928,227440,2,0.0159,0.32,0.0481,45.9,yf_premarket,0.12249809721679387,0.0,0.06765938990892005,0.4,0.5,weak,-0.0,1.1176,1.1395,-0.022,steady,13:17:32,2026-06-24 13:17:32
AIRS,4.63,4.6,0.0065,0.7916,680880,1,0.1102,0.3819,0.083,40.4,yf_premarket,0.08123341493016271,0.09582359516309319,0.11811478964869164,0.2,0.5,weak,0.01524390243902439,1.0954,1.2786,-0.183,steady,13:17:32,2026-06-24 13:17:32
FATN,5.36,5.455,-0.0174,0.2869,231090,1,0.1417,0.6518,0.1195,40.0,yf_premarket,0.029323432003784993,0.12783253734376587,0.17088333092381092,0.2,0.5,weak,0.0,1.0851,1.1042,-0.019,steady,13:17:32,2026-06-24 13:17:32
COLM,63.94,63.95,-0.0002,0.8917,548730,1,0.122,2.089,0.0327,41.6,yf_premarket,0.09152901487256496,0.10781424651966263,0.04539540263119849,0.2,0.5,weak,0.0,1.0756,1.0952,-0.02,steady,13:17:32,2026-06-24 13:17:32
AAP,54.81,54.81,-0.0,0.9683,1514960,1,0.0946,2.634,0.0481,42.3,yf_premarket,0.0994075658774402,0.07997154760695052,0.06765938990892005,0.2,0.5,weak,-0.0,1.0429,1.0904,-0.048,steady,13:17:32,2026-06-24 13:17:32
GAMB,2.2861,2.23,0.0252,0.6363,723850,1,0.0263,0.1326,0.0595,41.8,yf_premarket,0.06526032131322897,0.010568031704095112,0.08414052334827236,0.2,0.5,weak,0.05909943714821764,0.9497,,,new,13:17:32,2026-06-24 13:17:32
KEP,12.05,12.01,0.0033,1.4478,1297460,0,0.108,0.33,0.0275,40.5,yf_premarket,0.14872564951761874,0.09358804999491922,0.037877692641318496,0.0,0.5,weak,0.00773921200750469,0.9408,,,new,13:17:32,2026-06-24 13:17:32
CLW,15.72,15.62,0.0064,0.815,227860,1,0.0337,0.825,0.0528,41.6,yf_premarket,0.08364017855306193,0.018087592724316634,0.0744542431690039,0.2,0.5,weak,0.0150093808630394,0.9214,0.9478,-0.026,steady,13:17:32,2026-06-24 13:17:32
BIRK,42.71,42.35,0.0085,0.6363,2712470,1,0.0265,2.4131,0.057,47.4,yf_premarket,0.06526032131322897,0.010771263083020018,0.0805262396992916,0.2,0.5,weak,0.019934333958724203,0.8896,0.8814,0.008,steady,13:17:32,2026-06-24 13:17:32
URBN,71.0,71.0,0.0,0.7224,1212840,1,0.0186,3.267,0.046,47.5,yf_premarket,0.07411597720774278,0.0027436236154862285,0.0646233916437762,0.2,0.5,weak,0.0,0.849,,,new,13:17:32,2026-06-24 13:17:32
FCUV,3.82,,,9.7244,7873524,0,,0.0992,,,yf_premarket,1.0,,,0.0,3.0,—,,,,,new,13:17:32,2026-06-24 13:17:32
