ticker,premarket_price,yesterday_close,gap_pct,rvol,avg_volume_10d,trend_5d,breakout_score,atr_10d,volatility_score,rsi,price_source,norm_rvol,norm_breakout,norm_volatility,norm_trend,rsi_score,rsi_label,norm_gap,score,score_prev,score_trend,trend_dir,scan_time_utc,snapshot_utc
CXW,29.89,29.65,0.0081,1.1124,1687180,5,0.8926,1.291,0.0435,100.0,yf_premarket,0.16186485070717654,0.8924494292008812,0.061009107994795427,1.0,5.0,🔥 90+,0.042789223454833596,8.1224,8.2578,-0.135,steady,15:53:38,2026-06-23 15:53:38
GEO,29.64,29.67,-0.001,1.127,2675090,5,0.9168,1.186,0.04,97.3,yf_premarket,0.1639892904953146,0.9166833566993791,0.05594911088622235,1.0,5.0,🔥 90+,0.0,8.1073,8.2598,-0.152,steady,15:53:38,2026-06-23 15:53:38
CAST,8.93,9.84,-0.0925,0.1462,52563060,4,0.7983,1.513,0.1538,97.3,yf_premarket,0.021273499796286597,0.7980172241137593,0.2204713025878271,0.8,5.0,🔥 90+,0.0,7.5382,7.5885,-0.05,steady,15:53:38,2026-06-23 15:53:38
AVAH,8.135,7.92,0.0271,1.4837,1836800,5,0.9416,0.3125,0.0395,80.8,yf_premarket,0.21589255573016705,0.9415181253755257,0.055226254156426194,1.0,4.0,strong ✓,0.14315900686740624,7.4492,7.6403,-0.191,steady,15:53:38,2026-06-23 15:53:38
EPC,26.04,22.72,0.1461,1.7891,1052710,2,0.6988,1.2438,0.0547,86.3,yf_premarket,0.2603311797916303,0.6983777288203484,0.07720109874222929,0.4,4.0,strong ✓,0.7717908082408875,7.3835,7.886,-0.503,fading,15:53:38,2026-06-23 15:53:38
CARE,31.84,31.52,0.0102,1.0255,421740,4,0.9712,0.752,0.0239,81.4,yf_premarket,0.14922006868051918,0.971159623472862,0.03267312418678618,0.8,4.0,strong ✓,0.05388272583201268,7.0633,7.1226,-0.059,steady,15:53:38,2026-06-23 15:53:38
VCEL,40.53,40.47,0.0015,0.8935,666910,5,0.8813,1.496,0.037,85.0,yf_premarket,0.13001280484255864,0.8811335870218305,0.05161197050744542,1.0,4.0,strong ✓,0.00792393026941363,6.995,,,new,15:53:38,2026-06-23 15:53:38
FRO,42.335,41.58,0.0182,1.2969,3878480,3,0.9665,1.8833,0.0453,87.3,yf_premarket,0.18871136720796228,0.9664530342479472,0.06361139222206158,0.6,4.0,strong ✓,0.09614368726888538,6.992,7.2002,-0.208,steady,15:53:38,2026-06-23 15:53:38
GLBS,3.07,3.05,0.0066,1.6911,398370,3,0.9596,0.162,0.0531,84.5,yf_premarket,0.2460712414876899,0.959543360704987,0.0748879572068816,0.6,4.0,strong ✓,0.03486529318541997,6.9779,7.0773,-0.099,steady,15:53:38,2026-06-23 15:53:38
FTDR,71.85,71.87,-0.0003,1.6744,651280,4,0.8937,2.05,0.0285,89.5,yf_premarket,0.24364123159303885,0.8935509713599039,0.039323406100910806,0.8,4.0,strong ✓,0.0,6.9722,7.2121,-0.24,steady,15:53:38,2026-06-23 15:53:38
CNO,52.56,51.46,0.0214,0.8262,738520,4,0.8686,0.8016,0.0156,86.2,yf_premarket,0.12022001047668937,0.868415782094933,0.020673702472170017,0.8,4.0,strong ✓,0.11304807184363444,6.8971,6.9884,-0.091,steady,15:53:38,2026-06-23 15:53:38
ARQT,26.66,26.66,0.0,0.7511,2035140,4,0.9174,1.2115,0.0454,80.8,yf_premarket,0.10929224142948606,0.9172841978770279,0.06375596356802082,0.8,4.0,strong ✓,0.0,6.8304,6.9327,-0.102,steady,15:53:38,2026-06-23 15:53:38
OSW,27.675,27.1,0.0212,1.1198,906390,4,0.7532,0.8945,0.033,80.6,yf_premarket,0.16294162155869854,0.7528539955938314,0.045829116669076186,0.8,4.0,strong ✓,0.11199154780771263,6.741,,,new,15:53:38,2026-06-23 15:53:38
AROC,38.655,38.08,0.0151,0.9875,1662350,2,0.9918,1.029,0.027,80.1,yf_premarket,0.14369070484837904,0.9917885039054677,0.03715483591152234,0.4,4.0,strong ✓,0.0797675647120972,6.7373,6.7575,-0.02,steady,15:53:38,2026-06-23 15:53:38
ALHC,21.36,21.29,0.0033,0.7247,7473650,4,0.8515,1.3757,0.0646,87.0,yf_premarket,0.10545078866189396,0.8512918085319447,0.09151366199219316,0.8,4.0,strong ✓,0.017432646592709985,6.7327,6.8628,-0.13,steady,15:53:38,2026-06-23 15:53:38
FHI,59.585,60.04,-0.0076,0.8432,685510,3,0.9605,1.151,0.0192,85.2,yf_premarket,0.12269367324369942,0.9604446224714601,0.025878270926702328,0.6,4.0,strong ✓,0.0,6.7179,6.7915,-0.074,steady,15:53:38,2026-06-23 15:53:38
GBX,50.03,50.2,-0.0034,0.8578,510580,4,0.8559,1.336,0.0266,81.2,yf_premarket,0.1248181130318375,0.8556979771680352,0.036576550527685416,0.8,4.0,strong ✓,0.0,6.7169,6.8193,-0.102,steady,15:53:38,2026-06-23 15:53:38
ALOT,28.42,28.42,0.0,0.4409,422090,3,0.9817,0.828,0.0291,89.5,yf_premarket,0.0641551714102788,0.9816743440817144,0.04019083417666619,0.6,4.0,strong ✓,0.0,6.6797,6.7268,-0.047,steady,15:53:38,2026-06-23 15:53:38
AIAI,18.305,16.87,0.0851,0.2353,778940,5,0.9402,1.539,0.0912,76.5,yf_premarket,0.03423840288690996,0.9401161626276788,0.12996964001734856,1.0,3.0,good,0.4495509772847332,6.6709,6.6764,-0.006,steady,15:53:38,2026-06-23 15:53:38
AMRX,16.5172,16.11,0.0253,0.7769,2309160,3,0.8282,0.6229,0.0387,86.4,yf_premarket,0.11304638845236017,0.8279591427999199,0.05406968338875234,0.6,4.0,strong ✓,0.13365029054410987,6.653,6.7527,-0.1,steady,15:53:38,2026-06-23 15:53:38
CLDT,13.5,13.37,0.0097,0.808,554090,3,0.8848,0.402,0.0301,86.9,yf_premarket,0.1175717362202433,0.8846384938914481,0.04163654763625849,0.6,4.0,strong ✓,0.05124141574220814,6.6433,6.8098,-0.167,steady,15:53:38,2026-06-23 15:53:38
FWRD,13.495,13.71,-0.0157,0.629,1927140,4,0.8177,1.047,0.0764,81.0,yf_premarket,0.09152552237937256,0.8174444221910675,0.10857308081538239,0.8,4.0,strong ✓,0.0,6.6265,6.6969,-0.07,steady,15:53:38,2026-06-23 15:53:38
CON,28.6642,28.49,0.0061,0.66,1000290,3,0.8785,0.6405,0.0225,85.7,yf_premarket,0.0960363191898027,0.8783296615261366,0.030649125343356946,0.6,4.0,strong ✓,0.03222398309561543,6.5644,6.6604,-0.096,steady,15:53:38,2026-06-23 15:53:38
BBCP,11.3256,11.26,0.0058,0.7908,443750,2,0.9323,0.6192,0.055,86.5,yf_premarket,0.11506897153832722,0.9322050871219708,0.07763481278010698,0.4,4.0,strong ✓,0.030639197041732697,6.5218,6.5976,-0.076,steady,15:53:38,2026-06-23 15:53:38
AKTS,26.7,24.79,0.077,0.9352,386660,4,0.9223,1.6871,0.0681,71.4,yf_premarket,0.13608055410045983,0.9221910674944923,0.09657365910076623,0.8,3.0,good,0.40676175382989965,6.5069,6.7269,-0.22,steady,15:53:38,2026-06-23 15:53:38
APLE,16.725,16.61,0.0069,0.872,2755470,3,0.7969,0.3235,0.0195,87.4,yf_premarket,0.12688434899016354,0.7966152613659123,0.026311984964580024,0.6,4.0,strong ✓,0.03645007923930269,6.4514,6.6002,-0.149,steady,15:53:38,2026-06-23 15:53:38
DRH,12.33,12.25,0.0065,0.9852,1860930,3,0.7826,0.224,0.0183,85.0,yf_premarket,0.14335603282696002,0.7822952132986181,0.02457712881306925,0.6,4.0,strong ✓,0.03433703116745906,6.4434,6.6103,-0.167,steady,15:53:38,2026-06-23 15:53:38
AQST,4.99,4.72,0.0572,1.1292,1703900,5,0.8199,0.1883,0.0399,75.7,yf_premarket,0.1643094115592806,0.8196475065091128,0.05580453954026311,1.0,3.0,good,0.3021658742736397,6.3669,6.7378,-0.371,fading,15:53:38,2026-06-23 15:53:38
HCSG,22.75,22.54,0.0093,1.3902,749470,2,0.7509,0.573,0.0254,80.8,yf_premarket,0.20228741051161167,0.7505507710795113,0.034841694376174646,0.4,4.0,strong ✓,0.0491283676703645,6.2956,6.4605,-0.165,steady,15:53:38,2026-06-23 15:53:38
BCAX,25.22,24.55,0.0273,1.2069,688780,4,0.9899,1.1705,0.0477,75.6,yf_premarket,0.17561550550026192,0.9898858401762467,0.06708110452508313,0.8,3.0,good,0.14421553090332806,6.2931,6.6179,-0.325,fading,15:53:38,2026-06-23 15:53:38
SLGN,42.33,41.47,0.0207,0.5578,965820,2,0.7834,1.211,0.0292,84.1,yf_premarket,0.08116524067283627,0.7830963348688164,0.04033540552262542,0.4,4.0,strong ✓,0.10935023771790808,6.2721,,,new,15:53:38,2026-06-23 15:53:38
AGIO,35.6,35.1,0.0142,1.0486,1314920,5,0.9502,1.501,0.0428,77.1,yf_premarket,0.15258133985216227,0.9501301822551572,0.05999710857308081,1.0,3.0,good,0.07501320655044903,6.2717,6.3622,-0.09,steady,15:53:38,2026-06-23 15:53:38
ANTX,5.35,5.4,-0.0093,2.1421,294240,4,0.9444,0.4525,0.0838,73.5,yf_premarket,0.3116960596007218,0.9443220508712197,0.11927136041636549,0.8,3.0,good,0.0,6.2158,6.4122,-0.196,steady,15:53:38,2026-06-23 15:53:38
ECO,55.5104,54.99,0.0095,2.2918,430500,3,0.9949,2.1745,0.0395,74.7,yf_premarket,0.33347884290786334,0.994892849989986,0.055226254156426194,0.6,3.0,good,0.050184891706286316,6.1929,6.4642,-0.271,steady,15:53:38,2026-06-23 15:53:38
DB,35.191,36.09,-0.0249,0.7485,3526330,5,0.9866,0.688,0.0191,70.4,yf_premarket,0.10891391653570806,0.9865812136991788,0.025733699580743098,1.0,3.0,good,0.0,6.1494,6.2152,-0.066,steady,15:53:38,2026-06-23 15:53:38
FGMC,10.3,14.89,-0.3083,1.3297,527710,4,1.0,0.9967,0.0669,79.9,yf_premarket,0.19348408125254643,1.0,0.09483880294925547,0.8,3.0,good,0.0,6.1376,6.2631,-0.125,steady,15:53:38,2026-06-23 15:53:38
ESI,46.43,49.09,-0.0542,1.5131,3131490,4,0.9844,1.839,0.0375,71.0,yf_premarket,0.22017053722134916,0.9843781293811337,0.052334827237241574,0.8,3.0,good,0.0,6.1252,6.2583,-0.133,steady,15:53:38,2026-06-23 15:53:38
BTSG,67.74,67.2,0.008,0.6662,3717410,5,0.9421,1.8494,0.0275,72.2,yf_premarket,0.09693847855188872,0.9420188263568997,0.037877692641318496,1.0,3.0,good,0.04226096143687269,6.1118,6.1738,-0.062,steady,15:53:38,2026-06-23 15:53:38
WYHG,7.065,6.59,0.0721,1.1189,385010,3,0.7859,1.0291,0.1562,77.5,yf_premarket,0.16281066294162155,0.785599839775686,0.22394101489084867,0.6,3.0,good,0.3808769149498151,6.0987,,,new,15:53:38,2026-06-23 15:53:38
BJRI,54.49,54.72,-0.0042,2.1234,581510,4,0.8871,2.378,0.0435,72.7,yf_premarket,0.3089750305570107,0.8869417184057681,0.061009107994795427,0.8,3.0,good,0.0,6.0679,6.2526,-0.185,steady,15:53:38,2026-06-23 15:53:38
DSGN,13.665,13.7,-0.0026,1.1175,737120,4,0.989,0.765,0.0558,79.6,yf_premarket,0.16260694953727955,0.9889845784097737,0.07879138354778083,0.8,3.0,good,0.0,6.0613,6.1666,-0.105,steady,15:53:38,2026-06-23 15:53:38
DHT,19.86,19.77,0.0046,2.0538,3719030,3,0.964,0.764,0.0386,79.2,yf_premarket,0.29884756416972236,0.9639495293410775,0.05392511204279312,0.6,3.0,good,0.024300052826201797,6.0396,6.3261,-0.287,steady,15:53:38,2026-06-23 15:53:38
EQPT,23.92,25.96,-0.0786,1.2943,1954600,4,0.9064,1.6274,0.0627,75.6,yf_premarket,0.18833304231418427,0.9062687762868015,0.08876680641896777,0.8,3.0,good,0.0,5.9394,6.061,-0.122,steady,15:53:38,2026-06-23 15:53:38
SKWD,52.81,50.82,0.0392,1.0565,370290,4,0.7842,1.696,0.0334,76.1,yf_premarket,0.1537308654909493,0.7838974564390147,0.04640740205291311,0.8,3.0,good,0.20707871104067618,5.9322,,,new,15:53:38,2026-06-23 15:53:38
ETON,33.785,32.72,0.0325,0.7288,308720,4,0.838,1.594,0.0487,74.6,yf_premarket,0.10604737791746698,0.8377728820348488,0.06852681798467544,0.8,3.0,good,0.1716851558372953,5.9264,6.023,-0.097,steady,15:53:38,2026-06-23 15:53:38
BCS,26.985,27.29,-0.0112,0.8088,5590250,4,0.9656,0.569,0.0209,70.0,yf_premarket,0.1176881438798673,0.9655517724814741,0.028335983808009252,0.8,3.0,good,0.0,5.9218,5.993,-0.071,steady,15:53:38,2026-06-23 15:53:38
FLR,53.615,54.42,-0.0148,0.8044,3193840,4,0.9543,2.432,0.0447,70.2,yf_premarket,0.11704790175193527,0.9542359303024235,0.06274396414630619,0.8,3.0,good,0.0,5.9154,5.9923,-0.077,steady,15:53:38,2026-06-23 15:53:38
KURA,10.43,10.36,0.0068,0.8451,1636420,4,0.9184,0.48,0.0463,71.8,yf_premarket,0.12297014143530643,0.9182855998397756,0.06505710568165389,0.8,3.0,good,0.03592181722134179,5.9074,6.1632,-0.256,steady,15:53:38,2026-06-23 15:53:38
COHU,63.55,70.07,-0.093,0.6218,1443760,4,0.9571,3.982,0.0568,72.0,yf_premarket,0.09047785344275654,0.9570398557981173,0.08023709700737314,0.8,3.0,good,0.0,5.8899,5.9548,-0.065,steady,15:53:38,2026-06-23 15:53:38
DNLI,24.86,24.05,0.0337,0.8013,2007120,3,0.8908,1.2508,0.052,71.9,yf_premarket,0.11659682207089227,0.8906469056679351,0.07329767240133005,0.6,3.0,good,0.1780243000528262,5.8599,6.0366,-0.177,steady,15:53:38,2026-06-23 15:53:38
AUPH,17.58,17.53,0.0029,2.7712,1224170,4,0.7031,0.5175,0.0295,77.1,yf_premarket,0.4032361329375473,0.7026837572601642,0.04076911956050311,0.8,3.0,good,0.015319598520866349,5.8536,6.0649,-0.211,steady,15:53:38,2026-06-23 15:53:38
AVLN,31.195,32.97,-0.0538,1.1138,452410,3,0.9693,2.777,0.0842,73.5,yf_premarket,0.16206856411151851,0.9692569597436411,0.11984964580020241,0.6,3.0,good,0.0,5.8415,5.9537,-0.112,steady,15:53:38,2026-06-23 15:53:38
AUNA,5.202,5.26,-0.011,1.0952,373720,4,0.8835,0.2123,0.0404,75.7,yf_premarket,0.15936208602526045,0.8833366713398758,0.05652739627005927,0.8,3.0,good,0.0,5.834,5.9336,-0.1,steady,15:53:38,2026-06-23 15:53:38
ARDX,6.275,6.37,-0.0149,1.2683,3866370,3,0.9519,0.2769,0.0435,70.3,yf_premarket,0.18454979337640418,0.9518325655918285,0.061009107994795427,0.6,3.0,good,0.0,5.811,5.9256,-0.115,steady,15:53:38,2026-06-23 15:53:38
AMWD,48.09,48.09,0.0,0.0,400980,4,0.984,2.247,0.0467,,prev_close,0.0,0.9839775685960345,0.06563539106549082,0.8,3.0,—,0.0,5.8008,5.8122,-0.011,steady,15:53:38,2026-06-23 15:53:38
CLPT,18.29,17.06,0.0721,0.7076,1228750,3,0.7032,1.107,0.0649,71.2,yf_premarket,0.10296257493743088,0.7027838974564391,0.09194737603007085,0.6,3.0,good,0.3808769149498151,5.7773,6.2122,-0.435,fading,15:53:38,2026-06-23 15:53:38
BKD,13.88,13.99,-0.0079,0.6576,4483520,4,0.8789,0.559,0.04,70.8,yf_premarket,0.09568709621093067,0.8787302223112358,0.05594911088622235,0.8,3.0,good,0.0,5.729,5.7926,-0.064,steady,15:53:38,2026-06-23 15:53:38
FBP,25.97,25.74,0.0089,0.9903,1925570,3,0.9149,0.462,0.0179,74.8,yf_premarket,0.14409813165706303,0.9147806929701583,0.023998843429232326,0.6,3.0,good,0.047015319598520865,5.7282,5.8162,-0.088,steady,15:53:38,2026-06-23 15:53:38
BWEN,4.97,5.04,-0.0139,1.0675,675500,4,0.8022,0.55,0.1091,71.4,yf_premarket,0.15533147081077933,0.8019226917684759,0.1558479109440509,0.8,3.0,good,0.0,5.7148,5.8294,-0.115,steady,15:53:38,2026-06-23 15:53:38
CNA,46.755,45.76,0.0217,1.3081,734980,2,0.915,0.8,0.0175,75.2,yf_premarket,0.19034107444269835,0.9148808331664331,0.023420558045395407,0.4,3.0,good,0.11463285789751718,5.6989,5.8348,-0.136,steady,15:53:38,2026-06-23 15:53:38
AXGN,45.29,44.95,0.0076,0.5604,1563690,4,0.84,2.213,0.0492,74.6,yf_premarket,0.08154356556661428,0.8397756859603445,0.06924967471447159,0.8,3.0,good,0.040147913365029056,5.6967,5.8781,-0.181,steady,15:53:38,2026-06-23 15:53:38
SILA,30.33,30.34,-0.0003,1.1072,489000,4,0.8182,0.04,0.0013,78.9,yf_premarket,0.1611082009196205,0.8179451231724415,0.0,0.8,3.0,good,0.0,5.6776,,,new,15:53:38,2026-06-23 15:53:38
ATMU,50.755,52.12,-0.0262,0.5076,990320,4,0.8707,1.8206,0.0349,75.1,yf_premarket,0.07386066003143008,0.8705187262167035,0.04857597224230158,0.8,3.0,good,0.0,5.6761,5.7262,-0.05,steady,15:53:38,2026-06-23 15:53:38
EE,35.99,35.9,0.0025,0.7054,389860,3,0.9258,1.19,0.0331,76.1,yf_premarket,0.10264245387346488,0.9256959743641097,0.045973688015035416,0.6,3.0,good,0.013206550449022716,5.6482,5.8206,-0.172,steady,15:53:38,2026-06-23 15:53:38
FLNT,3.24,3.21,0.0093,0.1472,397390,4,0.808,0.331,0.1031,73.9,yf_premarket,0.0214190093708166,0.8077308231524134,0.14717363018649704,0.8,3.0,good,0.0491283676703645,5.5949,5.6822,-0.087,steady,15:53:38,2026-06-23 15:53:38
CCS,62.89,62.45,0.007,1.0061,410190,3,0.8333,2.4305,0.0389,74.1,yf_premarket,0.1463971829346371,0.8330662928099339,0.0543588260806708,0.6,3.0,good,0.036978341257263604,5.5684,5.674,-0.106,steady,15:53:38,2026-06-23 15:53:38
GPCR,44.24,45.51,-0.0279,1.1336,1011910,3,0.8397,2.3495,0.0516,73.7,yf_premarket,0.16494965368721262,0.8394752653715202,0.07271938701749313,0.6,3.0,good,0.0,5.5627,5.6683,-0.106,steady,15:53:38,2026-06-23 15:53:38
CURB,31.0,30.42,0.0191,0.7798,1078200,3,0.8026,0.738,0.0243,70.9,yf_premarket,0.1134683662184972,0.802323252553575,0.0332514095706231,0.6,3.0,good,0.10089804543053355,5.5428,5.637,-0.094,steady,15:53:38,2026-06-23 15:53:38
UHAL,62.87,62.38,0.0079,0.8768,326630,3,0.8295,1.6,0.0256,72.2,yf_premarket,0.12758279494790759,0.8292609653514921,0.035130837068093106,0.6,3.0,good,0.041732699418911785,5.5301,,,new,15:53:38,2026-06-23 15:53:38
FRMI,8.4614,8.97,-0.0567,0.7088,26491040,4,0.7519,0.8331,0.0929,71.3,yf_premarket,0.1031371864268669,0.7515521730422592,0.13242735289865548,0.8,3.0,good,0.0,5.524,5.6051,-0.081,steady,15:53:38,2026-06-23 15:53:38
CFG,68.38,67.99,0.0057,0.7536,4817690,3,0.8469,1.4577,0.0214,77.4,yf_premarket,0.10965601536581109,0.8466853595033046,0.029058840537805407,0.6,3.0,good,0.030110935023771792,5.5176,5.5896,-0.072,steady,15:53:38,2026-06-23 15:53:38
MRVI,5.31,5.25,0.0114,0.482,3045430,3,0.8418,0.2669,0.0508,73.1,yf_premarket,0.07013561492346196,0.8415782094932907,0.07156281624981928,0.6,3.0,good,0.060221870047543584,5.5145,5.6637,-0.149,steady,15:53:38,2026-06-23 15:53:38
BY,35.77,35.48,0.0082,0.6983,382060,3,0.8374,0.6628,0.0187,76.4,yf_premarket,0.10160933589430185,0.8371720408572001,0.025155414196906176,0.6,3.0,good,0.04331748547279451,5.5043,5.579,-0.075,steady,15:53:38,2026-06-23 15:53:38
BANC,20.455,20.21,0.0121,0.9933,2617610,3,0.7844,0.4378,0.0217,71.1,yf_premarket,0.14453466038065305,0.7840977368315641,0.029492554575683103,0.6,3.0,good,0.06391970417326995,5.4956,5.5772,-0.082,steady,15:53:38,2026-06-23 15:53:38
AIN,70.74,71.99,-0.0174,0.6426,274050,3,0.8652,2.475,0.0344,74.4,yf_premarket,0.09350445259298061,0.8650110154215902,0.04785311551250542,0.6,3.0,good,0.0,5.4942,5.5552,-0.061,steady,15:53:38,2026-06-23 15:53:38
CNOB,32.98,32.7,0.0086,0.7765,488370,3,0.8166,0.73,0.0223,73.6,yf_premarket,0.11298818462254816,0.8163428800320449,0.030359982651438487,0.6,3.0,good,0.04543053354463814,5.4855,5.5288,-0.043,steady,15:53:38,2026-06-23 15:53:38
ANGO,12.44,12.39,0.004,0.9271,390690,3,0.8061,0.379,0.0306,72.7,yf_premarket,0.13490192654676678,0.8058281594231925,0.04235940436605465,0.6,3.0,good,0.021130480718436345,5.4669,5.7022,-0.235,steady,15:53:38,2026-06-23 15:53:38
ASH,64.51,67.69,-0.047,0.5789,1165600,2,0.9571,2.482,0.0367,78.2,yf_premarket,0.08423549269541936,0.9570398557981173,0.05117825646956774,0.4,3.0,good,0.0,5.466,5.5224,-0.056,steady,15:53:38,2026-06-23 15:53:38
GEF,70.79,69.22,0.0227,0.7902,271590,3,0.7465,1.8435,0.0266,78.8,yf_premarket,0.11498166579360923,0.7461446024434208,0.036576550527685416,0.6,3.0,good,0.11991547807712627,5.4629,5.5221,-0.059,steady,15:53:38,2026-06-23 15:53:38
ENR,22.05,21.09,0.0455,0.9718,1058590,2,0.7256,0.7722,0.0366,75.1,yf_premarket,0.14140620452825797,0.7252153014219909,0.0510336851236085,0.4,3.0,good,0.24035921817221342,5.4486,5.5914,-0.143,steady,15:53:38,2026-06-23 15:53:38
CBRL,46.31,46.12,0.0041,0.4171,2598030,3,0.8293,3.117,0.0676,73.0,yf_premarket,0.06069204353646471,0.8290606849589426,0.09585080237097007,0.6,3.0,good,0.021658742736397254,5.4296,5.4677,-0.038,steady,15:53:38,2026-06-23 15:53:38
LNC,37.99,37.68,0.0082,0.7066,1676710,3,0.7829,0.959,0.0255,70.6,yf_premarket,0.10281706536290088,0.7825956338874425,0.034986265722133876,0.6,3.0,good,0.04331748547279451,5.4019,5.5254,-0.123,steady,15:53:38,2026-06-23 15:53:38
FMS,23.65,23.39,0.0111,0.9174,532480,3,0.7489,0.341,0.0146,74.9,yf_premarket,0.13349048367382574,0.7485479671540156,0.019227989012577707,0.6,3.0,good,0.05863708399366086,5.3949,5.5455,-0.151,steady,15:53:38,2026-06-23 15:53:38
AXTA,33.94,34.33,-0.0114,0.9077,2754040,3,0.783,1.0312,0.03,74.8,yf_premarket,0.1320790408008847,0.7826957740837173,0.041491976290299264,0.6,3.0,good,0.0,5.3843,5.4659,-0.082,steady,15:53:38,2026-06-23 15:53:38
ASB,29.72,29.38,0.0116,0.718,2423140,3,0.7445,0.599,0.0204,71.5,yf_premarket,0.10447587451254292,0.7441417985179252,0.027613127078213104,0.6,3.0,good,0.061278394083465394,5.3507,5.4163,-0.066,steady,15:53:38,2026-06-23 15:53:38
LNT,74.39,73.21,0.0161,1.0167,2667330,4,0.5781,1.213,0.0166,70.0,yf_premarket,0.14793958442465513,0.5775085119166833,0.022119415931762327,0.8,3.0,good,0.08505018489170629,5.3156,5.4026,-0.087,steady,15:53:38,2026-06-23 15:53:38
EQH,44.79,44.98,-0.0042,1.0294,4301630,3,0.7372,1.028,0.0229,74.7,yf_premarket,0.1497875560211862,0.7368315641898658,0.03122741072719387,0.6,3.0,good,0.0,5.314,5.4038,-0.09,steady,15:53:38,2026-06-23 15:53:38
CPRX,31.385,31.38,0.0002,1.1202,1872150,2,0.8333,0.041,0.0013,72.0,yf_premarket,0.16299982538851057,0.8330662928099339,0.0,0.4,3.0,good,0.0010565240359218173,5.3122,5.4055,-0.093,steady,15:53:38,2026-06-23 15:53:38
APWC,1.89,2.09,-0.0957,0.1978,4910200,3,0.8,0.179,0.0856,77.6,yf_premarket,0.028781793842034806,0.7997196074504307,0.12187364464363164,0.6,3.0,good,0.0,5.3035,5.3409,-0.037,steady,15:53:38,2026-06-23 15:53:38
GALT,3.33,2.8,0.1893,0.9109,286080,3,0.7164,0.195,0.0696,59.2,yf_premarket,0.13254467143938073,0.7160024033647107,0.09874222929015469,0.6,1.5,neutral,1.0,5.2802,4.9652,0.315,rising,15:53:38,2026-06-23 15:53:38
PEB,18.65,18.72,-0.0037,1.2291,3944980,3,0.6923,0.591,0.0316,75.3,yf_premarket,0.17884581805482802,0.6918686160624875,0.043805117825646965,0.6,3.0,good,0.0,5.2739,,,new,15:53:38,2026-06-23 15:53:38
CBSH,55.78,55.08,0.0127,0.7245,1502790,3,0.6881,0.951,0.0173,73.0,yf_premarket,0.10542168674698796,0.6876627278189466,0.02313141535347694,0.6,3.0,good,0.06708927628103539,5.2457,5.3121,-0.066,steady,15:53:38,2026-06-23 15:53:38
EIG,48.17,46.52,0.0355,0.9781,366920,3,0.5373,0.681,0.0146,73.4,yf_premarket,0.142322914847797,0.5366513118365712,0.019227989012577707,0.6,3.0,good,0.18753301637612255,5.1777,5.2584,-0.081,steady,15:53:38,2026-06-23 15:53:38
MPAA,15.03,15.12,-0.006,0.3494,241290,2,0.8074,1.061,0.0702,76.0,yf_premarket,0.050841045340783424,0.8071299819747647,0.09960965736591008,0.4,3.0,good,0.0,5.1403,5.1863,-0.046,steady,15:53:38,2026-06-23 15:53:38
CENTA,38.415,37.71,0.0187,0.7616,377100,2,0.7042,0.99,0.0263,75.0,yf_premarket,0.11082009196205111,0.7037852994191869,0.03614283648980772,0.4,3.0,good,0.09878499735868992,5.14,5.2502,-0.11,steady,15:53:38,2026-06-23 15:53:38
SKT,40.05,39.3,0.0191,0.6915,1496840,3,0.6005,0.989,0.0252,72.9,yf_premarket,0.10061987078749782,0.5999399158822352,0.03455255168425618,0.6,3.0,good,0.10089804543053355,5.1194,,,new,15:53:38,2026-06-23 15:53:38
FNB,18.65,18.36,0.0158,0.6624,4520240,3,0.6017,0.38,0.0207,70.1,yf_premarket,0.0963855421686747,0.6011415982375325,0.028046841116090793,0.6,3.0,good,0.08346539883782357,5.0861,5.1494,-0.063,steady,15:53:38,2026-06-23 15:53:38
CWAN,24.55,24.53,0.0008,4.7044,7760860,3,0.9672,0.0745,0.003,60.3,yf_premarket,0.6845352424189511,0.9671540156218705,0.0024577128813069254,0.6,1.5,neutral,0.004226096143687269,5.0687,5.4545,-0.386,fading,15:53:38,2026-06-23 15:53:38
GO,9.425,9.36,0.0069,0.8228,3038860,3,0.5844,0.4585,0.049,70.8,yf_premarket,0.11972527792328735,0.5838173442819948,0.06896053202255313,0.6,3.0,good,0.03645007923930269,5.0364,5.2823,-0.246,steady,15:53:38,2026-06-23 15:53:38
CRBG,28.9,29.09,-0.0065,0.5932,6342900,2,0.744,0.7371,0.0253,72.0,yf_premarket,0.08631627961119841,0.7436410975365512,0.03469712303021541,0.4,3.0,good,0.0,5.0341,5.0888,-0.055,steady,15:53:38,2026-06-23 15:53:38
HBAN,17.31,17.05,0.0152,0.5466,25124590,3,0.5734,0.3757,0.022,70.8,yf_premarket,0.07953553343810023,0.5728019226917686,0.02992626861356079,0.6,3.0,good,0.08029582673005811,5.0003,5.078,-0.078,steady,15:53:38,2026-06-23 15:53:38
ATEC,8.535,8.55,-0.0018,1.3608,3007620,3,0.5074,0.427,0.0499,72.0,yf_premarket,0.19800942902042956,0.5067093931504105,0.07026167413618621,0.6,3.0,good,0.0,4.9456,5.0753,-0.13,steady,15:53:38,2026-06-23 15:53:38
BRBR,10.745,10.17,0.0565,1.0318,6882950,4,0.9631,0.6425,0.0632,64.4,yf_premarket,0.1501367790000582,0.9630482675746044,0.08948966314876393,0.8,1.5,neutral,0.2984680401479134,4.9437,5.2035,-0.26,steady,15:53:38,2026-06-23 15:53:38
FITB,54.165,53.61,0.0104,0.8115,7925830,3,0.5185,1.26,0.0235,70.9,yf_premarket,0.1180810197310983,0.5178249549369116,0.032094838802949256,0.6,3.0,good,0.05493924986793449,4.9112,4.9918,-0.081,steady,15:53:38,2026-06-23 15:53:38
FDMT,10.94,10.42,0.0499,2.0133,842010,4,0.8138,0.7261,0.0697,55.5,yf_premarket,0.29295442640125724,0.8135389545363508,0.09888680063611392,0.8,1.5,neutral,0.2636027469624934,4.8114,5.0534,-0.242,steady,15:53:38,2026-06-23 15:53:38
CING,4.88,4.94,-0.0121,0.6125,375670,2,0.5881,0.3998,0.0809,70.5,yf_premarket,0.0891246143996275,0.5875225315441618,0.11507879138354779,0.4,3.0,good,0.0,4.7663,4.8365,-0.07,steady,15:53:38,2026-06-23 15:53:38
AMLX,16.7433,16.28,0.0285,0.8782,1565790,4,0.9734,0.8884,0.0546,65.8,yf_premarket,0.12778650835224958,0.9733627077909073,0.07705652739627006,0.8,1.5,neutral,0.15055467511885895,4.7028,4.8112,-0.108,steady,15:53:38,2026-06-23 15:53:38
COAG,29.36,31.74,-0.075,0.9296,382730,5,0.9706,2.482,0.0782,64.6,yf_premarket,0.13526570048309178,0.9705587822952133,0.11117536504264856,1.0,1.5,neutral,0.0,4.6996,4.7951,-0.095,steady,15:53:38,2026-06-23 15:53:38
ANRO,24.815,22.93,0.0822,0.9698,378130,3,0.8314,1.7211,0.0751,62.3,yf_premarket,0.14111518537919795,0.8311636290807131,0.1066936533179124,0.6,1.5,neutral,0.43423137876386686,4.6787,4.6596,0.019,steady,15:53:38,2026-06-23 15:53:38
CNTA,40.27,40.18,0.0022,1.6376,2295040,4,1.0,0.179,0.0045,64.0,yf_premarket,0.23828647925033467,1.0,0.004626283070695388,0.8,1.5,neutral,0.01162176439513999,4.6772,4.7968,-0.12,steady,15:53:38,2026-06-23 15:53:38
ACRS,5.0,4.84,0.0331,1.156,1573510,4,0.8949,0.265,0.0548,61.0,yf_premarket,0.1682090681566847,0.8947526537152013,0.07734567008818852,0.8,1.5,neutral,0.17485472794506074,4.6428,4.9074,-0.265,steady,15:53:38,2026-06-23 15:53:38
RCKT,3.555,3.46,0.0275,0.6901,3516850,4,0.9588,0.1884,0.0545,65.1,yf_premarket,0.10041615738315582,0.9587422391347887,0.07691195605031083,0.8,1.5,neutral,0.14527205493924988,4.6245,,,new,15:53:38,2026-06-23 15:53:38
EHGO,3.945,4.06,-0.0283,4.9956,23402790,4,0.5171,1.1334,0.2792,68.9,yf_premarket,0.7269076305220883,0.5164229921890647,0.4017637704207026,0.8,1.5,neutral,0.0,4.6241,5.1035,-0.479,fading,15:53:38,2026-06-23 15:53:38
ALGM,56.68,61.58,-0.0796,1.2859,2693260,4,0.9948,3.6345,0.059,68.2,yf_premarket,0.18711076188813225,0.9947927097937113,0.08341766661847622,0.8,1.5,neutral,0.0,4.612,4.7319,-0.12,steady,15:53:38,2026-06-23 15:53:38
ERAS,15.365,15.08,0.0189,1.7325,5191710,3,0.9463,1.045,0.0693,57.9,yf_premarket,0.2520953378732321,0.9462247146004407,0.098308515252277,0.6,1.5,neutral,0.09984152139461173,4.5695,4.7033,-0.134,steady,15:53:38,2026-06-23 15:53:38
KVHI,9.75,9.68,0.0072,0.9229,308930,5,0.8815,0.622,0.0643,59.3,yf_premarket,0.13429078633374078,0.8813338674143801,0.09107994795431545,1.0,1.5,neutral,0.03803486529318542,4.5667,4.7028,-0.136,steady,15:53:38,2026-06-23 15:53:38
CGON,65.665,66.25,-0.0088,1.1875,1047570,4,0.9879,2.9953,0.0452,64.1,yf_premarket,0.17279261975437984,0.987883036250751,0.06346682087610235,0.8,1.5,neutral,0.0,4.5667,4.6751,-0.108,steady,15:53:38,2026-06-23 15:53:38
ABSI,7.94,8.4,-0.0548,1.5252,5478560,4,0.932,0.7295,0.0868,64.8,yf_premarket,0.2219312030731622,0.9319046665331464,0.12360850079514242,0.8,1.5,neutral,0.0,4.5585,4.705,-0.146,steady,15:53:38,2026-06-23 15:53:38
ALKS,47.25,46.02,0.0267,1.2954,2490750,4,0.8626,1.549,0.0337,68.3,yf_premarket,0.1884931028461673,0.8624073703184458,0.0468411160907908,0.8,1.5,neutral,0.14104595879556261,4.5425,4.5233,0.019,steady,15:53:38,2026-06-23 15:53:38
DYN,20.83,20.87,-0.0019,1.1722,2184100,4,0.974,1.13,0.0541,61.2,yf_premarket,0.17056632326407076,0.973963548968556,0.07633367066647391,0.8,1.5,neutral,0.0,4.5419,4.7274,-0.186,steady,15:53:38,2026-06-23 15:53:38
BBVA,24.65,24.85,-0.008,0.8739,2229350,5,0.9191,0.48,0.0193,66.2,yf_premarket,0.12716081718177055,0.9189865812136992,0.02602284227266156,1.0,1.5,neutral,0.0,4.5417,4.6179,-0.076,steady,15:53:38,2026-06-23 15:53:38
IMVT,37.79,38.1,-0.0081,1.6134,1740190,4,0.9249,1.5211,0.0399,68.6,yf_premarket,0.23476514754670857,0.9247947125976368,0.05580453954026311,0.8,1.5,neutral,0.0,4.5296,4.6716,-0.142,steady,15:53:38,2026-06-23 15:53:38
NRIX,18.57,18.65,-0.0043,0.4323,5119990,5,0.9387,1.5075,0.0808,58.4,yf_premarket,0.06290378906932076,0.9386140596835569,0.11493422003758856,1.0,1.5,neutral,0.0,4.5291,,,new,15:53:38,2026-06-23 15:53:38
BIOA,21.66,21.47,0.0088,0.9367,489370,4,0.9533,1.4071,0.0655,69.0,yf_premarket,0.1362988184622548,0.9532345283396756,0.09281480410582624,0.8,1.5,neutral,0.04648705758055996,4.5271,4.7043,-0.177,steady,15:53:38,2026-06-23 15:53:38
AVBP,34.39,32.7,0.0517,1.5063,497300,4,0.7241,1.466,0.0448,59.6,yf_premarket,0.21918107211454513,0.723713198477869,0.06288853549226543,0.8,1.5,neutral,0.2731114632857898,4.5173,4.7131,-0.196,steady,15:53:38,2026-06-23 15:53:38
GENB,15.09,15.89,-0.0503,1.4005,892260,4,0.9323,0.922,0.058,63.5,yf_premarket,0.20378615912927073,0.9322050871219708,0.0819719531588839,0.8,1.5,neutral,0.0,4.5111,4.6402,-0.129,steady,15:53:38,2026-06-23 15:53:38
FENC,10.48,9.53,0.0997,1.754,252910,4,1.0,0.4404,0.0462,44.4,yf_premarket,0.25522379372562715,1.0,0.06491253433569466,0.8,0.5,weak,0.5266772319070259,4.5053,4.7305,-0.225,steady,15:53:38,2026-06-23 15:53:38
GSHD,41.285,39.01,0.0583,1.4423,555490,3,0.7923,2.3468,0.0602,55.5,yf_premarket,0.20986845934462486,0.7920088123372722,0.08515252276998699,0.6,1.5,neutral,0.3079767564712097,4.5034,4.8173,-0.314,fading,15:53:38,2026-06-23 15:53:38
KROS,11.26,10.98,0.0255,1.3291,256190,4,0.8377,0.4567,0.0416,51.3,yf_premarket,0.1933967755078284,0.8374724614460245,0.05826225242157004,0.8,1.5,neutral,0.1347068145800317,4.4962,4.7549,-0.259,steady,15:53:38,2026-06-23 15:53:38
BW,16.48,17.76,-0.0721,0.6696,2440000,5,0.8971,1.248,0.0703,54.0,yf_premarket,0.09743321110529073,0.8969557380332466,0.09975422871186931,1.0,1.5,neutral,0.0,4.4899,4.5622,-0.072,steady,15:53:38,2026-06-23 15:53:38
GTES,27.665,28.5,-0.0293,1.0049,1730440,4,0.9726,0.9375,0.0329,68.0,yf_premarket,0.1462225714452011,0.972561586220709,0.04568454532311696,0.8,1.5,neutral,0.0,4.4873,4.5776,-0.09,steady,15:53:38,2026-06-23 15:53:38
FER,69.97,70.76,-0.0112,0.8308,1875860,4,0.9933,1.4838,0.021,68.3,yf_premarket,0.12088935451952738,0.9932906068495894,0.02848055515396849,0.8,1.5,neutral,0.0,4.4822,4.5552,-0.073,steady,15:53:38,2026-06-23 15:53:38
CLDX,33.44,33.41,0.0009,1.8376,1065390,4,0.8733,1.168,0.035,66.4,yf_premarket,0.2673883941563355,0.8731223713198477,0.048720543588260806,0.8,1.5,neutral,0.004754358161648178,4.4788,4.6723,-0.194,steady,15:53:38,2026-06-23 15:53:38
AIP,41.69,44.5,-0.0631,1.1266,1031210,4,0.9402,3.0728,0.0691,68.1,yf_premarket,0.1639310866655026,0.9401161626276788,0.09801937256035854,0.8,1.5,neutral,0.0,4.4751,4.5845,-0.109,steady,15:53:38,2026-06-23 15:53:38
EYPT,14.065,13.73,0.0244,0.6983,1206160,4,0.8901,0.755,0.055,54.9,yf_premarket,0.10160933589430185,0.8899459242940116,0.07763481278010698,0.8,1.5,neutral,0.12889593238246172,4.4645,4.572,-0.107,steady,15:53:38,2026-06-23 15:53:38
SLDB,8.805,8.3,0.0608,0.6334,3101520,3,0.8485,0.528,0.0636,61.6,yf_premarket,0.09216576450730457,0.8482876026437012,0.09006794853260085,0.6,1.5,neutral,0.32118330692023245,4.4616,,,new,15:53:38,2026-06-23 15:53:38
FCEL,22.84,24.39,-0.0636,0.9271,12265670,5,0.8345,3.013,0.1235,56.1,yf_premarket,0.13490192654676678,0.8342679751652313,0.17666618476218016,1.0,1.5,neutral,0.0,4.4592,4.5659,-0.107,steady,15:53:38,2026-06-23 15:53:38
TENX,12.75,12.25,0.0408,0.7604,1153490,4,0.8163,0.6583,0.0537,53.1,yf_premarket,0.11064548047261509,0.8160424594432205,0.07575538528263698,0.8,1.5,neutral,0.21553090332805072,4.4592,,,new,15:53:38,2026-06-23 15:53:38
EDSA,7.2,6.81,0.0573,0.5258,242500,4,0.7258,0.945,0.1388,51.1,yf_premarket,0.07650893428787615,0.7254155818145404,0.1987856006939425,0.8,1.5,neutral,0.30269413629160064,4.419,4.3764,0.043,steady,15:53:38,2026-06-23 15:53:38
CGEM,17.51,17.3,0.0121,0.8923,1676200,3,0.9825,1.4276,0.0825,55.6,yf_premarket,0.12983819335312263,0.9824754656519127,0.11739193291889549,0.6,1.5,neutral,0.06391970417326995,4.4143,4.566,-0.152,steady,15:53:38,2026-06-23 15:53:38
EVC,10.23,9.87,0.0365,0.6701,1904030,3,0.9159,0.6465,0.0655,56.9,yf_premarket,0.09750596589255574,0.9157820949329061,0.09281480410582624,0.6,1.5,neutral,0.19281563655573164,4.4135,4.3553,0.058,steady,15:53:38,2026-06-23 15:53:38
FBIO,3.155,3.08,0.0244,1.1203,480420,4,0.8182,0.168,0.0545,69.2,yf_premarket,0.16301437634596358,0.8179451231724415,0.07691195605031083,0.8,1.5,neutral,0.12889593238246172,4.4122,4.805,-0.393,fading,15:53:38,2026-06-23 15:53:38
ASX,39.92,43.62,-0.0848,1.0236,12876360,4,0.9276,1.954,0.0448,61.9,yf_premarket,0.14894360048891217,0.9274984978970559,0.06288853549226543,0.8,1.5,neutral,0.0,4.4099,4.5047,-0.095,steady,15:53:38,2026-06-23 15:53:38
CAPR,29.65,29.34,0.0106,1.3468,1304970,4,0.8466,1.394,0.0475,53.9,yf_premarket,0.1959722949770095,0.8463849389144803,0.06679196183316466,0.8,1.5,neutral,0.055995773903856315,4.4041,4.5261,-0.122,steady,15:53:38,2026-06-23 15:53:38
ASPN,6.115,6.37,-0.04,1.2488,1439710,4,0.893,0.3833,0.0602,52.7,yf_premarket,0.1817123566730691,0.8928499899859804,0.08515252276998699,0.8,1.5,neutral,0.0,4.4008,4.518,-0.117,steady,15:53:38,2026-06-23 15:53:38
AAL,16.3036,16.08,0.0139,1.2212,145398500,4,0.8445,0.656,0.0408,65.2,yf_premarket,0.17769629241604099,0.8442819947927098,0.0571056816538962,0.8,1.5,neutral,0.0734284204965663,4.3938,4.4461,-0.052,steady,15:53:38,2026-06-23 15:53:38
EVMN,22.905,22.55,0.0157,1.0089,512850,4,0.8497,1.3736,0.0609,51.9,yf_premarket,0.1468046097433211,0.8494892849989986,0.0861645221917016,0.8,1.5,neutral,0.08293713681986264,4.3867,4.7056,-0.319,fading,15:53:38,2026-06-23 15:53:38
EVER,21.21,20.51,0.0341,1.3533,648470,4,0.7329,1.06,0.0517,54.7,yf_premarket,0.1969181072114545,0.7325255357500501,0.07286395836345237,0.8,1.5,neutral,0.18013734812466983,4.3671,4.5385,-0.171,steady,15:53:38,2026-06-23 15:53:38
ULCC,7.42,7.14,0.0392,0.7719,4801670,3,0.8608,0.473,0.0662,66.9,yf_premarket,0.11231884057971016,0.8606048467854998,0.09382680352754084,0.6,1.5,neutral,0.20707871104067618,4.3472,4.4411,-0.094,steady,15:53:38,2026-06-23 15:53:38
BESS,5.465,5.88,-0.0706,1.2505,853280,4,0.823,0.989,0.1682,68.7,yf_premarket,0.1819597229497701,0.822751852593631,0.24128957640595633,0.8,1.5,neutral,0.0,4.3391,4.4835,-0.144,steady,15:53:38,2026-06-23 15:53:38
CTS,66.125,68.31,-0.032,1.4016,393200,3,0.9499,2.607,0.0382,59.6,yf_premarket,0.2039462196612537,0.9498297616663328,0.05334682665895619,0.6,1.5,neutral,0.0,4.3323,4.4564,-0.124,steady,15:53:38,2026-06-23 15:53:38
IMCR,29.49,29.35,0.0048,1.9159,466140,3,0.8627,1.0942,0.0373,51.6,yf_premarket,0.27878179384203483,0.8625075105147206,0.052045684545323115,0.6,1.5,neutral,0.02535657686212361,4.3072,4.5331,-0.226,steady,15:53:38,2026-06-23 15:53:38
BEN,33.92,33.93,-0.0003,1.1989,4827230,4,0.8627,0.832,0.0245,69.7,yf_premarket,0.1744514289040219,0.8625075105147206,0.033540552262541566,0.8,1.5,neutral,0.0,4.3035,4.4965,-0.193,steady,15:53:38,2026-06-23 15:53:38
ALDX,2.065,2.05,0.0073,1.3621,1240400,4,0.8,0.1343,0.0655,69.7,yf_premarket,0.19819859146731858,0.7997196074504307,0.09281480410582624,0.8,1.5,neutral,0.03856312731114633,4.301,4.6356,-0.335,fading,15:53:38,2026-06-23 15:53:38
ACIU,2.455,2.5,-0.018,1.1099,315600,4,0.8617,0.1112,0.0445,52.1,yf_premarket,0.16150107677085154,0.8615061085519727,0.062454821454387736,0.8,1.5,neutral,0.0,4.2965,4.3983,-0.102,steady,15:53:38,2026-06-23 15:53:38
ACAD,22.46,22.09,0.0167,1.3758,1384170,4,0.7716,0.661,0.0299,56.2,yf_premarket,0.2001920726383796,0.7712797917083917,0.041347404944340034,0.8,1.5,neutral,0.08821975699947174,4.2959,4.5205,-0.225,steady,15:53:38,2026-06-23 15:53:38
ATEN,33.92,33.77,0.0044,0.9096,1391630,4,0.864,1.458,0.0432,62.0,yf_premarket,0.1323555089924917,0.8638093330662928,0.06057539395691774,0.8,1.5,neutral,0.02324352879027998,4.2913,4.3741,-0.083,steady,15:53:38,2026-06-23 15:53:38
BEAM,33.6001,35.53,-0.0543,1.2802,2032780,4,0.8356,1.914,0.0539,61.7,yf_premarket,0.18628135731331122,0.835369517324254,0.07604452797455545,0.8,1.5,neutral,0.0,4.2882,4.4706,-0.182,steady,15:53:38,2026-06-23 15:53:38
RIOT,28.55,28.63,-0.0028,1.1358,13950780,5,0.7461,1.8371,0.0642,51.7,yf_premarket,0.16526977475117863,0.7457440416583216,0.09093537660835622,1.0,1.5,neutral,0.0,4.2849,,,new,15:53:38,2026-06-23 15:53:38
GMAB,25.985,25.61,0.0146,1.063,1498510,3,0.9024,0.6488,0.0253,51.2,yf_premarket,0.15467667772539434,0.9022631684358101,0.03469712303021541,0.6,1.5,neutral,0.07712625462229265,4.2696,4.409,-0.139,steady,15:53:38,2026-06-23 15:53:38
ALMS,24.045,24.6,-0.0226,0.9291,1545210,3,0.9541,1.722,0.07,68.9,yf_premarket,0.1351929456958268,0.9540356499098738,0.09932051467399164,0.6,1.5,neutral,0.0,4.2605,4.354,-0.093,steady,15:53:38,2026-06-23 15:53:38
EFXT,25.29,25.82,-0.0205,0.9155,534120,3,0.9686,0.848,0.0328,52.6,yf_premarket,0.13321401548221873,0.9685559783697176,0.04553997397715773,0.6,1.5,neutral,0.0,4.2597,4.3427,-0.083,steady,15:53:38,2026-06-23 15:53:38
ARXS,44.65,46.06,-0.0306,1.1761,1185330,3,0.9304,2.534,0.055,59.6,yf_premarket,0.17113381060473778,0.9303024233927498,0.07763481278010698,0.6,1.5,neutral,0.0,4.2561,4.366,-0.11,steady,15:53:38,2026-06-23 15:53:38
GSBD,9.45,9.33,0.0129,0.9803,869870,4,0.8143,0.1534,0.0164,55.0,yf_premarket,0.142643035911763,0.8140396555177248,0.021830273239843868,0.8,1.5,neutral,0.06814580031695722,4.2552,4.3221,-0.067,steady,15:53:38,2026-06-23 15:53:38
CBL,50.29,49.6,0.0139,1.8212,289200,3,0.8089,1.3941,0.0281,58.5,yf_premarket,0.2650020371340434,0.8086320849188864,0.03874512071707388,0.6,1.5,neutral,0.0734284204965663,4.2443,4.3692,-0.125,steady,15:53:38,2026-06-23 15:53:38
CARG,30.34,30.08,0.0086,0.9622,1438800,4,0.8161,1.2472,0.0415,52.1,yf_premarket,0.14000931261276994,0.815842179050671,0.058117681075610814,0.8,1.5,neutral,0.04543053354463814,4.2389,4.3486,-0.11,steady,15:53:38,2026-06-23 15:53:38
FVCB,17.05,16.86,0.0113,1.0403,334820,3,0.9041,0.2928,0.0174,69.9,yf_premarket,0.15137361038356323,0.9039655517724815,0.02327598669943617,0.6,1.5,neutral,0.05969360802958267,4.2362,4.312,-0.076,steady,15:53:38,2026-06-23 15:53:38
BCRX,9.27,9.14,0.0142,1.6021,4621750,4,0.7222,0.373,0.0408,63.6,yf_premarket,0.23312088935451955,0.7218105347486481,0.0571056816538962,0.8,1.5,neutral,0.07501320655044903,4.2344,4.3876,-0.153,steady,15:53:38,2026-06-23 15:53:38
ABM,44.47,43.86,0.0139,0.9727,902410,1,0.3458,1.377,0.0314,71.2,yf_premarket,0.14153716314533496,0.34488283597035846,0.04351597513372849,0.2,3.0,good,0.0734284204965663,4.234,4.4007,-0.167,steady,15:53:38,2026-06-23 15:53:38
APEI,53.73,53.97,-0.0044,1.4429,212490,4,0.7906,2.136,0.0396,64.3,yf_premarket,0.20995576508934288,0.7903064290006008,0.05537082550238543,0.8,1.5,neutral,0.0,4.2232,4.3512,-0.128,steady,15:53:38,2026-06-23 15:53:38
ANAB,60.03,59.99,0.0007,0.791,514010,3,0.9521,2.9975,0.05,68.3,yf_premarket,0.11509807345323322,0.9520328459843781,0.07040624548214544,0.6,1.5,neutral,0.0036978341257263604,4.2175,4.289,-0.071,steady,15:53:38,2026-06-23 15:53:38
STOK,31.98,30.97,0.0326,0.8711,708430,3,0.8166,1.452,0.0469,52.5,yf_premarket,0.12675339037308656,0.8163428800320449,0.06592453375740928,0.6,1.5,neutral,0.1722134178552562,4.2141,4.3092,-0.095,steady,15:53:38,2026-06-23 15:53:38
BTBT,2.1602,2.23,-0.0313,1.3547,30281940,4,0.7808,0.1795,0.0805,54.8,yf_premarket,0.19712182061579653,0.780492689765672,0.11450050599971087,0.8,1.5,neutral,0.0,4.2139,4.3449,-0.131,steady,15:53:38,2026-06-23 15:53:38
HAFN,7.515,7.59,-0.0099,1.5819,1791260,2,0.9695,0.2395,0.0316,52.5,yf_premarket,0.23018159594901347,0.9694572401361907,0.043805117825646965,0.4,1.5,neutral,0.0,4.2061,4.3434,-0.137,steady,15:53:38,2026-06-23 15:53:38
CNP,43.52,43.12,0.0093,1.5908,5351910,4,0.7238,0.908,0.0211,66.0,yf_premarket,0.2314766311623305,0.7234127778890447,0.028625126499927718,0.8,1.5,neutral,0.0491283676703645,4.182,4.306,-0.124,steady,15:53:38,2026-06-23 15:53:38
ES,70.95,70.12,0.0118,0.7286,3220890,4,0.804,1.588,0.0226,63.9,yf_premarket,0.10601827600256097,0.803725215301422,0.030793696689316176,0.8,1.5,neutral,0.06233491811938722,4.1754,4.2556,-0.08,steady,15:53:38,2026-06-23 15:53:38
CMS,74.93,73.8,0.0153,0.9885,3645560,4,0.7625,1.307,0.0177,64.1,yf_premarket,0.14383621442290903,0.7621670338473863,0.023709700737313866,0.8,1.5,neutral,0.08082408874801901,4.1732,4.2566,-0.083,steady,15:53:38,2026-06-23 15:53:38
CARR,70.865,71.85,-0.0137,0.7976,6229720,4,0.8357,2.234,0.0311,67.4,yf_premarket,0.11605843664513125,0.8354696575205287,0.0430822610958508,0.8,1.5,neutral,0.0,4.1666,4.2395,-0.073,steady,15:53:38,2026-06-23 15:53:38
GMRS,13.385,13.7,-0.023,0.8054,1108400,3,0.9171,1.095,0.0799,64.9,yf_premarket,0.11719341132646528,0.9169837772882035,0.11363307792395548,0.6,1.5,neutral,0.0,4.1666,4.2523,-0.086,steady,15:53:38,2026-06-23 15:53:38
BRBS,3.425,3.4,0.0074,1.0391,352510,3,0.8824,0.057,0.0168,68.4,yf_premarket,0.15119899889412722,0.8822351291808531,0.022408558623680786,0.6,1.5,neutral,0.03909138932910724,4.1611,4.1916,-0.03,steady,15:53:38,2026-06-23 15:53:38
CGNX,64.205,67.6,-0.0502,0.7813,2085640,3,0.9298,2.627,0.0389,56.4,yf_premarket,0.11368663058029219,0.9297015822151011,0.0543588260806708,0.6,1.5,neutral,0.0,4.1571,4.2306,-0.074,steady,15:53:38,2026-06-23 15:53:38
ACIC,10.89,10.73,0.0149,1.1321,267120,3,0.8358,0.217,0.0202,56.6,yf_premarket,0.16473138932541764,0.8355697977168035,0.027323984386294638,0.6,1.5,neutral,0.07871104067617539,4.15,4.249,-0.099,steady,15:53:38,2026-06-23 15:53:38
BLMN,8.415,8.33,0.0102,1.2653,2171920,3,0.8228,0.478,0.0574,52.4,yf_premarket,0.18411326465281416,0.8225515722010815,0.08110452508312853,0.6,1.5,neutral,0.05388272583201268,4.1426,4.1797,-0.037,steady,15:53:38,2026-06-23 15:53:38
AM,22.165,21.85,0.0144,1.0883,2671990,3,0.8385,0.4438,0.0203,68.8,yf_premarket,0.15835806996100343,0.8382735830162228,0.027468555732253867,0.6,1.5,neutral,0.07606973058637084,4.1419,4.2255,-0.084,steady,15:53:38,2026-06-23 15:53:38
GTX,33.7,34.49,-0.0229,0.8803,2451470,4,0.8107,1.2437,0.0361,69.4,yf_premarket,0.12809207845876258,0.8104346084518326,0.050310828393812346,0.8,1.5,neutral,0.0,4.1382,4.2191,-0.081,steady,15:53:38,2026-06-23 15:53:38
SLP,18.15,18.1,0.0028,1.4515,666560,3,0.8396,0.509,0.0281,53.2,yf_premarket,0.21120714743030092,0.8393751251752454,0.03874512071707388,0.6,1.5,neutral,0.014791336502905442,4.1371,,,new,15:53:38,2026-06-23 15:53:38
ABUS,4.485,4.52,-0.0077,2.4908,2126970,4,0.6301,0.165,0.0365,51.9,yf_premarket,0.36243524823933415,0.6295814139795715,0.050889113777649264,0.8,1.5,neutral,0.0,4.1283,4.3413,-0.213,steady,15:53:38,2026-06-23 15:53:38
MAZE,25.885,25.57,0.0123,0.794,667910,3,0.8627,1.1298,0.0442,50.7,yf_premarket,0.11553460217682324,0.8625075105147206,0.06202110741651005,0.6,1.5,neutral,0.06497622820919176,4.1268,4.2326,-0.106,steady,15:53:38,2026-06-23 15:53:38
ALMR,22.53,22.78,-0.011,0.9195,280030,3,0.8889,1.513,0.0664,60.2,yf_premarket,0.13379605378033874,0.8887442419387143,0.09411594621945932,0.6,1.5,neutral,0.0,4.1252,4.217,-0.092,steady,15:53:38,2026-06-23 15:53:38
ATHM,18.13,18.44,-0.0168,1.6013,942780,3,0.8202,0.818,0.0444,54.0,yf_premarket,0.23300448169489552,0.8199479270979372,0.062310250108428514,0.6,1.5,neutral,0.0,4.1206,4.2627,-0.142,steady,15:53:38,2026-06-23 15:53:38
CRVS,12.85,12.56,0.0231,1.0989,1263540,2,0.865,0.6589,0.0525,57.5,yf_premarket,0.1599004714510215,0.8648107350290406,0.07402052913112621,0.4,1.5,neutral,0.12202852614896989,4.0895,4.1862,-0.097,steady,15:53:38,2026-06-23 15:53:38
XENE,54.275,54.79,-0.0094,1.4149,1311920,3,0.8291,1.7025,0.0311,55.5,yf_premarket,0.20588149700250277,0.8288604045663929,0.0430822610958508,0.6,1.5,neutral,0.0,4.0881,,,new,15:53:38,2026-06-23 15:53:38
ASC,17.725,17.56,0.0094,1.136,600430,2,0.9193,0.682,0.0388,68.4,yf_premarket,0.16529887666608462,0.9191868616062487,0.05421425473471158,0.4,1.5,neutral,0.04965662968832541,4.0879,4.2226,-0.135,steady,15:53:38,2026-06-23 15:53:38
COMP,9.885,9.78,0.0107,0.6793,13982660,3,0.8582,0.5321,0.0544,63.3,yf_premarket,0.09884465397823178,0.8580012016823553,0.07676738470435159,0.6,1.5,neutral,0.05652403592181722,4.0874,4.203,-0.116,steady,15:53:38,2026-06-23 15:53:38
EXTR,31.38,31.85,-0.0148,0.6652,2225420,3,0.9064,1.298,0.0408,65.6,yf_premarket,0.09679296897735871,0.9062687762868015,0.0571056816538962,0.6,1.5,neutral,0.0,4.0863,4.1507,-0.064,steady,15:53:38,2026-06-23 15:53:38
BWB,20.38,19.93,0.0226,0.9363,215430,3,0.7882,0.478,0.024,64.4,yf_premarket,0.13624061463244283,0.787903064290006,0.03281769553274541,0.6,1.5,neutral,0.11938721605916534,4.0757,4.2072,-0.131,steady,15:53:38,2026-06-23 15:53:38
BBIO,69.615,68.92,0.0101,1.0769,2357960,3,0.8181,2.3742,0.0344,62.7,yf_premarket,0.15669926081136137,0.8178449829761667,0.04785311551250542,0.6,1.5,neutral,0.05335446381405177,4.0747,4.1624,-0.088,steady,15:53:38,2026-06-23 15:53:38
CRBP,8.39,8.31,0.0096,0.8688,340570,4,0.735,0.4554,0.0548,59.1,yf_premarket,0.12641871835166754,0.7346284798718206,0.07734567008818852,0.8,1.5,neutral,0.05071315372424722,4.0736,4.2363,-0.163,steady,15:53:38,2026-06-23 15:53:38
CADL,9.05,9.15,-0.0109,0.9464,2322740,3,0.8592,0.5955,0.0651,57.0,yf_premarket,0.13771026133519587,0.8590026036451032,0.09223651872198932,0.6,1.5,neutral,0.0,4.0707,4.1643,-0.094,steady,15:53:38,2026-06-23 15:53:38
EZPW,33.055,31.51,0.049,0.7257,1196720,2,0.7935,1.63,0.0517,52.2,yf_premarket,0.10559629823642395,0.7932104946925695,0.07286395836345237,0.4,1.5,neutral,0.2588483888008452,4.0695,4.2728,-0.203,steady,15:53:38,2026-06-23 15:53:38
APOG,40.69,41.42,-0.0176,1.1082,294990,3,0.8412,1.447,0.0349,66.9,yf_premarket,0.16125371049415052,0.8409773683156418,0.04857597224230158,0.6,1.5,neutral,0.0,4.0481,4.1474,-0.099,steady,15:53:38,2026-06-23 15:53:38
CCRN,13.195,13.17,0.0019,1.9801,629260,1,0.2,0.03,0.0023,75.0,yf_premarket,0.2881235085268611,0.1988784298017224,0.0014457134595923088,0.2,3.0,good,0.010036978341257264,4.0457,4.212,-0.166,steady,15:53:38,2026-06-23 15:53:38
LXP,54.045,53.84,0.0038,1.0181,569370,4,0.738,1.231,0.0229,69.8,yf_premarket,0.14814329782899716,0.7376326857600641,0.03122741072719387,0.8,1.5,neutral,0.020073956682514528,4.0432,4.1395,-0.096,steady,15:53:38,2026-06-23 15:53:38
AMC,2.08,2.76,-0.2464,0.9967,49336540,3,0.8291,0.25,0.0906,67.6,yf_premarket,0.14502939293405506,0.8288604045663929,0.1291022119415932,0.6,1.5,neutral,0.0,4.0398,4.144,-0.104,steady,15:53:38,2026-06-23 15:53:38
AOSL,45.56,49.36,-0.077,0.7422,969160,3,0.8527,4.146,0.084,55.7,yf_premarket,0.10799720621616903,0.8524934908872421,0.11956050310828395,0.6,1.5,neutral,0.0,4.0268,4.1084,-0.082,steady,15:53:38,2026-06-23 15:53:38
ANIX,2.76,2.77,-0.0036,1.3198,215340,4,0.6923,0.189,0.0682,52.8,yf_premarket,0.1920435364646994,0.6918686160624875,0.09671823044672546,0.8,1.5,neutral,0.0,4.0202,4.163,-0.143,steady,15:53:38,2026-06-23 15:53:38
CRSP,54.09,54.36,-0.005,0.7653,1476750,4,0.7568,2.4731,0.0455,50.4,yf_premarket,0.11135847738781211,0.7564590426597236,0.06390053491398004,0.8,1.5,neutral,0.0,4.0119,4.2418,-0.23,steady,15:53:38,2026-06-23 15:53:38
SMWB,5.12,5.13,-0.0019,1.0808,976710,3,0.7973,0.3496,0.0681,67.1,yf_premarket,0.1572667481520284,0.7970158221510114,0.09657365910076623,0.6,1.5,neutral,0.0,3.9782,,,new,15:53:38,2026-06-23 15:53:38
DHC,9.145,8.94,0.0229,0.8072,2193510,2,0.84,0.4,0.0447,65.5,yf_premarket,0.1174553285606193,0.8397756859603445,0.06274396414630619,0.4,1.5,neutral,0.12097200211304808,3.9686,4.0242,-0.056,steady,15:53:38,2026-06-23 15:53:38
CSTL,21.54,21.2,0.016,1.3335,322000,2,0.8078,0.799,0.0377,51.6,yf_premarket,0.19403701763576042,0.8075305427598638,0.05262396992916003,0.4,1.5,neutral,0.08452192287374538,3.9592,4.1721,-0.213,steady,15:53:38,2026-06-23 15:53:38
CEPO,10.545,10.63,-0.008,2.5596,271210,2,0.75,0.0175,0.0016,54.2,yf_premarket,0.37244630696699843,0.7496495093130383,0.0004337140378776929,0.4,1.5,neutral,0.0,3.9582,4.1681,-0.21,steady,15:53:38,2026-06-23 15:53:38
ALTG,7.3,7.52,-0.0293,0.9216,239790,3,0.8036,0.4214,0.056,69.9,yf_premarket,0.13410162388685176,0.8033246545163228,0.07908052623969929,0.6,1.5,neutral,0.0,3.9473,4.0366,-0.089,steady,15:53:38,2026-06-23 15:53:38
HEPS,2.9,2.9,0.0,1.4663,404000,2,0.8485,0.1185,0.0409,57.3,yf_premarket,0.21336068913334497,0.8482876026437012,0.05725025299985542,0.4,1.5,neutral,0.0,3.9452,4.0754,-0.13,steady,15:53:38,2026-06-23 15:53:38
AEG,8.535,8.54,-0.0006,0.994,5878340,3,0.8008,0.1151,0.0135,63.7,yf_premarket,0.14463651708282405,0.8005207290206289,0.017637704207026168,0.6,1.5,neutral,0.0,3.9268,4.0341,-0.107,steady,15:53:38,2026-06-23 15:53:38
HBT,30.84,30.48,0.0118,0.6481,227420,3,0.7811,0.728,0.0239,67.8,yf_premarket,0.09430475525289564,0.7807931103544963,0.03267312418678618,0.6,1.5,neutral,0.06233491811938722,3.9129,3.972,-0.059,steady,15:53:38,2026-06-23 15:53:38
ALK,49.71,48.8,0.0186,0.7268,3547580,3,0.7356,2.504,0.0513,60.6,yf_premarket,0.10575635876840696,0.7352293210494693,0.07228567297961544,0.6,1.5,neutral,0.098256735340729,3.9126,3.9529,-0.04,steady,15:53:38,2026-06-23 15:53:38
RDN,35.56,35.11,0.0128,1.1787,1335160,2,0.8201,0.693,0.0197,66.0,yf_premarket,0.17151213549851582,0.8198477869016624,0.026601127656498483,0.4,1.5,neutral,0.0676175382989963,3.9117,4.0379,-0.126,steady,15:53:38,2026-06-23 15:53:38
BKH,73.41,72.92,0.0067,0.8125,1439180,3,0.7797,2.213,0.0303,57.1,yf_premarket,0.11822652930562831,0.7793911476066493,0.04192569032817696,0.6,1.5,neutral,0.03539355520338088,3.9102,4.0169,-0.107,steady,15:53:38,2026-06-23 15:53:38
CCL,28.569,30.19,-0.0537,1.1238,28037500,3,0.763,1.28,0.0424,61.1,yf_premarket,0.16352365985681858,0.7626677348287603,0.05941882318924389,0.6,1.5,neutral,0.0,3.9003,4.0028,-0.102,steady,15:53:38,2026-06-23 15:53:38
DTIL,6.98,7.08,-0.0141,1.0631,378790,5,0.5526,0.5679,0.0802,50.8,yf_premarket,0.15469122868284732,0.5519727618666133,0.11406679196183317,1.0,1.5,neutral,0.0,3.893,4.0415,-0.149,steady,15:53:38,2026-06-23 15:53:38
NWE,70.5175,69.96,0.008,0.9654,679210,3,0.7473,2.0363,0.0291,57.1,yf_premarket,0.14047494325126594,0.746945724013619,0.04019083417666619,0.6,1.5,neutral,0.04226096143687269,3.8881,,,new,15:53:38,2026-06-23 15:53:38
BGLC,2.35,2.42,-0.0289,0.026,534830,3,0.8282,0.3818,0.1578,56.4,yf_premarket,0.0037832489377801056,0.8279591427999199,0.22625415642619634,0.6,1.5,neutral,0.0,3.8747,3.9161,-0.041,steady,15:53:38,2026-06-23 15:53:38
INN,6.625,6.57,0.0084,0.5427,2443110,3,0.7812,0.245,0.0373,69.6,yf_premarket,0.0789680460974332,0.7808932505507711,0.052045684545323115,0.6,1.5,neutral,0.04437400950871632,3.8728,4.0474,-0.175,steady,15:53:38,2026-06-23 15:53:38
AMTB,24.03,23.81,0.0092,0.8245,283310,3,0.7386,0.594,0.0249,67.4,yf_premarket,0.11997264419998836,0.7382335269377128,0.034118837646378485,0.6,1.5,neutral,0.048600105652403594,3.8464,3.9013,-0.055,steady,15:53:38,2026-06-23 15:53:38
AADX,18.46,18.22,0.0132,0.4352,1781880,1,0.1687,2.308,0.1267,,yf_premarket,0.06332576683545778,0.16753454836771478,0.18129246783287556,0.2,3.0,—,0.06973058637083994,3.8253,3.7879,0.037,steady,15:53:38,2026-06-23 15:53:38
FPS,59.8371,61.84,-0.0324,1.2084,5219560,3,0.7066,4.195,0.0678,58.1,yf_premarket,0.17583376986205693,0.7061886641297818,0.09613994506288855,0.6,1.5,neutral,0.0,3.8242,3.94,-0.116,steady,15:53:38,2026-06-23 15:53:38
SION,41.5,38.83,0.0688,1.0779,386310,4,0.8472,2.462,0.0634,44.3,yf_premarket,0.1568447703858914,0.846985780092129,0.08977880584068237,0.8,0.5,weak,0.36344426835710514,3.8193,,,new,15:53:38,2026-06-23 15:53:38
SLM,23.335,22.84,0.0217,0.6543,3169480,3,0.687,0.856,0.0375,56.9,yf_premarket,0.09520691461498167,0.686561185659924,0.052334827237241574,0.6,1.5,neutral,0.11463285789751718,3.814,,,new,15:53:38,2026-06-23 15:53:38
BBAR,20.28,20.99,-0.0338,1.0462,915160,3,0.7232,1.0971,0.0523,63.1,yf_premarket,0.15223211687329027,0.7228119367113959,0.07373138643920775,0.6,1.5,neutral,0.0,3.8108,3.9094,-0.099,steady,15:53:38,2026-06-23 15:53:38
KMX,52.485,52.4,0.0016,1.1075,5217880,2,0.8073,2.73,0.0521,66.6,yf_premarket,0.1611518537919795,0.8070298417784899,0.07344224374728929,0.4,1.5,neutral,0.008452192287374538,3.8052,3.8981,-0.093,steady,15:53:38,2026-06-23 15:53:38
FAF,69.25,68.28,0.0142,1.0867,1191520,3,0.669,1.692,0.0248,67.0,yf_premarket,0.15812525464175542,0.6685359503304626,0.033974266300419255,0.6,1.5,neutral,0.07501320655044903,3.8038,3.9492,-0.145,steady,15:53:38,2026-06-23 15:53:38
BSAC,32.04,32.88,-0.0255,1.0266,432880,3,0.7305,0.86,0.0262,64.1,yf_premarket,0.14938012921250218,0.7301221710394553,0.03599826514384849,0.6,1.5,neutral,0.0,3.8023,3.8927,-0.09,steady,15:53:38,2026-06-23 15:53:38
CFFN,8.235,8.19,0.0055,0.9215,841330,3,0.7174,0.151,0.0184,66.0,yf_premarket,0.13408707292939875,0.7170038053274584,0.02472170015902848,0.6,1.5,neutral,0.02905441098784997,3.7911,3.8757,-0.085,steady,15:53:38,2026-06-23 15:53:38
DIN,33.63,33.38,0.0075,0.6384,438160,3,0.7266,1.678,0.0503,57.7,yf_premarket,0.0928933123799546,0.7262167033847386,0.07083995952002313,0.6,1.5,neutral,0.039619651347068144,3.7866,3.7918,-0.005,steady,15:53:38,2026-06-23 15:53:38
ALH,26.34,26.44,-0.0038,1.2066,688470,3,0.6957,0.961,0.0363,59.0,yf_premarket,0.1755718526279029,0.6952733827358302,0.050599971085730805,0.6,1.5,neutral,0.0,3.7792,3.8869,-0.108,steady,15:53:38,2026-06-23 15:53:38
CART,45.83,44.27,0.0352,0.72,4779960,3,0.605,1.9402,0.0438,57.4,yf_premarket,0.10476689366160294,0.6044462247146004,0.06144282203267312,0.6,1.5,neutral,0.18594823032223984,3.7757,3.841,-0.065,steady,15:53:38,2026-06-23 15:53:38
FTV,60.625,61.67,-0.0169,0.7819,3277700,4,0.6425,1.6885,0.0274,63.7,yf_premarket,0.11377393632501019,0.6419987983176447,0.037733121295359266,0.8,1.5,neutral,0.0,3.7735,3.8442,-0.071,steady,15:53:38,2026-06-23 15:53:38
ARTV,9.71,9.36,0.0374,0.4984,931840,2,0.7007,0.8868,0.0947,64.5,yf_premarket,0.07252197194575404,0.7002803925495694,0.13502963712592167,0.4,1.5,neutral,0.19756999471737985,3.7732,4.0794,-0.306,fading,15:53:38,2026-06-23 15:53:38
ACT,43.445,42.72,0.017,0.788,333380,2,0.7766,0.8125,0.019,62.4,yf_premarket,0.11466154472964322,0.7762868015221309,0.02558912823478387,0.4,1.5,neutral,0.08980454305335447,3.7721,3.8239,-0.052,steady,15:53:38,2026-06-23 15:53:38
CRNX,36.315,35.38,0.0264,0.9035,1066710,3,0.6128,1.6127,0.0456,53.5,yf_premarket,0.13146790058785868,0.6122571600240336,0.06404510625993928,0.6,1.5,neutral,0.13946117274167988,3.7629,3.9154,-0.152,steady,15:53:38,2026-06-23 15:53:38
CNK,33.96,33.61,0.0104,0.7077,2714100,3,0.6997,1.175,0.035,64.1,yf_premarket,0.10297712589488389,0.6992789905868215,0.048720543588260806,0.6,1.5,neutral,0.05493924986793449,3.7598,3.7557,0.004,steady,15:53:38,2026-06-23 15:53:38
RAPP,37.78,38.19,-0.0107,0.7449,342860,3,0.7227,2.4142,0.0632,53.7,yf_premarket,0.10839008206740004,0.7223112357300221,0.08948966314876393,0.6,1.5,neutral,0.0,3.752,3.8315,-0.08,steady,15:53:38,2026-06-23 15:53:38
FCX,64.57,69.21,-0.067,0.9014,14374500,3,0.709,2.829,0.0409,54.1,yf_premarket,0.13116233048134568,0.7085920288403765,0.05725025299985542,0.6,1.5,neutral,0.0,3.7426,3.8264,-0.084,steady,15:53:38,2026-06-23 15:53:38
BROS,68.3599,67.03,0.0198,0.816,4194990,2,0.7353,3.5025,0.0523,67.1,yf_premarket,0.11873581281648332,0.7349289004606449,0.07373138643920775,0.4,1.5,neutral,0.10459587955625992,3.7417,3.8265,-0.085,steady,15:53:38,2026-06-23 15:53:38
GLNG,51.04,50.75,0.0057,1.0253,1167070,3,0.6766,1.278,0.0252,51.3,yf_premarket,0.1491909667656132,0.6761466052473463,0.03455255168425618,0.6,1.5,neutral,0.030110935023771792,3.7385,3.8437,-0.105,steady,15:53:38,2026-06-23 15:53:38
DERM,6.58,6.43,0.0233,1.2603,267390,2,0.6704,0.3168,0.0493,58.3,yf_premarket,0.18338571678016413,0.6699379130783096,0.06939424606043082,0.4,1.5,neutral,0.12308505018489171,3.7343,4.0334,-0.299,steady,15:53:38,2026-06-23 15:53:38
FUL,64.09,64.31,-0.0034,1.1113,717520,3,0.6848,1.873,0.0291,60.2,yf_premarket,0.1617047901751935,0.6843581013418786,0.04019083417666619,0.6,1.5,neutral,0.0,3.7314,3.8364,-0.105,steady,15:53:38,2026-06-23 15:53:38
GRBK,74.2582,73.6,0.0089,0.7566,253380,2,0.7821,2.421,0.0329,64.0,yf_premarket,0.1100925440894011,0.7817945123172442,0.04568454532311696,0.4,1.5,neutral,0.047015319598520865,3.7221,3.7996,-0.077,steady,15:53:38,2026-06-23 15:53:38
ELPC,11.54,11.63,-0.0077,1.2635,381070,3,0.665,0.2845,0.0245,52.2,yf_premarket,0.18385134741866016,0.6645303424794713,0.033540552262541566,0.6,1.5,neutral,0.0,3.7216,3.831,-0.109,steady,15:53:38,2026-06-23 15:53:38
DLO,11.98,12.21,-0.0188,1.0687,2041200,4,0.5806,0.4911,0.0402,52.3,yf_premarket,0.15550608230021534,0.580012016823553,0.05623825357814081,0.8,1.5,neutral,0.0,3.7214,3.8188,-0.097,steady,15:53:38,2026-06-23 15:53:38
CRK,13.48,13.45,0.0022,1.0073,2745160,2,0.7769,0.557,0.0414,50.3,yf_premarket,0.14657179442407312,0.7765872221109554,0.05797310972965158,0.4,1.5,neutral,0.01162176439513999,3.7195,3.7947,-0.075,steady,15:53:38,2026-06-23 15:53:38
ABEO,5.73,5.75,-0.0035,0.9138,1150330,2,0.7969,0.213,0.037,54.6,yf_premarket,0.1329666492055177,0.7966152613659123,0.05161197050744542,0.4,1.5,neutral,0.0,3.7185,3.8883,-0.17,steady,15:53:38,2026-06-23 15:53:38
EBC,20.9,20.74,0.0077,0.5814,7489390,3,0.7059,0.5155,0.0249,66.6,yf_premarket,0.08459926663174437,0.7054876827558582,0.034118837646378485,0.6,1.5,neutral,0.04067617538298997,3.7159,3.7609,-0.045,steady,15:53:38,2026-06-23 15:53:38
AURA,7.13,6.95,0.0259,0.9267,685730,4,0.9787,0.3871,0.0557,44.6,yf_premarket,0.13484372271695477,0.9786701381934709,0.0786468122018216,0.8,0.5,weak,0.13681986265187532,3.7042,3.8582,-0.154,steady,15:53:38,2026-06-23 15:53:38
ESNT,59.87,58.93,0.016,0.7486,897140,2,0.75,1.105,0.0188,61.8,yf_premarket,0.10892846749316105,0.7496495093130383,0.025299985542865406,0.4,1.5,neutral,0.08452192287374538,3.7021,3.7833,-0.081,steady,15:53:38,2026-06-23 15:53:38
DAKT,20.95,20.89,0.0029,1.0278,417200,3,0.662,0.936,0.0448,54.5,yf_premarket,0.1495547407019382,0.6615261365912277,0.06288853549226543,0.6,1.5,neutral,0.015319598520866349,3.7018,3.8738,-0.172,steady,15:53:38,2026-06-23 15:53:38
BATRK,51.29,50.89,0.0079,1.2247,635930,3,0.6258,1.222,0.024,58.7,yf_premarket,0.17820557592689598,0.6252753855397557,0.03281769553274541,0.6,1.5,neutral,0.041732699418911785,3.6969,3.8411,-0.144,steady,15:53:38,2026-06-23 15:53:38
ENIC,4.54,4.56,-0.0044,1.1299,667120,2,0.7669,0.1098,0.0241,67.5,yf_premarket,0.16441126826145158,0.7665732024834769,0.03296226687870464,0.4,1.5,neutral,0.0,3.6962,3.8163,-0.12,steady,15:53:38,2026-06-23 15:53:38
FULT,23.365,23.05,0.0137,0.5902,2379080,3,0.6703,0.633,0.0275,69.7,yf_premarket,0.0858797508876084,0.6698377728820348,0.037877692641318496,0.6,1.5,neutral,0.07237189646064449,3.696,3.7491,-0.053,steady,15:53:38,2026-06-23 15:53:38
GNW,9.14,8.94,0.0224,0.872,3062430,2,0.7037,0.145,0.0162,67.2,yf_premarket,0.12688434899016354,0.703284598437813,0.0215411305479254,0.4,1.5,neutral,0.11833069202324353,3.6852,3.8041,-0.119,steady,15:53:38,2026-06-23 15:53:38
ADMA,8.545,8.57,-0.0029,0.8974,4127450,3,0.6798,0.3465,0.0404,64.1,yf_premarket,0.13058029218322564,0.6793510915281393,0.05652739627005927,0.6,1.5,neutral,0.0,3.6828,3.7662,-0.083,steady,15:53:38,2026-06-23 15:53:38
AMCR,40.79,40.68,0.0027,1.016,3714820,3,0.6605,0.974,0.0239,67.3,yf_premarket,0.14783772772248416,0.6600240336471059,0.03267312418678618,0.6,1.5,neutral,0.014263074484944533,3.6795,3.7669,-0.087,steady,15:53:38,2026-06-23 15:53:38
CRMD,8.825,8.82,0.0006,1.3365,1463720,3,0.6301,0.3,0.034,59.1,yf_premarket,0.19447354635935046,0.6295814139795715,0.047274830128668496,0.6,1.5,neutral,0.0031695721077654514,3.6793,3.8535,-0.174,steady,15:53:38,2026-06-23 15:53:38
ACHC,24.24,25.21,-0.0385,1.036,2406290,3,0.6593,1.076,0.0427,58.5,yf_premarket,0.15074791921308422,0.6588223512918086,0.05985253722712158,0.6,1.5,neutral,0.0,3.6737,3.769,-0.095,steady,15:53:38,2026-06-23 15:53:38
BVS,9.12,8.79,0.0375,1.0581,543630,4,0.402,0.319,0.0363,65.5,yf_premarket,0.15396368081019732,0.4011616262767875,0.050599971085730805,0.8,1.5,neutral,0.19809825673534073,3.6557,3.8471,-0.191,steady,15:53:38,2026-06-23 15:53:38
BIRD,5.1401,5.51,-0.0671,1.4925,7416000,4,0.4589,0.8311,0.1508,64.7,yf_premarket,0.21717303998603107,0.45814139795713993,0.21613416220905016,0.8,1.5,neutral,0.0,3.6501,3.81,-0.16,steady,15:53:38,2026-06-23 15:53:38
CBLL,18.57,18.18,0.0215,0.7135,319410,3,0.5968,0.7273,0.04,54.8,yf_premarket,0.10382108142715792,0.5962347286200681,0.05594911088622235,0.6,1.5,neutral,0.11357633386159534,3.6465,3.816,-0.169,steady,15:53:38,2026-06-23 15:53:38
CDNA,25.095,25.05,0.0018,0.7525,977850,3,0.6647,1.3786,0.055,59.9,yf_premarket,0.10949595483382805,0.6642299218906469,0.07763481278010698,0.6,1.5,neutral,0.009508716323296355,3.6458,3.7304,-0.085,steady,15:53:38,2026-06-23 15:53:38
AVNT,36.575,37.28,-0.0189,0.8969,1024980,2,0.7643,1.1173,0.03,65.9,yf_premarket,0.13050753739596066,0.7639695573803325,0.041491976290299264,0.4,1.5,neutral,0.0,3.6444,3.7252,-0.081,steady,15:53:38,2026-06-23 15:53:38
FIBK,37.07,36.71,0.0098,0.8609,1032140,3,0.6305,0.811,0.0221,63.7,yf_premarket,0.1252691927128805,0.6299819747646705,0.030070839959520028,0.6,1.5,neutral,0.051769677760169046,3.6406,3.6901,-0.05,steady,15:53:38,2026-06-23 15:53:38
AVR,9.6,9.59,0.001,0.9262,1094270,3,0.6435,0.5448,0.0568,57.7,yf_premarket,0.1347709679296898,0.6430002002803925,0.08023709700737314,0.6,1.5,neutral,0.005282620179609086,3.6362,3.7902,-0.154,steady,15:53:38,2026-06-23 15:53:38
SXTC,2.45,2.39,0.0251,0.0526,222360,2,0.7099,0.3255,0.1362,67.0,yf_premarket,0.007653803620278215,0.7094932906068496,0.19502674569900244,0.4,1.5,neutral,0.13259376650818808,3.6269,,,new,15:53:38,2026-06-23 15:53:38
EXC,46.71,45.94,0.0168,1.2175,8330170,3,0.556,0.901,0.0196,63.9,yf_premarket,0.17715790699027997,0.555377528539956,0.026456556310539253,0.6,1.5,neutral,0.08874801901743264,3.6228,3.7126,-0.09,steady,15:53:38,2026-06-23 15:53:38
FHB,28.695,28.34,0.0125,1.199,1336730,3,0.5741,0.602,0.0212,67.6,yf_premarket,0.1744659798614749,0.573502904065692,0.028769697845886948,0.6,1.5,neutral,0.06603275224511358,3.6221,3.7113,-0.089,steady,15:53:38,2026-06-23 15:53:38
ESPR,3.16,3.16,0.0,0.8361,10588850,3,0.6667,0.015,0.0047,63.6,yf_premarket,0.1216605552645364,0.6662327258161426,0.004915425762613851,0.6,1.5,neutral,0.0,3.6174,3.6868,-0.069,steady,15:53:38,2026-06-23 15:53:38
FR,63.64,63.12,0.0082,0.8778,1077640,2,0.7227,1.403,0.0222,64.6,yf_premarket,0.12772830452243758,0.7223112357300221,0.030215411305479258,0.4,1.5,neutral,0.04331748547279451,3.6163,3.6868,-0.07,steady,15:53:38,2026-06-23 15:53:38
SFL,11.425,11.25,0.0156,1.4143,1698620,1,0.7333,0.285,0.0253,53.9,yf_premarket,0.20579419125778475,0.7329260965351492,0.03469712303021541,0.2,1.5,neutral,0.08240887480190175,3.6155,,,new,15:53:38,2026-06-23 15:53:38
BUSE,28.71,28.52,0.0067,0.7373,823220,3,0.6442,0.551,0.0193,66.3,yf_premarket,0.107284209300972,0.643701181654316,0.02602284227266156,0.6,1.5,neutral,0.03539355520338088,3.6144,3.6747,-0.06,steady,15:53:38,2026-06-23 15:53:38
AVO,11.555,11.39,0.0145,0.8159,2443150,2,0.6893,0.559,0.0491,56.0,yf_premarket,0.11872126185903033,0.6888644101742439,0.06910510336851236,0.4,1.5,neutral,0.07659799260433175,3.6053,3.7994,-0.194,steady,15:53:38,2026-06-23 15:53:38
FTK,23.83,24.33,-0.0206,0.9319,290590,2,0.7313,1.337,0.055,66.2,yf_premarket,0.1356003725045108,0.7309232926096535,0.07763481278010698,0.4,1.5,neutral,0.0,3.6041,3.694,-0.09,steady,15:53:38,2026-06-23 15:53:38
FFBC,32.37,31.94,0.0135,0.674,883130,3,0.615,0.62,0.0194,67.8,yf_premarket,0.09807345323322275,0.6144602443420789,0.026167413618620794,0.6,1.5,neutral,0.07131537242472266,3.5961,3.6329,-0.037,steady,15:53:38,2026-06-23 15:53:38
FCF,19.895,19.7,0.0099,0.7469,761330,3,0.6196,0.375,0.019,68.3,yf_premarket,0.10868110121646005,0.6190666933707191,0.02558912823478387,0.6,1.5,neutral,0.05229793977812996,3.5924,3.6399,-0.047,steady,15:53:38,2026-06-23 15:53:38
DGII,67.59,68.78,-0.0173,0.8997,294000,2,0.734,2.683,0.039,50.8,yf_premarket,0.13091496420464468,0.7336270779090727,0.05450339742663004,0.4,1.5,neutral,0.0,3.5909,3.6741,-0.083,steady,15:53:38,2026-06-23 15:53:38
DCTH,12.125,11.51,0.0534,0.5876,652650,2,0.5513,0.6068,0.0527,61.0,yf_premarket,0.0855014259938304,0.5506709393150411,0.07430967182304467,0.4,1.5,neutral,0.28209191759112523,3.5899,3.9487,-0.359,fading,15:53:38,2026-06-23 15:53:38
HAFC,31.595,31.38,0.0069,0.7662,259470,3,0.6187,0.629,0.02,63.1,yf_premarket,0.11148943600488913,0.618165431604246,0.02703484169437618,0.6,1.5,neutral,0.03645007923930269,3.5718,3.6221,-0.05,steady,15:53:38,2026-06-23 15:53:38
ENHA,4.0,4.26,-0.061,0.3175,2132020,2,0.7378,0.752,0.1765,68.7,yf_premarket,0.04619928991327629,0.7374324053675145,0.2532889981205725,0.4,1.5,neutral,0.0,3.5708,3.6408,-0.07,steady,15:53:38,2026-06-23 15:53:38
AVAL,5.33,5.34,-0.0019,3.7602,446970,2,0.4028,0.3443,0.0645,54.9,yf_premarket,0.5471451021477214,0.40196274784698577,0.09136909064623393,0.4,1.5,neutral,0.0,3.5703,3.9133,-0.343,fading,15:53:38,2026-06-23 15:53:38
CYH,3.015,3.03,-0.005,0.452,1303490,3,0.6739,0.1,0.033,67.9,yf_premarket,0.06577032768756184,0.6734428199479272,0.045829116669076186,0.6,1.5,neutral,0.0,3.5685,3.6629,-0.094,steady,15:53:38,2026-06-23 15:53:38
FE,47.34,46.76,0.0124,0.8596,4803010,4,0.4826,0.938,0.0201,61.4,yf_premarket,0.12508003026599152,0.48187462447426394,0.027179413040335408,0.8,1.5,neutral,0.06550449022715267,3.5632,3.633,-0.07,steady,15:53:38,2026-06-23 15:53:38
SMG,63.63,62.71,0.0147,0.8794,799960,2,0.6611,2.243,0.0358,63.3,yf_premarket,0.12796111984168557,0.6606248748247547,0.04987711435593465,0.4,1.5,neutral,0.07765451664025357,3.5546,,,new,15:53:38,2026-06-23 15:53:38
HBNC,19.45,19.41,0.0021,1.2291,573260,3,0.5772,0.44,0.0227,67.2,yf_premarket,0.17884581805482802,0.5766072501502103,0.030938268035275412,0.6,1.5,neutral,0.01109350237717908,3.5536,3.6579,-0.104,steady,15:53:38,2026-06-23 15:53:38
CEVA,46.34,48.41,-0.0428,0.6582,883800,2,0.7287,3.543,0.0732,55.2,yf_premarket,0.09577440195564868,0.7283196475065091,0.10394679774468701,0.4,1.5,neutral,0.0,3.5523,3.6243,-0.072,steady,15:53:38,2026-06-23 15:53:38
AS,35.56,36.11,-0.0152,0.7787,3902620,2,0.7166,1.3142,0.0364,51.5,yf_premarket,0.11330830568651416,0.7162026837572602,0.05074454243169004,0.4,1.5,neutral,0.0,3.5277,3.6004,-0.073,steady,15:53:38,2026-06-23 15:53:38
DEA,23.96,23.77,0.008,1.2116,468550,3,0.5423,0.488,0.0205,52.9,yf_premarket,0.17629940050055296,0.5416583216503105,0.027757698424172333,0.6,1.5,neutral,0.04226096143687269,3.525,3.6527,-0.128,steady,15:53:38,2026-06-23 15:53:38
CTRI,30.62,30.85,-0.0075,1.3312,1028060,2,0.6472,1.302,0.0422,52.8,yf_premarket,0.1937023456143414,0.6467053875425596,0.05912968049732543,0.4,1.5,neutral,0.0,3.5135,3.633,-0.119,steady,15:53:38,2026-06-23 15:53:38
CRI,41.63,41.57,0.0014,1.5261,873900,2,0.6204,1.617,0.0389,62.5,yf_premarket,0.22206216169023923,0.6198678149409172,0.0543588260806708,0.4,1.5,neutral,0.007395668251452721,3.5111,3.6346,-0.123,steady,15:53:38,2026-06-23 15:53:38
EFSC,64.185,63.27,0.0145,0.9619,282870,2,0.634,1.385,0.0219,67.5,yf_premarket,0.13996565974041092,0.633486881634288,0.029781697267601562,0.4,1.5,neutral,0.07659799260433175,3.5067,3.5845,-0.078,steady,15:53:38,2026-06-23 15:53:38
FRME,41.77,41.19,0.0141,1.2809,370590,3,0.5,0.962,0.0234,63.1,yf_premarket,0.18638321401548222,0.49929901862607645,0.03195026745699003,0.6,1.5,neutral,0.07448494453248812,3.5059,3.6272,-0.121,steady,15:53:38,2026-06-23 15:53:38
AUB,40.06,39.62,0.0111,0.6847,1074280,3,0.5756,0.881,0.0222,65.6,yf_premarket,0.09963040568069378,0.5750050070098137,0.030215411305479258,0.6,1.5,neutral,0.05863708399366086,3.5025,3.5599,-0.057,steady,15:53:38,2026-06-23 15:53:38
UBSI,45.21,44.95,0.0058,0.7852,1089570,3,0.5853,0.8726,0.0194,66.5,yf_premarket,0.1142541179209592,0.5847186060484679,0.026167413618620794,0.6,1.5,neutral,0.030639197041732697,3.4999,,,new,15:53:38,2026-06-23 15:53:38
AMPG,7.45,8.45,-0.1183,0.4689,8962620,2,0.6844,1.5198,0.1799,66.8,yf_premarket,0.0682294394971189,0.6839575405567795,0.2582044238831864,0.4,1.5,neutral,0.0,3.4994,3.5826,-0.083,steady,15:53:38,2026-06-23 15:53:38
GGAL,51.525,53.33,-0.0338,1.0512,1615590,3,0.5678,2.559,0.048,55.5,yf_premarket,0.15295966474594028,0.5671940717003805,0.06751481856296082,0.6,1.5,neutral,0.0,3.4976,3.5955,-0.098,steady,15:53:38,2026-06-23 15:53:38
AOS,58.0068,58.69,-0.0116,1.3813,2101930,4,0.4356,1.638,0.0279,62.4,yf_premarket,0.20099237529829464,0.4348087322251151,0.03845597802515542,0.8,1.5,neutral,0.0,3.4903,3.6103,-0.12,steady,15:53:38,2026-06-23 15:53:38
AVIR,4.475,4.39,0.0194,1.2682,280310,3,0.4583,0.181,0.0412,50.4,yf_premarket,0.18453524241895117,0.45754055677949124,0.05768396703773312,0.6,1.5,neutral,0.10248283148441628,3.4745,3.727,-0.252,steady,15:53:38,2026-06-23 15:53:38
FBNC,61.52,60.8,0.0118,0.8062,258620,3,0.5427,1.511,0.0249,62.4,yf_premarket,0.11730981898608929,0.5420588824354096,0.034118837646378485,0.6,1.5,neutral,0.06233491811938722,3.4706,3.5252,-0.055,steady,15:53:38,2026-06-23 15:53:38
EPRX,6.375,6.64,-0.0399,1.2253,352800,4,0.9266,0.3538,0.0533,45.3,yf_premarket,0.178292881671614,0.9264970959343081,0.07517709989880006,0.8,0.5,weak,0.0,3.458,3.5716,-0.114,steady,15:53:38,2026-06-23 15:53:38
AGNC,10.405,10.38,0.0024,0.8348,14208420,3,0.5636,0.163,0.0157,55.3,yf_premarket,0.1214713928176474,0.5629881834568395,0.020818273818129247,0.6,1.5,neutral,0.012678288431061805,3.4376,3.5193,-0.082,steady,15:53:38,2026-06-23 15:53:38
BHF,63.51,63.05,0.0073,1.0445,527810,2,0.6216,0.584,0.0093,56.8,yf_premarket,0.15198475059658925,0.6210694972962147,0.01156570767673847,0.4,1.5,neutral,0.03856312731114633,3.4337,3.5297,-0.096,steady,15:53:38,2026-06-23 15:53:38
BKU,48.865,48.5,0.0075,0.9184,817110,2,0.6269,1.104,0.0228,64.5,yf_premarket,0.13363599324835573,0.6263769276987783,0.031082839381234642,0.4,1.5,neutral,0.039619651347068144,3.4282,3.5166,-0.088,steady,15:53:38,2026-06-23 15:53:38
LINC,49.53,49.33,0.0041,0.7178,515480,4,0.9435,2.513,0.0509,49.8,yf_premarket,0.10444677259763692,0.9434207891047467,0.07170738759577852,0.8,0.5,weak,0.021658742736397254,3.4119,3.5099,-0.098,steady,15:53:38,2026-06-23 15:53:38
BCAL,19.7702,19.7,0.0036,0.9568,227420,2,0.6296,0.42,0.0213,62.8,yf_premarket,0.1392235609103079,0.6290807129981976,0.028914269191846177,0.4,1.5,neutral,0.01901743264659271,3.41,3.4926,-0.083,steady,15:53:38,2026-06-23 15:53:38
ACTG,4.85,4.74,0.0232,0.6717,256380,3,0.48,0.115,0.0243,56.3,yf_premarket,0.09773878121180374,0.4792709793711195,0.0332514095706231,0.6,1.5,neutral,0.12255678816693079,3.4056,3.5532,-0.148,steady,15:53:38,2026-06-23 15:53:38
DX,12.935,12.84,0.0074,1.1518,4866420,3,0.4907,0.1926,0.015,51.1,yf_premarket,0.1675979279436587,0.4899859803725215,0.019806274396414632,0.6,1.5,neutral,0.03909138932910724,3.3999,3.5389,-0.139,steady,15:53:38,2026-06-23 15:53:38
FRVO,34.145,36.36,-0.0609,1.6281,1953160,3,0.4396,3.216,0.0884,52.0,yf_premarket,0.23690413829229964,0.43881434007610653,0.1259216423304901,0.6,1.5,neutral,0.0,3.3959,3.5513,-0.155,steady,15:53:38,2026-06-23 15:53:38
ATRC,28.6,28.44,0.0056,0.8248,844460,1,0.7194,1.131,0.0398,62.3,yf_premarket,0.12001629707234736,0.7190066092529542,0.05565996819430389,0.2,1.5,neutral,0.029582673005810883,3.3902,3.4874,-0.097,steady,15:53:38,2026-06-23 15:53:38
CPNG,17.645,17.31,0.0194,0.3402,38183650,3,0.5101,1.0214,0.059,53.6,yf_premarket,0.04950235725510739,0.5094131784498298,0.08341766661847622,0.6,1.5,neutral,0.10248283148441628,3.3885,3.4915,-0.103,steady,15:53:38,2026-06-23 15:53:38
CCNE,32.75,32.32,0.0133,0.5618,200080,2,0.6218,0.778,0.0241,68.1,yf_premarket,0.08174727897095628,0.6212697776887643,0.03296226687870464,0.4,1.5,neutral,0.07025884838880084,3.387,3.4193,-0.032,steady,15:53:38,2026-06-23 15:53:38
AAT,24.495,24.24,0.0105,0.9786,469850,3,0.4874,0.475,0.0196,67.6,yf_premarket,0.142395669635062,0.4866813538954536,0.026456556310539253,0.6,1.5,neutral,0.05546751188589541,3.3834,3.4867,-0.103,steady,15:53:38,2026-06-23 15:53:38
CSWC,23.29,23.2,0.0039,0.8671,615840,3,0.5265,0.3452,0.0149,52.3,yf_premarket,0.12617135207496652,0.5258361706388944,0.019661703050455403,0.6,1.5,neutral,0.020602218700475437,3.3817,3.4292,-0.047,steady,15:53:38,2026-06-23 15:53:38
GNTX,25.175,25.7,-0.0204,1.0598,2644050,2,0.6176,0.6,0.0233,67.2,yf_premarket,0.15421104708689834,0.6170638894452234,0.0318056961110308,0.4,1.5,neutral,0.0,3.3813,3.4738,-0.093,steady,15:53:38,2026-06-23 15:53:38
ERII,8.86,8.9,-0.0045,0.949,1446080,3,0.5144,0.513,0.0576,62.4,yf_premarket,0.13808858622897385,0.5137192068896455,0.08139366777504699,0.6,1.5,neutral,0.0,3.3753,3.4672,-0.092,steady,15:53:38,2026-06-23 15:53:38
EC,15.64,16.25,-0.0375,2.4891,3510480,2,0.4444,0.854,0.0526,50.0,yf_premarket,0.3621878819626332,0.4436210694972962,0.07416510047708544,0.4,1.5,neutral,0.0,3.3676,3.5846,-0.217,steady,15:53:38,2026-06-23 15:53:38
BOOM,6.985,7.04,-0.0078,0.9376,221310,2,0.6167,0.307,0.0436,59.0,yf_premarket,0.13642977707933182,0.6161626276787503,0.06115367934075466,0.4,1.5,neutral,0.0,3.3675,3.455,-0.087,steady,15:53:38,2026-06-23 15:53:38
TBBK,57.891,56.85,0.0183,0.7684,458460,2,0.5663,1.718,0.0302,60.1,yf_premarket,0.11180955706885513,0.5656919687562588,0.04178111898221773,0.4,1.5,neutral,0.09667194928684628,3.365,,,new,15:53:38,2026-06-23 15:53:38
CBC,28.76,28.44,0.0113,0.5202,1058710,2,0.6212,0.8045,0.0283,54.1,yf_premarket,0.07569408067050812,0.6206689365111155,0.03903426340899234,0.4,1.5,neutral,0.05969360802958267,3.3639,3.4157,-0.052,steady,15:53:38,2026-06-23 15:53:38
FAST,45.91,46.12,-0.0046,1.2363,6968510,2,0.5873,1.003,0.0217,61.9,yf_premarket,0.17989348699144403,0.5867214099739636,0.029492554575683103,0.4,1.5,neutral,0.0,3.358,3.4645,-0.107,steady,15:53:38,2026-06-23 15:53:38
FIP,4.695,4.77,-0.0157,0.6863,921810,2,0.6292,0.3277,0.0687,54.3,yf_premarket,0.0998632209999418,0.6286801522130984,0.09744108717652161,0.4,1.5,neutral,0.0,3.3559,3.4291,-0.073,steady,15:53:38,2026-06-23 15:53:38
BCAT,15.6501,15.83,-0.0114,0.5837,722980,1,0.7591,0.2611,0.0165,54.1,yf_premarket,0.08493393865316338,0.7587622671740437,0.021974844585803097,0.2,1.5,neutral,0.0,3.3559,3.4076,-0.052,steady,15:53:38,2026-06-23 15:53:38
CCO,2.405,2.41,-0.0021,0.5355,11108570,2,0.6667,0.016,0.0066,50.0,yf_premarket,0.07792037716081718,0.6662327258161426,0.007662281335839237,0.4,1.5,neutral,0.0,3.3532,3.3984,-0.045,steady,15:53:38,2026-06-23 15:53:38
APG,41.95,42.78,-0.0194,0.818,3204740,3,0.5247,1.3778,0.0322,59.9,yf_premarket,0.11902683196554333,0.5240336471059484,0.04467254590140234,0.6,1.5,neutral,0.0,3.3489,3.4238,-0.075,steady,15:53:38,2026-06-23 15:53:38
BCH,39.1,40.08,-0.0245,0.9233,408970,1,0.7119,1.219,0.0304,67.9,yf_premarket,0.13434899016355276,0.7114960945323453,0.04207026167413619,0.2,1.5,neutral,0.0,3.3456,3.4286,-0.083,steady,15:53:38,2026-06-23 15:53:38
CLAR,3.055,3.02,0.0116,0.6862,316800,3,0.4878,0.119,0.0394,58.2,yf_premarket,0.0998486700424888,0.48708191468055273,0.05508168281046696,0.6,1.5,neutral,0.061278394083465394,3.3434,3.4644,-0.121,steady,15:53:38,2026-06-23 15:53:38
COLB,31.185,30.87,0.0102,0.7975,3366830,2,0.5801,0.751,0.0243,66.8,yf_premarket,0.11604388568767825,0.579511315842179,0.0332514095706231,0.4,1.5,neutral,0.05388272583201268,3.3305,3.3979,-0.067,steady,15:53:38,2026-06-23 15:53:38
BKE,44.5,44.82,-0.0071,1.7975,499870,2,0.5094,1.219,0.0272,58.5,yf_premarket,0.26155346021768233,0.5087121970759062,0.0374439786034408,0.4,1.5,neutral,0.0,3.3285,3.4824,-0.154,steady,15:53:38,2026-06-23 15:53:38
HAYW,14.765,14.83,-0.0044,0.5443,2395890,2,0.6418,0.494,0.0333,62.1,yf_premarket,0.07920086141668121,0.6412978169437212,0.04626283070695388,0.4,1.5,neutral,0.0,3.3245,3.3772,-0.053,steady,15:53:38,2026-06-23 15:53:38
GBCI,49.345,48.93,0.0085,0.8342,1145220,3,0.4785,1.281,0.0262,66.8,yf_premarket,0.12138408707292941,0.4777688764269977,0.03599826514384849,0.6,1.5,neutral,0.04490227152667724,3.323,3.3767,-0.054,steady,15:53:38,2026-06-23 15:53:38
BCC,72.865,72.54,0.0045,0.7807,425150,2,0.5945,2.6872,0.037,63.2,yf_premarket,0.11359932483557418,0.5939315041057481,0.05161197050744542,0.4,1.5,neutral,0.023771790808240885,3.3197,3.436,-0.116,steady,15:53:38,2026-06-23 15:53:38
BFST,29.32,29.0,0.011,0.8718,287000,2,0.5628,0.5735,0.0198,66.0,yf_premarket,0.12685524707525755,0.5621870618866412,0.026745699002457716,0.4,1.5,neutral,0.05810882197569994,3.3152,3.3723,-0.057,steady,15:53:38,2026-06-23 15:53:38
EIX,72.76,72.2,0.0078,1.1058,2418910,2,0.5461,1.374,0.019,62.6,yf_premarket,0.1609044875152785,0.5454636491087523,0.02558912823478387,0.4,1.5,neutral,0.04120443740095087,3.3069,3.4439,-0.137,steady,15:53:38,2026-06-23 15:53:38
FMNB,14.34,14.25,0.0063,0.8493,481680,3,0.4776,0.2421,0.017,58.4,yf_premarket,0.12358128164833247,0.47686761466052474,0.022697701315599252,0.6,1.5,neutral,0.03328050713153724,3.3004,3.3793,-0.079,steady,15:53:38,2026-06-23 15:53:38
FHN,24.95,24.81,0.0056,0.7619,5194520,2,0.5805,0.4578,0.0185,69.2,yf_premarket,0.11086374483441011,0.5799118766272783,0.024866271504987714,0.4,1.5,neutral,0.029582673005810883,3.2829,3.3567,-0.074,steady,15:53:38,2026-06-23 15:53:38
DNOW,13.375,13.71,-0.0244,1.4064,3435900,2,0.5187,0.4638,0.0338,62.3,yf_premarket,0.20464466561899775,0.5180252353294613,0.04698568743675003,0.4,1.5,neutral,0.0,3.2665,3.39,-0.123,steady,15:53:38,2026-06-23 15:53:38
BANR,66.43,65.54,0.0136,0.8404,257150,3,0.4298,1.379,0.021,61.8,yf_premarket,0.12228624643501543,0.42900060084117764,0.02848055515396849,0.6,1.5,neutral,0.07184363444268357,3.2634,3.3263,-0.063,steady,15:53:38,2026-06-23 15:53:38
EGBN,28.1,27.82,0.0101,0.9138,282560,3,0.4265,0.835,0.03,59.8,yf_premarket,0.1329666492055177,0.4256959743641097,0.041491976290299264,0.6,1.5,neutral,0.05335446381405177,3.2516,3.392,-0.14,steady,15:53:38,2026-06-23 15:53:38
ALT,2.965,2.93,0.0119,1.3869,4158630,4,0.7579,0.1104,0.0377,45.7,yf_premarket,0.20180722891566266,0.7575605848187462,0.05262396992916003,0.8,0.5,weak,0.06286318013734812,3.2384,3.267,-0.029,steady,15:53:38,2026-06-23 15:53:38
FFIN,33.38,33.09,0.0088,0.667,993080,3,0.453,0.6405,0.0194,60.8,yf_premarket,0.09705488621151273,0.4522331263769277,0.026167413618620794,0.6,1.5,neutral,0.04648705758055996,3.2329,3.2945,-0.062,steady,15:53:38,2026-06-23 15:53:38
CNC,63.7,63.68,0.0003,0.7535,6448030,2,0.5684,2.648,0.0416,53.9,yf_premarket,0.10964146440835806,0.5677949128780293,0.05826225242157004,0.4,1.5,neutral,0.0015847860538827257,3.2316,3.3011,-0.07,steady,15:53:38,2026-06-23 15:53:38
BNL,21.005,20.75,0.0123,1.0691,1809120,3,0.3902,0.4139,0.0199,65.0,yf_premarket,0.15556428613002735,0.38934508311636284,0.02689027034841695,0.6,1.5,neutral,0.06497622820919176,3.2229,3.3225,-0.1,steady,15:53:38,2026-06-23 15:53:38
MITT,7.93,7.82,0.0141,1.4134,201640,3,0.3377,0.22,0.0281,54.1,yf_premarket,0.20566323264070777,0.3367714800721009,0.03874512071707388,0.6,1.5,neutral,0.07448494453248812,3.2131,3.3435,-0.13,steady,15:53:38,2026-06-23 15:53:38
EMA,52.595,51.84,0.0146,0.5179,517870,3,0.4298,0.934,0.018,58.8,yf_premarket,0.07535940864908912,0.42900060084117764,0.02414341477519156,0.6,1.5,neutral,0.07712625462229265,3.1988,3.2483,-0.05,steady,15:53:38,2026-06-23 15:53:38
ABCL,5.7199,5.74,-0.0035,1.1784,4661450,4,0.7849,0.4134,0.072,40.3,yf_premarket,0.1714684826261568,0.7845984378129381,0.10221194159317623,0.8,0.5,weak,0.0,3.1775,3.2919,-0.114,steady,15:53:38,2026-06-23 15:53:38
ARHS,7.01,6.95,0.0086,0.6008,1282050,2,0.5139,0.4265,0.0614,55.4,yf_premarket,0.08742215237762645,0.5132185059082717,0.08688737892149777,0.4,1.5,neutral,0.04543053354463814,3.1692,3.2078,-0.039,steady,15:53:38,2026-06-23 15:53:38
FIHL,22.94,22.94,0.0,1.1777,382430,1,0.5949,0.5814,0.0253,65.1,prev_close,0.1713666259239858,0.5943320648908472,0.03469712303021541,0.2,1.5,neutral,0.0,3.1631,3.2657,-0.103,steady,15:53:38,2026-06-23 15:53:38
CHNR,4.1346,4.21,-0.0179,0.0338,387080,3,0.4889,0.467,0.1109,51.1,yf_premarket,0.004918223619114138,0.48818345683957537,0.15845019517131706,0.6,1.5,neutral,0.0,3.163,3.1933,-0.03,steady,15:53:38,2026-06-23 15:53:38
BXP,64.54,64.91,-0.0057,0.9775,1820720,2,0.5144,1.869,0.0288,69.1,yf_premarket,0.142235609103079,0.5137192068896455,0.039757120138788495,0.4,1.5,neutral,0.0,3.1607,3.2477,-0.087,steady,15:53:38,2026-06-23 15:53:38
GDOT,13.01,12.92,0.007,1.0082,472710,2,0.4878,0.199,0.0154,53.7,yf_premarket,0.1467027530411501,0.48708191468055273,0.020384559780251558,0.4,1.5,neutral,0.036978341257263604,3.1599,3.3091,-0.149,steady,15:53:38,2026-06-23 15:53:38
FBRX,18.01,18.28,-0.0148,1.044,224040,4,0.7914,1.199,0.0656,44.2,yf_premarket,0.15191199580932427,0.7911075505707991,0.09295937545178547,0.8,0.5,weak,0.0,3.1566,3.2633,-0.107,steady,15:53:38,2026-06-23 15:53:38
LZB,40.04,39.99,0.0013,0.9478,930990,2,0.501,1.844,0.0461,60.2,yf_premarket,0.13791397473953787,0.5003004205888243,0.06476796298973543,0.4,1.5,neutral,0.006867406233491811,3.1502,3.2288,-0.079,steady,15:53:38,2026-06-23 15:53:38
COLL,34.41,33.45,0.0287,1.2214,390790,1,0.4594,1.2435,0.0372,59.6,yf_premarket,0.17772539433094697,0.4586420989385139,0.05190111319936388,0.2,1.5,neutral,0.15161119915478077,3.1372,3.2106,-0.073,steady,15:53:38,2026-06-23 15:53:38
ALLO,2.09,2.1,-0.0048,0.7552,8699750,4,0.814,0.131,0.0624,47.1,yf_premarket,0.10988883068505907,0.8137392349289004,0.08833309238109006,0.8,0.5,weak,0.0,3.1365,3.2839,-0.147,steady,15:53:38,2026-06-23 15:53:38
ORIC,8.92,8.93,-0.0011,1.0048,1767160,3,0.8873,0.5345,0.0599,49.5,yf_premarket,0.14620802048774809,0.8871419987983177,0.0847188087321093,0.6,0.5,weak,0.0,3.136,,,new,15:53:38,2026-06-23 15:53:38
CBRG,6.05,6.67,-0.093,0.4734,6492870,3,0.3817,1.469,0.2202,50.5,yf_premarket,0.06888423258250392,0.3808331664330062,0.31646667630475644,0.6,1.5,neutral,0.0,3.1232,3.217,-0.094,steady,15:53:38,2026-06-23 15:53:38
ACTU,2.08,2.01,0.0348,0.7851,226840,3,0.2376,0.282,0.1403,51.1,yf_premarket,0.1142395669635062,0.23653114360104144,0.20095417088333095,0.6,1.5,neutral,0.1838351822503962,3.1207,2.9442,0.176,steady,15:53:38,2026-06-23 15:53:38
KOD,37.1427,36.63,0.014,0.8629,707810,3,0.8365,2.477,0.0676,49.2,yf_premarket,0.12556021186194052,0.836270779090727,0.09585080237097007,0.6,0.5,weak,0.07395668251452721,3.1197,3.2285,-0.109,steady,15:53:38,2026-06-23 15:53:38
ELAN,23.48,23.9,-0.0176,0.9242,5789190,2,0.4935,0.951,0.0398,51.4,yf_premarket,0.13447994878062977,0.49278990586821547,0.05565996819430389,0.4,1.5,neutral,0.0,3.1151,3.2006,-0.086,steady,15:53:38,2026-06-23 15:53:38
BZUN,2.725,2.72,0.0018,0.9602,251200,2,0.4821,0.1016,0.0374,50.9,yf_premarket,0.13971829346370992,0.48137392349289,0.05219025589128235,0.4,1.5,neutral,0.009508716323296355,3.1127,3.1862,-0.074,steady,15:53:38,2026-06-23 15:53:38
CCCC,4.2557,4.12,0.0329,1.3271,2257320,3,0.701,0.3415,0.0829,43.4,yf_premarket,0.1931057563587684,0.7005808131383937,0.11797021830273241,0.6,0.5,weak,0.17379820390913894,3.1105,3.5548,-0.444,fading,15:53:38,2026-06-23 15:53:38
AMBA,67.57,70.71,-0.0444,0.7166,1227900,3,0.9064,4.122,0.0583,44.5,yf_premarket,0.10427216110820092,0.9062687762868015,0.0824056671967616,0.6,0.5,weak,0.0,3.1101,3.1832,-0.073,steady,15:53:38,2026-06-23 15:53:38
CBU,64.175,63.5,0.0106,0.7928,375390,2,0.4595,1.7311,0.0273,54.6,yf_premarket,0.11535999068738723,0.4587422391347887,0.03758854994940004,0.4,1.5,neutral,0.055995773903856315,3.0933,3.1233,-0.03,steady,15:53:38,2026-06-23 15:53:38
FWRG,11.26,11.56,-0.026,0.9611,1152010,1,0.5698,0.6765,0.0585,54.3,yf_premarket,0.1398492520807869,0.5691968756258762,0.08269480988868007,0.2,1.5,neutral,0.0,3.0895,3.1827,-0.093,steady,15:53:38,2026-06-23 15:53:38
GLUE,19.23,18.67,0.03,1.3508,1325360,2,0.8,1.1905,0.0638,43.5,yf_premarket,0.1965543332751295,0.7997196074504307,0.09035709122451929,0.4,0.5,weak,0.15847860538827258,3.0772,3.3254,-0.248,steady,15:53:38,2026-06-23 15:53:38
RF,29.125,28.75,0.013,0.8504,12134570,2,0.4362,0.664,0.0231,64.7,yf_premarket,0.12374134218031548,0.4354095734027638,0.03151655341911233,0.4,1.5,neutral,0.06867406233491812,3.0752,,,new,15:53:38,2026-06-23 15:53:38
AMN,31.12,30.34,0.0257,0.8271,1047750,3,0.2753,1.691,0.0557,55.2,yf_premarket,0.12035096909376636,0.27428399759663524,0.0786468122018216,0.6,1.5,neutral,0.13576333861595352,3.0721,3.181,-0.109,steady,15:53:38,2026-06-23 15:53:38
GTY,33.4,32.83,0.0174,1.0205,524540,3,0.3,0.588,0.0179,56.5,yf_premarket,0.14849252080786915,0.2990186260765071,0.023998843429232326,0.6,1.5,neutral,0.0919175911251981,3.0707,3.1411,-0.07,steady,15:53:38,2026-06-23 15:53:38
ARLO,12.63,13.22,-0.0446,0.7834,1131880,4,0.781,0.518,0.0392,42.7,yf_premarket,0.1139922006868052,0.7806929701582216,0.0547925401185485,0.8,0.5,weak,0.0,3.0598,3.1335,-0.074,steady,15:53:38,2026-06-23 15:53:38
CMTG,2.555,2.51,0.0179,0.6548,892810,3,0.3115,0.1815,0.0723,54.1,yf_premarket,0.09527966940224668,0.3105347486481073,0.10264565563105393,0.6,1.5,neutral,0.09455890121500264,3.0572,3.1636,-0.106,steady,15:53:38,2026-06-23 15:53:38
CMG,31.1,30.54,0.0183,0.9555,19308090,2,0.3861,1.102,0.0361,50.0,yf_premarket,0.1390343984634189,0.3852393350690967,0.050310828393812346,0.4,1.5,neutral,0.09667194928684628,3.0492,3.2253,-0.176,steady,15:53:38,2026-06-23 15:53:38
BXDC,21.69,21.62,0.0032,0.6648,1495790,2,0.4712,0.973,0.045,50.5,yf_premarket,0.0967347651475467,0.4704586420989385,0.06317767818418389,0.4,1.5,neutral,0.016904384574749076,3.043,3.0831,-0.04,steady,15:53:38,2026-06-23 15:53:38
CMPX,2.065,2.1,-0.0167,0.9713,3486200,3,0.8462,0.1126,0.0536,43.0,yf_premarket,0.14133344974099296,0.8459843781293811,0.07561081393667775,0.6,0.5,weak,0.0,3.0418,3.1346,-0.093,steady,15:53:38,2026-06-23 15:53:38
CLSK,17.7,17.45,0.0143,1.4459,20914270,4,0.6262,1.3122,0.0752,42.7,yf_premarket,0.2103922938129329,0.6256759463248548,0.10683822466387163,0.8,0.5,weak,0.07554146856840993,3.0337,3.176,-0.142,steady,15:53:38,2026-06-23 15:53:38
AHR,49.06,47.16,0.0403,0.9195,3140240,2,0.7939,1.3415,0.0284,49.5,yf_premarket,0.13379605378033874,0.7936110554776687,0.039178834754951576,0.4,0.5,weak,0.2128895932382462,3.0268,3.0958,-0.069,steady,15:53:38,2026-06-23 15:53:38
ASYS,19.57,22.03,-0.1117,0.8331,519010,1,0.5365,2.263,0.1027,54.2,yf_premarket,0.12122402654094638,0.5358501902663729,0.14659534480266012,0.2,1.5,neutral,0.0,3.0268,3.1206,-0.094,steady,15:53:38,2026-06-23 15:53:38
TNXP,12.12,12.2,-0.0066,0.6364,622430,4,0.7641,0.955,0.0783,49.2,yf_premarket,0.09260229323089458,0.7637692769877829,0.11131993638860778,0.8,0.5,weak,0.0,3.0221,,,new,15:53:38,2026-06-23 15:53:38
CBAN,20.89,20.71,0.0087,0.5964,254530,2,0.4528,0.437,0.0211,67.1,yf_premarket,0.08678191024969444,0.4520328459843781,0.028625126499927718,0.4,1.5,neutral,0.04595879556259905,3.0175,3.0933,-0.076,steady,15:53:38,2026-06-23 15:53:38
FLNG,30.64,30.36,0.0092,0.9339,429160,1,0.5126,0.7327,0.0241,51.7,yf_premarket,0.1358913916535708,0.5119166833566994,0.03296226687870464,0.2,1.5,neutral,0.048600105652403594,3.0171,3.0669,-0.05,steady,15:53:38,2026-06-23 15:53:38
FRPT,52.515,50.92,0.0313,1.5498,1393270,2,0.2446,2.9066,0.0571,54.4,yf_premarket,0.22551073860660034,0.24354095734027636,0.08067081104525083,0.4,1.5,neutral,0.1653460116217644,3.0137,3.1941,-0.18,steady,15:53:38,2026-06-23 15:53:38
CUZ,28.74,28.48,0.0091,0.8015,2139610,2,0.424,0.742,0.0261,69.0,yf_premarket,0.11662592398579827,0.4231924694572401,0.03585369379788926,0.4,1.5,neutral,0.04807184363444269,3.0114,3.1356,-0.124,steady,15:53:38,2026-06-23 15:53:38
DLTH,4.065,4.01,0.0137,0.7332,395520,2,0.3793,0.4649,0.1159,58.6,yf_premarket,0.10668762004539899,0.37842980172241136,0.1656787624692786,0.4,1.5,neutral,0.07237189646064449,3.0083,3.2592,-0.251,steady,15:53:38,2026-06-23 15:53:38
FBK,54.46,53.82,0.0119,0.7896,385020,3,0.3104,1.1486,0.0213,60.1,yf_premarket,0.11489436004889121,0.3094332064890847,0.028914269191846177,0.6,1.5,neutral,0.06286318013734812,3.0,3.0544,-0.054,steady,15:53:38,2026-06-23 15:53:38
FND,51.78,50.78,0.0197,0.7376,3015280,1,0.4652,3.0216,0.0595,50.4,yf_premarket,0.10732786217333101,0.4644502303224514,0.08414052334827236,0.2,1.5,neutral,0.10406761753829899,2.9881,3.1213,-0.133,steady,15:53:38,2026-06-23 15:53:38
EGY,5.415,5.45,-0.0064,0.8637,1498780,3,0.3373,0.1985,0.0364,50.3,yf_premarket,0.12567661952156453,0.33637091928700175,0.05074454243169004,0.6,1.5,neutral,0.0,2.9866,3.0663,-0.08,steady,15:53:38,2026-06-23 15:53:38
EYE,17.085,16.96,0.0074,0.6231,2839010,2,0.4204,1.0125,0.0597,55.5,yf_premarket,0.09066701588964554,0.41958742239134783,0.08442966604019084,0.4,1.5,neutral,0.03909138932910724,2.976,2.9831,-0.007,steady,15:53:38,2026-06-23 15:53:38
HASI,39.17,39.24,-0.0018,0.5412,1364090,3,0.8667,1.145,0.0292,45.2,yf_premarket,0.07874978173563821,0.866513118365712,0.04033540552262542,0.6,0.5,weak,0.0,2.9713,3.0227,-0.051,steady,15:53:38,2026-06-23 15:53:38
HOG,25.495,24.69,0.0326,1.1749,2600890,2,0.2645,0.988,0.04,53.8,yf_premarket,0.1709591991153018,0.2634688563989585,0.05594911088622235,0.4,1.5,neutral,0.1722134178552562,2.9697,3.0998,-0.13,steady,15:53:38,2026-06-23 15:53:38
SUZ,8.025,8.21,-0.0225,0.8549,3257390,2,0.4296,0.184,0.0224,53.3,yf_premarket,0.12439613526570048,0.42880032044862804,0.030504553997397717,0.4,1.5,neutral,0.0,2.9594,,,new,15:53:38,2026-06-23 15:53:38
GRDN,39.86,41.89,-0.0485,1.0574,400420,1,0.5,1.4785,0.0353,65.8,yf_premarket,0.1538618241080263,0.49929901862607645,0.049154257626138495,0.2,1.5,neutral,0.0,2.954,3.0492,-0.095,steady,15:53:38,2026-06-23 15:53:38
CTO,20.897,20.51,0.0189,0.8658,320400,1,0.4412,0.3441,0.0168,59.9,yf_premarket,0.12598218962807753,0.44041658321650307,0.022408558623680786,0.2,1.5,neutral,0.09984152139461173,2.9308,3.0554,-0.125,steady,15:53:38,2026-06-23 15:53:38
BKV,25.61,25.69,-0.0031,1.5915,843220,3,0.7254,1.06,0.0413,43.6,yf_premarket,0.23157848786450147,0.7250150210294413,0.057828538383692354,0.6,0.5,weak,0.0,2.9263,3.0669,-0.141,steady,15:53:38,2026-06-23 15:53:38
SPKL,12.59,12.61,-0.0016,0.3683,242460,2,0.4523,0.6339,0.0503,60.1,yf_premarket,0.0535911762994005,0.45153214500300415,0.07083995952002313,0.4,1.5,neutral,0.0,2.9189,,,new,15:53:38,2026-06-23 15:53:38
FLOC,21.85,23.06,-0.0525,0.8233,655910,2,0.4049,0.946,0.041,51.5,yf_premarket,0.11979803271055237,0.4040656919687562,0.05739482434581466,0.4,1.5,neutral,0.0,2.9165,2.994,-0.078,steady,15:53:38,2026-06-23 15:53:38
HALO,69.955,68.99,0.014,0.6133,1718940,2,0.3738,2.161,0.0313,52.6,yf_premarket,0.0892410220592515,0.3729220909272982,0.04337140378776927,0.4,1.5,neutral,0.07395668251452721,2.9123,2.9609,-0.049,steady,15:53:38,2026-06-23 15:53:38
RGNT,4.28,4.13,0.0363,0.0309,32820650,1,0.2031,2.8622,0.693,57.8,yf_premarket,0.004496245852977126,0.20198277588624072,1.0,0.2,1.5,neutral,0.19175911251980982,2.8983,,,new,15:53:38,2026-06-23 15:53:38
BMRN,56.24,55.9,0.0061,1.4412,2076670,1,0.41,1.339,0.024,53.6,yf_premarket,0.2097083988126419,0.40917284197877024,0.03281769553274541,0.2,1.5,neutral,0.03222398309561543,2.8977,3.0611,-0.163,steady,15:53:38,2026-06-23 15:53:38
FNF,47.455,46.94,0.011,0.7766,1567920,3,0.2632,0.9776,0.0208,59.1,yf_premarket,0.11300273558000117,0.2621670338473863,0.028191412462050022,0.6,1.5,neutral,0.05810882197569994,2.8951,2.992,-0.097,steady,15:53:38,2026-06-23 15:53:38
BHRB,66.57,65.48,0.0166,0.6754,206690,2,0.3493,1.411,0.0215,61.5,yf_premarket,0.09827716663756475,0.3483877428399759,0.029203411883764636,0.4,1.5,neutral,0.08769149498151083,2.8903,2.9871,-0.097,steady,15:53:38,2026-06-23 15:53:38
SLG,49.98,49.57,0.0083,1.044,1369940,2,0.3348,1.873,0.0378,66.7,yf_premarket,0.15191199580932427,0.3338674143801321,0.05276854127511927,0.4,1.5,neutral,0.04384574749075541,2.8878,,,new,15:53:38,2026-06-23 15:53:38
ALM,18.4,18.66,-0.0139,0.6076,5693570,3,0.8016,1.3275,0.0711,48.5,yf_premarket,0.08841161748443048,0.8013218505908272,0.10091079947954316,0.6,0.5,weak,0.0,2.8857,2.9531,-0.067,steady,15:53:38,2026-06-23 15:53:38
BTGO,5.42,5.99,-0.0952,0.9132,1950510,4,0.6553,0.6181,0.1032,49.8,yf_premarket,0.13287934346079971,0.6548167434408172,0.14731820153245628,0.8,0.5,weak,0.0,2.8826,2.9831,-0.1,steady,15:53:38,2026-06-23 15:53:38
AEO,17.845,17.79,0.0031,0.7382,5338780,1,0.479,0.939,0.0528,64.2,yf_premarket,0.107415167918049,0.47826957740837167,0.0744542431690039,0.2,1.5,neutral,0.016376122556788168,2.8795,2.9451,-0.066,steady,15:53:38,2026-06-23 15:53:38
ERO,28.215,30.45,-0.0734,1.1061,1429990,3,0.7486,1.6534,0.0543,47.1,yf_premarket,0.16094814038763752,0.7482475465651913,0.07662281335839237,0.6,0.5,weak,0.0,2.8762,2.9802,-0.104,steady,15:53:38,2026-06-23 15:53:38
EVTC,25.2901,25.2,0.0036,0.633,911810,1,0.4851,1.235,0.049,50.4,yf_premarket,0.09210756067749258,0.4843781293811335,0.06896053202255313,0.2,1.5,neutral,0.01901743264659271,2.8699,2.9566,-0.087,steady,15:53:38,2026-06-23 15:53:38
CARS,9.9,9.89,0.001,1.0785,798040,3,0.7458,0.3793,0.0384,49.6,yf_premarket,0.1569320761306094,0.7454436210694974,0.05363596935087465,0.6,0.5,weak,0.005282620179609086,2.861,2.9805,-0.119,steady,15:53:38,2026-06-23 15:53:38
FTS,56.79,56.01,0.0139,1.1061,808420,1,0.3981,0.964,0.0172,63.1,yf_premarket,0.16094814038763752,0.39725615862207087,0.02298684400751771,0.2,1.5,neutral,0.0734284204965663,2.8576,2.9586,-0.101,steady,15:53:38,2026-06-23 15:53:38
BWA,71.0,72.34,-0.0185,1.3023,3230590,2,0.3236,2.799,0.0387,52.3,yf_premarket,0.1894971189104243,0.3226517123973563,0.05406968338875234,0.4,1.5,neutral,0.0,2.8566,2.9728,-0.116,steady,15:53:38,2026-06-23 15:53:38
NESR,25.09,25.06,0.0012,0.6043,2318530,2,0.3855,1.4609,0.0583,52.8,yf_premarket,0.08793143588848146,0.384638493891448,0.0824056671967616,0.4,1.5,neutral,0.006339144215530903,2.8519,2.9062,-0.054,steady,15:53:38,2026-06-23 15:53:38
BRO,60.33,58.24,0.0359,1.0153,3157680,2,0.2085,1.591,0.0273,55.4,yf_premarket,0.14773587102031316,0.2073903464850791,0.03758854994940004,0.4,1.5,neutral,0.1896460644479662,2.8396,3.0281,-0.188,steady,15:53:38,2026-06-23 15:53:38
CSX,46.385,46.2,0.004,0.7184,12065960,2,0.3646,0.982,0.0213,52.6,yf_premarket,0.10453407834235494,0.36370919287001796,0.028914269191846177,0.4,1.5,neutral,0.021130480718436345,2.8304,2.9199,-0.09,steady,15:53:38,2026-06-23 15:53:38
SARO,26.99,27.26,-0.0099,0.9141,4431370,3,0.7464,0.8624,0.0316,49.5,yf_premarket,0.13301030207787673,0.7460444622471459,0.043805117825646965,0.6,0.5,weak,0.0,2.8135,,,new,15:53:38,2026-06-23 15:53:38
BZH,26.44,26.48,-0.0015,0.4796,474130,2,0.388,1.073,0.0405,54.7,yf_premarket,0.06978639194458996,0.3871419987983176,0.056671967616018504,0.4,1.5,neutral,0.0,2.8073,2.8812,-0.074,steady,15:53:38,2026-06-23 15:53:38
GSL,39.0,38.32,0.0177,1.3752,293340,1,0.3131,0.998,0.026,52.8,yf_premarket,0.2001047668936616,0.31213699178850385,0.03570912245193003,0.2,1.5,neutral,0.09350237717908083,2.7825,2.8827,-0.1,steady,15:53:38,2026-06-23 15:53:38
DNN,3.295,3.27,0.0076,0.8401,25920300,3,0.7015,0.167,0.0511,45.6,yf_premarket,0.12224259356265642,0.7010815141197677,0.07199653028769698,0.6,0.5,weak,0.040147913365029056,2.7817,2.8177,-0.036,steady,15:53:38,2026-06-23 15:53:38
ADPT,17.6,17.37,0.0132,0.5047,4476180,1,0.4055,1.351,0.0778,60.8,yf_premarket,0.07343868226529306,0.40466653314640494,0.11059707965881163,0.2,1.5,neutral,0.06973058637083994,2.7794,2.843,-0.064,steady,15:53:38,2026-06-23 15:53:38
GT,5.975,5.97,0.0008,1.0189,9346730,2,0.3077,0.307,0.0514,50.3,yf_premarket,0.14825970548862114,0.30672942118966545,0.07243024432557467,0.4,1.5,neutral,0.004226096143687269,2.7784,2.9265,-0.148,steady,15:53:38,2026-06-23 15:53:38
GFL,35.87,35.0,0.0249,0.7224,2333150,2,0.247,1.0007,0.0286,54.5,yf_premarket,0.10511611664047495,0.2459443220508712,0.039467977446870035,0.4,1.5,neutral,0.13153724247226625,2.7666,2.8161,-0.05,steady,15:53:38,2026-06-23 15:53:38
ACVA,6.435,6.37,0.0102,0.7635,2661690,2,0.7837,0.358,0.0562,47.3,yf_premarket,0.11109656015365811,0.7833967554576406,0.07936966893161775,0.4,0.5,weak,0.05388272583201268,2.7539,2.8265,-0.073,steady,15:53:38,2026-06-23 15:53:38
FSUN,36.61,36.02,0.0164,1.0234,242620,1,0.3362,0.981,0.0272,59.9,yf_premarket,0.14891449857400618,0.33526937712797916,0.0374439786034408,0.2,1.5,neutral,0.08663497094558902,2.7426,2.8235,-0.081,steady,15:53:38,2026-06-23 15:53:38
TARA,4.09,4.11,-0.0049,0.6643,766490,3,0.7216,0.2559,0.0623,40.5,yf_premarket,0.09666201036028171,0.7212096935709994,0.08818852103513083,0.6,0.5,weak,0.0,2.7315,,,new,15:53:38,2026-06-23 15:53:38
GOLD,42.0601,41.81,0.006,1.3723,414620,1,0.3253,1.771,0.0424,58.1,yf_premarket,0.1996827891275246,0.32435409573402757,0.05941882318924389,0.2,1.5,neutral,0.03169572107765452,2.7255,2.8442,-0.119,steady,15:53:38,2026-06-23 15:53:38
LYFT,14.145,14.22,-0.0053,1.1022,13650140,3,0.6795,0.54,0.038,41.6,yf_premarket,0.1603806530469705,0.679050670939315,0.05305768396703773,0.6,0.5,weak,0.0,2.7252,2.8248,-0.1,steady,15:53:38,2026-06-23 15:53:38
ABOS,2.365,2.4,-0.0146,1.2623,456070,2,0.7463,0.14,0.0583,43.5,yf_premarket,0.18367673592922415,0.7459443220508712,0.0824056671967616,0.4,0.5,weak,0.0,2.7086,2.8264,-0.118,steady,15:53:38,2026-06-23 15:53:38
ACEL,12.845,12.79,0.0043,0.9021,341190,1,0.3763,0.3964,0.031,59.6,yf_premarket,0.13126418718351668,0.37542559583416785,0.042937689749891574,0.2,1.5,neutral,0.02271526677231907,2.7033,2.8435,-0.14,steady,15:53:38,2026-06-23 15:53:38
EOLS,6.65,6.59,0.0091,0.4879,769010,2,0.2931,0.3081,0.0468,51.7,yf_premarket,0.07099412141318899,0.29210895253354696,0.06577996241145005,0.4,1.5,neutral,0.04807184363444269,2.6957,2.9071,-0.211,steady,15:53:38,2026-06-23 15:53:38
FOSL,4.055,4.17,-0.0276,0.8688,704880,2,0.2817,0.256,0.0614,51.4,yf_premarket,0.12641871835166754,0.2806929701582215,0.08688737892149777,0.4,1.5,neutral,0.0,2.6945,2.7808,-0.086,steady,15:53:38,2026-06-23 15:53:38
AFRM,71.575,72.2,-0.0087,0.7387,4554300,3,0.6922,4.3625,0.0604,49.1,yf_premarket,0.10748792270531402,0.6917684758662127,0.08544166546190546,0.6,0.5,weak,0.0,2.6875,2.7629,-0.075,steady,15:53:38,2026-06-23 15:53:38
AYA,18.54,19.74,-0.0608,2.1196,628030,2,0.6341,1.226,0.0621,46.6,yf_premarket,0.3084220941737967,0.6335870218305628,0.08789937834321238,0.4,0.5,weak,0.0,2.6738,2.8628,-0.189,steady,15:53:38,2026-06-23 15:53:38
EPR,59.11,58.04,0.0184,0.8963,707680,2,0.2095,1.226,0.0211,60.2,yf_premarket,0.13042023165124264,0.20839174844782693,0.028625126499927718,0.4,1.5,neutral,0.09720021130480719,2.6725,2.7671,-0.095,steady,15:53:38,2026-06-23 15:53:38
OSS,17.475,18.19,-0.0393,0.6293,1214120,4,0.5869,1.4995,0.0824,45.5,yf_premarket,0.09156917525173155,0.5863208491888644,0.11724736157293625,0.8,0.5,weak,0.0,2.6686,,,new,15:53:38,2026-06-23 15:53:38
SMPL,12.135,11.86,0.0232,1.2568,2038250,2,0.1322,0.478,0.0403,52.7,yf_premarket,0.1828764332693091,0.1309833767274184,0.056382824924100045,0.4,1.5,neutral,0.12255678816693079,2.6483,,,new,15:53:38,2026-06-23 15:53:38
BXMT,18.125,18.01,0.0064,0.8495,1329490,2,0.25,0.339,0.0188,51.1,yf_premarket,0.12361038356323847,0.24894852793911473,0.025299985542865406,0.4,1.5,neutral,0.03380876914949815,2.6467,2.7303,-0.084,steady,15:53:38,2026-06-23 15:53:38
FG,27.935,27.32,0.0225,0.8334,839710,1,0.281,0.8639,0.0316,52.0,yf_premarket,0.12126767941330541,0.27999198878429804,0.043805117825646965,0.2,1.5,neutral,0.11885895404120443,2.6421,2.7787,-0.137,steady,15:53:38,2026-06-23 15:53:38
CMCO,14.21,14.55,-0.0234,0.5261,936780,3,0.69,0.963,0.0662,44.6,yf_premarket,0.07655258716023515,0.6895653915481674,0.09382680352754084,0.6,0.5,weak,0.0,2.6409,2.7003,-0.059,steady,15:53:38,2026-06-23 15:53:38
BBNX,13.72,13.7,0.0015,0.8502,1119890,1,0.3434,1.0263,0.0749,57.1,yf_premarket,0.12371224026540946,0.34247947125976363,0.10640451062599393,0.2,1.5,neutral,0.00792393026941363,2.6356,2.7771,-0.141,steady,15:53:38,2026-06-23 15:53:38
AUGO,61.47,65.26,-0.0581,0.5145,1171870,3,0.6822,4.0536,0.0621,41.6,yf_premarket,0.07486467609568709,0.6817544562387343,0.08789937834321238,0.6,0.5,weak,0.0,2.6198,2.6772,-0.057,steady,15:53:38,2026-06-23 15:53:38
BFAM,64.69,64.02,0.0105,0.8202,1096030,2,0.7164,2.278,0.0356,46.5,yf_premarket,0.11934695302950935,0.7160024033647107,0.04958797166401619,0.4,0.5,weak,0.05546751188589541,2.619,2.6976,-0.079,steady,15:53:38,2026-06-23 15:53:38
CWT,46.185,45.2,0.0218,0.8222,528440,2,0.1756,0.931,0.0206,59.2,yf_premarket,0.11963797217856936,0.17444422191067493,0.027902269770131563,0.4,1.5,neutral,0.11516111991547807,2.615,2.7348,-0.12,steady,15:53:38,2026-06-23 15:53:38
FLYW,15.37,15.43,-0.0039,0.6423,2189800,3,0.6706,0.6255,0.0405,40.4,yf_premarket,0.09346079972062162,0.6701381934708592,0.056671967616018504,0.6,0.5,weak,0.0,2.6088,2.6713,-0.062,steady,15:53:38,2026-06-23 15:53:38
GIII,33.72,34.15,-0.0126,0.9416,798210,2,0.237,1.3484,0.0395,60.5,yf_premarket,0.13701181537745183,0.23593030242339272,0.055226254156426194,0.4,1.5,neutral,0.0,2.605,2.6918,-0.087,steady,15:53:38,2026-06-23 15:53:38
CVLG,43.16,43.33,-0.0039,0.6849,200310,2,0.2618,1.837,0.0424,58.9,yf_premarket,0.09965950759559979,0.26076507109953934,0.05941882318924389,0.4,1.5,neutral,0.0,2.6007,2.6672,-0.066,steady,15:53:38,2026-06-23 15:53:38
FCPT,24.9049,24.4,0.0207,0.7868,881620,2,0.176,0.464,0.019,51.5,yf_premarket,0.11448693324020721,0.17484478269577405,0.02558912823478387,0.4,1.5,neutral,0.10935023771790808,2.5982,2.677,-0.079,steady,15:53:38,2026-06-23 15:53:38
EVH,4.57,4.48,0.0201,0.7951,2432840,0,0.3511,0.3277,0.0731,56.1,yf_premarket,0.11569466270880624,0.3501902663729221,0.10380222639872778,0.0,1.5,neutral,0.10618066561014264,2.5851,2.9722,-0.387,fading,15:53:38,2026-06-23 15:53:38
AMX,25.78,26.08,-0.0115,0.7598,1198530,1,0.3479,0.778,0.0298,57.4,yf_premarket,0.1105581747278971,0.34698578009212894,0.041202833598380804,0.2,1.5,neutral,0.0,2.5804,2.6499,-0.07,steady,15:53:38,2026-06-23 15:53:38
ARE,51.495,50.73,0.0151,0.5891,1995070,1,0.2978,2.161,0.0426,55.1,yf_premarket,0.08571969035562539,0.2968155417584618,0.05970796588116235,0.2,1.5,neutral,0.0797675647120972,2.5717,2.645,-0.073,steady,15:53:38,2026-06-23 15:53:38
AQN,5.915,5.86,0.0094,0.6044,4074710,3,0.125,0.108,0.0184,50.0,yf_premarket,0.08794598684593447,0.12377328259563389,0.02472170015902848,0.6,1.5,neutral,0.04965662968832541,2.5663,2.6296,-0.063,steady,15:53:38,2026-06-23 15:53:38
HBM,25.39,27.91,-0.0903,0.6652,5569830,3,0.6418,1.456,0.0522,41.4,yf_premarket,0.09679296897735871,0.6412978169437212,0.07358681509324852,0.6,0.5,weak,0.0,2.5646,2.6319,-0.067,steady,15:53:38,2026-06-23 15:53:38
BNED,10.81,10.73,0.0075,0.4699,362000,2,0.2317,0.618,0.0576,50.1,yf_premarket,0.06837494907164891,0.23062287202082912,0.08139366777504699,0.4,1.5,neutral,0.039619651347068144,2.5639,2.6401,-0.076,steady,15:53:38,2026-06-23 15:53:38
BAX,20.05,19.66,0.0198,0.6456,7436990,1,0.2711,0.712,0.0362,62.1,yf_premarket,0.09394098131657062,0.27007810935309434,0.05045539973977158,0.2,1.5,neutral,0.10459587955625992,2.5632,2.6813,-0.118,steady,15:53:38,2026-06-23 15:53:38
CMCL,20.34,20.61,-0.0131,0.6391,283200,3,0.6448,0.904,0.0439,40.1,yf_premarket,0.0929951690821256,0.6443020228319648,0.06158739337863235,0.6,0.5,weak,0.0,2.5589,2.622,-0.063,steady,15:53:38,2026-06-23 15:53:38
DDD,3.195,3.26,-0.0199,0.5267,4839020,4,0.5393,0.246,0.0755,40.2,yf_premarket,0.07663989290495314,0.5386541157620669,0.10727193870174932,0.8,0.5,weak,0.0,2.5459,2.6077,-0.062,steady,15:53:38,2026-06-23 15:53:38
DD,47.05,47.71,-0.0138,1.9408,3757853,2,0.6004,1.4102,0.0296,46.5,yf_premarket,0.28240498224783195,0.5998397756859604,0.040913690906462345,0.4,0.5,weak,0.0,2.5437,2.71,-0.166,steady,15:53:38,2026-06-23 15:53:38
FLL,2.725,2.71,0.0055,0.5364,299430,1,0.3053,0.231,0.0852,53.6,yf_premarket,0.07805133577789418,0.3043260564790707,0.12129535925979472,0.2,1.5,neutral,0.02905441098784997,2.53,2.5514,-0.021,steady,15:53:38,2026-06-23 15:53:38
LMND,58.81,57.51,0.0226,0.6728,1480080,2,0.6287,3.728,0.0648,47.4,yf_premarket,0.09789884174378674,0.6281794512317245,0.09180280468411162,0.4,0.5,weak,0.11938721605916534,2.5282,2.6473,-0.119,steady,15:53:38,2026-06-23 15:53:38
BEPC,37.75,37.94,-0.005,1.0916,1488510,3,0.5838,1.12,0.0295,43.5,yf_premarket,0.15883825155695244,0.5832165031043461,0.04076911956050311,0.6,0.5,weak,0.0,2.5251,2.6217,-0.097,steady,15:53:38,2026-06-23 15:53:38
FLNC,22.02,25.19,-0.1258,0.7743,11966820,3,0.5817,3.1865,0.1265,45.1,yf_premarket,0.11266806355858215,0.5811135589825757,0.18100332514095707,0.6,0.5,weak,0.0,2.5217,2.6167,-0.095,steady,15:53:38,2026-06-23 15:53:38
DUOT,12.16,12.26,-0.0082,0.9663,595170,3,0.5682,1.2065,0.0984,40.1,yf_premarket,0.14060590186834296,0.5675946324854797,0.1403787769264132,0.6,0.5,weak,0.0,2.5163,2.6199,-0.104,steady,15:53:38,2026-06-23 15:53:38
CURR,2.98,2.98,0.0,0.8974,201910,3,0.5714,0.2765,0.0928,44.9,yf_premarket,0.13058029218322564,0.5707991187662729,0.13228278155269627,0.6,0.5,weak,0.0,2.5036,2.6002,-0.097,steady,15:53:38,2026-06-23 15:53:38
ADC,74.45,73.39,0.0144,0.6568,1289220,2,0.1671,1.245,0.017,54.7,yf_premarket,0.09557068855130668,0.16593230522731822,0.022697701315599252,0.4,1.5,neutral,0.07606973058637084,2.5007,2.5619,-0.061,steady,15:53:38,2026-06-23 15:53:38
FLYE,2.15,2.16,-0.0046,0.0211,544220,1,0.3313,0.4067,0.1883,59.4,yf_premarket,0.0030702520225830863,0.33036250751051466,0.27034841694376177,0.2,1.5,neutral,0.0,2.5005,2.5492,-0.049,steady,15:53:38,2026-06-23 15:53:38
APLD,45.63,45.2,0.0095,0.7448,21815900,2,0.6372,3.7886,0.0838,44.4,yf_premarket,0.10837553110994703,0.6366913679150811,0.11927136041636549,0.4,0.5,weak,0.050184891706286316,2.4709,2.4922,-0.021,steady,15:53:38,2026-06-23 15:53:38
BRKR,55.305,56.53,-0.0217,1.1037,2248400,2,0.6478,2.481,0.0439,46.3,yf_premarket,0.16059891740876547,0.6473062287202084,0.06158739337863235,0.4,0.5,weak,0.0,2.4663,2.5675,-0.101,steady,15:53:38,2026-06-23 15:53:38
ADIL,2.5715,2.71,-0.0511,0.0516,2275650,2,0.1961,0.599,0.221,55.7,yf_premarket,0.00750829404574821,0.1949729621470058,0.3176232470724303,0.4,1.5,neutral,0.0,2.46,2.5194,-0.059,steady,15:53:38,2026-06-23 15:53:38
AVTR,9.29,9.35,-0.0064,0.8278,8928000,2,0.1744,0.417,0.0446,52.4,yf_premarket,0.12045282579593737,0.1732425395553775,0.06259939280034697,0.4,1.5,neutral,0.0,2.4585,2.5372,-0.079,steady,15:53:38,2026-06-23 15:53:38
QGEN,37.1274,36.28,0.0234,1.1567,2269300,2,0.0503,0.819,0.0226,50.6,yf_premarket,0.16831092485885574,0.048968555978369716,0.030793696689316176,0.4,1.5,neutral,0.12361331220285263,2.4512,,,new,15:53:38,2026-06-23 15:53:38
TREE,37.34,36.69,0.0177,1.9279,245140,3,0.375,1.997,0.0544,40.7,yf_premarket,0.2805279087363948,0.3741237732825956,0.07676738470435159,0.6,0.5,weak,0.09350237717908083,2.4477,,,new,15:53:38,2026-06-23 15:53:38
BRX,31.715,31.18,0.0172,0.8591,2578600,1,0.2059,0.642,0.0206,62.2,yf_premarket,0.1250072754787265,0.2047867013819347,0.027902269770131563,0.2,1.5,neutral,0.09086106708927628,2.4473,2.5325,-0.085,steady,15:53:38,2026-06-23 15:53:38
CUPR,3.96,3.93,0.0076,0.011,13538310,1,0.1567,2.0229,0.5147,55.5,yf_premarket,0.0016006053198300448,0.15551772481474063,0.7422292901546915,0.2,1.5,neutral,0.040147913365029056,2.4448,2.7158,-0.271,steady,15:53:38,2026-06-23 15:53:38
CUBE,40.96,40.49,0.0116,0.8858,2092070,1,0.214,0.832,0.0205,59.7,yf_premarket,0.12889238111867762,0.21289805728019223,0.027757698424172333,0.2,1.5,neutral,0.061278394083465394,2.4249,2.5033,-0.078,steady,15:53:38,2026-06-23 15:53:38
EXEL,51.59,51.35,0.0047,1.3492,2597350,1,0.1757,1.475,0.0287,54.4,yf_premarket,0.19632151795588149,0.1745443621069497,0.039612548792829265,0.2,1.5,neutral,0.024828314844162706,2.4006,2.549,-0.148,steady,15:53:38,2026-06-23 15:53:38
KRG,28.485,27.94,0.0195,0.7152,2609150,1,0.1844,0.545,0.0195,62.9,yf_premarket,0.10406844770385891,0.183256559182856,0.026311984964580024,0.2,1.5,neutral,0.10301109350237718,2.3903,2.4649,-0.075,steady,15:53:38,2026-06-23 15:53:38
GXO,49.1,49.73,-0.0127,0.9636,1323920,3,0.5247,1.5885,0.0319,49.0,yf_premarket,0.14021302601711194,0.5240336471059484,0.04423883186352465,0.6,0.5,weak,0.0,2.3805,2.4879,-0.107,steady,15:53:38,2026-06-23 15:53:38
AGBK,6.93,6.94,-0.0014,0.8323,353370,3,0.5299,0.392,0.0565,43.2,yf_premarket,0.1211076188813224,0.5292409373122372,0.07980338296949545,0.6,0.5,weak,0.0,2.38,2.4908,-0.111,steady,15:53:38,2026-06-23 15:53:38
APAM,35.535,35.98,-0.0124,0.8228,842870,3,0.5385,1.045,0.029,41.5,yf_premarket,0.11972527792328735,0.5378529941918686,0.04004626283070696,0.6,0.5,weak,0.0,2.3753,2.4497,-0.074,steady,15:53:38,2026-06-23 15:53:38
DEI,11.66,11.72,-0.0051,0.6666,2207920,2,0.1538,0.374,0.0319,52.6,yf_premarket,0.09699668238170071,0.15261365912277186,0.04423883186352465,0.4,1.5,neutral,0.0,2.3728,2.4352,-0.062,steady,15:53:38,2026-06-23 15:53:38
GRAL,62.195,62.1,0.0015,0.8223,641520,2,0.6148,3.8001,0.0612,46.5,yf_premarket,0.11965252313602236,0.6142599639495294,0.0865982362295793,0.4,0.5,weak,0.00792393026941363,2.3632,2.5009,-0.138,steady,15:53:38,2026-06-23 15:53:38
ASO,50.74,51.88,-0.022,0.9759,2089730,4,0.4019,2.7138,0.0523,47.9,yf_premarket,0.142002793783831,0.4010614860805127,0.07373138643920775,0.8,0.5,weak,0.0,2.352,2.4448,-0.093,steady,15:53:38,2026-06-23 15:53:38
SEV,2.225,2.27,-0.0198,0.7399,219210,2,0.6216,0.1418,0.0625,47.7,yf_premarket,0.10766253419475001,0.6210694972962147,0.0884776637270493,0.4,0.5,weak,0.0,2.3479,,,new,15:53:38,2026-06-23 15:53:38
BDN,3.16,3.09,0.0227,0.6169,1791340,1,0.1538,0.085,0.0275,50.8,yf_premarket,0.08976485652755951,0.15261365912277186,0.037877692641318496,0.2,1.5,neutral,0.11991547807712627,2.3387,2.4233,-0.085,steady,15:53:38,2026-06-23 15:53:38
AMRZ,53.72,53.64,0.0015,0.9837,3441090,3,0.4909,2.0885,0.0389,49.6,yf_premarket,0.14313776846516502,0.49018626076507105,0.0543588260806708,0.6,0.5,weak,0.00792393026941363,2.3341,2.4124,-0.078,steady,15:53:38,2026-06-23 15:53:38
HAE,73.17,72.53,0.0088,0.9223,1270690,1,0.165,3.58,0.0494,60.4,yf_premarket,0.13420348058902276,0.16382936110554774,0.06953881740639005,0.2,1.5,neutral,0.04648705758055996,2.3335,2.4729,-0.139,steady,15:53:38,2026-06-23 15:53:38
CNX,33.365,33.2,0.005,0.9746,2165000,2,0.5771,1.009,0.0304,47.8,yf_premarket,0.14181363133694197,0.5765071099539355,0.04207026167413619,0.4,0.5,weak,0.02641310089804543,2.3264,2.4273,-0.101,steady,15:53:38,2026-06-23 15:53:38
GSK,51.715,50.74,0.0192,0.8466,4411050,1,0.1258,0.911,0.018,58.2,yf_premarket,0.12318840579710146,0.12457440416583215,0.02414341477519156,0.2,1.5,neutral,0.10142630744849444,2.2981,2.4082,-0.11,steady,15:53:38,2026-06-23 15:53:38
CVNA,65.97,66.67,-0.0105,0.8263,10922580,4,0.3824,4.1147,0.0617,44.1,yf_premarket,0.12023456143414238,0.3815341478069297,0.08732109295937544,0.8,0.5,weak,0.0,2.2871,2.37,-0.083,steady,15:53:38,2026-06-23 15:53:38
ELS,62.59,62.01,0.0094,0.8326,1601410,1,0.1553,1.391,0.0224,56.4,yf_premarket,0.1211512717536814,0.15411576206689362,0.030504553997397717,0.2,1.5,neutral,0.04965662968832541,2.2797,2.3696,-0.09,steady,15:53:38,2026-06-23 15:53:38
UUUU,15.815,16.12,-0.0189,0.8807,10356530,2,0.5679,1.125,0.0698,43.9,yf_premarket,0.12815028228857459,0.5672942118966553,0.09903137198207317,0.4,0.5,weak,0.0,2.2763,,,new,15:53:38,2026-06-23 15:53:38
ARCT,7.1871,7.23,-0.0059,1.1018,315020,3,0.4483,0.412,0.057,41.5,yf_premarket,0.16032244921715846,0.44752653715201274,0.0805262396992916,0.6,0.5,weak,0.0,2.2758,2.394,-0.118,steady,15:53:38,2026-06-23 15:53:38
CGAU,16.22,16.59,-0.0223,0.561,2151960,3,0.5094,0.801,0.0483,46.6,yf_premarket,0.0816308713113323,0.5087121970759062,0.06794853260083851,0.6,0.5,weak,0.0,2.2738,2.3316,-0.058,steady,15:53:38,2026-06-23 15:53:38
ARDT,9.19,9.03,0.0177,0.6441,636700,2,0.5178,0.4795,0.0531,48.0,yf_premarket,0.09372271695477563,0.5171239735629882,0.0748879572068816,0.4,0.5,weak,0.09350237717908083,2.2525,2.2551,-0.003,steady,15:53:38,2026-06-23 15:53:38
EXPI,4.69,4.69,0.0,2.5209,1395624,3,0.2809,0.2573,0.0549,42.6,prev_close,0.3668150864326873,0.2798918485880232,0.07749024143414775,0.6,0.5,weak,0.0,2.2488,2.4689,-0.22,steady,15:53:38,2026-06-23 15:53:38
GLND,2.935,2.93,0.0017,0.8768,1160760,2,0.5352,0.287,0.098,44.1,yf_premarket,0.12758279494790759,0.5345483677148007,0.1398004915425763,0.4,0.5,weak,0.008980454305335447,2.2438,2.3433,-0.1,steady,15:53:38,2026-06-23 15:53:38
COO,65.9,65.42,0.0073,0.8882,3575690,1,0.1182,1.72,0.0263,65.8,yf_premarket,0.12924160409754962,0.11696374924894852,0.03614283648980772,0.2,1.5,neutral,0.03856312731114633,2.2037,2.3612,-0.158,steady,15:53:38,2026-06-23 15:53:38
CSTM,33.71,34.6,-0.0257,1.0141,1701150,2,0.5256,1.541,0.0445,49.6,yf_premarket,0.14756125953087715,0.5249349088724213,0.062454821454387736,0.4,0.5,weak,0.0,2.2024,2.2964,-0.094,steady,15:53:38,2026-06-23 15:53:38
CDE,16.425,17.47,-0.0598,0.7623,49756060,2,0.5283,1.041,0.0596,40.7,yf_premarket,0.1109219486642221,0.5276386941718406,0.08428509469423161,0.4,0.5,weak,0.0,2.1638,2.2409,-0.077,steady,15:53:38,2026-06-23 15:53:38
CRCT,4.36,4.37,-0.0023,0.9076,418560,2,0.5208,0.134,0.0307,48.9,yf_premarket,0.1320644898434317,0.5201281794512318,0.042503975712013885,0.4,0.5,weak,0.0,2.1596,2.2977,-0.138,steady,15:53:38,2026-06-23 15:53:38
CX,12.26,12.58,-0.0254,0.5957,4287980,2,0.5486,0.4771,0.0379,42.9,yf_premarket,0.08668005354752344,0.5479671540156219,0.052913112621078506,0.4,0.5,weak,0.0,2.1524,2.2104,-0.058,steady,15:53:38,2026-06-23 15:53:38
SUPN,44.86,44.48,0.0085,0.8164,629090,2,0.4915,1.394,0.0313,47.9,yf_premarket,0.11879401664629533,0.49078710194271974,0.04337140378776927,0.4,0.5,weak,0.04490227152667724,2.1488,,,new,15:53:38,2026-06-23 15:53:38
EGO,31.5,32.37,-0.0269,0.6285,3504320,2,0.5371,1.533,0.0474,47.0,yf_premarket,0.09145276759210756,0.5364510314440216,0.06664739048720543,0.4,0.5,weak,0.0,2.1434,2.2065,-0.063,steady,15:53:38,2026-06-23 15:53:38
GIS,34.7499,33.34,0.0423,1.1905,9500560,2,0.3169,0.787,0.0236,47.3,yf_premarket,0.17322914847796983,0.3159423192469457,0.032239410148908486,0.4,0.5,weak,0.22345483359746432,2.143,2.2666,-0.124,steady,15:53:38,2026-06-23 15:53:38
FA,16.41,16.13,0.0174,0.5428,2902410,3,0.3778,0.7017,0.0435,40.6,yf_premarket,0.07898259705488621,0.3769276987782896,0.061009107994795427,0.6,0.5,weak,0.0919175911251981,2.1407,2.211,-0.07,steady,15:53:38,2026-06-23 15:53:38
AESI,16.49,16.48,0.0006,0.7095,2331820,2,0.5198,0.7614,0.0462,45.6,yf_premarket,0.1032390431290379,0.5191267774884839,0.06491253433569466,0.4,0.5,weak,0.0031695721077654514,2.1303,2.195,-0.065,steady,15:53:38,2026-06-23 15:53:38
GTN,3.835,3.84,-0.0013,0.6484,1543810,3,0.43,0.1576,0.041,43.4,yf_premarket,0.09434840812525463,0.4292008812337272,0.05739482434581466,0.6,0.5,weak,0.0,2.1286,2.1918,-0.063,steady,15:53:38,2026-06-23 15:53:38
CWK,12.855,12.78,0.0059,0.9213,1961050,1,0.0733,0.552,0.0432,52.9,yf_premarket,0.13405797101449277,0.0720008011215702,0.06057539395691774,0.2,1.5,neutral,0.03116745905969361,2.1221,2.2385,-0.116,steady,15:53:38,2026-06-23 15:53:38
DOLE,14.205,13.87,0.0242,1.7655,1053700,1,0.4032,0.3025,0.0218,46.5,yf_premarket,0.2568971538327222,0.4023633086320849,0.029637125921642332,0.2,0.5,weak,0.1278394083465399,2.0967,2.3185,-0.222,steady,15:53:38,2026-06-23 15:53:38
EDHL,4.6,4.97,-0.0744,0.0046,7978420,0,0.13,2.3199,0.4668,59.2,yf_premarket,0.0006693440428380187,0.1287802924093731,0.6729796154402197,0.0,1.5,neutral,0.0,2.0951,2.2123,-0.117,steady,15:53:38,2026-06-23 15:53:38
AES,14.675,14.65,0.0017,0.5166,8130820,2,0.5333,0.061,0.0042,43.9,yf_premarket,0.0751702462022001,0.5326457039855799,0.004192569032817696,0.4,0.5,weak,0.008980454305335447,2.0936,2.1499,-0.056,steady,15:53:38,2026-06-23 15:53:38
EROK,20.755,21.09,-0.0159,0.4388,245900,2,0.5296,1.163,0.0551,43.3,yf_premarket,0.0638496013037658,0.5289405167234128,0.07777938412606622,0.4,0.5,weak,0.0,2.0925,2.142,-0.05,steady,15:53:38,2026-06-23 15:53:38
APPS,9.445,9.25,0.0211,0.6854,7027970,2,0.4015,0.952,0.1029,49.5,yf_premarket,0.0997322623828648,0.4006609252954136,0.14688448749457858,0.4,0.5,weak,0.11146328578975172,2.0916,2.252,-0.16,steady,15:53:38,2026-06-23 15:53:38
CAAP,26.23,26.59,-0.0135,1.005,201890,2,0.471,1.2,0.0451,49.3,yf_premarket,0.14623712240265407,0.4702583617063889,0.06332224953014312,0.4,0.5,weak,0.0,2.0915,2.1849,-0.093,steady,15:53:38,2026-06-23 15:53:38
CC,20.82,21.46,-0.0298,0.8907,2060970,2,0.4806,1.0317,0.0481,45.0,yf_premarket,0.12960537803387465,0.47987182054876826,0.06765938990892005,0.4,0.5,weak,0.0,2.088,2.1728,-0.085,steady,15:53:38,2026-06-23 15:53:38
CELH,28.42,29.12,-0.024,0.8109,9325840,3,0.3811,1.542,0.053,40.2,yf_premarket,0.1179937139863803,0.38023232525535744,0.07474338586092236,0.6,0.5,weak,0.0,2.0748,2.1543,-0.079,steady,15:53:38,2026-06-23 15:53:38
FSM,8.685,9.05,-0.0403,0.6186,5897150,2,0.5026,0.424,0.0469,40.2,yf_premarket,0.09001222280426052,0.501902663729221,0.06592453375740928,0.4,0.5,weak,0.0,2.0718,2.134,-0.062,steady,15:53:38,2026-06-23 15:53:38
FTI,66.34,67.39,-0.0156,1.1451,4085170,2,0.4491,2.252,0.0334,47.2,yf_premarket,0.16662301379430766,0.4483276587222111,0.04640740205291311,0.4,0.5,weak,0.0,2.0698,2.1718,-0.102,steady,15:53:38,2026-06-23 15:53:38
ANY,3.1099,3.29,-0.0547,0.5811,678860,3,0.3569,0.5922,0.18,45.2,yf_premarket,0.08455561375938536,0.3559983977568596,0.25834899522914556,0.6,0.5,weak,0.0,2.068,2.1605,-0.092,steady,15:53:38,2026-06-23 15:53:38
BOBS,13.19,13.01,0.0138,0.7376,703660,2,0.4232,0.922,0.0709,48.8,yf_premarket,0.10732786217333101,0.42239134788704186,0.1006216567876247,0.4,0.5,weak,0.07290015847860538,2.0654,2.0834,-0.018,steady,15:53:38,2026-06-23 15:53:38
EQ,2.88,2.86,0.007,0.6097,450410,2,0.4528,0.271,0.0948,44.1,yf_premarket,0.08871718759094349,0.4520328459843781,0.13517420847188089,0.4,0.5,weak,0.036978341257263604,2.0602,2.1819,-0.122,steady,15:53:38,2026-06-23 15:53:38
FNKO,5.285,5.3,-0.0028,0.999,622210,2,0.4483,0.2974,0.0561,43.3,yf_premarket,0.14536406495547408,0.44752653715201274,0.07922509758565852,0.4,0.5,weak,0.0,2.0527,2.1484,-0.096,steady,15:53:38,2026-06-23 15:53:38
GCT,33.6775,33.32,0.0107,0.8148,744140,2,0.4283,1.5173,0.0455,42.5,yf_premarket,0.11856120132704732,0.42749849789705585,0.06390053491398004,0.4,0.5,weak,0.05652403592181722,2.0496,2.2501,-0.201,steady,15:53:38,2026-06-23 15:53:38
BAM,46.88,47.29,-0.0087,0.9958,2722350,2,0.4495,1.232,0.0261,46.4,yf_premarket,0.14489843431697808,0.44872821950731023,0.03585369379788926,0.4,0.5,weak,0.0,2.0327,2.1206,-0.088,steady,15:53:38,2026-06-23 15:53:38
ELMT,18.21,18.75,-0.0288,0.7239,619560,3,0.3461,1.929,0.1029,49.4,yf_premarket,0.10533438100226995,0.34518325655918286,0.14688448749457858,0.6,0.5,weak,0.0,2.0218,2.1067,-0.085,steady,15:53:38,2026-06-23 15:53:38
BZ,12.93,13.58,-0.0479,0.679,3693100,3,0.3699,0.5865,0.0432,45.4,yf_premarket,0.09880100110587278,0.3690166232725816,0.06057539395691774,0.6,0.5,weak,0.0,2.0165,2.0827,-0.066,steady,15:53:38,2026-06-23 15:53:38
AGH,4.21,4.21,0.0,1.2242,878854,0,0.0722,0.5251,0.1247,50.1,prev_close,0.178132821139631,0.07089925896254756,0.1784010409136909,0.0,1.5,neutral,0.0,1.9982,2.1296,-0.131,steady,15:53:38,2026-06-23 15:53:38
KPTI,9.185,9.0,0.0206,1.0928,326050,2,0.3184,0.6849,0.0761,40.0,yf_premarket,0.15901286304638845,0.3174444221910675,0.10813936677750471,0.4,0.5,weak,0.10882197569994717,1.9907,2.243,-0.252,steady,15:53:38,2026-06-23 15:53:38
FDUS,18.22,17.94,0.0156,0.9887,334970,2,0.3556,0.3519,0.0196,43.0,yf_premarket,0.14386531633781505,0.3546965752052874,0.026456556310539253,0.4,0.5,weak,0.08240887480190175,1.962,2.089,-0.127,steady,15:53:38,2026-06-23 15:53:38
ADT,6.57,6.59,-0.003,1.0234,9680850,3,0.3111,0.161,0.0244,46.1,yf_premarket,0.14891449857400618,0.31013418786300817,0.033395980916582337,0.6,0.5,weak,0.0,1.9603,2.0501,-0.09,steady,15:53:38,2026-06-23 15:53:38
FBRT,8.36,8.29,0.0084,0.9246,1464850,2,0.3864,0.2215,0.0267,48.6,yf_premarket,0.13453815261044177,0.3855397556579211,0.036721121873644645,0.4,0.5,weak,0.04437400950871632,1.9578,2.0752,-0.117,steady,15:53:38,2026-06-23 15:53:38
ACIW,44.715,42.92,0.0418,1.4405,1044880,1,0.2932,1.533,0.0357,40.7,yf_premarket,0.20960654211047086,0.29220909272982176,0.04973254300997543,0.2,0.5,weak,0.2208135235076598,1.9549,2.2106,-0.256,steady,15:53:38,2026-06-23 15:53:38
CEPU,15.305,15.55,-0.0158,0.6129,305920,0,0.6477,0.542,0.0349,42.9,yf_premarket,0.0891828182294395,0.6472060885239336,0.04857597224230158,0.0,0.5,weak,0.0,1.9525,2.0112,-0.059,steady,15:53:38,2026-06-23 15:53:38
CISS,1.85,2.12,-0.1274,0.3928,289720,2,0.4375,0.2048,0.0966,43.9,yf_premarket,0.0571561608753856,0.43671139595433606,0.13777649269914705,0.4,0.5,weak,0.0,1.928,1.9842,-0.056,steady,15:53:38,2026-06-23 15:53:38
CGBD,10.791,10.73,0.0057,1.2357,519050,2,0.3482,0.2443,0.0228,42.9,yf_premarket,0.17980618124672604,0.34728620068095334,0.031082839381234642,0.4,0.5,weak,0.030110935023771792,1.925,2.028,-0.103,steady,15:53:38,2026-06-23 15:53:38
POET,11.055,12.09,-0.0856,0.6066,27908360,2,0.3984,1.467,0.1213,42.9,yf_premarket,0.08826610790990047,0.3975565792108952,0.17348561515107708,0.4,0.5,weak,0.0,1.9143,1.9941,-0.08,steady,15:53:38,2026-06-23 15:53:38
FTRE,15.82,15.56,0.0167,1.2743,1355530,2,0.2764,0.8911,0.0573,48.7,yf_premarket,0.1854228508235842,0.2753855397556579,0.08095995373716929,0.4,0.5,weak,0.08821975699947174,1.9017,1.9896,-0.088,steady,15:53:38,2026-06-23 15:53:38
ANDE,71.215,70.86,0.005,0.8543,354090,1,0.4665,2.351,0.0332,44.1,yf_premarket,0.12430882952098248,0.4657520528740236,0.046118259360994646,0.2,0.5,weak,0.02641310089804543,1.8806,1.9872,-0.107,steady,15:53:38,2026-06-23 15:53:38
ARMK,54.11,53.55,0.0105,0.7766,2032080,2,0.3551,0.994,0.0186,43.1,yf_premarket,0.11300273558000117,0.35419587422391346,0.025010842850946943,0.4,0.5,weak,0.05546751188589541,1.8736,1.969,-0.095,steady,15:53:38,2026-06-23 15:53:38
BBD,3.415,3.43,-0.0044,0.9913,30077250,1,0.4688,0.1,0.0292,47.6,yf_premarket,0.14424364123159303,0.4680552773883436,0.04033540552262542,0.2,0.5,weak,0.0,1.8726,1.9609,-0.088,steady,15:53:38,2026-06-23 15:53:38
DV,10.315,10.17,0.0143,0.9116,2619550,2,0.3139,0.3705,0.0364,42.2,yf_premarket,0.1326465281415517,0.3129381133587022,0.05074454243169004,0.4,0.5,weak,0.07554146856840993,1.8635,1.9651,-0.102,steady,15:53:38,2026-06-23 15:53:38
ARI,10.86,10.75,0.0102,1.3782,2021810,2,0.2791,0.212,0.0197,44.0,yf_premarket,0.20054129561725162,0.2780893250550771,0.026601127656498483,0.4,0.5,weak,0.05388272583201268,1.8511,1.9659,-0.115,steady,15:53:38,2026-06-23 15:53:38
UGRO,2.845,2.845,0.0,0.1734,1005762,3,0.2995,0.4574,0.1608,40.4,prev_close,0.025231360223502707,0.29851792509513314,0.23059129680497326,0.6,0.5,weak,0.0,1.8502,,,new,15:53:38,2026-06-23 15:53:38
NTST,19.78,19.42,0.0185,1.0562,1446240,2,0.2722,0.5284,0.0272,45.1,yf_premarket,0.1536872126185903,0.2711796515121169,0.0374439786034408,0.4,0.5,weak,0.09772847332276809,1.8382,,,new,15:53:38,2026-06-23 15:53:38
ALC,65.74,65.18,0.0086,0.9369,1699360,2,0.3254,1.2506,0.0192,48.0,yf_premarket,0.13632792037716082,0.3244542359303024,0.025878270926702328,0.4,0.5,weak,0.04543053354463814,1.8345,1.9701,-0.136,steady,15:53:38,2026-06-23 15:53:38
AHCO,9.71,9.66,0.0052,1.0647,1309630,3,0.2183,0.325,0.0336,44.4,yf_premarket,0.15492404400209533,0.217204085720008,0.04669654474483157,0.6,0.5,weak,0.027469624933967245,1.8313,1.9823,-0.151,steady,15:53:38,2026-06-23 15:53:38
BVN,31.18,32.41,-0.038,0.2553,1782750,2,0.4182,1.87,0.0577,41.2,yf_premarket,0.037148594377510044,0.4173843380733026,0.08153823912100622,0.4,0.5,weak,0.0,1.8313,1.8664,-0.035,steady,15:53:38,2026-06-23 15:53:38
CNMD,33.37,32.54,0.0255,1.5185,669000,2,0.1821,1.643,0.0505,42.2,yf_premarket,0.2209562889238112,0.18095333466853594,0.0711291022119416,0.4,0.5,weak,0.1347068145800317,1.831,2.0176,-0.187,steady,15:53:38,2026-06-23 15:53:38
PRE,19.46,19.96,-0.0251,0.7477,235650,1,0.4488,1.5357,0.0769,47.8,yf_premarket,0.10879750887608405,0.4480272381333867,0.10929593754517855,0.2,0.5,weak,0.0,1.8139,,,new,15:53:38,2026-06-23 15:53:38
BSBR,5.21,5.31,-0.0188,0.7267,1879000,2,0.3659,0.13,0.0245,43.8,yf_premarket,0.10574180781095396,0.3650110154215902,0.033540552262541566,0.4,0.5,weak,0.0,1.8054,1.8708,-0.065,steady,15:53:38,2026-06-23 15:53:38
ANDG,36.96,35.93,0.0287,0.9363,305360,2,0.2092,2.2695,0.0632,42.4,yf_premarket,0.13624061463244283,0.20809132785900258,0.08948966314876393,0.4,0.5,weak,0.15161119915478077,1.7927,1.9697,-0.177,steady,15:53:38,2026-06-23 15:53:38
ENB,55.31,54.8,0.0093,0.7316,3768110,2,0.3241,0.892,0.0163,49.2,yf_premarket,0.10645480472615099,0.3231524133787302,0.02168570189388463,0.4,0.5,weak,0.0491283676703645,1.7905,1.8388,-0.048,steady,15:53:38,2026-06-23 15:53:38
BRSP,5.53,5.5,0.0055,1.2181,1446700,2,0.2833,0.1222,0.0222,44.0,yf_premarket,0.17724521273499796,0.28229521329861806,0.030215411305479258,0.4,0.5,weak,0.02905441098784997,1.7891,1.8951,-0.106,steady,15:53:38,2026-06-23 15:53:38
BLCO,15.15,14.93,0.0147,1.1358,386150,2,0.2511,0.3809,0.0255,41.7,yf_premarket,0.16526977475117863,0.25005007009813734,0.034986265722133876,0.4,0.5,weak,0.07765451664025357,1.782,1.9434,-0.161,steady,15:53:38,2026-06-23 15:53:38
ALMU,21.875,23.345,-0.063,0.9651,874500,1,0.3888,2.756,0.1181,41.5,yf_premarket,0.14043129037890692,0.38794312036851586,0.16885933208038167,0.2,0.5,weak,0.0,1.771,1.8794,-0.108,steady,15:53:38,2026-06-23 15:53:38
GNK,24.73,23.57,0.0492,1.0399,363690,1,0.216,0.6282,0.0267,42.1,yf_premarket,0.15131540655375125,0.21490086120568794,0.036721121873644645,0.2,0.5,weak,0.25990491283676703,1.765,1.7917,-0.027,steady,15:53:38,2026-06-23 15:53:38
CG,43.4,44.57,-0.0263,0.7245,2605410,2,0.3419,1.536,0.0345,47.8,yf_premarket,0.10542168674698796,0.34097736831564185,0.04799768685846465,0.4,0.5,weak,0.0,1.7641,1.8318,-0.068,steady,15:53:38,2026-06-23 15:53:38
CWH,7.295,7.35,-0.0075,0.91,2179350,1,0.4047,0.5716,0.0778,48.1,yf_premarket,0.13241371282230371,0.40386541157620665,0.11059707965881163,0.2,0.5,weak,0.0,1.7616,1.8555,-0.094,steady,15:53:38,2026-06-23 15:53:38
EBS,7.91,7.85,0.0076,1.4631,1064950,1,0.3118,0.422,0.0538,40.4,yf_premarket,0.21289505849484897,0.3108351692369317,0.07589995662859621,0.2,0.5,weak,0.040147913365029056,1.7392,1.9128,-0.174,steady,15:53:38,2026-06-23 15:53:38
GEMI,4.38,4.57,-0.0416,0.8925,1579360,2,0.2842,0.4204,0.092,42.3,yf_premarket,0.12986729526802862,0.2831964750650911,0.13112621078502243,0.4,0.5,weak,0.0,1.7268,1.8227,-0.096,steady,15:53:38,2026-06-23 15:53:38
CIM,13.255,13.12,0.0103,1.0292,793880,3,0.15,0.262,0.02,40.0,yf_premarket,0.1497584541062802,0.14880833166433005,0.02703484169437618,0.6,0.5,weak,0.054410987849973586,1.7174,1.8226,-0.105,steady,15:53:38,2026-06-23 15:53:38
BMY,55.4,54.7,0.0128,1.2153,13132140,1,0.3029,1.298,0.0237,49.0,yf_premarket,0.17683778592631397,0.30192269176847586,0.032383981494867715,0.2,0.5,weak,0.0676175382989963,1.6867,1.8081,-0.121,steady,15:53:38,2026-06-23 15:53:38
ILPT,8.62,8.37,0.0299,0.7548,556600,1,0.276,0.3598,0.043,43.3,yf_premarket,0.10983062685524708,0.2749849789705588,0.06028625126499927,0.2,0.5,weak,0.15795034337031166,1.6818,1.7769,-0.095,steady,15:53:38,2026-06-23 15:53:38
ACHV,4.935,5.1,-0.0324,1.2743,2275170,2,0.209,0.439,0.0861,46.5,yf_premarket,0.1854228508235842,0.207891047466453,0.12259650137342779,0.4,0.5,weak,0.0,1.6552,1.781,-0.126,steady,15:53:38,2026-06-23 15:53:38
MBC,8.665,8.62,0.0052,0.9516,3404410,2,0.2316,0.4961,0.0576,49.5,yf_premarket,0.1384669111227519,0.23052273182455435,0.08139366777504699,0.4,0.5,weak,0.027469624933967245,1.6506,1.7994,-0.149,steady,15:53:38,2026-06-23 15:53:38
AKAN,15.84,15.07,0.0511,0.0631,592680,1,0.2066,2.4689,0.1638,43.4,yf_premarket,0.009181654152843258,0.2054876827558582,0.2349284371837502,0.2,0.5,weak,0.2699418911780243,1.6471,1.9696,-0.322,fading,15:53:38,2026-06-23 15:53:38
EMN,70.485,71.96,-0.0205,0.8052,1025000,2,0.2521,2.0653,0.0287,42.4,yf_premarket,0.11716430941155928,0.2510514720608852,0.039612548792829265,0.4,0.5,weak,0.0,1.5977,1.6706,-0.073,steady,15:53:38,2026-06-23 15:53:38
AVA,40.39,39.71,0.0171,0.9714,1019890,2,0.1649,0.943,0.0237,45.4,yf_premarket,0.14134800069844597,0.16372922090927294,0.032383981494867715,0.4,0.5,weak,0.09033280507131537,1.5912,1.6831,-0.092,steady,15:53:38,2026-06-23 15:53:38
EQR,65.335,64.73,0.0093,0.8099,3471230,2,0.2052,1.441,0.0223,44.7,yf_premarket,0.1178482044118503,0.2040857200080112,0.030359982651438487,0.4,0.5,weak,0.0491283676703645,1.5738,1.5945,-0.021,steady,15:53:38,2026-06-23 15:53:38
ABEV,3.1299,3.14,-0.0032,0.8291,27423220,1,0.3333,0.072,0.0229,41.1,yf_premarket,0.12064198824282638,0.3323653114360104,0.03122741072719387,0.2,0.5,weak,0.0,1.5613,1.6347,-0.073,steady,15:53:38,2026-06-23 15:53:38
DFH,14.68,14.44,0.0166,0.8491,670810,2,0.1457,0.9511,0.0659,40.8,yf_premarket,0.12355217973342646,0.1445023032245143,0.09339308948966316,0.4,0.5,weak,0.08769149498151083,1.5526,1.5069,0.046,steady,15:53:38,2026-06-23 15:53:38
TIC,8.155,8.07,0.0105,0.6881,1903740,2,0.1905,0.42,0.052,48.8,yf_premarket,0.10012513823409581,0.18936511115561785,0.07329767240133005,0.4,0.5,weak,0.05546751188589541,1.5488,,,new,15:53:38,2026-06-23 15:53:38
GFI,34.105,34.63,-0.0152,1.2979,4445210,2,0.1616,1.508,0.0435,41.1,yf_premarket,0.1888568767824923,0.16042459443220505,0.061009107994795427,0.4,0.5,weak,0.0,1.5346,1.6517,-0.117,steady,15:53:38,2026-06-23 15:53:38
CIG,2.105,2.08,0.012,0.74,9037430,1,0.2778,0.055,0.0264,47.1,yf_premarket,0.10767708515220302,0.27678750250350487,0.036287407835766956,0.2,0.5,weak,0.06339144215530904,1.5283,1.7135,-0.185,steady,15:53:38,2026-06-23 15:53:38
SNY,41.795,41.78,0.0004,1.6323,3523200,1,0.2247,0.695,0.0166,44.1,yf_premarket,0.23751527850532567,0.22361305828159422,0.022119415931762327,0.2,0.5,weak,0.0021130480718436345,1.5177,,,new,15:53:38,2026-06-23 15:53:38
GCO,34.9,35.79,-0.0249,1.2065,229920,2,0.1529,2.493,0.0697,46.5,yf_premarket,0.17555730167044992,0.1517123973562988,0.09888680063611392,0.4,0.5,weak,0.0,1.5162,1.6323,-0.116,steady,15:53:38,2026-06-23 15:53:38
COLM,64.05,64.78,-0.0113,1.6517,541990,1,0.2176,2.11,0.0326,46.0,yf_premarket,0.24033816425120771,0.2165031043460845,0.04525083128523926,0.2,0.5,weak,0.0,1.5161,1.6594,-0.143,steady,15:53:38,2026-06-23 15:53:38
GEHC,63.06,60.64,0.0399,1.2445,4678920,1,0.1036,1.8595,0.0307,42.6,yf_premarket,0.18108666550259006,0.10234328059282996,0.042503975712013885,0.2,0.5,weak,0.21077654516640254,1.5137,1.6684,-0.155,steady,15:53:38,2026-06-23 15:53:38
BTI,60.735,58.9,0.0312,1.0974,4475040,1,0.1573,1.049,0.0178,41.1,yf_premarket,0.15968220708922645,0.15611856599238932,0.023854272083273096,0.2,0.5,weak,0.1648177496038035,1.5109,1.66,-0.149,steady,15:53:38,2026-06-23 15:53:38
ARR,16.71,16.55,0.0097,0.7746,3951010,2,0.1643,0.3156,0.0191,44.2,yf_premarket,0.11271171643094115,0.16312837973162425,0.025733699580743098,0.4,0.5,weak,0.05124141574220814,1.4851,1.566,-0.081,steady,15:53:38,2026-06-23 15:53:38
FLO,7.51,7.35,0.0218,0.8222,6885500,1,0.1954,0.354,0.0482,46.0,yf_premarket,0.11963797217856936,0.19427198077308228,0.06780396125487928,0.2,0.5,weak,0.11516111991547807,1.4746,1.5895,-0.115,steady,15:53:38,2026-06-23 15:53:38
KRO,6.7177,6.8,-0.0121,1.1789,290090,0,0.3333,0.33,0.0485,46.3,yf_premarket,0.1715412374134218,0.3323653114360104,0.06823767529275697,0.0,0.5,weak,0.0,1.4562,1.5647,-0.109,steady,15:53:38,2026-06-23 15:53:38
CMRE,15.44,15.25,0.0125,1.176,473810,1,0.1848,0.571,0.0374,44.5,yf_premarket,0.17111925964728478,0.1836571199679551,0.05219025589128235,0.2,0.5,weak,0.06603275224511358,1.4491,1.5109,-0.062,steady,15:53:38,2026-06-23 15:53:38
HCAI,7.5397,7.965,-0.0534,0.0509,229690,2,0.2183,1.0819,0.1358,49.7,yf_premarket,0.007406437343577208,0.217204085720008,0.19444846031516555,0.4,0.5,weak,0.0,1.4427,1.4807,-0.038,steady,15:53:38,2026-06-23 15:53:38
ATPC,3.135,3.63,-0.1364,0.0658,7870960,1,0.2946,0.6425,0.177,45.6,yf_premarket,0.009574530004074268,0.2936110554776687,0.25401185485036865,0.2,0.5,weak,0.0,1.4286,1.4781,-0.049,steady,15:53:38,2026-06-23 15:53:38
EPRT,29.9,29.46,0.0149,0.7457,2190480,2,0.1173,0.6669,0.0226,45.7,yf_premarket,0.10850648972702405,0.11606248748247547,0.030793696689316176,0.4,0.5,weak,0.07871104067617539,1.4283,1.5042,-0.076,steady,15:53:38,2026-06-23 15:53:38
BWLP,19.01,18.93,0.0042,0.9643,564880,1,0.2284,0.7154,0.0378,48.3,yf_premarket,0.14031488271928294,0.22731824554376123,0.05276854127511927,0.2,0.5,weak,0.02218700475435816,1.4248,1.5192,-0.094,steady,15:53:38,2026-06-23 15:53:38
CVGI,4.78,4.75,0.0063,1.0072,395950,2,0.101,0.363,0.0764,44.8,yf_premarket,0.1465572434666201,0.09973963548968556,0.10857308081538239,0.4,0.5,weak,0.03328050713153724,1.4235,1.5481,-0.125,steady,15:53:38,2026-06-23 15:53:38
GAMB,2.285,2.26,0.0111,0.7581,755340,2,0.1053,0.1411,0.0624,43.2,yf_premarket,0.11031080845119609,0.1040456639295013,0.08833309238109006,0.4,0.5,weak,0.05863708399366086,1.4057,1.4821,-0.076,steady,15:53:38,2026-06-23 15:53:38
CLW,15.82,15.66,0.0102,1.1557,231730,1,0.1589,0.825,0.0527,41.9,yf_premarket,0.16816541528432571,0.15772080913278588,0.07430967182304467,0.2,0.5,weak,0.05388272583201268,1.3857,1.5202,-0.135,steady,15:53:38,2026-06-23 15:53:38
FIGS,11.0109,11.16,-0.0134,0.7828,3047350,3,0.0324,0.7044,0.0631,43.7,yf_premarket,0.11390489494208719,0.031043460845183255,0.08934509180280469,0.6,0.5,weak,0.0,1.3776,1.4573,-0.08,steady,15:53:38,2026-06-23 15:53:38
CNM,46.81,47.25,-0.0093,0.7275,3642670,2,0.1384,2.4618,0.0521,44.1,yf_premarket,0.10585821547057797,0.13719206889645502,0.07344224374728929,0.4,0.5,weak,0.0,1.3699,1.4423,-0.072,steady,15:53:38,2026-06-23 15:53:38
AVD,2.55,2.55,0.0,0.9809,446320,1,0.1892,0.249,0.0976,48.4,yf_premarket,0.142730341656481,0.18806328860404564,0.13922220615873937,0.2,0.5,weak,0.0,1.3598,1.5415,-0.182,steady,15:53:38,2026-06-23 15:53:38
AMPH,19.0,18.33,0.0366,1.1509,666800,1,0.0431,0.747,0.0408,49.3,yf_premarket,0.1674669693265817,0.041758461846585215,0.0571056816538962,0.2,0.5,weak,0.19334389857369255,1.3533,1.5448,-0.192,steady,15:53:38,2026-06-23 15:53:38
AMBO,2.2,2.25,-0.0222,0.1155,531740,1,0.2727,0.2424,0.1077,44.5,yf_premarket,0.016806355858215473,0.2716803524934909,0.15382391210062168,0.2,0.5,weak,0.0,1.3455,1.3817,-0.036,steady,15:53:38,2026-06-23 15:53:38
CAG,13.5209,12.85,0.0522,0.7146,16283530,1,0.0242,0.439,0.0342,45.1,yf_premarket,0.10398114195914092,0.022831964750650913,0.04756397282058696,0.2,0.5,weak,0.27575277337559434,1.339,1.3843,-0.045,steady,15:53:38,2026-06-23 15:53:38
FLGT,18.145,17.84,0.0171,1.0943,318110,1,0.1212,0.5885,0.033,47.9,yf_premarket,0.15923112740818346,0.11996795513719206,0.045829116669076186,0.2,0.5,weak,0.09033280507131537,1.3372,1.4268,-0.09,steady,15:53:38,2026-06-23 15:53:38
EFC,13.4701,13.3,0.0128,0.8462,1344950,2,0.0577,0.185,0.0139,46.1,yf_premarket,0.12313020196728944,0.05637893050270379,0.018215989590863093,0.4,0.5,weak,0.0676175382989963,1.308,1.3828,-0.075,steady,15:53:38,2026-06-23 15:53:38
BYRN,5.62,5.6,0.0036,0.9651,298940,2,0.0495,0.367,0.0655,40.4,yf_premarket,0.14043129037890692,0.04816743440817144,0.09281480410582624,0.4,0.5,weak,0.01901743264659271,1.2819,1.4365,-0.155,steady,15:53:38,2026-06-23 15:53:38
DRS,45.9,44.99,0.0202,0.7939,933730,1,0.1097,1.986,0.0441,41.1,yf_premarket,0.11552005121937024,0.10845183256559184,0.06187653607055082,0.2,0.5,weak,0.10670892762810354,1.2812,1.3332,-0.052,steady,15:53:38,2026-06-23 15:53:38
AIRS,4.68,4.74,-0.0127,0.7583,690660,1,0.1651,0.3919,0.0827,41.1,yf_premarket,0.11033991036610209,0.16392950130182252,0.11768107561081394,0.2,0.5,weak,0.0,1.2522,1.3348,-0.083,steady,15:53:38,2026-06-23 15:53:38
AKR,21.525,21.25,0.0129,0.6294,2275660,1,0.1495,0.476,0.0224,44.9,yf_premarket,0.09158372620918456,0.1483076306829561,0.030504553997397717,0.2,0.5,weak,0.06814580031695722,1.2515,1.3641,-0.113,steady,15:53:38,2026-06-23 15:53:38
MKC,47.28,45.73,0.0339,1.1594,5171640,1,0.0023,1.373,0.03,44.8,yf_premarket,0.16870380071008673,0.0009012617664730622,0.041491976290299264,0.2,0.5,weak,0.179080824088748,1.2442,1.3968,-0.153,steady,15:53:38,2026-06-23 15:53:38
AAP,55.73,55.42,0.0056,1.1987,1653890,2,0.0014,2.741,0.0495,40.1,yf_premarket,0.1744223269891159,0.0,0.06968338875234929,0.4,0.5,weak,0.029582673005810883,1.2408,1.3069,-0.066,steady,15:53:38,2026-06-23 15:53:38
ACCO,3.87,3.82,0.0131,0.5881,933730,2,0.0357,0.114,0.0298,44.6,yf_premarket,0.0855741807810954,0.034348087322251156,0.041202833598380804,0.4,0.5,weak,0.06920232435287903,1.2215,1.3409,-0.119,steady,15:53:38,2026-06-23 15:53:38
GNL,9.155,9.08,0.0083,1.37,3027860,1,0.0709,0.1804,0.0199,44.1,yf_premarket,0.19934811710610562,0.06959743641097536,0.02689027034841695,0.2,0.5,weak,0.04384574749075541,1.2174,1.3398,-0.122,steady,15:53:38,2026-06-23 15:53:38
ASTI,5.57,5.81,-0.0413,0.3409,2234980,2,0.0473,1.201,0.2067,41.4,yf_premarket,0.04960421395727839,0.04596435009012618,0.29694954460026024,0.4,0.5,weak,0.0,1.2148,1.2943,-0.079,steady,15:53:38,2026-06-23 15:53:38
GME,21.191,21.14,0.0024,1.0979,5797400,2,0.0195,0.554,0.0262,47.4,yf_premarket,0.1597549618764915,0.01812537552573603,0.03599826514384849,0.4,0.5,weak,0.012678288431061805,1.2129,1.3366,-0.124,steady,15:53:38,2026-06-23 15:53:38
MBUU,26.19,26.37,-0.0068,1.1735,266820,2,0.0125,1.261,0.0478,40.6,yf_premarket,0.17075548571095978,0.011115561786501102,0.06722567587104236,0.4,0.5,weak,0.0,1.212,1.3801,-0.168,steady,15:53:38,2026-06-23 15:53:38
FSK,10.18,10.13,0.0049,1.4151,2977000,1,0.0581,0.2716,0.0268,41.0,yf_premarket,0.20591059891740876,0.05677949128780292,0.036865693219603875,0.2,0.5,weak,0.025884838880084523,1.1797,1.3364,-0.157,steady,15:53:38,2026-06-23 15:53:38
CMC,72.65,73.29,-0.0087,0.8938,1189810,1,0.1312,2.581,0.0352,43.5,yf_premarket,0.13005645771491764,0.12998197476467052,0.04900968628017927,0.2,0.5,weak,0.0,1.1796,1.2614,-0.082,steady,15:53:38,2026-06-23 15:53:38
APTV,61.76,63.57,-0.0285,0.9376,3107810,1,0.1207,2.866,0.0451,41.7,yf_premarket,0.13642977707933182,0.11946725415581815,0.06332224953014312,0.2,0.5,weak,0.0,1.1752,1.2631,-0.088,steady,15:53:38,2026-06-23 15:53:38
CLBK,19.78,19.78,0.0,0.9198,434320,2,0.0275,0.454,0.023,48.4,yf_premarket,0.13383970665269773,0.026136591227718806,0.0313719820731531,0.4,0.5,weak,0.0,1.1687,1.2595,-0.091,steady,15:53:38,2026-06-23 15:53:38
GGB,4.16,4.25,-0.0212,0.8728,18067130,1,0.1216,0.156,0.0367,40.3,yf_premarket,0.12700075664978755,0.1203685159222912,0.05117825646956774,0.2,0.5,weak,0.0,1.1568,1.2373,-0.081,steady,15:53:38,2026-06-23 15:53:38
CPB,21.045,20.4,0.0316,0.719,16184690,1,0.007,0.838,0.0411,43.3,yf_premarket,0.10462138408707293,0.005607850991387943,0.05753939569177389,0.2,0.5,weak,0.16693079767564714,1.1473,1.2631,-0.116,steady,15:53:38,2026-06-23 15:53:38
BIRK,42.61,43.3,-0.0159,0.7529,2747750,1,0.1134,2.4328,0.0562,46.1,yf_premarket,0.10955415866364007,0.11215701982775886,0.07936966893161775,0.2,0.5,weak,0.0,1.1283,1.2039,-0.076,steady,15:53:38,2026-06-23 15:53:38
CAL,12.33,12.67,-0.0268,0.8137,731010,1,0.0859,0.9504,0.075,41.2,yf_premarket,0.11840114079506431,0.08461846585219307,0.10654908197195316,0.2,0.5,weak,0.0,1.1001,1.1853,-0.085,steady,15:53:38,2026-06-23 15:53:38
AMH,32.305,31.64,0.021,1.0669,2591220,0,0.0916,0.6041,0.0191,46.5,yf_premarket,0.15524416506606134,0.0903264570398558,0.025733699580743098,0.0,0.5,weak,0.11093502377179082,1.0928,1.1477,-0.055,steady,15:53:38,2026-06-23 15:53:38
CRNT,2.645,2.67,-0.0094,1.1803,667800,1,0.0192,0.189,0.0708,45.0,yf_premarket,0.1717449508177638,0.017824954936911674,0.10047708544166548,0.2,0.5,weak,0.0,1.0435,1.1577,-0.114,steady,15:53:38,2026-06-23 15:53:38
CMND,2.9312,2.98,-0.0164,0.5668,520310,1,0.0496,0.4094,0.1374,46.4,yf_premarket,0.08247482684360631,0.04826757460444622,0.19676160185051322,0.2,0.5,weak,0.0,1.0186,1.0993,-0.081,steady,15:53:38,2026-06-23 15:53:38
SHOO,42.6,42.73,-0.003,1.0675,1078420,1,0.0245,1.807,0.0423,49.1,yf_premarket,0.15533147081077933,0.023132385339475266,0.05927425184328466,0.2,0.5,weak,0.0,1.0089,,,new,15:53:38,2026-06-23 15:53:38
FF,4.05,4.06,-0.0025,0.6935,275290,1,0.0282,0.164,0.0404,45.0,yf_premarket,0.10091088993655783,0.0268375726016423,0.05652739627005927,0.2,0.5,weak,0.0,0.9333,1.0484,-0.115,steady,15:53:38,2026-06-23 15:53:38
DNUT,3.435,3.5,-0.0186,0.874,3196500,0,0.0376,0.2734,0.0781,49.3,yf_premarket,0.12717536813922356,0.03625075105147206,0.11103079369668933,0.0,0.5,weak,0.0,0.8188,0.9097,-0.091,steady,15:53:38,2026-06-23 15:53:38
ORIS,2.065,,,6.8724,1451597,2,,0.0807,,,yf_premarket,1.0,,,0.4,3.0,—,,,,,new,15:53:38,2026-06-23 15:53:38
