ticker,premarket_price,yesterday_close,gap_pct,rvol,premarket_rvol,avg_volume_10d,trend_5d,breakout_score,atr_10d,volatility_score,rsi,macd_signal,price_source,norm_rvol,norm_breakout,norm_volatility,norm_trend,rsi_score,rsi_label,norm_gap,score,score_prev,score_trend,trend_dir,scan_time_utc,snapshot_utc
BWEN,5.15,4.78,0.07740581045005553,2.1881173806196696,0.0,622590,3,0.8450705786116384,0.5009999990463256,0.10481171068116184,,,yf_premarket,0.21915361770558767,0.8450705786116384,0.18941869782934534,0.6,0.5,blocked,1.0,4.7136,,,new,10:27:11,2026-06-17 10:27:11
BWEN,5.15,4.78,0.0774,2.1881,,622590,3,0.8451,0.501,0.1048,,,yf_premarket,0.21915187692800767,0.8451,0.18939733446837362,0.6,0.5,blocked,0.9999249352209899,4.7135,,,new,10:27:11,2026-06-17 10:27:11
EDSA,6.71,6.27,0.0702,0.6735,,287450,5,0.5607,1.032,0.1646,,,yf_premarket,0.06745523015904811,0.5607,0.2984882548387875,1.0,0.5,blocked,0.9069086621771769,4.2322,,,new,10:27:11,2026-06-17 10:27:11
EDSA,6.71,6.27,0.07017544185198989,0.6735084362497825,0.0,287450,5,0.5606557151509447,1.0319999694824218,0.164593297068866,,,yf_premarket,0.06745607510213758,0.5606557151509447,0.2984760269303161,1.0,0.5,blocked,0.9065913972604048,4.2316,,,new,10:27:11,2026-06-17 10:27:11
ARTV,9.4722,8.91,0.0631,1.07,,730390,4,0.7199,0.8523,0.0957,,,yf_premarket,0.1071671808020512,0.7199,0.1727965422380932,0.8,0.5,blocked,0.8151842818145281,4.2097,,,new,10:27:11,2026-06-17 10:27:11
ARTV,9.4722,8.91,0.06309766130368469,1.0699763140240146,0.0,730390,4,0.7198695672028055,0.8522999286651611,0.09565655928857393,,,yf_premarket,0.10716480850366718,0.7198695672028055,0.1727172949606515,0.8,0.5,blocked,0.8151540683679959,4.2096,,,new,10:27:11,2026-06-17 10:27:11
BCS,26.92,25.98,0.0362,1.2906,,5225760,4,0.8864,0.549,0.0211,,,yf_premarket,0.12926164817114696,0.8864,0.03670653120744311,0.8,0.5,blocked,0.4676651505813933,3.9865,,,new,10:27:11,2026-06-17 10:27:11
BCS,26.92,25.98,0.03618169647137567,1.29062566975904,0.0,5225760,4,0.8863632587035382,0.5489999771118164,0.021131639214207586,,,yf_premarket,0.12926421915779013,0.8863632587035382,0.03676424945155184,0.8,0.5,blocked,0.4674286886347007,3.9861,,,new,10:27:11,2026-06-17 10:27:11
DLX,25.0,23.56,0.06112056734717834,1.101522406032283,0.0,348790,3,0.7042253142759665,0.755000114440918,0.03204584599130926,,,yf_premarket,0.11032434658389917,0.7042253142759665,0.05667463176638513,0.6,0.5,blocked,0.7896121362441532,3.8867,,,new,10:27:11,2026-06-17 10:27:11
DLX,25.0,23.56,0.0611,1.1015,,348790,3,0.7042,0.755,0.032,,,yf_premarket,0.11032210247986858,0.7042,0.056590996626130596,0.6,0.5,blocked,0.7893464281912467,3.8862,,,new,10:27:11,2026-06-17 10:27:11
CCO,2.49,2.41,0.0332,0.5228,,10737380,3,1.0,0.014,0.0058,,,yf_premarket,0.052361684227394734,1.0,0.008795309105982698,0.6,0.5,blocked,0.42890837014647115,3.8263,,,new,10:27:11,2026-06-17 10:27:11
CCO,2.49,2.41,0.03319498395027527,0.5227532228532472,0.0,10737380,3,1.0,0.01399998664855957,0.005809122883800229,,,yf_premarket,0.052356999204083085,1.0,0.008811951644280346,0.6,0.5,blocked,0.4288435681671938,3.8262,,,new,10:27:11,2026-06-17 10:27:11
CON,28.7,28.46,0.008432920704424193,0.9972632731253421,0.0,913500,5,0.9613945927251859,0.6829992294311523,0.023998568215126415,,,yf_premarket,0.09988214345632607,0.9613945927251859,0.04199428161454292,1.0,0.5,blocked,0.10894428538882565,3.757,,,new,10:27:11,2026-06-17 10:27:11
CON,28.7,28.46,0.0084,0.9973,,913500,5,0.9614,0.683,0.024,,,yf_premarket,0.09988582188213611,0.9614,0.04199689356654345,1.0,0.5,blocked,0.10851898521778185,3.7564,,,new,10:27:11,2026-06-17 10:27:11
DB,35.63,34.88,0.021502262296957404,0.9513926580154932,0.0,3242720,4,0.9314427274289061,0.6739999771118164,0.01932339324748296,,,yf_premarket,0.09528791494886955,0.9314427274289061,0.0334655334521191,0.8,0.5,blocked,0.2777861528990939,3.7392,,,new,10:27:11,2026-06-17 10:27:11
DB,35.63,34.88,0.0215,0.9514,,3242720,4,0.9314,0.674,0.0193,,,yf_premarket,0.09528865029445935,0.9314,0.03342285801903601,0.8,0.5,blocked,0.27775692645027494,3.7391,,,new,10:27:11,2026-06-17 10:27:11
AYA,21.38,21.05,0.0157,1.3397,,476370,4,0.9238,1.255,0.0596,,,yf_premarket,0.1341793197387925,0.9238,0.10694065218170624,0.8,0.5,blocked,0.20282715094275894,3.7066,,,new,10:27:11,2026-06-17 10:27:11
AYA,21.38,21.05,0.01567699643230647,1.339714927472343,0.0,476370,4,0.9237588028883484,1.2549999237060547,0.05961995103052103,,,yf_premarket,0.13418081481835092,0.9237588028883484,0.10697704810615234,0.8,0.5,blocked,0.20252996953531963,3.7061,,,new,10:27:11,2026-06-17 10:27:11
CXW,27.91,27.88,0.0011,0.9262,,1344880,5,0.9854,1.158,0.0415,,,yf_premarket,0.09276471295220544,0.9854,0.07392149400939034,1.0,0.5,blocked,0.014210819492804767,3.6682,,,new,10:27:11,2026-06-17 10:27:11
CXW,27.91,27.88,0.0010760703061862525,0.926179287371364,0.0,1344880,5,0.9854014049779848,1.1580001831054687,0.04153515846352801,,,yf_premarket,0.09276263845312327,0.9854014049779848,0.0739856322894084,1.0,0.5,blocked,0.013901673529799992,3.6678,,,new,10:27:11,2026-06-17 10:27:11
HMN,49.58,48.71,0.0179,1.4095,,267680,4,0.8866,1.0831,0.0222,,,yf_premarket,0.1411702255518609,0.8866,0.03871322037813635,0.8,0.5,blocked,0.23124878992836848,3.6512,,,new,10:27:11,2026-06-17 10:27:11
HMN,49.58,48.71,0.01786082799998806,1.409518828451883,0.0,267680,4,0.8866008561017683,1.0830595281377575,0.02223485010253276,,,yf_premarket,0.14117211133887692,0.8866008561017683,0.038776796126636384,0.8,0.5,blocked,0.23074272972714865,3.6505,,,new,10:27:11,2026-06-17 10:27:11
GTY,34.7,33.29,0.0424,1.9902,,458990,3,0.6944,0.69,0.0207,,,yf_premarket,0.19933095629181521,0.6944,0.035976826054463756,0.6,0.5,blocked,0.5477624968135656,3.6274,,,new,10:27:11,2026-06-17 10:27:11
GTY,34.7,33.29,0.042355032913651794,1.9902394387677291,0.0,458990,3,0.6944444935017687,0.6900001525878906,0.0207269490421088,,,yf_premarket,0.1993349063306487,0.6944444935017687,0.03602598819170038,0.6,0.5,blocked,0.5471815703161004,3.6267,,,new,10:27:11,2026-06-17 10:27:11
TGTX,50.54,50.54,-0.0,0.7464,,2670640,5,0.9798,2.6279,0.052,,,yf_premarket,0.07475662032771122,0.9798,0.09307625427509846,1.0,0.5,blocked,-0.0,3.6183,,,new,10:27:11,2026-06-17 10:27:11
TGTX,50.54,50.54,-1.811490558009418e-08,0.746375400653027,0.0,2670640,5,0.9797509097785485,2.627899932861328,0.05199643619424552,,,yf_premarket,0.07475415654951995,0.9797509097785485,0.09306975295654031,1.0,0.5,blocked,0.0,3.6182,,,new,10:27:11,2026-06-17 10:27:11
AKTS,23.2,22.63,0.0252,1.8342,,298930,3,0.8415,1.7225,0.0761,,,yf_premarket,0.1837065822683386,0.8415,0.13704098974210474,0.6,0.5,blocked,0.3255569556533456,3.6154,,,new,10:27:11,2026-06-17 10:27:11
AKTS,23.2,22.63,0.02518784181934935,1.8342086776168334,0.0,298930,3,0.8414984101763372,1.7225002288818358,0.07611578845606486,,,yf_premarket,0.18370745138584524,0.8414984101763372,0.137069792036475,0.6,0.5,blocked,0.3253998850073571,3.6152,,,new,10:27:11,2026-06-17 10:27:11
BBVA,24.81,24.39,0.01722019765731594,0.7444898271891056,0.0,2088410,4,0.9153841582981758,0.4799999237060547,0.019680194166375235,,,yf_premarket,0.07456530459407731,0.9153841582981758,0.034116432124877756,0.8,0.5,blocked,0.22246647321685123,3.5934,,,new,10:27:11,2026-06-17 10:27:11
BBVA,24.81,24.39,0.0172,0.7445,,2088410,4,0.9154,0.48,0.0197,,,yf_premarket,0.07456632346460479,0.9154,0.03415256317201536,0.8,0.5,blocked,0.22220554116021998,3.593,,,new,10:27:11,2026-06-17 10:27:11
CNO,51.05,51.05,1.4944945380703575e-08,0.8484254418720438,0.0,642720,5,0.9678052492405267,0.666887131052546,0.013063411185487518,,,yf_premarket,0.0849751053515528,0.9678052492405267,0.02204568053162806,1.0,0.5,blocked,1.9307265557727722e-07,3.5741,,,new,10:27:11,2026-06-17 10:27:11
CNO,51.05,51.05,0.0,0.8484,,642720,5,0.9678,0.6669,0.0131,,,yf_premarket,0.08497255718921518,0.9678,0.02211242814785597,1.0,0.5,blocked,0.0,3.5741,,,new,10:27:11,2026-06-17 10:27:11
CGAU,17.791,17.65,0.008,0.8044,,1716810,4,0.9579,0.719,0.0407,,,yf_premarket,0.08056568246464484,0.9579,0.07246208370343162,0.8,0.5,blocked,0.10335141449312558,3.5279,,,new,10:27:11,2026-06-17 10:27:11
CGAU,17.791,17.65,0.007988690340916173,0.8043988560178471,0.0,1716810,4,0.9579284719828178,0.7190000534057617,0.04073654781561028,,,yf_premarket,0.0805655678876895,0.9579284719828178,0.07252875652688401,0.8,0.5,blocked,0.10320530583515701,3.5278,,,new,10:27:11,2026-06-17 10:27:11
BEN,33.4,33.18,0.006630491042819531,0.9220109034916143,0.0,4325220,4,0.9692735882430664,0.8430007934570313,0.025406895289435266,,,yf_premarket,0.09234514878126018,0.9692735882430664,0.0445634404225517,0.8,0.5,blocked,0.08565882850742473,3.5278,,,new,10:27:11,2026-06-17 10:27:11
BEN,33.4,33.18,0.0066,0.922,,4325220,4,0.9693,0.843,0.0254,,,yf_premarket,0.09234405672849645,0.9693,0.0445508616019712,0.8,0.5,blocked,0.0852649169568286,3.5273,,,new,10:27:11,2026-06-17 10:27:11
BIOA,20.67,20.49,0.0088,1.5772,,422470,4,0.8743,1.3198,0.0644,,,yf_premarket,0.15796642762709825,0.8743,0.11569711401745852,0.8,0.5,blocked,0.11368655594243814,3.5139,,,new,10:27:11,2026-06-17 10:27:11
BIOA,20.67,20.49,0.008784784328575657,1.5771534073425333,0.0,422470,4,0.8742856395487882,1.3198000907897949,0.06441191339836563,,,yf_premarket,0.15796176108154053,0.8742856395487882,0.11571884718790078,0.8,0.5,blocked,0.11348998579691708,3.5136,,,new,10:27:11,2026-06-17 10:27:11
IBN,28.0,28.12,-0.004267455037411367,0.8463549346964234,0.0,7968170,5,0.9366202858605029,0.405999755859375,0.014438113219858753,,,yf_premarket,0.08476773113020546,0.9366202858605029,0.0245534984273578,1.0,0.5,blocked,0.0,3.5127,,,new,10:27:11,2026-06-17 10:27:11
IBN,28.0,28.12,-0.0043,0.8464,,7968170,5,0.9366,0.406,0.0144,,,yf_premarket,0.08477224470173471,0.9366,0.024483969895038878,1.0,0.5,blocked,0.0,3.5126,,,new,10:27:11,2026-06-17 10:27:11
LNC,37.58,37.97,-0.01027129860850462,1.256801984012328,0.0,1661280,5,0.8962265441069037,0.9420001983642579,0.024809064210686217,,,yf_premarket,0.12587656584394935,0.8962265441069037,0.043472839375615725,1.0,0.5,blocked,0.0,3.503,,,new,10:27:11,2026-06-17 10:27:11
LNC,37.58,37.97,-0.0103,1.2568,,1661280,5,0.8962,0.942,0.0248,,,yf_premarket,0.12587636713272704,0.8962,0.04345630387250216,1.0,0.5,blocked,0.0,3.5029,,,new,10:27:11,2026-06-17 10:27:11
BVN,35.96,35.96,2.5459604224460932e-08,1.0552235418715485,0.0,1321900,4,0.981021742937868,1.7529998779296876,0.04874860741269106,,,yf_premarket,0.10568722626012063,0.981021742937868,0.0871448594618029,0.8,0.5,blocked,3.289107636291491e-07,3.4641,,,new,10:27:11,2026-06-17 10:27:11
BVN,35.96,35.96,0.0,1.0552,,1321900,4,0.981,1.753,0.0487,,,yf_premarket,0.10568486839469571,0.981,0.08705618676301875,0.8,0.5,blocked,0.0,3.4641,,,new,10:27:11,2026-06-17 10:27:11
AMRZ,55.95,55.62,0.0059331369013396465,1.0303850606298015,0.0,3420760,4,0.9336912858123388,1.6865005493164062,0.030321837139583287,,,yf_premarket,0.10319949727873497,0.9336912858123388,0.05352958640916896,0.8,0.5,blocked,0.07664976139185156,3.4639,,,new,10:27:11,2026-06-17 10:27:11
AMRZ,55.95,55.62,0.0059,1.0304,,3420760,4,0.9337,1.6865,0.0303,,,yf_premarket,0.10320099354993789,0.9337,0.05348974972596833,0.8,0.5,blocked,0.0762216681886801,3.4633,,,new,10:27:11,2026-06-17 10:27:11
EGO,34.73,34.65,0.0023087581702223733,0.9299147129143918,0.0,2802300,4,0.9677871848100278,1.3759998321533202,0.03971139311857267,,,yf_premarket,0.09313676464428425,0.9677871848100278,0.07065860486431068,0.8,0.5,blocked,0.029826677826880334,3.4553,,,new,10:27:11,2026-06-17 10:27:11
EGO,34.73,34.65,0.0023,0.9299,,2802300,4,0.9678,1.376,0.0397,,,yf_premarket,0.09313529105404429,0.9678,0.07063782082098322,0.8,0.5,blocked,0.029713531666773603,3.4552,,,new,10:27:11,2026-06-17 10:27:11
BTSG,64.76,64.14,0.0097,0.5187,,4589860,4,0.9308,1.9911,0.031,,,yf_premarket,0.05195104362805977,0.9308,0.054766733743682204,0.8,0.5,blocked,0.12531359007291476,3.4549,,,new,10:27:11,2026-06-17 10:27:11
BTSG,64.76,64.14,0.009666364456679892,0.5187086316358234,0.0,4589860,4,0.9308319123254933,1.9910999298095704,0.031043030071043535,,,yf_premarket,0.051951908140281174,0.9308319123254933,0.05484523190511604,0.8,0.5,blocked,0.12487905495049252,3.4543,,,new,10:27:11,2026-06-17 10:27:11
CLDX,32.1,32.32,-0.0068,1.2374,,806640,4,0.9681,1.096,0.0339,,,yf_premarket,0.12393333600416649,0.9681,0.060057096102782544,0.8,0.5,blocked,0.0,3.4521,,,new,10:27:11,2026-06-17 10:27:11
CLDX,32.1,32.32,-0.006806921315022428,1.237354953882773,0.0,806640,4,0.9680587181966143,1.0959999084472656,0.03391088857661038,,,yf_premarket,0.12392882435426995,0.9680587181966143,0.06007695972893555,0.8,0.5,blocked,0.0,3.452,,,new,10:27:11,2026-06-17 10:27:11
BRCB,7.63,7.42,0.02830187621924431,0.7480073574494175,0.0,652400,4,0.6931217118101975,0.5964998722076416,0.08039081753023031,,,yf_premarket,0.07491760721219276,0.6931217118101975,0.14486856889786276,0.8,0.5,blocked,0.36562986750853155,3.4195,,,new,10:27:11,2026-06-17 10:27:11
BRCB,7.63,7.42,0.0283,0.748,,652400,4,0.6931,0.5965,0.0804,,,yf_premarket,0.0749168703176956,0.6931,0.14488532013663283,0.8,0.5,blocked,0.3656056287694317,3.4194,,,new,10:27:11,2026-06-17 10:27:11
CNOB,32.9429,32.54,0.0124,1.0667,,451560,4,0.8478,0.713,0.0219,,,yf_premarket,0.10683666519770842,0.8478,0.03816594151340182,0.8,0.5,blocked,0.16019469246434465,3.4152,,,new,10:27:11,2026-06-17 10:27:11
CNOB,32.9429,32.54,0.012381655597323713,1.066746390291434,0.0,451560,4,0.8477695281739462,0.7130002975463867,0.021911502073933848,,,yf_premarket,0.10684131147504447,0.8477695281739462,0.03818692431995052,0.8,0.5,blocked,0.15995770246876642,3.4148,,,new,10:27:11,2026-06-17 10:27:11
CCL,30.89,30.9,-0.0003236122541657329,1.000677517578862,0.0,24456930,4,0.9545454545454546,1.2019998550415039,0.038899672164419134,,,yf_premarket,0.10022410135600156,0.9545454545454546,0.06917781245674279,0.8,0.5,blocked,0.0,3.394,,,new,10:27:11,2026-06-17 10:27:11
CCL,30.89,30.9,-0.0003,1.0007,,24456930,4,0.9545,1.202,0.0389,,,yf_premarket,0.10022635311085291,0.9545,0.0691784105150245,0.8,0.5,blocked,0.0,3.3939,,,new,10:27:11,2026-06-17 10:27:11
CNA,45.53,45.53,0.0,1.0222,,466620,4,0.9588,0.76,0.0167,,,yf_premarket,0.10237971235126797,0.9588,0.028679774524670184,0.8,0.5,blocked,0.0,3.3855,,,new,10:27:11,2026-06-17 10:27:11
CNA,45.53,45.53,2.6810963295960795e-08,1.0222450816510222,0.0,466620,4,0.9587628967337123,0.7599994659423828,0.016692279515016485,,,yf_premarket,0.10238422756009596,0.9587628967337123,0.02866569033048026,0.8,0.5,blocked,3.4636887257010255e-07,3.3854,,,new,10:27:11,2026-06-17 10:27:11
AUNA,5.26,5.27,-0.00189752959444144,0.6357477853048463,0.0,326230,4,0.9787234258414274,0.18740010261535645,0.03555979189631986,,,yf_premarket,0.06367411014230663,0.9787234258414274,0.06308499285182749,0.8,0.5,blocked,0.0,3.3845,,,new,10:27:11,2026-06-17 10:27:11
AUNA,5.26,5.27,-0.0019,0.6357,,326230,4,0.9787,0.1874,0.0356,,,yf_premarket,0.06366932414566724,0.9787,0.06315834300294482,0.8,0.5,blocked,0.0,3.3845,,,new,10:27:11,2026-06-17 10:27:11
CTO,21.11,20.92,0.0091,0.5804,,297900,4,0.9,0.3746,0.0179,,,yf_premarket,0.058130683866832254,0.9,0.030868889983608254,0.8,0.5,blocked,0.11756223398593035,3.379,,,new,10:27:11,2026-06-17 10:27:11
CTO,21.11,20.92,0.009082214293170944,0.5803961060758643,0.0,297900,4,0.8999594893490821,0.3746166867683545,0.017907107332798787,,,yf_premarket,0.05813029386601742,0.8999594893490821,0.03088185562702629,0.8,0.5,blocked,0.11733246174111248,3.3786,,,new,10:27:11,2026-06-17 10:27:11
DRH,12.02,12.02,-0.0,0.7994,,1718870,4,0.9694,0.209,0.0174,,,yf_premarket,0.08006490124594366,0.9694,0.029956758542384058,0.8,0.5,blocked,-0.0,3.3739,,,new,10:27:11,2026-06-17 10:27:11
DRH,12.02,12.02,-3.808349874110511e-08,0.7993623717907695,0.0,1718870,4,0.9693880430710243,0.2090001106262207,0.01738769572934819,,,yf_premarket,0.08006113254584847,0.9693880430710243,0.029934312318138364,0.8,0.5,blocked,0.0,3.3738,,,new,10:27:11,2026-06-17 10:27:11
ACIW,45.31,45.5,-0.0042,0.6694,,862320,4,0.9697,1.508,0.0331,,,yf_premarket,0.06704458955971315,0.9697,0.058597685796823826,0.8,0.5,blocked,0.0,3.3693,,,new,10:27:11,2026-06-17 10:27:11
ACIW,45.31,45.5,-0.004175824175824126,0.6693570832173671,0.0,862320,4,0.9696966661092329,1.5080001831054688,0.03314286116715316,,,yf_premarket,0.06704029117597121,0.9696966661092329,0.05867587583315976,0.8,0.5,blocked,0.0,3.3693,,,new,10:27:11,2026-06-17 10:27:11
SKT,40.37,40.37,0.0,1.8551,,1266520,4,0.8796,0.814,0.0202,,,yf_premarket,0.1857998477625095,0.8796,0.03506469461323956,0.8,0.5,blocked,0.0,3.3554,,,new,10:27:11,2026-06-17 10:27:11
SKT,40.37,40.37,2.645814367295993e-08,1.8550832201623346,0.0,1266520,4,0.8795620615795214,0.8139999389648438,0.02016348676001415,,,yf_premarket,0.18579816715699837,0.8795620615795214,0.03499808486481544,0.8,0.5,blocked,3.4181082168284374e-07,3.3553,,,new,10:27:11,2026-06-17 10:27:11
DAKT,21.7,20.23,0.0727,0.9034,,370270,2,0.4321,0.912,0.0451,,,yf_premarket,0.09048115059492808,0.4321,0.08048884038620455,0.4,0.5,blocked,0.9392059792062787,3.349,,,new,10:27:11,2026-06-17 10:27:11
DAKT,21.7,20.23,0.07266438413380062,0.903394819996219,0.0,370270,2,0.43205554303927607,0.9120002746582031,0.04508157663346076,,,yf_premarket,0.09048063178520681,0.43205554303927607,0.08045523132245727,0.4,0.5,blocked,0.9387458604375157,3.3482,,,new,10:27:11,2026-06-17 10:27:11
FE,47.7,47.7,-0.0,0.6483,,4578940,5,0.8671,0.853,0.0179,,,yf_premarket,0.06493129281679419,0.8671,0.030868889983608254,1.0,0.5,blocked,-0.0,3.347,,,new,10:27:11,2026-06-17 10:27:11
FE,47.7,47.7,-1.599453748595315e-08,0.648294146680236,0.0,4578940,5,0.8671103208529719,0.8529998779296875,0.017882596735562868,,,yf_premarket,0.06493070657027322,0.8671103208529719,0.030837141854262163,1.0,0.5,blocked,0.0,3.347,,,new,10:27:11,2026-06-17 10:27:11
AEG,8.55,8.65,-0.011560650050902975,0.837930238170892,0.0,5759310,4,0.9468808755664777,0.1072902632470556,0.012403499188279194,,,yf_premarket,0.08392394517155682,0.9468808755664777,0.020841827569438528,0.8,0.5,blocked,0.0,3.3301,,,new,10:27:11,2026-06-17 10:27:11
AEG,8.55,8.65,-0.0116,0.8379,,5759310,4,0.9469,0.1073,0.0124,,,yf_premarket,0.08392091662994271,0.9469,0.020835444130142093,0.8,0.5,blocked,0.0,3.3301,,,new,10:27:11,2026-06-17 10:27:11
LYG,5.63,5.56,0.0126,0.9194,,34880650,3,0.9111,0.124,0.0223,,,yf_premarket,0.09208365049477184,0.9111,0.038895646666381185,0.6,0.5,blocked,0.1627784778266728,3.3239,,,new,10:27:11,2026-06-17 10:27:11
LYG,5.63,5.56,0.012589938478572111,0.9193836697423929,0.0,34880650,3,0.9111111582061591,0.1239999771118164,0.022302154386323006,,,yf_premarket,0.0920820149175106,0.9111111582061591,0.0388995768333847,0.6,0.5,blocked,0.16264849376773213,3.3238,,,new,10:27:11,2026-06-17 10:27:11
CLDT,12.01,13.04,-0.079,0.6301,,494880,4,0.9498,0.329,0.0252,,,yf_premarket,0.06310844918072192,0.9498,0.044186009025481525,0.8,0.5,blocked,0.0,3.3164,,,new,10:27:11,2026-06-17 10:27:11
CLDT,12.01,13.04,-0.07898772736703759,0.6300517297122534,0.0,494880,4,0.9497718366420903,0.32899999618530273,0.02523006113096267,,,yf_premarket,0.06310361461001697,0.9497718366420903,0.04424084843090114,0.8,0.5,blocked,0.0,3.3163,,,new,10:27:11,2026-06-17 10:27:11
CARE,29.99,30.0,-0.0003,1.0668,,317020,4,0.9097,0.78,0.026,,,yf_premarket,0.10684668082208244,0.9097,0.045645419331440236,0.8,0.5,blocked,0.0,3.3025,,,new,10:27:11,2026-06-17 10:27:11
CARE,29.99,30.0,-0.0003333333333333854,1.0668096650053625,0.0,317020,4,0.9096570635752972,0.780000114440918,0.026000003814697265,,,yf_premarket,0.10684764883271528,0.9096570635752972,0.04564542629045087,0.8,0.5,blocked,0.0,3.3024,,,new,10:27:11,2026-06-17 10:27:11
BIRK,49.98,48.97,0.02062484692914145,0.9407984607984607,0.0,2598750,3,0.8074399957262032,2.0488002777099608,0.04183786454233916,,,yf_premarket,0.09422683995016833,0.8074399957262032,0.07453784775327507,0.6,0.5,blocked,0.2664508879788708,3.2932,,,new,10:27:11,2026-06-17 10:27:11
BIRK,49.98,48.97,0.0206,0.9408,,2598750,3,0.8074,2.0488,0.0418,,,yf_premarket,0.09422699411081285,0.8074,0.07446877287412484,0.6,0.5,blocked,0.2661298923197984,3.2926,,,new,10:27:11,2026-06-17 10:27:11
FRO,39.1236,39.42,-0.0075,0.9851,,3352600,4,0.9036,1.4995,0.038,,,yf_premarket,0.09866391570850526,0.9036,0.06753657392082095,0.8,0.5,blocked,0.0,3.289,,,new,10:27:11,2026-06-17 10:27:11
FRO,39.1236,39.42,-0.007518979774555363,0.9850862017538626,0.0,3352600,4,0.9036111702720336,1.4994767355477472,0.0380384780618539,,,yf_premarket,0.09866253372800193,0.9036111702720336,0.06760676802084957,0.8,0.5,blocked,0.0,3.289,,,new,10:27:11,2026-06-17 10:27:11
CYH,3.14,3.14,-0.0,0.8184,,1320930,4,0.9149,0.103,0.0328,,,yf_premarket,0.08196786987700813,0.9149,0.058050406932089314,0.8,0.5,blocked,-0.0,3.2818,,,new,10:27:11,2026-06-17 10:27:11
CYH,3.14,3.14,-3.340897171197513e-08,0.8184385243729796,0.0,1320930,4,0.9148937033657092,0.10300004482269287,0.03280256094954372,,,yf_premarket,0.08197172833349821,0.9148937033657092,0.058055078777285746,0.8,0.5,blocked,0.0,3.2818,,,new,10:27:11,2026-06-17 10:27:11
WAFD,37.06,36.96,0.002705652543410306,1.503571135374764,0.0,487240,4,0.8440679456476199,0.6210002899169922,0.016801956312219767,,,yf_premarket,0.1505920371153764,0.8440679456476199,0.028865769640684026,0.8,0.5,blocked,0.03495412718604725,3.2809,,,new,10:27:11,2026-06-17 10:27:11
WAFD,37.06,36.96,0.0027,1.5036,,487240,4,0.8441,0.621,0.0168,,,yf_premarket,0.150594928087817,0.8441,0.02886220081291502,0.8,0.5,blocked,0.034881102391429886,3.2808,,,new,10:27:11,2026-06-17 10:27:11
SLGN,41.66,41.66,3.662695337812718e-09,0.7184704215223874,0.0,945620,4,0.9199999295748197,1.1449996948242187,0.02748439027887671,,,yf_premarket,0.07195929865814545,0.9199999295748197,0.04835333742026224,0.8,0.5,blocked,4.73180930025401e-08,3.2721,,,new,10:27:11,2026-06-17 10:27:11
SLGN,41.66,41.66,0.0,0.7185,,945620,4,0.92,1.145,0.0275,,,yf_premarket,0.07196226112735868,0.92,0.04838181365511283,0.8,0.5,blocked,0.0,3.2721,,,new,10:27:11,2026-06-17 10:27:11
BSAC,33.3271,33.43,-0.0031,0.7562,,401350,4,0.9163,0.8,0.0239,,,yf_premarket,0.07573815151636552,0.9163,0.041814467278298614,0.8,0.5,blocked,0.0,3.2671,,,new,10:27:11,2026-06-17 10:27:11
BSAC,33.3271,33.43,-0.003078082687299535,0.7561978323159337,0.0,401350,4,0.9162682755325863,0.7999994277954101,0.023930583921399205,,,yf_premarket,0.07573793440927183,0.9162682755325863,0.041870260390906903,0.8,0.5,blocked,0.0,3.2671,,,new,10:27:11,2026-06-17 10:27:11
AQN,6.1566,6.01,0.0244,0.8116,,4503820,3,0.7778,0.11,0.0183,,,yf_premarket,0.08128680741957453,0.7778,0.031598595136587616,0.6,0.5,blocked,0.31522181420403306,3.2662,,,new,10:27:11,2026-06-17 10:27:11
AQN,6.1566,6.01,0.024392639856095164,0.8115555239774236,0.0,4503820,3,0.7777779740070748,0.10999999046325684,0.01830282633512019,,,yf_premarket,0.08128235286821676,0.7777779740070748,0.031603751114840734,0.6,0.5,blocked,0.3151267290436033,3.266,,,new,10:27:11,2026-06-17 10:27:11
CDE,18.6003,18.79,-0.0101,1.1134,,31376020,4,0.8747,0.981,0.0522,,,yf_premarket,0.11151396178037737,0.8747,0.09344110685158814,0.8,0.5,blocked,0.0,3.2634,,,new,10:27:11,2026-06-17 10:27:11
CDE,18.6003,18.79,-0.010095843868244912,1.1134394993373922,0.0,31376020,4,0.87469327769686,0.9809998512268067,0.05220861114573686,,,yf_premarket,0.1115179178856408,0.87469327769686,0.09345681584513124,0.8,0.5,blocked,0.0,3.2634,,,new,10:27:11,2026-06-17 10:27:11
BTG,4.5691,4.57,-0.0002,1.0852,,24987170,4,0.8802,0.1855,0.0406,,,yf_premarket,0.10868955570690275,0.8802,0.07227965741518677,0.8,0.5,blocked,0.0,3.2596,,,new,10:27:11,2026-06-17 10:27:11
BTG,4.5691,4.57,-0.00019697409793531534,1.0851929210070608,0.0,24987170,4,0.8801655350395332,0.185477503940209,0.040585885552118166,,,yf_premarket,0.1086888467015605,0.8801655350395332,0.07225390895180969,0.8,0.5,blocked,0.0,3.2595,,,new,10:27:11,2026-06-17 10:27:11
CIM,13.54,13.54,2.8173539077601358e-09,0.9376069546170169,0.0,584360,4,0.8947362256959723,0.23099985122680664,0.017060550360237445,,,yf_premarket,0.09390719067916117,0.8947362256959723,0.02933751316410475,0.8,0.5,blocked,3.639718893684311e-08,3.245,,,new,10:27:11,2026-06-17 10:27:11
CIM,13.54,13.54,0.0,0.9376,,584360,4,0.8947,0.231,0.0171,,,yf_premarket,0.0939064941308441,0.8947,0.029409479677649543,0.8,0.5,blocked,0.0,3.245,,,new,10:27:11,2026-06-17 10:27:11
AGNC,10.5702,10.56,0.001,0.8681,,13179710,4,0.8909,0.156,0.0148,,,yf_premarket,0.08694563519089779,0.8909,0.025213675048018237,0.8,0.5,blocked,0.012918926811640698,3.2442,,,new,10:27:11,2026-06-17 10:27:11
AGNC,10.5702,10.56,0.000965869316099025,0.8680767634492716,0.0,13179710,4,0.8909100997542989,0.15600004196166992,0.014772730659354682,,,yf_premarket,0.08694330790525936,0.8909100997542989,0.02516392860205014,0.8,0.5,blocked,0.01247799500429276,3.2435,,,new,10:27:11,2026-06-17 10:27:11
CX,13.2955,12.98,0.02430666170187821,0.7256158988918399,0.0,4367600,3,0.7599999564034599,0.4549999237060547,0.035053924480159315,,,yf_premarket,0.07267496283120066,0.7599999564034599,0.06216215770108574,0.6,0.5,blocked,0.3140159835618745,3.2311,,,new,10:27:11,2026-06-17 10:27:11
CX,13.2955,12.98,0.0243,0.7256,,4367600,3,0.76,0.455,0.0351,,,yf_premarket,0.07267337045791435,0.76,0.06224621156172061,0.6,0.5,blocked,0.3139299215228689,3.231,,,new,10:27:11,2026-06-17 10:27:11
COHU,64.25,62.41,0.0295,1.3534,,1446150,3,0.6435,4.293,0.0688,,,yf_premarket,0.13555146027803372,0.6435,0.12372387070023146,0.6,0.5,blocked,0.38110834094340057,3.2239,,,new,10:27:11,2026-06-17 10:27:11
COHU,64.25,62.41,0.029482457251827538,1.353386578155793,0.0,1446150,3,0.6434568510562946,4.292999649047852,0.06878704790168118,,,yf_premarket,0.13555011599653388,0.6434568510562946,0.12370024266801861,0.6,0.5,blocked,0.3808817074636855,3.2234,,,new,10:27:11,2026-06-17 10:27:11
CNP,42.21,43.35,-0.026297543581267818,1.1459586233606953,0.0,4647550,4,0.8658995375594128,0.8240005493164062,0.019008087158487785,,,yf_premarket,0.11477491119753767,0.8658995375594128,0.03289033225735523,0.8,0.5,blocked,0.0,3.2204,,,new,10:27:11,2026-06-17 10:27:11
CNP,42.21,43.35,-0.0263,1.146,,4647550,4,0.8659,0.824,0.019,,,yf_premarket,0.11477905532630903,0.8659,0.03287557915430148,0.8,0.5,blocked,0.0,3.2204,,,new,10:27:11,2026-06-17 10:27:11
CGON,61.0,60.28,0.011944280611870367,0.6099396725079,0.0,870250,3,0.8771710285624226,2.7875003814697266,0.04624254210215896,,,yf_premarket,0.0610892665065402,0.8771710285624226,0.08257313753480769,0.6,0.5,blocked,0.15430728704245222,3.2187,,,new,10:27:11,2026-06-17 10:27:11
CGON,61.0,60.28,0.0119,0.6099,,870250,3,0.8772,2.7875,0.0462,,,yf_premarket,0.06108529305716918,0.8772,0.08249552955689778,0.6,0.5,blocked,0.1537352290585243,3.2179,,,new,10:27:11,2026-06-17 10:27:11
AGI,38.0,38.42,-0.010931759212960995,0.6574178706008941,0.0,4442380,4,0.8855400278709802,1.5917745625074111,0.04143088595444115,,,yf_premarket,0.06584450448708926,0.8855400278709802,0.07379541182142148,0.8,0.5,blocked,0.0,3.2067,,,new,10:27:11,2026-06-17 10:27:11
AGI,38.0,38.42,-0.0109,0.6574,,4442380,4,0.8855,1.5918,0.0414,,,yf_premarket,0.06584271463483032,0.8855,0.07373906772114548,0.8,0.5,blocked,0.0,3.2066,,,new,10:27:11,2026-06-17 10:27:11
DRD,25.42,25.4,0.0008,0.7332,,317360,4,0.8729,0.885,0.0348,,,yf_premarket,0.07343455791034012,0.8729,0.06169893269698609,0.8,0.5,blocked,0.010335141449312558,3.2023,,,new,10:27:11,2026-06-17 10:27:11
DRD,25.42,25.4,0.0007874166051221994,0.7332367027980842,0.0,317360,4,0.8728605285174259,0.8850000381469727,0.03484252171017086,,,yf_premarket,0.07343823392473099,0.8728605285174259,0.06177650347454903,0.8,0.5,blocked,0.010172577491844277,3.202,,,new,10:27:11,2026-06-17 10:27:11
CLAR,3.08,3.08,2.4770762101757612e-08,3.4801334781933884,0.0,257720,4,0.6749997913837931,0.09400010108947754,0.030519514096731065,,,yf_premarket,0.34855709689048797,0.6749997913837931,0.053890201144809,0.8,0.5,blocked,3.200116626611697e-07,3.1998,,,new,10:27:11,2026-06-17 10:27:11
CLAR,3.08,3.08,0.0,3.4801,,257720,4,0.675,0.094,0.0305,,,yf_premarket,0.348553743840391,0.675,0.053854602302458005,0.8,0.5,blocked,0.0,3.1998,,,new,10:27:11,2026-06-17 10:27:11
ABUS,4.4,4.39,0.0023,0.8847,,1248140,3,0.9429,0.149,0.0339,,,yf_premarket,0.0886082288369857,0.9429,0.060057096102782544,0.6,0.5,blocked,0.029713531666773603,3.1933,,,new,10:27:11,2026-06-17 10:27:11
ABUS,4.4,4.39,0.002277934810601768,0.8846763984809396,0.0,1248140,3,0.9428571817826358,0.14900002479553223,0.03394078116790784,,,yf_premarket,0.08860586499749004,0.9428571817826358,0.0601314916736997,0.6,0.5,blocked,0.029428473099852855,3.1928,,,new,10:27:11,2026-06-17 10:27:11
DX,13.2094,13.21,-0.0,1.573,,3833470,4,0.8197,0.194,0.0147,,,yf_premarket,0.15754577140338927,0.8197,0.025031248759773396,0.8,0.5,blocked,-0.0,3.1882,,,new,10:27:11,2026-06-17 10:27:11
DX,13.2094,13.21,-4.54230238636965e-05,1.5729613118141006,0.0,3833470,4,0.8196725924791012,0.1939999580383301,0.014685840838615422,,,yf_premarket,0.15754189654001247,0.8196725924791012,0.025005418727212916,0.8,0.5,blocked,0.0,3.1882,,,new,10:27:11,2026-06-17 10:27:11
AAL,15.7,15.71,-0.0006365396640796503,1.059977127967665,0.0,126862360,4,0.8405314088334949,0.6189999580383301,0.0394016522301258,,,yf_premarket,0.10616332758780347,0.8405314088334949,0.07009355605834047,0.8,0.5,blocked,0.0,3.1754,,,new,10:27:11,2026-06-17 10:27:11
AAL,15.7,15.71,-0.0006,1.06,,126862360,4,0.8405,0.619,0.0394,,,yf_premarket,0.10616561836464884,0.8405,0.0700905419562487,0.8,0.5,blocked,0.0,3.1753,,,new,10:27:11,2026-06-17 10:27:11
CART,44.1,44.21,-0.002488104201551284,1.0605208964858754,0.0,4074130,3,0.9384475916361139,1.8762001037597655,0.042438365587270974,,,yf_premarket,0.10621778940005161,0.9384475916361139,0.07563331952041566,0.6,0.5,blocked,0.0,3.174,,,new,10:27:11,2026-06-17 10:27:11
CART,44.1,44.21,-0.0025,1.0605,,4074130,3,0.9384,1.8762,0.0424,,,yf_premarket,0.10621569648651896,0.9384,0.07556333060359388,0.6,0.5,blocked,0.0,3.1739,,,new,10:27:11,2026-06-17 10:27:11
CELH,30.11,30.01,0.0033322149402026,1.0739880241421866,0.0,10080280,4,0.7987423496133721,1.5299997329711914,0.05098299637794434,,,yf_premarket,0.10756660632007797,0.7987423496133721,0.09122097231606674,0.8,0.5,blocked,0.04304864093313307,3.169,,,new,10:27:11,2026-06-17 10:27:11
CELH,30.11,30.01,0.0033,1.074,,10080280,4,0.7987,1.53,0.051,,,yf_premarket,0.10756780577701214,0.7987,0.09125199139265006,0.8,0.5,blocked,0.0426324584784143,3.1683,,,new,10:27:11,2026-06-17 10:27:11
CMS,74.03,74.03,0.0,0.5217,,4211860,4,0.8857,1.551,0.021,,,yf_premarket,0.05225151235928048,0.8857,0.036524104919198275,0.8,0.5,blocked,0.0,3.168,,,new,10:27:11,2026-06-17 10:27:11
CMS,74.03,74.03,1.648930361023116e-08,0.5217409885418793,0.0,4211860,4,0.8856658533854458,1.5510009765625,0.020950979361575386,,,yf_premarket,0.052255617617671495,0.8856658533854458,0.03643467838804633,0.8,0.5,blocked,2.1302410651549907e-07,3.1679,,,new,10:27:11,2026-06-17 10:27:11
DHT,18.4,18.41,-0.0005,1.6891,,2831290,3,0.8911,0.633,0.0344,,,yf_premarket,0.16917391130163054,0.8911,0.060969227544006736,0.6,0.5,blocked,0.0,3.1664,,,new,10:27:11,2026-06-17 10:27:11
DHT,18.4,18.41,-0.0005431747688752139,1.6890533996870685,0.0,2831290,3,0.8910503035430675,0.6329999923706054,0.03438348710576367,,,yf_premarket,0.1691692439893302,0.8910503035430675,0.06093910368396961,0.6,0.5,blocked,0.0,3.1663,,,new,10:27:11,2026-06-17 10:27:11
BBAR,20.5,20.58,-0.0039,1.4848,,740190,3,0.8963,0.8802,0.0428,,,yf_premarket,0.14871199070550056,0.8963,0.07629303575657323,0.6,0.5,blocked,0.0,3.1538,,,new,10:27:11,2026-06-17 10:27:11
BBAR,20.5,20.58,-0.003887265500613679,1.4847539145354571,0.0,740190,3,0.8962995599070869,0.880214066044282,0.042770362940106985,,,yf_premarket,0.14870737495848094,0.8962995599070869,0.07623896996826551,0.6,0.5,blocked,0.0,3.1538,,,new,10:27:11,2026-06-17 10:27:11
CBSH,54.909,55.25,-0.006171945701357486,0.8502155330949964,0.0,1359420,4,0.8554304212492644,0.9400985629395258,0.017015358605240286,,,yf_premarket,0.08515439416439609,0.8554304212492644,0.029255071522870733,0.8,0.5,blocked,0.0,3.1532,,,new,10:27:11,2026-06-17 10:27:11
CBSH,54.909,55.25,-0.0062,0.8502,,1359420,4,0.8554,0.9401,0.017,,,yf_premarket,0.08515283842794759,0.8554,0.029227053389404702,0.8,0.5,blocked,0.0,3.1531,,,new,10:27:11,2026-06-17 10:27:11
BJRI,51.4,51.78,-0.0073,0.7601,,422170,4,0.8436,2.067,0.0399,,,yf_premarket,0.07612876086695244,0.8436,0.07100267339747289,0.8,0.5,blocked,0.0,3.1369,,,new,10:27:11,2026-06-17 10:27:11
BJRI,51.4,51.78,-0.007338717424783154,0.7601203306724779,0.0,422170,4,0.8436103472056743,2.066999816894531,0.039918885006250265,,,yf_premarket,0.07613079711074054,0.8436103472056743,0.07103712461341007,0.8,0.5,blocked,0.0,3.1369,,,new,10:27:11,2026-06-17 10:27:11
FCX,70.29,70.15,0.002,0.6433,,13995160,4,0.8296,3.081,0.0439,,,yf_premarket,0.06443051159809302,0.8296,0.07829972492726647,0.8,0.5,blocked,0.025837853623281396,3.1338,,,new,10:27:11,2026-06-17 10:27:11
FCX,70.29,70.15,0.0019957016546814105,0.6433081150912172,0.0,13995160,4,0.8295570327436399,3.080998992919922,0.04392015575057851,,,yf_premarket,0.06443132437514694,0.8295570327436399,0.07833649431491474,0.8,0.5,blocked,0.025782323614699378,3.1336,,,new,10:27:11,2026-06-17 10:27:11
ACIC,10.56,10.56,-3.973642822417625e-08,0.8306949113816627,0.0,306370,3,0.9375008940705243,0.2479999542236328,0.023484843216761402,,,yf_premarket,0.08319928201811452,0.9375008940705243,0.04105711216823977,0.6,0.5,blocked,0.0,3.1203,,,new,10:27:11,2026-06-17 10:27:11
ACIC,10.56,10.56,-0.0,0.8307,,306370,3,0.9375,0.248,0.0235,,,yf_premarket,0.08319979167501301,0.9375,0.04108476212531926,0.6,0.5,blocked,-0.0,3.1203,,,new,10:27:11,2026-06-17 10:27:11
CMG,32.58,32.61,-0.0009199819009522175,0.6649556748218101,0.0,22435330,4,0.844731945234766,1.0930002212524415,0.03351733213109737,,,yf_premarket,0.0665994626439055,0.844731945234766,0.05935900931323785,0.8,0.5,blocked,0.0,3.119,,,new,10:27:11,2026-06-17 10:27:11
CMG,32.58,32.61,-0.0009,0.665,,22435330,4,0.8447,1.093,0.0335,,,yf_premarket,0.06660390208725611,0.8447,0.05932739094980319,0.8,0.5,blocked,0.0,3.119,,,new,10:27:11,2026-06-17 10:27:11
AMN,31.85,31.88,-0.0009410025582283851,0.8697881396923672,0.0,1033700,4,0.8217266657953431,1.5839998245239257,0.04968631951763942,,,yf_premarket,0.0871147129213941,0.8217266657953431,0.08885549284928275,0.8,0.5,blocked,0.0,3.1186,,,new,10:27:11,2026-06-17 10:27:11
AMN,31.85,31.88,-0.0009,0.8698,,1033700,4,0.8217,1.584,0.0497,,,yf_premarket,0.08711590080525619,0.8217,0.08888044964546715,0.8,0.5,blocked,0.0,3.1185,,,new,10:27:11,2026-06-17 10:27:11
CENTA,37.76,37.76,4.4450923450605915e-08,1.0698880945917413,0.0,331530,4,0.816849786139372,0.8930004119873047,0.023649376368696975,,,yf_premarket,0.10715597277670579,0.816849786139372,0.041357263890248075,0.8,0.5,blocked,5.74258226768221e-07,3.1151,,,new,10:27:11,2026-06-17 10:27:11
CENTA,37.76,37.76,0.0,1.0699,,331530,4,0.8168,0.893,0.0236,,,yf_premarket,0.10715716517767718,0.8168,0.041267188413564096,0.8,0.5,blocked,0.0,3.115,,,new,10:27:11,2026-06-17 10:27:11
BKD,13.76,13.75,0.0007272727272727117,1.2512994239729964,0.0,4906020,4,0.7876447265127335,0.5590002059936523,0.04065456043590199,,,yf_premarket,0.12532545009945478,0.7876447265127335,0.07237918999325298,0.8,0.5,blocked,0.009395583135738487,3.1136,,,new,10:27:11,2026-06-17 10:27:11
BKD,13.76,13.75,0.0007,1.2513,,4906020,4,0.7876,0.559,0.0407,,,yf_premarket,0.12532550779215576,0.7876,0.07246208370343162,0.8,0.5,blocked,0.009043248768148488,3.113,,,new,10:27:11,2026-06-17 10:27:11
EYPT,12.88,12.88,-8.885164298938404e-09,1.2992539619476449,0.0,1132650,4,0.7783251879513805,0.7559999465942383,0.058695647505982496,,,yf_premarket,0.13012839649329402,0.7783251879513805,0.10529087549422048,0.8,0.5,blocked,0.0,3.1045,,,new,10:27:11,2026-06-17 10:27:11
EYPT,12.88,12.88,-0.0,1.2993,,1132650,4,0.7783,0.756,0.0587,,,yf_premarket,0.13013300749168702,0.7783,0.10529881558750269,0.8,0.5,blocked,-0.0,3.1044,,,new,10:27:11,2026-06-17 10:27:11
ASRT,23.5,23.5,0.0,0.0,0.0,340630,3,1.0,0.02299957275390625,0.0009787052235704786,,,prev_close,0.0,1.0,0.0,0.6,0.5,blocked,0.0,3.1,,,new,10:27:11,2026-06-17 10:27:11
ASRT,23.5,23.5,0.0,0.0,,340630,3,1.0,0.023,0.001,,,prev_close,0.0,1.0,3.884727023041283e-05,0.6,0.5,blocked,0.0,3.1,,,new,10:27:11,2026-06-17 10:27:11
BHRB,66.63,66.38,0.0038,0.8212,,221020,4,0.7812,1.498,0.0226,,,yf_premarket,0.08224830735948079,0.7812,0.0394429255311157,0.8,0.5,blocked,0.04909192188423465,3.0791,,,new,10:27:11,2026-06-17 10:27:11
BHRB,66.63,66.38,0.0037662361694230685,0.8211926522486653,0.0,221020,4,0.7811955713012286,1.4979984283447265,0.022567015521646368,,,yf_premarket,0.08224757143630716,0.7811955713012286,0.039382753171558246,0.8,0.5,blocked,0.04865572942813064,3.0784,,,new,10:27:11,2026-06-17 10:27:11
ATEC,8.25,8.44,-0.022511799742846905,0.8403148744152096,0.0,2411120,3,0.9051719141348059,0.3670001983642578,0.043483437987042003,,,yf_premarket,0.08416278138047449,0.9051719141348059,0.07753980630878922,0.6,0.5,blocked,0.0,3.0754,,,new,10:27:11,2026-06-17 10:27:11
ATEC,8.25,8.44,-0.0225,0.8403,,2411120,3,0.9052,0.367,0.0435,,,yf_premarket,0.08416129161491927,0.9052,0.07757001977428711,0.6,0.5,blocked,0.0,3.0754,,,new,10:27:11,2026-06-17 10:27:11
AUGO,66.37,66.37,-4.1382882522842326e-08,0.9517698641856486,0.0,935100,4,0.7887367684980555,3.9979999542236326,0.060238056181631305,,,yf_premarket,0.09532569450198795,0.7887367684980555,0.10810463439077299,0.8,0.5,blocked,0.0,3.0745,,,new,10:27:11,2026-06-17 10:27:11
AUGO,66.37,66.37,-0.0,0.9518,,935100,4,0.7887,3.998,0.0602,,,yf_premarket,0.09532871279195544,0.7887,0.10803520991117527,0.8,0.5,blocked,-0.0,3.0744,,,new,10:27:11,2026-06-17 10:27:11
ASB,29.35,29.34,0.000340826426724772,0.9876017319488434,0.0,1995440,4,0.7993529825332444,0.5639999389648438,0.01922290170523728,,,yf_premarket,0.09891447978334635,0.7993529825332444,0.033282210461600306,0.8,0.5,blocked,0.004403111662330351,3.0703,,,new,10:27:11,2026-06-17 10:27:11
ASB,29.35,29.34,0.0003,0.9876,,1995440,4,0.7994,0.564,0.0192,,,yf_premarket,0.09891430631785585,0.7994,0.033240431730791165,0.8,0.5,blocked,0.003875678043492209,3.0696,,,new,10:27:11,2026-06-17 10:27:11
CFFN,8.17,8.17,-9.33830412130945e-09,1.0041293773604314,0.0,680490,4,0.7916671357774335,0.14499983787536622,0.017747838007504728,,,yf_premarket,0.10056982666564153,0.7916671357774335,0.03059130650857974,0.8,0.5,blocked,0.0,3.0495,,,new,10:27:11,2026-06-17 10:27:11
CFFN,8.17,8.17,-0.0,1.0041,,680490,4,0.7917,0.145,0.0177,,,yf_premarket,0.10056688433956971,0.7917,0.030504037407118576,0.8,0.5,blocked,-0.0,3.0495,,,new,10:27:11,2026-06-17 10:27:11
BCH,40.45,40.62,-0.004185104292342108,0.7906180355492743,0.0,367940,4,0.802344921626148,1.2,0.02954209826574016,,,yf_premarket,0.07918533267389871,0.802344921626148,0.05210713772361483,0.8,0.5,blocked,0.0,3.0495,,,new,10:27:11,2026-06-17 10:27:11
BCH,40.45,40.62,-0.0042,0.7906,,367940,4,0.8023,1.2,0.0295,,,yf_premarket,0.0791835263010296,0.8023,0.05203033942000961,0.8,0.5,blocked,0.0,3.0494,,,new,10:27:11,2026-06-17 10:27:11
BCAX,21.95,21.95,-0.0,0.8193,,471480,3,0.891,1.0459,0.0476,,,yf_premarket,0.08205801049637435,0.891,0.08504949759232554,0.6,0.5,blocked,-0.0,3.0476,,,new,10:27:11,2026-06-17 10:27:11
BCAX,21.95,21.95,-3.475806047003403e-08,0.8193348604394672,0.0,471480,3,0.8909661763412646,1.0458997726440429,0.04764919071938931,,,yf_premarket,0.08206150198704651,0.8909661763412646,0.08513923439586839,0.6,0.5,blocked,0.0,3.0476,,,new,10:27:11,2026-06-17 10:27:11
MTA,7.68,7.68,0.0,0.701,,565460,4,0.7958,0.399,0.052,,,yf_premarket,0.07020952686190456,0.7958,0.09307625427509846,0.8,0.5,blocked,0.0,3.0435,,,new,10:27:11,2026-06-17 10:27:11
MTA,7.68,7.68,2.235174225336442e-08,0.701022176634952,0.0,565460,4,0.7957746171449871,0.3989999771118164,0.05195312318101056,,,yf_premarket,0.07021174799036016,0.7957746171449871,0.09299073863416876,0.8,0.5,blocked,2.8876052228387186e-07,3.0434,,,new,10:27:11,2026-06-17 10:27:11
AOS,60.28,60.24,0.0007,0.7852,,1709350,4,0.7946,1.372,0.0228,,,yf_premarket,0.07864268258483233,0.7946,0.039807778107605385,0.8,0.5,blocked,0.009043248768148488,3.0406,,,new,10:27:11,2026-06-17 10:27:11
AOS,60.28,60.24,0.000663982742674822,0.785210752625267,0.0,1709350,4,0.7946062393255742,1.3719993591308595,0.02277555313583748,,,yf_premarket,0.07864375952738942,0.7946062393255742,0.03976318060072144,0.8,0.5,blocked,0.008577944456808482,3.0399,,,new,10:27:11,2026-06-17 10:27:11
MAN,33.53,34.21,-0.019877202650417352,0.9817084436780193,0.0,811850,3,0.8776367878328906,1.3120002746582031,0.038351368306633424,,,yf_premarket,0.09832423016686223,0.8776367878328906,0.06817756208068106,0.6,0.5,blocked,0.0,3.0368,,,new,10:27:11,2026-06-17 10:27:11
MAN,33.53,34.21,-0.0199,0.9817,,811850,3,0.8776,1.312,0.0384,,,yf_premarket,0.09832338447978846,0.8776,0.0682662790738003,0.6,0.5,blocked,0.0,3.0368,,,new,10:27:11,2026-06-17 10:27:11
ALK,49.23,49.11,0.002443481738078833,0.7610455637369368,0.0,3575870,4,0.7659158076435929,2.3390003204345704,0.04762778031693912,,,yf_premarket,0.076223464979061,0.7659158076435929,0.08510017619338021,0.8,0.5,blocked,0.03156716173982105,3.0361,,,new,10:27:11,2026-06-17 10:27:11
ALK,49.23,49.11,0.0024,0.761,,3575870,4,0.7659,2.339,0.0476,,,yf_premarket,0.07621890148631866,0.7659,0.08504949759232554,0.8,0.5,blocked,0.031005424347937672,3.0352,,,new,10:27:11,2026-06-17 10:27:11
KEY,22.75,22.75,0.0,0.7490979792372832,0.0,13547360,3,0.8981484588445352,0.45800018310546875,0.020131876180460164,,,yf_premarket,0.07502683979380664,0.8981484588445352,0.03494041885784242,0.6,0.5,blocked,0.0,3.0263,,,new,10:27:11,2026-06-17 10:27:11
KEY,22.75,22.75,0.0,0.7491,,13547360,3,0.8981,0.458,0.0201,,,yf_premarket,0.07502704218580986,0.8981,0.03488226832499472,0.6,0.5,blocked,0.0,3.0262,,,new,10:27:11,2026-06-17 10:27:11
BOBS,14.15,13.9,0.018,0.7027,,721520,3,0.7022,0.901,0.0648,,,yf_premarket,0.07037979247626297,0.7022,0.11642681917043787,0.6,0.5,blocked,0.23254068260953253,3.017,,,new,10:27:11,2026-06-17 10:27:11
BOBS,14.15,13.9,0.01798563944825208,0.7026832243042466,0.0,721520,3,0.7021941680583135,0.9010001182556152,0.06482015417140588,,,yf_premarket,0.07037811228559017,0.7021941680583135,0.11646358567726013,0.6,0.5,blocked,0.23235515969252638,3.0167,,,new,10:27:11,2026-06-17 10:27:11
BCRX,9.0041,8.92,0.009428242487302264,1.0021078714422662,0.0,3567580,3,0.7678569147781217,0.32600011825561526,0.0365470981465575,,,yf_premarket,0.10036736022617945,0.7678569147781217,0.06488609899774533,0.6,0.5,blocked,0.1218027746558592,3.0014,,,new,10:27:11,2026-06-17 10:27:11
AG,19.271,19.42,-0.0077,0.6958,,13376030,4,0.7724,1.122,0.0578,,,yf_premarket,0.06968871439445534,0.7724,0.10365697899329913,0.8,0.5,blocked,0.0,3.0012,,,new,10:27:11,2026-06-17 10:27:11
AG,19.271,19.42,-0.007672506473150295,0.6957520280681189,0.0,13376030,4,0.7723576006567171,1.1220002174377441,0.05777550015601562,,,yf_premarket,0.06968390970595317,0.7723576006567171,0.10361228483729265,0.8,0.5,blocked,0.0,3.001,,,new,10:27:11,2026-06-17 10:27:11
BCRX,9.0041,8.92,0.0094,1.0021,,3567580,3,0.7679,0.326,0.0365,,,yf_premarket,0.10036657185208925,0.7679,0.06480017959714836,0.6,0.5,blocked,0.12143791202942256,3.0009,,,new,10:27:11,2026-06-17 10:27:11
WTRG,36.94,37.91,-0.0256,0.9625,,1628520,4,0.7667,0.878,0.0232,,,yf_premarket,0.09640038459997596,0.7667,0.040537483260584734,0.8,0.5,blocked,0.0,2.9983,,,new,10:27:11,2026-06-17 10:27:11
WTRG,36.94,37.91,-0.025586912458885905,0.9625303956967062,0.0,1628520,4,0.7666659602424448,0.8780006408691406,0.023160133062598166,,,yf_premarket,0.09640342891878391,0.7666659602424448,0.04046475548644568,0.8,0.5,blocked,0.0,2.9982,,,new,10:27:11,2026-06-17 10:27:11
FBP,25.34,25.35,-0.0003944923597333259,0.9006561442645016,0.0,1604830,4,0.7733332316080729,0.42499961853027346,0.016765270695654054,,,yf_premarket,0.09020633631109545,0.7733332316080729,0.02879884543206346,0.8,0.5,blocked,0.0,2.9964,,,new,10:27:11,2026-06-17 10:27:11
FBP,25.34,25.35,-0.0004,0.9007,,1604830,4,0.7733,0.425,0.0168,,,yf_premarket,0.09021072873682943,0.7733,0.02886220081291502,0.8,0.5,blocked,0.0,2.9963,,,new,10:27:11,2026-06-17 10:27:11
HOMB,28.0,28.0,0.0,0.9415620669044382,0.0,1522470,4,0.7695475738214471,0.4590000152587891,0.016392857687813896,,,yf_premarket,0.09430331986944014,0.7695475738214471,0.0281194662049197,0.8,0.5,blocked,0.0,2.9946,,,new,10:27:11,2026-06-17 10:27:11
HOMB,28.0,28.0,0.0,0.9416,,1522470,4,0.7695,0.459,0.0164,,,yf_premarket,0.09430711910580505,0.7695,0.02813249565993567,0.8,0.5,blocked,0.0,2.9945,,,new,10:27:11,2026-06-17 10:27:11
ECO,51.88,52.0,-0.0023,1.0851,,345300,4,0.7487,1.8032,0.0347,,,yf_premarket,0.10867954008252872,0.7487,0.06151650640874126,0.8,0.5,blocked,0.0,2.9912,,,new,10:27:11,2026-06-17 10:27:11
ECO,51.88,52.0,-0.0023076923076922585,1.0851433536055604,0.0,345300,4,0.7486807195699487,1.8032005310058594,0.03467693328857422,,,yf_premarket,0.10868388221681426,0.7486807195699487,0.06147442666326706,0.8,0.5,blocked,0.0,2.9911,,,new,10:27:11,2026-06-17 10:27:11
BTI,60.47,61.38,-0.014825693259688607,0.9421710501427532,0.0,4493770,4,0.7658227389677627,1.2190006256103516,0.019859899061545956,,,yf_premarket,0.09436431334309053,0.7658227389677627,0.03444426109493198,0.8,0.5,blocked,0.0,2.9904,,,new,10:27:11,2026-06-17 10:27:11
BTI,60.47,61.38,-0.0148,0.9422,,4493770,4,0.7658,1.219,0.0199,,,yf_premarket,0.09436721285204919,0.7658,0.034517415748505045,0.8,0.5,blocked,0.0,2.9904,,,new,10:27:11,2026-06-17 10:27:11
HBAN,17.2163,17.32,-0.006,0.8554,,24447170,4,0.7701,0.353,0.0204,,,yf_premarket,0.08567365089539682,0.7701,0.03542954718972924,0.8,0.5,blocked,0.0,2.9864,,,new,10:27:11,2026-06-17 10:27:11
HBAN,17.2163,17.32,-0.005987280407124211,0.8553505375059772,0.0,24447170,4,0.7700532986678648,0.3529994010925293,0.02038102813581556,,,yf_premarket,0.08566869691778947,0.7700532986678648,0.03539493752208671,0.8,0.5,blocked,0.0,2.9863,,,new,10:27:11,2026-06-17 10:27:11
HBNC,19.47,19.43,0.0021,1.1916,,524320,4,0.7207,0.389,0.02,,,yf_premarket,0.11934618004086374,0.7207,0.03469984203674988,0.8,0.5,blocked,0.02712974630444546,2.9785,,,new,10:27:11,2026-06-17 10:27:11
HBNC,19.47,19.43,0.0020586564177028067,1.1916386939273726,0.0,524320,4,0.7206705339294771,0.38900012969970704,0.020020593082342095,,,yf_premarket,0.11935005547928494,0.7206705339294771,0.034737409232501765,0.8,0.5,blocked,0.02659563159061698,2.9776,,,new,10:27:11,2026-06-17 10:27:11
CRI,42.54,41.1,0.03503653477713905,0.5684472623661986,0.0,779140,2,0.6392689715877619,1.5270000457763673,0.03715328716466629,,,yf_premarket,0.056933542563018164,0.6392689715877619,0.06599194712322902,0.4,0.5,blocked,0.45263442851936336,2.9759,,,new,10:27:11,2026-06-17 10:27:11
CRI,42.54,41.1,0.035,0.5684,,779140,2,0.6393,1.527,0.0372,,,yf_premarket,0.05692880894194944,0.6393,0.06607716361486224,0.4,0.5,blocked,0.4521624384074244,2.9753,,,new,10:27:11,2026-06-17 10:27:11
FDUS,18.34,18.34,-8.319950354284889e-09,1.285271624472574,0.0,303360,3,0.8329375367063845,0.3455057736774105,0.018838918800589945,,,yf_premarket,0.1287279780930826,0.8329375367063845,0.03258172470115746,0.6,0.5,blocked,0.0,2.9753,,,new,10:27:11,2026-06-17 10:27:11
FDUS,18.34,18.34,-0.0,1.2853,,303360,3,0.8329,0.3455,0.0188,,,yf_premarket,0.12873082007932374,0.8329,0.03251072657781181,0.6,0.5,blocked,-0.0,2.9752,,,new,10:27:11,2026-06-17 10:27:11
EFC,13.68,13.67,0.000731523310186072,1.2630432289875015,0.0,1046520,4,0.7272727272727273,0.17599992752075194,0.012874903184965236,,,yf_premarket,0.12650166549692535,0.7272727272727273,0.021701792383230698,0.8,0.5,blocked,0.009450496105303,2.9693,,,new,10:27:11,2026-06-17 10:27:11
EFC,13.68,13.67,0.0007,1.263,,1046520,4,0.7273,0.176,0.0129,,,yf_premarket,0.12649733584391648,0.7273,0.02174757557136629,0.8,0.5,blocked,0.009043248768148488,2.9688,,,new,10:27:11,2026-06-17 10:27:11
CNK,33.4997,33.02,0.014527544990494941,0.7904482913020711,0.0,2635340,3,0.7166322730382805,1.1030006408691406,0.0334040165226528,,,yf_premarket,0.07916833172770231,0.7166322730382805,0.059152291854750357,0.6,0.5,blocked,0.1876802904850216,2.9631,,,new,10:27:11,2026-06-17 10:27:11
BANC,20.0,19.99,0.0005,1.1176,,2422590,4,0.7328,0.455,0.0228,,,yf_premarket,0.11193461800408636,0.7328,0.039807778107605385,0.8,0.5,blocked,0.006459463405820349,2.9631,,,new,10:27:11,2026-06-17 10:27:11
BANC,20.0,19.99,0.00050026158060714,1.1175642597385442,0.0,2422590,4,0.73277572612862,0.4550013317922151,0.02276144757388179,,,yf_premarket,0.11193103839374866,0.73277572612862,0.039737448347609595,0.8,0.5,blocked,0.006462842746539334,2.963,,,new,10:27:11,2026-06-17 10:27:11
CNK,33.4997,33.02,0.0145,0.7904,,2635340,3,0.7166,1.103,0.0334,,,yf_premarket,0.07916349505228155,0.7166,0.059144964661558344,0.6,0.5,blocked,0.18732443876879012,2.9625,,,new,10:27:11,2026-06-17 10:27:11
ASH,65.19,64.56,0.0098,0.474,,1183340,3,0.784,2.415,0.0374,,,yf_premarket,0.047474059532871274,0.784,0.06644201619135193,0.6,0.5,blocked,0.12660548275407882,2.9623,,,new,10:27:11,2026-06-17 10:27:11
ASH,65.19,64.56,0.00975840249737411,0.47399732959250934,0.0,1183340,3,0.7839607242182445,2.415000152587891,0.037407066975119856,,,yf_premarket,0.047473792074887756,0.7839607242182445,0.06645490821175426,0.6,0.5,blocked,0.12606808766210792,2.9615,,,new,10:27:11,2026-06-17 10:27:11
FCF,19.65,19.65,0.0,1.0526,,746840,4,0.7368,0.349,0.0178,,,yf_premarket,0.10542446216097111,0.7368,0.030686463695363417,0.8,0.5,blocked,0.0,2.9471,,,new,10:27:11,2026-06-17 10:27:11
FCF,19.65,19.65,1.94132179413216e-08,1.0525681538214342,0.0,746840,4,0.7368421052631579,0.3489999771118164,0.017760813429365346,,,yf_premarket,0.10542127256734847,0.7368421052631579,0.030614977089064174,0.8,0.5,blocked,2.5079794176236384e-07,2.9471,,,new,10:27:11,2026-06-17 10:27:11
BKH,73.51,73.51,-0.0,0.5976,,1454760,3,0.8641,2.347,0.0319,,,yf_premarket,0.0598533712591643,0.8641,0.05640857033788575,0.6,0.5,blocked,-0.0,2.9462,,,new,10:27:11,2026-06-17 10:27:11
BKH,73.51,73.51,-2.906040540816717e-08,0.5975556105474442,0.0,1454760,3,0.8640919544244499,2.3469993591308596,0.03192761924807654,,,yf_premarket,0.05984892537833462,0.8640919544244499,0.05645895510699293,0.6,0.5,blocked,0.0,2.9462,,,new,10:27:11,2026-06-17 10:27:11
COLB,31.3265,30.88,0.0145,0.843,,2921830,3,0.7082,0.697,0.0226,,,yf_premarket,0.0844317134730179,0.7082,0.0394429255311157,0.6,0.5,blocked,0.18732443876879012,2.9438,,,new,10:27:11,2026-06-17 10:27:11
COLB,31.3265,30.88,0.014459224461400967,0.8430333044701437,0.0,2921830,3,0.7082064666637293,0.6969999313354492,0.02257124191314732,,,yf_premarket,0.08443504912364726,0.7082064666637293,0.03939046322070013,0.6,0.5,blocked,0.18679766256992397,2.943,,,new,10:27:11,2026-06-17 10:27:11
BANR,66.12,66.12,-4.153935137040669e-08,1.2577720822060847,0.0,210690,4,0.7162432925536522,1.2209999084472656,0.01846642253066729,,,yf_premarket,0.1259737272350952,0.7162432925536522,0.03190219358208708,0.8,0.5,blocked,0.0,2.9374,,,new,10:27:11,2026-06-17 10:27:11
BANR,66.12,66.12,-0.0,1.2578,,210690,4,0.7162,1.221,0.0185,,,yf_premarket,0.12597652337646728,0.7162,0.03196344771307729,0.8,0.5,blocked,-0.0,2.9373,,,new,10:27:11,2026-06-17 10:27:11
FFIN,33.39,33.39,1.8279472124149102e-08,1.0281545775722947,0.0,917080,4,0.7335312046143737,0.602251583126429,0.0180368851193552,,,yf_premarket,0.10297610047396885,0.7335312046143737,0.031118604426007463,0.8,0.5,blocked,2.3615116252730857e-07,2.9371,,,new,10:27:11,2026-06-17 10:27:11
FFIN,33.39,33.39,0.0,1.0282,,917080,4,0.7335,0.6023,0.018,,,yf_premarket,0.10298064981370939,0.7335,0.03105131627185309,0.8,0.5,blocked,0.0,2.937,,,new,10:27:11,2026-06-17 10:27:11
CURB,30.57,30.57,0.0,1.0747,,1016860,3,0.8264,0.7235,0.0237,,,yf_premarket,0.1076379151476303,0.8264,0.04144961470180893,0.6,0.5,blocked,0.0,2.935,,,new,10:27:11,2026-06-17 10:27:11
CURB,30.57,30.57,9.982851965349747e-09,1.074680880357178,0.0,1016860,3,0.8264462549368408,0.7235000610351563,0.023666996017590786,,,yf_premarket,0.10763600019602358,0.8264462549368408,0.041389406761726824,0.6,0.5,blocked,1.2896773391179688e-07,2.935,,,new,10:27:11,2026-06-17 10:27:11
AUB,39.71,39.61,0.0025245995482844,0.88825467812169,0.0,1019640,4,0.7158124081986642,0.8909999847412109,0.022494318884417275,,,yf_premarket,0.08896425204535975,0.7158124081986642,0.0392501353945824,0.8,0.5,blocked,0.03261511679298733,2.9336,,,new,10:27:11,2026-06-17 10:27:11
AUB,39.71,39.61,0.0025,0.8883,,1019640,4,0.7158,0.891,0.0225,,,yf_premarket,0.08896879131445053,0.7158,0.03926049924287086,0.8,0.5,blocked,0.03229731702910174,2.9331,,,new,10:27:11,2026-06-17 10:27:11
MUX,20.38,20.3,0.003940924430844279,0.9300108120993351,0.0,1174610,4,0.6817202228110618,1.1209999084472657,0.05522167244226888,,,yf_premarket,0.09314638957767468,0.6817202228110618,0.09895343173093643,0.8,0.5,blocked,0.05091251429228401,2.929,,,new,10:27:11,2026-06-17 10:27:11
MUX,20.38,20.3,0.0039,0.93,,1174610,4,0.6817,1.121,0.0552,,,yf_premarket,0.09314530667841833,0.6817,0.09891389549893331,0.8,0.5,blocked,0.05038381456539872,2.9282,,,new,10:27:11,2026-06-17 10:27:11
FFBC,31.89,31.89,1.913927797899412e-08,0.8428963135980502,0.0,886230,4,0.7353950178215849,0.578000259399414,0.018124812494886223,,,yf_premarket,0.08442132863247166,0.7353950178215849,0.03127900707353981,0.8,0.5,blocked,2.472589314382715e-07,2.9131,,,new,10:27:11,2026-06-17 10:27:11
FFBC,31.89,31.89,0.0,0.8429,,886230,4,0.7354,0.578,0.0181,,,yf_premarket,0.08442169784864388,0.7354,0.031233742560097935,0.8,0.5,blocked,0.0,2.913,,,new,10:27:11,2026-06-17 10:27:11
MATW,26.58,26.58,2.870351535973961e-09,1.0925938731761289,0.0,289220,4,0.7071428863369769,0.9660003662109375,0.0363431290061587,,,yf_premarket,0.1094300982709155,0.7071428863369769,0.06451400566575088,0.8,0.5,blocked,3.708186141692806e-08,2.9107,,,new,10:27:11,2026-06-17 10:27:11
MATW,26.58,26.58,0.0,1.0926,,289220,4,0.7071,0.966,0.0363,,,yf_premarket,0.1094307119105805,0.7071,0.06443532702065868,0.8,0.5,blocked,0.0,2.9106,,,new,10:27:11,2026-06-17 10:27:11
CTRI,31.4,31.09,0.01,1.1356,,827490,3,0.7011,1.2957,0.0417,,,yf_premarket,0.11373743039141058,0.7011,0.07428634658588001,0.6,0.5,blocked,0.12918926811640696,2.9037,,,new,10:27:11,2026-06-17 10:27:11
CTRI,31.4,31.09,0.009971046828261401,1.1356028471643163,0.0,827490,3,0.701123964405865,1.2957000732421875,0.04167578214483653,,,yf_premarket,0.11373771555269382,0.701123964405865,0.07424216685161278,0.6,0.5,blocked,0.12881522420975114,2.9032,,,new,10:27:11,2026-06-17 10:27:11
CDNL,69.46,70.64,-0.0167,0.8414,,547560,3,0.8026,4.8627,0.0688,,,yf_premarket,0.08427146348303353,0.8026,0.12372387070023146,0.6,0.5,blocked,0.0,2.8935,,,new,10:27:11,2026-06-17 10:27:11
CDNL,69.46,70.64,-0.016704408265062365,0.8413689823946234,0.0,547560,3,0.802570536579702,4.862701034545898,0.06883778420952927,,,yf_premarket,0.0842683568761892,0.802570536579702,0.12379279903121836,0.6,0.5,blocked,0.0,2.8934,,,new,10:27:11,2026-06-17 10:27:11
CTGO,17.54,17.02,0.0306,1.3333,,560730,3,0.4703,1.084,0.0637,,,yf_premarket,0.133538319778855,0.4703,0.11442012999974467,0.6,0.5,blocked,0.3953191604362053,2.8911,,,new,10:27:11,2026-06-17 10:27:11
CTGO,17.54,17.02,0.030552263704501224,1.3332619977529292,0.0,560730,3,0.47032972606911605,1.0839998245239257,0.06368976471028585,,,yf_premarket,0.1335345136165347,0.47032972606911605,0.11440145814062803,0.6,0.5,blocked,0.3947024587283978,2.8902,,,new,10:27:11,2026-06-17 10:27:11
DNN,3.36,3.33,0.009009032126510448,0.8617017175840669,0.0,24126330,4,0.6162789408228545,0.1970000982284546,0.059159190012595377,,,yf_premarket,0.08630480725772874,0.6162789408228545,0.10613649888347144,0.8,0.5,blocked,0.11638702668610823,2.8897,,,new,10:27:11,2026-06-17 10:27:11
DNN,3.36,3.33,0.009,0.8617,,24126330,4,0.6163,0.197,0.0592,,,yf_premarket,0.0863046352309603,0.6163,0.1062109470287269,0.8,0.5,blocked,0.11627034130476627,2.8896,,,new,10:27:11,2026-06-17 10:27:11
BAX,20.6559,20.46,0.0096,0.9963,,6866710,3,0.7083,0.638,0.0312,,,yf_premarket,0.09978566563839589,0.7083,0.05513158632017188,0.6,0.5,blocked,0.12402169739175069,2.8799,,,new,10:27:11,2026-06-17 10:27:11
BAX,20.6559,20.46,0.009574825234279428,0.9962704118857503,0.0,6866710,3,0.7083331953595784,0.6379997253417968,0.031182783670111826,,,yf_premarket,0.09978270220401328,0.7083331953595784,0.0551001792085849,0.6,0.5,blocked,0.12369646643590643,2.8794,,,new,10:27:11,2026-06-17 10:27:11
AVNT,37.67,37.67,0.0,1.1265,,866690,3,0.7852,1.01,0.0268,,,yf_premarket,0.11282600857337446,0.7852,0.047104829637398954,0.6,0.5,blocked,0.0,2.8632,,,new,10:27:11,2026-06-17 10:27:11
AVNT,37.67,37.67,4.8607772184995795e-08,1.12646967197037,0.0,866690,3,0.7851708310458438,1.0099994659423828,0.026811773693554728,,,yf_premarket,0.11282297103184667,0.7851708310458438,0.04712630794954017,0.6,0.5,blocked,6.279602513348651e-07,2.8631,,,new,10:27:11,2026-06-17 10:27:11
AXGN,43.4,43.4,-0.0,1.406,,1410010,3,0.7532,2.049,0.0472,,,yf_premarket,0.14081967869877007,0.7532,0.08431979243934616,0.6,0.5,blocked,-0.0,2.8598,,,new,10:27:11,2026-06-17 10:27:11
EMA,52.55,52.55,1.4518353213310247e-08,1.3647231220114144,0.0,518640,3,0.7695309706029612,0.9539997100830078,0.018154133661912705,,,yf_premarket,0.13668554164610935,0.7695309706029612,0.031332496590216294,0.6,0.5,blocked,1.8756154258830364e-07,2.8598,,,new,10:27:11,2026-06-17 10:27:11
AXGN,43.4,43.4,-3.515849894063303e-08,1.4060183970326452,0.0,1410010,3,0.753176549920279,2.0489994049072267,0.0472119661951033,,,yf_premarket,0.14082152127645578,0.753176549920279,0.08434162192491726,0.6,0.5,blocked,0.0,2.8598,,,new,10:27:11,2026-06-17 10:27:11
EMA,52.55,52.55,0.0,1.3647,,518640,3,0.7695,0.954,0.0182,,,yf_premarket,0.1366832258322984,0.7695,0.03141616884834277,0.6,0.5,blocked,0.0,2.8597,,,new,10:27:11,2026-06-17 10:27:11
NNN,46.0,46.16,-0.0035,0.9467,,2048390,3,0.7904,0.843,0.0183,,,yf_premarket,0.09481791594888024,0.7904,0.031598595136587616,0.6,0.5,blocked,0.0,2.8388,,,new,10:27:11,2026-06-17 10:27:11
NNN,46.0,46.16,-0.0034662012118936245,0.9467435400485259,0.0,2048390,3,0.7903679505148757,0.8430004119873047,0.01826257397690538,,,yf_premarket,0.09482227675659287,0.7903679505148757,0.03153032023181844,0.6,0.5,blocked,0.0,2.8387,,,new,10:27:11,2026-06-17 10:27:11
APOG,40.13,40.12,0.0002492788729186315,1.0931610123855682,0.0,241410,3,0.7662031926899092,1.333000946044922,0.033225348492857,,,yf_premarket,0.10948690080381075,0.7662031926899092,0.058826354399713704,0.6,0.5,blocked,0.0032204155149240824,2.8309,,,new,10:27:11,2026-06-17 10:27:11
APOG,40.13,40.12,0.0002,1.0932,,241410,3,0.7662,1.333,0.0332,,,yf_premarket,0.10949080565682463,0.7662,0.05878011208506867,0.6,0.5,blocked,0.0025837853623281396,2.8299,,,new,10:27:11,2026-06-17 10:27:11
FRME,41.25,41.25,0.0,0.9127,,305260,4,0.684,0.8973,0.0218,,,yf_premarket,0.09141260366171226,0.684,0.037983515225156986,0.8,0.5,blocked,0.0,2.8241,,,new,10:27:11,2026-06-17 10:27:11
FRME,41.25,41.25,0.0,0.9126646137718666,0.0,305260,4,0.6839662380538784,0.8973112587124945,0.021753000211211987,,,yf_premarket,0.09140905951002229,0.6839662380538784,0.0378977752549881,0.8,0.5,blocked,0.0,2.824,,,new,10:27:11,2026-06-17 10:27:11
VSH,61.99,60.41,0.0262,0.478,,9750050,3,0.5196,6.562,0.1086,,,yf_premarket,0.047874684507832214,0.5196,0.1963295334216775,0.6,0.5,blocked,0.3384758824649863,2.8169,,,new,10:27:11,2026-06-17 10:27:11
VSH,61.99,60.41,0.026154612755814762,0.47802831780349847,0.0,9750050,3,0.5196304178458504,6.561999893188476,0.10862439844004708,,,yf_premarket,0.047877520712661596,0.5196304178458504,0.19637404259024502,0.6,0.5,blocked,0.3378895279791751,2.8161,,,new,10:27:11,2026-06-17 10:27:11
CAKE,72.957,73.27,-0.0043,1.1062,,1555270,3,0.7582,2.561,0.035,,,yf_premarket,0.1107928368254477,0.7582,0.06206378527347578,0.6,0.5,blocked,0.0,2.8136,,,new,10:27:11,2026-06-17 10:27:11
CAKE,72.957,73.27,-0.0042718255412398974,1.1061744906029178,0.0,1555270,3,0.7581844304660461,2.5609977722167967,0.03495288507644753,,,yf_premarket,0.11079028190005587,0.7581844304660461,0.061977835267229615,0.6,0.5,blocked,0.0,2.8135,,,new,10:27:11,2026-06-17 10:27:11
EZPW,31.09,30.89,0.0065,1.5221,,987140,3,0.6573,1.519,0.0492,,,yf_premarket,0.15244781859701131,0.6573,0.08796831820424296,0.6,0.5,blocked,0.08397302427566453,2.8132,,,new,10:27:11,2026-06-17 10:27:11
EZPW,31.09,30.89,0.006474607131866266,1.5220738699677858,0.0,987140,3,0.6572664594649164,1.5190000534057617,0.04917449282678829,,,yf_premarket,0.15244520151113594,0.6572664594649164,0.08792178641491666,0.6,0.5,blocked,0.08364497567070717,2.8126,,,new,10:27:11,2026-06-17 10:27:11
DGII,68.8,68.8,-0.0,0.4959,,277700,3,0.7902,2.993,0.0435,,,yf_premarket,0.04966748127078242,0.7902,0.07757001977428711,0.6,0.5,blocked,-0.0,2.7937,,,new,10:27:11,2026-06-17 10:27:11
DGII,68.8,68.8,-4.435694302290005e-08,0.4958588404753331,0.0,277700,3,0.7902098349810333,2.993000030517578,0.043502905490657655,,,yf_premarket,0.049663358887397646,0.7902098349810333,0.07757532015304917,0.6,0.5,blocked,0.0,2.7937,,,new,10:27:11,2026-06-17 10:27:11
CBRL,43.75,43.75,0.0,0.4267,,2454550,4,0.6882,2.569,0.0587,,,yf_premarket,0.042736669203958175,0.6882,0.10529881558750269,0.8,0.5,blocked,0.0,2.7932,,,new,10:27:11,2026-06-17 10:27:11
CBRL,43.75,43.75,0.0,0.42667698763520806,0.0,2454550,4,0.6882175175055428,2.568999481201172,0.05871998814174108,,,yf_premarket,0.04273436437194103,0.6882175175055428,0.10533527921257005,0.8,0.5,blocked,0.0,2.7932,,,new,10:27:11,2026-06-17 10:27:11
GGAL,54.99,54.44,0.0101,0.7194,,1378390,2,0.7748,2.09,0.0384,,,yf_premarket,0.07205240174672489,0.7748,0.0682662790738003,0.4,0.5,blocked,0.13048116079757105,2.7875,,,new,10:27:11,2026-06-17 10:27:11
GGAL,54.99,54.44,0.010102891020669124,0.719390012986165,0.0,1378390,2,0.7747654000996833,2.090000534057617,0.03839089983062996,,,yf_premarket,0.07205140148493298,0.7747654000996833,0.06824967797259456,0.4,0.5,blocked,0.1305185096820064,2.7875,,,new,10:27:11,2026-06-17 10:27:11
BUSE,28.34,28.34,-0.0,0.9083,,804020,4,0.6667,0.527,0.0186,,,yf_premarket,0.09097191618925524,0.6667,0.03214587400132213,0.8,0.5,blocked,-0.0,2.7859,,,new,10:27:11,2026-06-17 10:27:11
BUSE,28.34,28.34,-5.384188071473064e-09,0.9083107385388424,0.0,804020,4,0.6666666666666666,0.5269998550415039,0.01859561934382631,,,yf_premarket,0.09097299172096894,0.6666666666666666,0.0321378825328637,0.8,0.5,blocked,0.0,2.7859,,,new,10:27:11,2026-06-17 10:27:11
EIG,46.25,46.25,0.0,1.4825345247766044,0.0,246200,2,0.8179421755869254,0.8060001373291016,0.0174270299963049,,,yf_premarket,0.1484850892168387,0.8179421755869254,0.030006068361355803,0.4,0.5,blocked,0.0,2.7736,,,new,10:27:11,2026-06-17 10:27:11
EIG,46.25,46.25,0.0,1.4825,,246200,2,0.8179,0.806,0.0174,,,yf_premarket,0.14848163134489803,0.8179,0.029956758542384058,0.4,0.5,blocked,0.0,2.7735,,,new,10:27:11,2026-06-17 10:27:11
MNKD,3.85,3.87,-0.005167929237856462,0.8179827452927018,0.0,3867930,3,0.7499999215728348,0.21199994087219237,0.0547803480985286,,,yf_premarket,0.0819260792128422,0.7499999215728348,0.09814834011153015,0.6,0.5,blocked,0.0,2.772,,,new,10:27:11,2026-06-17 10:27:11
MNKD,3.85,3.87,-0.0052,0.818,,3867930,3,0.75,0.212,0.0548,,,yf_premarket,0.08192780737951202,0.75,0.09818419034595396,0.6,0.5,blocked,0.0,2.772,,,new,10:27:11,2026-06-17 10:27:11
TECH,55.98,56.03,-0.0008923573154770925,0.5086002520390893,0.0,3007470,2,0.8825756918956931,1.8489994049072265,0.03300016857381109,,,yf_premarket,0.05093949080957186,0.8825756918956931,0.05841556703152552,0.4,0.5,blocked,0.0,2.7708,,,new,10:27:11,2026-06-17 10:27:11
TECH,55.98,56.03,-0.0009,0.5086,,3007470,2,0.8826,1.849,0.033,,,yf_premarket,0.050939465566283405,0.8826,0.05841525950857899,0.4,0.5,blocked,0.0,2.7708,,,new,10:27:11,2026-06-17 10:27:11
ASX,37.6425,36.84,0.0218,0.8946,,13223810,3,0.531,2.011,0.0546,,,yf_premarket,0.08959977565001401,0.531,0.09781933776946428,0.6,0.5,blocked,0.2816326044937672,2.7678,,,new,10:27:11,2026-06-17 10:27:11
ASX,37.6425,36.84,0.021783383390017022,0.8945757690105953,0.0,13223810,3,0.5310077156424733,2.0110004425048826,0.054587416780008245,,,yf_premarket,0.08959734876513313,0.5310077156424733,0.09779638266829163,0.6,0.5,blocked,0.2814179357255395,2.7674,,,new,10:27:11,2026-06-17 10:27:11
ALH,25.92,26.17,-0.0096,0.9469,,604470,3,0.743,0.942,0.036,,,yf_premarket,0.0948379471976283,0.743,0.06388804815592417,0.6,0.5,blocked,0.0,2.7602,,,new,10:27:11,2026-06-17 10:27:11
ALH,25.92,26.17,-0.009552926081968406,0.9469452578291727,0.0,604470,3,0.7429721090451996,0.9420000076293945,0.035995414783460536,,,yf_premarket,0.09484248005179807,0.7429721090451996,0.06387968351558324,0.6,0.5,blocked,0.0,2.7601,,,new,10:27:11,2026-06-17 10:27:11
AADX,21.6,22.13,-0.02394935295371428,0.34489763561051984,0.0,4036560,2,0.8530404006720826,2.211000442504883,0.09990964872807939,,,yf_premarket,0.0345436516576379,0.8530404006720826,0.18047604816087456,0.4,0.5,blocked,0.0,2.7481,,,new,10:27:11,2026-06-17 10:27:11
AADX,21.6,22.13,-0.0239,0.3449,,4036560,2,0.853,2.211,0.0999,,,yf_premarket,0.034543888466006964,0.853,0.1804584463443765,0.4,0.5,blocked,0.0,2.748,,,new,10:27:11,2026-06-17 10:27:11
ADC,75.0291,74.73,0.004002363570597313,1.1800808382058627,0.0,1274150,3,0.6868887900169907,1.3319999694824218,0.017824165792156843,,,yf_premarket,0.11819246406452692,0.6868887900169907,0.030730548453020107,0.6,0.5,blocked,0.051706242042123624,2.744,,,new,10:27:11,2026-06-17 10:27:11
ADC,75.0291,74.73,0.004,1.1801,,1274150,3,0.6869,1.332,0.0178,,,yf_premarket,0.11819438323785103,0.6869,0.030686463695363417,0.6,0.5,blocked,0.05167570724656279,2.7439,,,new,10:27:11,2026-06-17 10:27:11
OCFC,18.25,18.31,-0.0033,0.5921,,1174990,4,0.6667,0.428,0.0234,,,yf_premarket,0.059302511918592996,0.6667,0.040902335837074415,0.8,0.5,blocked,0.0,2.7428,,,new,10:27:11,2026-06-17 10:27:11
OCFC,18.25,18.31,-0.0032768687980567752,0.5920901454480464,0.0,1174990,4,0.6666666666666666,0.42800045013427734,0.02337523007198236,,,yf_premarket,0.05930152492368558,0.6666666666666666,0.04085714897679092,0.8,0.5,blocked,0.0,2.7427,,,new,10:27:11,2026-06-17 10:27:11
CAST,3.43,3.75,-0.08533333333333329,0.3349340875637254,0.0,39287730,3,0.7303371099552245,0.5269999921321868,0.14053333123524983,,,yf_premarket,0.03354574011094561,0.7303371099552245,0.2545843243070736,0.6,0.5,blocked,0.0,2.7383,,,new,10:27:11,2026-06-17 10:27:11
CAST,3.43,3.75,-0.0853,0.3349,,39287730,3,0.7303,0.527,0.1405,,,yf_premarket,0.033542326028604616,0.7303,0.25452351937178125,0.6,0.5,blocked,0.0,2.7382,,,new,10:27:11,2026-06-17 10:27:11
CSHR,4.517,4.36,0.03600914258666441,0.4647638292498106,0.0,237540,2,0.5,0.30099990367889407,0.0690366730416293,,,yf_premarket,0.046548999363988874,0.5,0.12415562454535196,0.4,0.5,blocked,0.4651994776270517,2.7297,,,new,10:27:11,2026-06-17 10:27:11
CSHR,4.517,4.36,0.036,0.4648,,237540,2,0.5,0.301,0.069,,,yf_premarket,0.04655262209046111,0.5,0.12408872327672114,0.4,0.5,blocked,0.46508136521906507,2.7295,,,new,10:27:11,2026-06-17 10:27:11
CGNX,65.41,65.41,-0.0,1.0511,,1946900,3,0.7157,2.873,0.0439,,,yf_premarket,0.10527422779536075,0.7157,0.07829972492726647,0.6,0.5,blocked,-0.0,2.7285,,,new,10:27:11,2026-06-17 10:27:11
CGNX,65.41,65.41,-5.5986992407584705e-08,1.051106887873029,0.0,1946900,3,0.7156769192996558,2.873000717163086,0.04392295606654054,,,yf_premarket,0.10527491765885069,0.7156769192996558,0.0783416028273834,0.6,0.5,blocked,0.0,2.7284,,,new,10:27:11,2026-06-17 10:27:11
DIN,32.8,32.81,-0.0003,1.8822,,421910,3,0.6518,1.538,0.0469,,,yf_premarket,0.18851408196786987,0.6518,0.08377251357461164,0.6,0.5,blocked,0.0,2.7283,,,new,10:27:11,2026-06-17 10:27:11
DIN,32.8,32.81,-0.00030482696959470673,1.8821549619587117,0.0,421910,3,0.6517722031993497,1.53800048828125,0.04687596537357232,,,yf_premarket,0.188509571126829,0.6517722031993497,0.08372866809772611,0.6,0.5,blocked,0.0,2.7282,,,new,10:27:11,2026-06-17 10:27:11
DD,48.29,48.04,0.005203977512661775,1.0263531099565333,0.0,3039110,3,0.6717062403654199,1.2750003814697266,0.02654039044902734,,,yf_premarket,0.10279567224435451,0.6717062403654199,0.046631233569630434,0.6,0.5,blocked,0.06722980461550147,2.7218,,,new,10:27:11,2026-06-17 10:27:11
DD,48.29,48.04,0.0052,1.0264,,3039110,3,0.6717,1.275,0.0265,,,yf_premarket,0.10280036857497696,0.6717,0.046557550772664436,0.6,0.5,blocked,0.06717841942053163,2.7216,,,new,10:27:11,2026-06-17 10:27:11
AAP,59.34,60.37,-0.017061436973800612,0.7415365069875196,0.0,1605720,3,0.7351825715003161,2.375,0.039340732847779294,,,yf_premarket,0.0742695111361243,0.7351825715003161,0.06998242309030406,0.6,0.5,blocked,0.0,2.7168,,,new,10:27:11,2026-06-17 10:27:11
AAP,59.34,60.37,-0.0171,0.7415,,1605720,3,0.7352,2.375,0.0393,,,yf_premarket,0.07426585473338408,0.7352,0.06990811566800387,0.6,0.5,blocked,0.0,2.7168,,,new,10:27:11,2026-06-17 10:27:11
MNRO,16.09,16.0,0.005624999999999991,1.0366969606907663,0.0,1278580,2,0.7453873499899002,0.8730000495910645,0.05456250309944153,,,yf_premarket,0.10383167347970497,0.7453873499899002,0.0977509335655686,0.4,0.5,blocked,0.07266896331547881,2.7044,,,new,10:27:11,2026-06-17 10:27:11
MNRO,16.09,16.0,0.0056,1.0367,,1278580,2,0.7454,0.873,0.0546,,,yf_premarket,0.10383197788550137,0.7454,0.09781933776946428,0.4,0.5,blocked,0.0723459901451879,2.704,,,new,10:27:11,2026-06-17 10:27:11
SMFG,24.35,24.17,0.007447245475294843,0.6156696510849637,0.0,2061820,2,0.7650271458454714,0.4179998397827148,0.017294159638530208,,,yf_premarket,0.06166315963753092,0.7650271458454714,0.029763677899489797,0.4,0.5,blocked,0.09621041924365642,2.6817,,,new,10:27:11,2026-06-17 10:27:11
SMFG,24.35,24.17,0.0074,0.6157,,2061820,2,0.765,0.418,0.0173,,,yf_premarket,0.061666199270862546,0.765,0.029774332254139217,0.4,0.5,blocked,0.09560005840614116,2.6808,,,new,10:27:11,2026-06-17 10:27:11
BRO,59.3,59.7,-0.0067,0.8628,,2780690,3,0.7139,1.521,0.0255,,,yf_premarket,0.08641480709907455,0.7139,0.044733287890216036,0.6,0.5,blocked,0.0,2.6798,,,new,10:27:11,2026-06-17 10:27:11
BRO,59.3,59.7,-0.006700180198117658,0.8628074326875703,0.0,2780690,3,0.7138508274172656,1.5209999084472656,0.025477385075537075,,,yf_premarket,0.08641555152914249,0.7138508274172656,0.044692032322928954,0.6,0.5,blocked,0.0,2.6797,,,new,10:27:11,2026-06-17 10:27:11
FCEL,19.96,19.75,0.010632911392405107,1.2902278213652703,0.0,11097730,3,0.526966324040365,2.711999702453613,0.1373164406305627,,,yf_premarket,0.12922437215709207,0.526966324040365,0.24871587018004593,0.6,0.5,blocked,0.13736580407314214,2.6782,,,new,10:27:11,2026-06-17 10:27:11
FCEL,19.96,19.75,0.0106,1.2902,,11097730,3,0.527,2.712,0.1373,,,yf_premarket,0.12922158567365088,0.527,0.24868587814794635,0.6,0.5,blocked,0.1369406242033914,2.6776,,,new,10:27:11,2026-06-17 10:27:11
STAG,38.45,38.45,-1.9842378027159845e-08,1.0550080458573843,0.0,1249090,2,0.8007378827185953,0.6780002593994141,0.017633296383518248,,,yf_premarket,0.10566564298880095,0.8007378827185953,0.030382352475445844,0.4,0.5,blocked,0.0,2.6752,,,new,10:27:11,2026-06-17 10:27:11
STAG,38.45,38.45,-0.0,1.055,,1249090,2,0.8007,0.678,0.0176,,,yf_premarket,0.10566483714594767,0.8007,0.03032161111887374,0.4,0.5,blocked,-0.0,2.6751,,,new,10:27:11,2026-06-17 10:27:11
WYHG,4.01,4.09,-0.0196,0.0821,,261940,2,0.8035,0.6966,0.1703,,,yf_premarket,0.008222827611073274,0.8035,0.3088865532687433,0.4,0.5,blocked,0.0,2.6738,,,new,10:27:11,2026-06-17 10:27:11
WYHG,4.01,4.09,-0.019559938778308323,0.08207986561808048,0.0,261940,2,0.8035276835960201,0.6966000318527221,0.1703178498445674,,,yf_premarket,0.008220811027010184,0.8035276835960201,0.3089191160776451,0.4,0.5,blocked,0.0,2.6738,,,new,10:27:11,2026-06-17 10:27:11
ARDT,9.26,9.26,-2.471726031245474e-08,1.4301165189273568,0.0,896850,2,0.7506055717682788,0.5099998474121094,0.055075576112992485,,,yf_premarket,0.1432350986466244,0.7506055717682788,0.09868691362017555,0.4,0.5,blocked,0.0,2.6654,,,new,10:27:11,2026-06-17 10:27:11
ARDT,9.26,9.26,-0.0,1.4301,,896850,2,0.7506,0.51,0.0551,,,yf_premarket,0.14323344417290973,0.7506,0.09873146921068848,0.4,0.5,blocked,-0.0,2.6654,,,new,10:27:11,2026-06-17 10:27:11
ARR,17.042,17.04,0.00011731715758513944,1.3515105259046027,0.0,3327980,2,0.7664959768744648,0.26484250373772833,0.015542399619027963,,,yf_premarket,0.13536221764999426,0.7664959768744648,0.026568007116954777,0.4,0.5,blocked,0.0015156117725921346,2.6516,,,new,10:27:11,2026-06-17 10:27:11
ARR,17.042,17.04,0.0001,1.3515,,3327980,2,0.7665,0.2648,0.0155,,,yf_premarket,0.13536116341492727,0.7665,0.02649065906573211,0.4,0.5,blocked,0.0012918926811640698,2.6512,,,new,10:27:11,2026-06-17 10:27:11
PDM,9.16,9.21,-0.0054,0.9457,,1360360,2,0.7909,0.251,0.0273,,,yf_premarket,0.09471775970514001,0.7909,0.048016961078623153,0.4,0.5,blocked,0.0,2.6479,,,new,10:27:11,2026-06-17 10:27:11
PDM,9.16,9.21,-0.0054288857698020585,0.9457055485312711,0.0,1360360,2,0.7909093982918817,0.25099992752075195,0.027252977902403188,,,yf_premarket,0.0947183154251904,0.7909093982918817,0.04793118041132242,0.4,0.5,blocked,0.0,2.6479,,,new,10:27:11,2026-06-17 10:27:11
CNX,33.29,33.4,-0.0033,1.4143,,1559600,3,0.6552,0.864,0.0259,,,yf_premarket,0.14165097552181402,0.6552,0.0454629930431954,0.6,0.5,blocked,0.0,2.6456,,,new,10:27:11,2026-06-17 10:27:11
CNX,33.29,33.4,-0.0032934587081882615,1.4142728904847397,0.0,1559600,3,0.6551737097671342,0.8639999389648437,0.025868260463862598,,,yf_premarket,0.14164826033459593,0.6551737097671342,0.04540509178551381,0.6,0.5,blocked,0.0,2.6455,,,new,10:27:11,2026-06-17 10:27:11
ATRC,27.98,27.98,1.636038884169111e-08,0.9836478691829534,0.0,714280,3,0.6794520003908758,1.1249996185302735,0.04020727794623677,,,yf_premarket,0.09851847574045045,0.6794520003908758,0.0715632291493876,0.6,0.5,blocked,2.1135866605579058e-07,2.6425,,,new,10:27:11,2026-06-17 10:27:11
ATRC,27.98,27.98,0.0,0.9836,,714280,3,0.6795,1.125,0.0402,,,yf_premarket,0.09851368134289491,0.6795,0.07154995226220742,0.6,0.5,blocked,0.0,2.6425,,,new,10:27:11,2026-06-17 10:27:11
CTNM,12.4,12.4,0.0,2.2212,,266030,3,0.5708,0.9199,0.0742,,,yf_premarket,0.22246704859580946,0.5708,0.13357489026545277,0.6,0.5,blocked,0.0,2.6421,,,new,10:27:11,2026-06-17 10:27:11
CTNM,12.4,12.4,3.076368860106349e-08,2.221178062624516,0.0,266030,3,0.570765519557849,0.9199000358581543,0.07418548904497359,,,yf_premarket,0.22246485143068342,0.570765519557849,0.13354841846880922,0.6,0.5,blocked,3.9743384149324443e-07,2.642,,,new,10:27:11,2026-06-17 10:27:11
CAG,13.5763,13.56,0.0012020339143736791,0.9566180420475813,0.0,16307240,3,0.673202761041736,0.43000001907348634,0.03171091487957647,,,yf_premarket,0.0958112697856237,0.673202761041736,0.05606362937107382,0.6,0.5,blocked,0.015528988164903541,2.6414,,,new,10:27:11,2026-06-17 10:27:11
CAG,13.5763,13.56,0.0012,0.9566,,16307240,3,0.6732,0.43,0.0317,,,yf_premarket,0.09580946276190858,0.6732,0.05604371776139608,0.6,0.5,blocked,0.015502712173968836,2.6414,,,new,10:27:11,2026-06-17 10:27:11
BBDC,8.43,8.42,0.0012,0.5282,,739930,3,0.7097,0.145,0.0172,,,yf_premarket,0.052902527943592,0.7097,0.02959190596589438,0.6,0.5,blocked,0.015502712173968836,2.6368,,,new,10:27:11,2026-06-17 10:27:11
BBDC,8.43,8.42,0.0011876393842570913,0.5281580690065276,0.0,739930,3,0.709677320117271,0.14499998092651367,0.0172209001915277,,,yf_premarket,0.05289832829278951,0.709677320117271,0.029630033409534427,0.6,0.5,blocked,0.015343026283839385,2.6365,,,new,10:27:11,2026-06-17 10:27:11
ANGO,12.15,12.15,0.0,1.1391,,288310,2,0.7669,0.397,0.0327,,,yf_premarket,0.11408797724450141,0.7669,0.05786798064384447,0.4,0.5,blocked,0.0,2.6339,,,new,10:27:11,2026-06-17 10:27:11
ANGO,12.15,12.15,3.139668632877833e-08,1.1390517151677015,0.0,288310,2,0.7668711118028012,0.3969998359680176,0.03267488464464995,,,yf_premarket,0.11408314121706878,0.7668711118028012,0.05782216363329988,0.4,0.5,blocked,4.0561149280952734e-07,2.6338,,,new,10:27:11,2026-06-17 10:27:11
ASYS,22.1,21.73,0.017027172828260214,0.6722374657021701,0.0,561260,3,0.49874052511190664,2.5119998931884764,0.11560054975178134,,,yf_premarket,0.06732877946618425,0.49874052511190664,0.20910037649058552,0.6,0.5,blocked,0.21997279957745083,2.633,,,new,10:27:11,2026-06-17 10:27:11
ASYS,22.1,21.73,0.017,0.6722,,561260,3,0.4987,2.512,0.1156,,,yf_premarket,0.0673250270421858,0.4987,0.20909937359881625,0.6,0.5,blocked,0.21962175579789187,2.6324,,,new,10:27:11,2026-06-17 10:27:11
AIAI,14.86,14.86,0.0,1.1114,,363780,3,0.6385,1.411,0.095,,,yf_premarket,0.1113136492928969,0.6385,0.17151955822037934,0.6,0.5,blocked,0.0,2.6297,,,new,10:27:11,2026-06-17 10:27:11
AIAI,14.86,14.86,2.3103819735523745e-08,1.111386002529001,0.0,363780,3,0.6385067374546419,1.4110000610351563,0.09495289997541369,,,yf_premarket,0.11131224735877979,0.6385067374546419,0.17143363539376413,0.6,0.5,blocked,2.9847655623257117e-07,2.6297,,,new,10:27:11,2026-06-17 10:27:11
AMX,27.11,26.78,0.012322602871293192,1.094287905238942,0.0,1225820,3,0.5471701314271495,0.7639997482299805,0.028528742667694083,,,yf_premarket,0.1095997661591024,0.5471701314271495,0.050258510719378084,0.6,0.5,blocked,0.15919480462315025,2.6227,,,new,10:27:11,2026-06-17 10:27:11
AMX,27.11,26.78,0.0123,1.0943,,1225820,3,0.5472,0.764,0.0285,,,yf_premarket,0.1096009775249389,0.5472,0.05020607653756122,0.6,0.5,blocked,0.1589027997831806,2.6223,,,new,10:27:11,2026-06-17 10:27:11
SLG,50.83,50.83,-0.0,0.6148,,1234450,2,0.7988,1.777,0.035,,,yf_premarket,0.06157605865149633,0.7988,0.06206378527347578,0.4,0.5,blocked,-0.0,2.621,,,new,10:27:11,2026-06-17 10:27:11
SLG,50.83,50.83,-3.6023108857859927e-08,0.6147677103163353,0.0,1234450,2,0.7988168565438559,1.776999282836914,0.03495965411811677,,,yf_premarket,0.06157282463806891,0.7988168565438559,0.061990183778696556,0.4,0.5,blocked,0.0,2.621,,,new,10:27:11,2026-06-17 10:27:11
CBZ,34.3,34.08,0.0065,0.8357,,528040,3,0.6103,1.425,0.0418,,,yf_premarket,0.08370057289371419,0.6103,0.07446877287412484,0.6,0.5,blocked,0.08397302427566453,2.6093,,,new,10:27:11,2026-06-17 10:27:11
CBZ,34.3,34.08,0.006455344986068661,0.8357321415044315,0.0,528040,3,0.6102948257533329,1.4249992370605469,0.04181335564841567,,,yf_premarket,0.08370379206606621,0.6102948257533329,0.07449313708780059,0.6,0.5,blocked,0.08339612941891276,2.6085,,,new,10:27:11,2026-06-17 10:27:11
CEVA,46.5,45.8,0.0153,0.5548,,1014360,3,0.5223,3.923,0.0857,,,yf_premarket,0.05556668402708224,0.5223,0.1545539134136093,0.6,0.5,blocked,0.19765958021810265,2.6017,,,new,10:27:11,2026-06-17 10:27:11
CEVA,46.5,45.8,0.015283859707426042,0.5548326038092984,0.0,1014360,3,0.5223487435737729,3.9229991912841795,0.08565500560335726,,,yf_premarket,0.0555699495021532,0.5223487435737729,0.1544718318058958,0.6,0.5,blocked,0.19745106495962123,2.6015,,,new,10:27:11,2026-06-17 10:27:11
AAT,24.4,24.4,0.0,0.8788,,441040,2,0.7748,0.4685,0.0192,,,yf_premarket,0.08801730699891831,0.7748,0.033240431730791165,0.4,0.5,blocked,0.0,2.5982,,,new,10:27:11,2026-06-17 10:27:11
AAT,24.4,24.4,1.5634005373168618e-08,0.8788318519862144,0.0,441040,2,0.7747861881954302,0.46850434111900086,0.0192009978870328,,,yf_premarket,0.0880204971742132,0.7747861881954302,0.03324225213906598,0.4,0.5,blocked,2.019745711887628e-07,2.5982,,,new,10:27:11,2026-06-17 10:27:11
BSBR,5.42,5.41,0.0018484570924108545,1.4214341991950112,0.0,1637290,3,0.6097556153346056,0.11600003242492676,0.021441781089959873,,,yf_premarket,0.14236551011528095,0.6097556153346056,0.037330029763779665,0.6,0.5,blocked,0.023880081891313996,2.5875,,,new,10:27:11,2026-06-17 10:27:11
BSBR,5.42,5.41,0.0018,1.4214,,1637290,3,0.6098,0.116,0.0214,,,yf_premarket,0.14236208485236967,0.6098,0.03725381007217763,0.6,0.5,blocked,0.023254068260953255,2.5867,,,new,10:27:11,2026-06-17 10:27:11
CRMD,8.75,8.66,0.0104,0.6969,,1215880,3,0.57,0.34,0.0393,,,yf_premarket,0.0697988862625696,0.57,0.06990811566800387,0.6,0.5,blocked,0.13435683884106325,2.5812,,,new,10:27:11,2026-06-17 10:27:11
CRMD,8.75,8.66,0.01039262750273438,0.6969437773464486,0.0,1215880,3,0.5699996948242188,0.3400001525878906,0.03926098828852679,,,yf_premarket,0.06980327083715081,0.5699996948242188,0.0698369480507825,0.6,0.5,blocked,0.1342615940884697,2.581,,,new,10:27:11,2026-06-17 10:27:11
BXP,65.74,65.73,0.0002,0.8387,,1516430,2,0.7602,1.664,0.0253,,,yf_premarket,0.0840010416249349,0.7602,0.04436843531372636,0.4,0.5,blocked,0.0025837853623281396,2.5725,,,new,10:27:11,2026-06-17 10:27:11
SPKL,13.1,13.12,-0.0015,0.5804,,263790,3,0.6747,0.5204,0.0397,,,yf_premarket,0.058130683866832254,0.6747,0.07063782082098322,0.6,0.5,blocked,0.0,2.5719,,,new,10:27:11,2026-06-17 10:27:11
SPKL,13.1,13.12,-0.0015243815345681408,0.5803859130368854,0.0,263790,3,0.6746987213490849,0.5203999519348145,0.039664630828816404,,,yf_premarket,0.05812927296952099,0.6746987213490849,0.07057329815481002,0.6,0.5,blocked,0.0,2.5719,,,new,10:27:11,2026-06-17 10:27:11
BXP,65.74,65.73,0.00015208645300254087,0.8387462659008329,0.0,1516430,2,0.7601684672784091,1.6639995574951172,0.025315677354511935,,,yf_premarket,0.08400567544377557,0.7601684672784091,0.04439703492965747,0.4,0.5,blocked,0.001964793755381858,2.5715,,,new,10:27:11,2026-06-17 10:27:11
ACCO,3.98,3.96,0.0051,1.6045,,792840,3,0.5517,0.1,0.0253,,,yf_premarket,0.16070069308120669,0.5517,0.04436843531372636,0.6,0.5,blocked,0.06588652673936755,2.5655,,,new,10:27:11,2026-06-17 10:27:11
CRK,13.1,13.34,-0.018,1.0492,,2589990,3,0.6338,0.598,0.0448,,,yf_premarket,0.1050839309322543,0.6338,0.07994156152147003,0.6,0.5,blocked,0.0,2.5652,,,new,10:27:11,2026-06-17 10:27:11
CRK,13.1,13.34,-0.01799101573033582,1.0491932401283404,0.0,2589990,3,0.6338031858093269,0.5980000495910645,0.04482758941161298,,,yf_premarket,0.10508325388890072,0.6338031858093269,0.07999189186102418,0.6,0.5,blocked,0.0,2.5652,,,new,10:27:11,2026-06-17 10:27:11
ACCO,3.98,3.96,0.005050495368779348,1.6044851420210888,0.0,792840,3,0.5517240528828485,0.10000004768371581,0.025252537050608075,,,yf_premarket,0.16069920496184936,0.5517240528828485,0.04428185041685915,0.6,0.5,blocked,0.06524698003179069,2.5645,,,new,10:27:11,2026-06-17 10:27:11
COAG,25.96,25.51,0.01764013199061776,1.8296130227117653,0.0,205180,3,0.3828830086616815,2.303000068664551,0.09027832410825097,,,yf_premarket,0.18324716785302725,0.3828830086616815,0.1629059801481102,0.6,0.5,blocked,0.22789157413447259,2.5639,,,new,10:27:11,2026-06-17 10:27:11
BZH,27.23,27.23,1.681100550851242e-08,0.6566813271448549,0.0,493390,2,0.765432069694408,1.0399999618530273,0.03819316853971621,,,yf_premarket,0.06577073506118093,0.765432069694408,0.06788896411788199,0.4,0.5,blocked,2.1718014979456055e-07,2.5635,,,new,10:27:11,2026-06-17 10:27:11
BZH,27.23,27.23,0.0,0.6567,,493390,2,0.7654,1.04,0.0382,,,yf_premarket,0.06577260526421216,0.7654,0.06790142649731062,0.4,0.5,blocked,0.0,2.5634,,,new,10:27:11,2026-06-17 10:27:11
COAG,25.96,25.51,0.0176,1.8296,,205180,3,0.3829,2.303,0.0903,,,yf_premarket,0.18324586354713351,0.3829,0.1629455226728719,0.6,0.5,blocked,0.22737311188487627,2.5632,,,new,10:27:11,2026-06-17 10:27:11
ARCO,8.75,8.69,0.006904536537854782,0.40855902022518303,0.0,1356230,3,0.619999885559082,0.2549999237060547,0.029344066285306666,,,yf_premarket,0.04091973681194493,0.619999885559082,0.051745875332172266,0.6,0.5,blocked,0.08919920220084497,2.5611,,,new,10:27:11,2026-06-17 10:27:11
ARCO,8.75,8.69,0.0069,0.4086,,1356230,3,0.62,0.255,0.0293,,,yf_premarket,0.040923841192259926,0.62,0.05166548684351993,0.6,0.5,blocked,0.08914059500032082,2.5609,,,new,10:27:11,2026-06-17 10:27:11
EDU,45.1175,46.53,-0.030356733641810334,1.3636064494899638,0.0,455850,3,0.6171616122956681,1.0760002136230469,0.023124870875814506,,,yf_premarket,0.13657369992087293,0.6171616122956681,0.040400427987942286,0.6,0.5,blocked,0.0,2.5594,,,new,10:27:11,2026-06-17 10:27:11
EDU,45.1175,46.53,-0.0304,1.3636,,455850,3,0.6172,1.076,0.0231,,,yf_premarket,0.13657305396418412,0.6172,0.040355056972339896,0.6,0.5,blocked,0.0,2.5594,,,new,10:27:11,2026-06-17 10:27:11
CCRN,13.18,13.18,-2.3154459367832843e-08,1.8703820068904249,0.0,461510,2,0.6875044703526214,0.038999748229980466,0.0029590096606193004,,,yf_premarket,0.18733043616946685,0.6875044703526214,0.0036125958804560264,0.4,0.5,blocked,0.0,2.5578,,,new,10:27:11,2026-06-17 10:27:11
CCRN,13.18,13.18,-0.0,1.8704,,461510,2,0.6875,0.039,0.003,,,yf_premarket,0.1873322382917351,0.6875,0.0036873730351271983,0.4,0.5,blocked,-0.0,2.5578,,,new,10:27:11,2026-06-17 10:27:11
GPN,68.36,68.49,-0.0019,0.9807,,4995760,3,0.6322,3.387,0.0495,,,yf_premarket,0.09822322823604823,0.6322,0.08851559706897748,0.6,0.5,blocked,0.0,2.556,,,new,10:27:11,2026-06-17 10:27:11
GPN,68.36,68.49,-0.0018980561808178897,0.9806515925504828,0.0,4995760,3,0.6321944711139607,3.386960345180397,0.04945189736926627,,,yf_premarket,0.09821837992773555,0.6321944711139607,0.08842784522518181,0.6,0.5,blocked,0.0,2.5559,,,new,10:27:11,2026-06-17 10:27:11
VNO,37.82,37.82,0.0,0.8729,,1940160,2,0.7487,1.131,0.0299,,,yf_premarket,0.08742638516085093,0.7487,0.05276004457298897,0.4,0.5,blocked,0.0,2.5549,,,new,10:27:11,2026-06-17 10:27:11
VNO,37.82,37.82,8.069164040103927e-09,0.8729176975094838,0.0,1940160,2,0.7487000610219289,1.1310005187988281,0.02990482622752662,,,yf_premarket,0.08742815767692437,0.7487000610219289,0.05276884888072804,0.4,0.5,blocked,1.0424493966522559e-07,2.5549,,,new,10:27:11,2026-06-17 10:27:11
EEFT,67.55,67.55,-0.0,1.2787,,745530,4,0.5117,2.824,0.0418,,,yf_premarket,0.1280697888706382,0.5117,0.07446877287412484,0.8,0.5,blocked,-0.0,2.5527,,,new,10:27:11,2026-06-17 10:27:11
EEFT,67.55,67.55,-4.51777598441242e-08,1.2786876450310518,0.0,745530,4,0.5116516359133356,2.8240005493164064,0.0418060758213825,,,yf_premarket,0.1280685514433568,0.5116516359133356,0.07447985676955333,0.8,0.5,blocked,0.0,2.5526,,,new,10:27:11,2026-06-17 10:27:11
CBAN,20.71,20.71,0.0,0.5435,,294030,3,0.6742,0.4,0.0193,,,yf_premarket,0.05443491847281759,0.6742,0.03342285801903601,0.6,0.5,blocked,0.0,2.5468,,,new,10:27:11,2026-06-17 10:27:11
CBAN,20.71,20.71,4.4207020042268803e-08,0.5434819576233718,0.0,294030,3,0.6741564003844699,0.40000019073486326,0.01931435096174214,,,yf_premarket,0.05443311141614637,0.6741564003844699,0.03344903794586963,0.6,0.5,blocked,5.711072564868041e-07,2.5467,,,new,10:27:11,2026-06-17 10:27:11
AHR,46.87,46.87,2.278888961293378e-08,0.8906460929582317,0.0,2496390,3,0.641743970756356,1.546500015258789,0.03299552059956918,,,yf_premarket,0.08920376717261244,0.641743970756356,0.05840708790463742,0.6,0.5,blocked,2.944079970280504e-07,2.5465,,,new,10:27:11,2026-06-17 10:27:11
AHR,46.87,46.87,0.0,0.8906,,2496390,3,0.6417,1.5465,0.033,,,yf_premarket,0.08919915067505307,0.6417,0.05841525950857899,0.6,0.5,blocked,0.0,2.5464,,,new,10:27:11,2026-06-17 10:27:11
ELPC,11.45,11.45,1.6658066877552958e-08,0.9046323613931568,0.0,260990,3,0.6357140229672086,0.3469998359680176,0.030305663034791624,,,yf_premarket,0.09060457928299716,0.6357140229672086,0.053500080590140706,0.6,0.5,blocked,2.1520434681452275e-07,2.5341,,,new,10:27:11,2026-06-17 10:27:11
ELPC,11.45,11.45,0.0,0.9046,,260990,3,0.6357,0.347,0.0303,,,yf_premarket,0.09060133808741636,0.6357,0.05348974972596833,0.6,0.5,blocked,0.0,2.534,,,new,10:27:11,2026-06-17 10:27:11
AOSL,45.8998,45.17,0.0162,0.822,,874810,3,0.4463,4.745,0.105,,,yf_premarket,0.08232843235447297,0.4463,0.18976218704486328,0.6,0.5,blocked,0.2092866143485793,2.5249,,,new,10:27:11,2026-06-17 10:27:11
AOSL,45.8998,45.17,0.01615678239182286,0.8220070643911249,0.0,874810,3,0.44625596478316004,4.744999694824219,0.10504759546539984,,,yf_premarket,0.08232913989735235,0.44625596478316004,0.18984901368576507,0.6,0.5,blocked,0.20872828923156467,2.524,,,new,10:27:11,2026-06-17 10:27:11
CSWC,23.43,23.23,0.008609576483203742,0.8044308759988655,0.0,599430,3,0.5603057688230939,0.37975400890966426,0.016347568505940047,,,yf_premarket,0.08056877488871293,0.5603057688230939,0.02803684683145078,0.6,0.5,blocked,0.11122648846573203,2.5223,,,new,10:27:11,2026-06-17 10:27:11
CSWC,23.43,23.23,0.0086,0.8044,,599430,3,0.5603,0.3798,0.0163,,,yf_premarket,0.08056568246464484,0.5603,0.027950069371690825,0.6,0.5,blocked,0.11110277058010999,2.5221,,,new,10:27:11,2026-06-17 10:27:11
CPRX,31.11,31.35,-0.0077,1.2495,,1470140,2,0.7143,0.04,0.0013,,,yf_premarket,0.12514522655342333,0.7143,0.0005861261349649306,0.4,0.5,blocked,0.0,2.5166,,,new,10:27:11,2026-06-17 10:27:11
CPRX,31.11,31.35,-0.007655514467284853,1.2495408600541444,0.0,1470140,2,0.714291553133515,0.03999958038330078,0.0012759036649627482,,,yf_premarket,0.12514931894296547,0.714291553133515,0.0005421680853534315,0.4,0.5,blocked,0.0,2.5166,,,new,10:27:11,2026-06-17 10:27:11
ARCC,18.614,18.62,-0.0003,0.9222,,5130210,3,0.632,0.2744,0.0147,,,yf_premarket,0.09236408797724449,0.632,0.025031248759773396,0.6,0.5,blocked,0.0,2.5151,,,new,10:27:11,2026-06-17 10:27:11
ARCC,18.614,18.62,-0.00032227921390602524,0.9221844719806791,0.0,5130210,3,0.631963721946855,0.2744422902774392,0.014739112669596327,,,yf_premarket,0.09236253274915658,0.631963721946855,0.025102600551151443,0.6,0.5,blocked,0.0,2.515,,,new,10:27:11,2026-06-17 10:27:11
AIB,2.04,2.01,0.014925377949792385,0.8778257006003598,0.0,2306950,3,0.42635656479108247,0.2889999747276306,0.14378108263623576,,,yf_premarket,0.08791972483077198,0.42635656479108247,0.26050907663931205,0.6,0.5,blocked,0.1928198653694437,2.5041,,,new,10:27:11,2026-06-17 10:27:11
AIB,2.04,2.01,0.0149,0.8778,,2306950,3,0.4264,0.289,0.1438,,,yf_premarket,0.08791715075517807,0.4264,0.2605435868838609,0.6,0.5,blocked,0.1924920094934464,2.5037,,,new,10:27:11,2026-06-17 10:27:11
CLW,17.37,17.37,-0.0,0.5103,,225760,2,0.7314,0.852,0.0491,,,yf_premarket,0.05110973118064179,0.7314,0.08778589191599812,0.4,0.5,blocked,-0.0,2.4834,,,new,10:27:11,2026-06-17 10:27:11
CLW,17.37,17.37,-4.831510402389702e-08,0.5102763997165131,0.0,225760,2,0.731391706616553,0.8519999504089355,0.049050081130942384,,,yf_premarket,0.05110736746489654,0.731391706616553,0.08769482677604251,0.4,0.5,blocked,0.0,2.4833,,,new,10:27:11,2026-06-17 10:27:11
ALMS,22.32,22.32,0.0,0.6335,,1403020,3,0.6121,1.579,0.0707,,,yf_premarket,0.06344898040943872,0.6121,0.1271899701768834,0.6,0.5,blocked,0.0,2.483,,,new,10:27:11,2026-06-17 10:27:11
ALMS,22.32,22.32,1.3672750255681422e-08,0.6334906131060142,0.0,1403020,3,0.6120555648744761,1.5789997100830078,0.0707437155767149,,,yf_premarket,0.06344804025339672,0.6120555648744761,0.12726971888086921,0.6,0.5,blocked,1.7663725986698993e-07,2.4829,,,new,10:27:11,2026-06-17 10:27:11
RDNT,56.51,56.51,0.0,1.0953,,781100,3,0.5862,2.4705,0.0437,,,yf_premarket,0.10970113376867913,0.5862,0.0779348723507768,0.6,0.5,blocked,0.0,2.4759,,,new,10:27:11,2026-06-17 10:27:11
RDNT,56.51,56.51,2.970212077047432e-08,1.0952502880553066,0.0,781100,3,0.5861655437912321,2.470500946044922,0.043717944070501495,,,yf_premarket,0.10969615480702961,0.5861655437912321,0.0779676070525527,0.6,0.5,blocked,3.8371952438427076e-07,2.4759,,,new,10:27:11,2026-06-17 10:27:11
BKU,47.79,48.03,-0.004996851663471753,1.008951714991862,0.0,663560,3,0.5971894528545457,1.0009994506835938,0.02084113004631327,,,yf_premarket,0.10105281388885282,0.5971894528545457,0.036234284359551276,0.6,0.5,blocked,0.0,2.4641,,,new,10:27:11,2026-06-17 10:27:11
BKU,47.79,48.03,-0.005,1.009,,663560,3,0.5972,1.001,0.0208,,,yf_premarket,0.10105764993389686,0.5972,0.036159252342708594,0.6,0.5,blocked,0.0,2.4641,,,new,10:27:11,2026-06-17 10:27:11
COO,66.8572,67.35,-0.0073,0.5986,,4195480,1,0.8247,1.786,0.0265,,,yf_premarket,0.05995352750290453,0.8247,0.046557550772664436,0.2,0.5,blocked,0.0,2.4626,,,new,10:27:11,2026-06-17 10:27:11
COO,66.8572,67.35,-0.007316978252203572,0.598644255246122,0.0,4195480,1,0.82465445774341,1.786001205444336,0.02651820706619018,,,yf_premarket,0.0599579599421219,0.82465445774341,0.04659076524771346,0.2,0.5,blocked,0.0,2.4625,,,new,10:27:11,2026-06-17 10:27:11
WY,24.79,24.79,-0.0,0.6784,,5277670,3,0.6182,0.6119,0.0247,,,yf_premarket,0.06794599575337526,0.6182,0.043273877584257325,0.6,0.5,blocked,-0.0,2.46,,,new,10:27:11,2026-06-17 10:27:11
WY,24.79,24.79,-3.6931315481687056e-08,0.6783864849450609,0.0,5277670,3,0.6181822385342312,0.6118859644143828,0.024682772965576007,,,yf_premarket,0.06794464213623862,0.6181822385342312,0.043242450944782976,0.6,0.5,blocked,0.0,2.4599,,,new,10:27:11,2026-06-17 10:27:11
DHC,8.79,8.79,4.339814786023836e-09,0.8546278178878526,0.0,2059610,2,0.6969694342494389,0.3219996452331543,0.03663249677253392,,,yf_premarket,0.08559631203556073,0.6969694342494389,0.0650418885413262,0.4,0.5,blocked,5.6065749596718065e-08,2.4549,,,new,10:27:11,2026-06-17 10:27:11
DHC,8.79,8.79,0.0,0.8546,,2059610,2,0.697,0.322,0.0366,,,yf_premarket,0.08559352590040463,0.697,0.0649826058853932,0.4,0.5,blocked,0.0,2.4549,,,new,10:27:11,2026-06-17 10:27:11
RFIL,16.4,16.44,-0.0024,3.1865,,321890,3,0.3841,1.934,0.1176,,,yf_premarket,0.31914787067825806,0.3841,0.21274789936371302,0.6,0.5,blocked,0.0,2.4533,,,new,10:27:11,2026-06-17 10:27:11
RFIL,16.4,16.44,-0.0024331224305469005,3.186492279971419,0.0,321890,3,0.38408310892561653,1.9339999198913573,0.11763989398204841,,,yf_premarket,0.3191470974691938,0.38408310892561653,0.212820676474397,0.6,0.5,blocked,0.0,2.4533,,,new,10:27:11,2026-06-17 10:27:11
FR,62.81,62.81,-0.0,0.9812,,1087850,2,0.6846,1.154,0.0184,,,yf_premarket,0.09827330635791834,0.6846,0.031781021424832454,0.4,0.5,blocked,-0.0,2.4325,,,new,10:27:11,2026-06-17 10:27:11
FR,62.81,62.81,-2.1864209255299175e-08,0.9812014524061222,0.0,1087850,2,0.6845790956499108,1.1540000915527344,0.018372871617918084,,,yf_premarket,0.09827345182545993,0.6845790956499108,0.03173153212433953,0.4,0.5,blocked,0.0,2.4324,,,new,10:27:11,2026-06-17 10:27:11
WWW,17.74,17.74,1.2902020142465841e-08,0.9183882847176474,0.0,925970,2,0.6743421764667684,0.8870003700256348,0.050000021503367055,,,yf_premarket,0.09198232089235682,0.6743421764667684,0.08942776773799603,0.4,0.5,blocked,1.6668025394283028e-07,2.4314,,,new,10:27:11,2026-06-17 10:27:11
WWW,17.74,17.74,0.0,0.9184,,925970,2,0.6743,0.887,0.05,,,yf_premarket,0.0919834942510316,0.6743,0.08942772851020167,0.4,0.5,blocked,0.0,2.4313,,,new,10:27:11,2026-06-17 10:27:11
MAIN,51.4094,51.46,-0.0009832702171175482,1.1325779661818238,0.0,634570,4,0.4660189961427374,1.0733339004818525,0.020857635436797282,,,yf_premarket,0.11343475483572611,0.4660189961427374,0.03626439453077158,0.8,0.5,blocked,0.0,2.4203,,,new,10:27:11,2026-06-17 10:27:11
MAIN,51.4094,51.46,-0.001,1.1326,,634570,4,0.466,1.0733,0.0209,,,yf_premarket,0.11343696166018989,0.466,0.03634167863095343,0.8,0.5,blocked,0.0,2.4203,,,new,10:27:11,2026-06-17 10:27:11
ACM,71.77,71.07,0.009849448546244413,0.7946542551567014,0.0,1637190,3,0.48769202599158656,2.4530006408691407,0.03451527580417007,,,yf_premarket,0.07958958526868928,0.48769202599158656,0.061179520914798585,0.6,0.5,blocked,0.12724430490395244,2.4162,,,new,10:27:11,2026-06-17 10:27:11
ACM,71.77,71.07,0.0098,0.7947,,1637190,3,0.4877,2.453,0.0345,,,yf_premarket,0.07959416690036455,0.4877,0.06115165383225158,0.6,0.5,blocked,0.12660548275407882,2.4153,,,new,10:27:11,2026-06-17 10:27:11
EC,15.65,15.79,-0.008866368726488418,1.5291041154458567,0.0,2493290,4,0.4204545885570956,0.5959997177124023,0.03774539069995407,,,yf_premarket,0.1531493244907913,0.4204545885570956,0.067072099625221,0.8,0.5,blocked,0.0,2.4042,,,new,10:27:11,2026-06-17 10:27:11
EC,15.65,15.79,-0.0089,1.5291,,2493290,4,0.4205,0.596,0.0377,,,yf_premarket,0.15314891230319297,0.4205,0.06698929505608643,0.8,0.5,blocked,0.0,2.4042,,,new,10:27:11,2026-06-17 10:27:11
ALKS,43.91,44.09,-0.0041,0.7837,,1813170,2,0.6751,1.562,0.0354,,,yf_premarket,0.07849244821922198,0.6751,0.06279349042645513,0.4,0.5,blocked,0.0,2.3993,,,new,10:27:11,2026-06-17 10:27:11
ALKS,43.91,44.09,-0.00408256184996472,0.783655145408318,0.0,1813170,2,0.6750975939202327,1.56199951171875,0.03542752339108503,,,yf_premarket,0.07848795575180462,0.6750975939202327,0.06284370032721066,0.4,0.5,blocked,0.0,2.3993,,,new,10:27:11,2026-06-17 10:27:11
BOOM,6.9,6.9,-1.3821366661919622e-08,0.9829024869109948,0.0,244480,3,0.553846277993088,0.28600001335144043,0.04144927672442455,,,yf_premarket,0.0984438210519405,0.553846277993088,0.07382896142048183,0.6,0.5,blocked,0.0,2.3923,,,new,10:27:11,2026-06-17 10:27:11
BOOM,6.9,6.9,-0.0,0.9829,,244480,3,0.5538,0.286,0.0414,,,yf_premarket,0.09844357197227674,0.5538,0.07373906772114548,0.6,0.5,blocked,-0.0,2.3921,,,new,10:27:11,2026-06-17 10:27:11
BXMT,18.42,18.34,0.0044,1.3363,,947720,2,0.5932,0.312,0.017,,,yf_premarket,0.13383878851007572,0.5932,0.029227053389404702,0.4,0.5,blocked,0.05684327797121907,2.387,,,new,10:27:11,2026-06-17 10:27:11
BXMT,18.42,18.34,0.004362041807334587,1.3362596547503482,0.0,947720,2,0.5932208321210358,0.31199989318847654,0.017011989672445632,,,yf_premarket,0.13383474768141781,0.5932208321210358,0.029248925703819983,0.4,0.5,blocked,0.05635289885827244,2.3863,,,new,10:27:11,2026-06-17 10:27:11
BGS,4.01,3.95,0.0152,0.6757,,2135510,2,0.5278,0.145,0.0367,,,yf_premarket,0.06767557389527662,0.5278,0.06516503217363805,0.4,0.5,blocked,0.1963676875369386,2.3842,,,new,10:27:11,2026-06-17 10:27:11
BGS,4.01,3.95,0.015189861162525303,0.6756699804730486,0.0,2135510,2,0.5277780905182891,0.14500007629394532,0.0367088796312733,,,yf_premarket,0.06767256725221832,0.5277780905182891,0.06518123095537975,0.4,0.5,blocked,0.19623670463764786,2.384,,,new,10:27:11,2026-06-17 10:27:11
SNY,43.39,44.05,-0.015,0.6477,,2430780,3,0.5854,0.563,0.0128,,,yf_premarket,0.06487119907055006,0.5854,0.021565149283121452,0.6,0.5,blocked,0.0,2.3789,,,new,10:27:11,2026-06-17 10:27:11
SNY,43.39,44.05,-0.014982956832954262,0.6476933330042208,0.0,2430780,3,0.5853653997984991,0.5629993438720703,0.012780916086790816,,,yf_premarket,0.06487053132929578,0.5853653997984991,0.02153033520860207,0.6,0.5,blocked,0.0,2.3788,,,new,10:27:11,2026-06-17 10:27:11
ACHV,5.57,5.55,0.0036035691131190524,1.2176676372910713,0.0,1466410,2,0.5793105262638653,0.41299996376037595,0.0744144053273792,,,yf_premarket,0.12195701667512031,0.5793105262638653,0.13396602194598983,0.4,0.5,blocked,0.04655424563307401,2.3784,,,new,10:27:11,2026-06-17 10:27:11
ACHV,5.57,5.55,0.0036,1.2177,,1466410,2,0.5793,0.413,0.0744,,,yf_premarket,0.12196025800248386,0.5793,0.13393974284194246,0.4,0.5,blocked,0.04650813652190651,2.3783,,,new,10:27:11,2026-06-17 10:27:11
AGBK,7.0,7.0,0.0,0.3559009545146911,0.0,428490,3,0.5811966334469999,0.43699984550476073,0.06242854935782296,,,yf_premarket,0.03564570274775561,0.5811966334469999,0.1121006697863559,0.6,0.5,blocked,0.0,2.3719,,,new,10:27:11,2026-06-17 10:27:11
AGBK,7.0,7.0,0.0,0.3559,,428490,3,0.5812,0.437,0.0624,,,yf_premarket,0.03564560714714955,0.5812,0.11204858825256174,0.6,0.5,blocked,0.0,2.3719,,,new,10:27:11,2026-06-17 10:27:11
AROC,35.85,35.75,0.0028,0.8729,,1494400,3,0.5319,0.839,0.0235,,,yf_premarket,0.08742638516085093,0.5319,0.04108476212531926,0.6,0.5,blocked,0.03617299507259395,2.3697,,,new,10:27:11,2026-06-17 10:27:11
AROC,35.85,35.75,0.002797202797202837,0.8728586723768736,0.0,1494400,3,0.5319147455980261,0.8390003204345703,0.023468540431736233,,,yf_premarket,0.08742224594135588,0.5319147455980261,0.041027371602637815,0.6,0.5,blocked,0.03613685821438009,2.3697,,,new,10:27:11,2026-06-17 10:27:11
ANRO,21.0,21.0,0.0,0.6968196037539103,0.0,383600,2,0.6339467401314237,1.7580001831054688,0.08371429443359375,,,yf_premarket,0.06979083407655044,0.6339467401314237,0.1509314644533432,0.4,0.5,blocked,0.0,2.348,,,new,10:27:11,2026-06-17 10:27:11
ANRO,21.0,21.0,0.0,0.6968,,383600,2,0.6339,1.758,0.0837,,,yf_premarket,0.06978887063819558,0.6339,0.1509053876487125,0.4,0.5,blocked,0.0,2.3479,,,new,10:27:11,2026-06-17 10:27:11
TTI,10.22,10.15,0.0069,0.5861,,2029000,2,0.5867,0.576,0.0567,,,yf_premarket,0.05870157445615159,0.5867,0.1016502898226059,0.4,0.5,blocked,0.08914059500032082,2.346,,,new,10:27:11,2026-06-17 10:27:11
TTI,10.22,10.15,0.006896589566558358,0.5861015278462297,0.0,2029000,2,0.5866661071777344,0.5759998321533203,0.056748754069088865,,,yf_premarket,0.05870172747949097,0.5866661071777344,0.10173923006121305,0.4,0.5,blocked,0.08909653586029227,2.3459,,,new,10:27:11,2026-06-17 10:27:11
BTGO,5.3935,5.44,-0.0085,0.5766,,1787050,2,0.6327,0.562,0.1033,,,yf_premarket,0.05775009014061936,0.6327,0.18666094014470103,0.4,0.5,blocked,0.0,2.3454,,,new,10:27:11,2026-06-17 10:27:11
BTGO,5.3935,5.44,-0.008547804546203911,0.5766486667972357,0.0,1787050,2,0.6326531883281153,0.5619999885559082,0.10330882033906802,,,yf_premarket,0.057754964424225355,0.6326531883281153,0.18667703076187342,0.4,0.5,blocked,0.0,2.3453,,,new,10:27:11,2026-06-17 10:27:11
ABEO,5.63,5.65,-0.0035,1.6357,,955030,2,0.5775,0.25,0.0442,,,yf_premarket,0.163825567885902,0.5775,0.07884700379200099,0.4,0.5,blocked,0.0,2.3402,,,new,10:27:11,2026-06-17 10:27:11
ABEO,5.63,5.65,-0.003539839828291383,1.6356554244369286,0.0,955030,2,0.5774652143953772,0.2499999523162842,0.04424777842415703,,,yf_premarket,0.16382110336494216,0.5774652143953772,0.07893416419777254,0.4,0.5,blocked,0.0,2.3401,,,new,10:27:11,2026-06-17 10:27:11
GBDC,12.83,12.77,0.0047,1.1151,,1020960,3,0.4748,0.2285,0.0179,,,yf_premarket,0.11168422739473578,0.4748,0.030868889983608254,0.6,0.5,blocked,0.06071895601471128,2.3236,,,new,10:27:11,2026-06-17 10:27:11
GBDC,12.83,12.77,0.004698476122594872,1.1151269393511989,0.0,1020960,3,0.47477213121122475,0.22853046546659303,0.0178958854561086,,,yf_premarket,0.11168692553896066,0.47477213121122475,0.030861383973908967,0.6,0.5,blocked,0.06069926915404451,2.3236,,,new,10:27:11,2026-06-17 10:27:11
ABM,43.8312,43.98,-0.003383345697705736,0.7722282047581513,0.0,900770,2,0.6409036251418038,1.2799999237060546,0.02910413681284382,,,yf_premarket,0.07734347629884132,0.6409036251418038,0.05130818090115287,0.4,0.5,blocked,0.0,2.3235,,,new,10:27:11,2026-06-17 10:27:11
ABM,43.8312,43.98,-0.0034,0.7722,,900770,2,0.6409,1.28,0.0291,,,yf_premarket,0.07734065141620929,0.6409,0.05130063426703026,0.4,0.5,blocked,0.0,2.3235,,,new,10:27:11,2026-06-17 10:27:11
CMCO,13.92,13.92,-0.0,0.8433,,1023280,3,0.5106,1.114,0.08,,,yf_premarket,0.08446176034613997,0.5106,0.14415561498365345,0.6,0.5,blocked,-0.0,2.32,,,new,10:27:11,2026-06-17 10:27:11
CMCO,13.92,13.92,-5.480886850962341e-09,0.8432687045578923,0.0,1023280,3,0.510581998567975,1.1139999389648438,0.080028730808846,,,yf_premarket,0.08445862591221227,0.510581998567975,0.14420802753181394,0.6,0.5,blocked,0.0,2.32,,,new,10:27:11,2026-06-17 10:27:11
EMN,73.78,73.28,0.00682316087653084,1.1176464753667463,0.0,1008190,3,0.4430767716567316,2.165205231327131,0.029547015111834943,,,yf_premarket,0.11193927280224612,0.4430767716567316,0.05211610734344426,0.6,0.5,blocked,0.08814791598795212,2.3123,,,new,10:27:11,2026-06-17 10:27:11
EMN,73.78,73.28,0.0068,1.1176,,1008190,3,0.4431,2.1652,0.0295,,,yf_premarket,0.11193461800408636,0.4431,0.05203033942000961,0.6,0.5,blocked,0.08784870231915673,2.3119,,,new,10:27:11,2026-06-17 10:27:11
EIKN,9.08,9.07,0.0011025695162358142,0.7921287417660302,0.0,239860,3,0.48623843177398784,0.8080001831054687,0.08908491844454557,,,yf_premarket,0.079336639333964,0.48623843177398784,0.16072889449210873,0.6,0.5,blocked,0.014244014884996572,2.2932,,,new,10:27:11,2026-06-17 10:27:11
EIKN,9.08,9.07,0.0011,0.7921,,239860,3,0.4862,0.808,0.0891,,,yf_premarket,0.07933376066663995,0.4862,0.16075640721393383,0.6,0.5,blocked,0.014210819492804767,2.2931,,,new,10:27:11,2026-06-17 10:27:11
AIN,70.29,70.29,-1.3025001075152644e-08,0.5926880867380669,0.0,302520,1,0.733302651453588,2.799696950759523,0.03983065748034524,,,yf_premarket,0.05936141247727123,0.733302651453588,0.07087617441269127,0.2,0.5,blocked,0.0,2.2911,,,new,10:27:11,2026-06-17 10:27:11
AIN,70.29,70.29,-0.0,0.5927,,302520,1,0.7333,2.7997,0.0398,,,yf_premarket,0.05936260566483714,0.7333,0.07082024710922806,0.2,0.5,blocked,-0.0,2.2911,,,new,10:27:11,2026-06-17 10:27:11
HCAI,8.2175,7.92,0.0376,0.0972,,235690,2,0.2522,1.2098,0.1528,,,yf_premarket,0.009735186891550817,0.2522,0.2769619528258964,0.4,0.5,blocked,0.4857516481176902,2.2861,,,new,10:27:11,2026-06-17 10:27:11
DDD,3.23,3.19,0.012539166790609442,0.855545087074127,0.0,6251570,3,0.3727273022832911,0.24300003051757812,0.07617555678958551,,,yf_premarket,0.08568818227175663,0.3727273022832911,0.13717882518886254,0.6,0.5,blocked,0.16199257804683895,2.2856,,,new,10:27:11,2026-06-17 10:27:11
HCAI,8.2175,7.92,0.037563121318209006,0.09716152573295431,0.0,235690,2,0.25223610177530137,1.2098000526428223,0.15275253042786985,,,yf_premarket,0.009731333453482862,0.25223610177530137,0.2768753558474137,0.4,0.5,blocked,0.48527521512672256,2.2854,,,new,10:27:11,2026-06-17 10:27:11
DDD,3.23,3.19,0.0125,0.8555,,6251570,3,0.3727,0.243,0.0762,,,yf_premarket,0.08568366651977084,0.3727,0.13722341603034957,0.6,0.5,blocked,0.16148658514550873,2.2848,,,new,10:27:11,2026-06-17 10:27:11
SLDE,16.8299,16.91,-0.004736833124476299,0.9117461624570569,0.0,777190,2,0.6026488142230082,0.567500114440918,0.03356003072511959,,,yf_premarket,0.09131707087627267,0.6026488142230082,0.05943690277344531,0.4,0.5,blocked,0.0,2.272,,,new,10:27:11,2026-06-17 10:27:11
SLDE,16.8299,16.91,-0.0047,0.9117,,777190,2,0.6026,0.5675,0.0336,,,yf_premarket,0.09131244741797202,0.6026,0.05950981723804802,0.4,0.5,blocked,0.0,2.2719,,,new,10:27:11,2026-06-17 10:27:11
HALO,69.64,69.64,8.764382085264051e-09,1.1848341232227488,0.0,1645800,2,0.5786961621361332,2.321999359130859,0.03334289746527497,,,yf_premarket,0.11866853523724498,0.5786961621361332,0.05904079462696575,0.4,0.5,blocked,1.1322641070878116e-07,2.2649,,,new,10:27:11,2026-06-17 10:27:11
HALO,69.64,69.64,0.0,1.1848,,1645800,2,0.5787,2.322,0.0333,,,yf_premarket,0.11866511758343015,0.5787,0.058962538373313514,0.4,0.5,blocked,0.0,2.2649,,,new,10:27:11,2026-06-17 10:27:11
CCOI,16.06,16.05,0.0006231005242890854,0.9886596180081856,0.0,938240,3,0.4632765439282751,1.244999885559082,0.07757009001497596,,,yf_premarket,0.09902043367735522,0.4632765439282751,0.13972282039028336,0.6,0.5,blocked,0.00804979006958564,2.257,,,new,10:27:11,2026-06-17 10:27:11
CCOI,16.06,16.05,0.0006,0.9887,,938240,3,0.4633,1.245,0.0776,,,yf_premarket,0.09902447818597011,0.4633,0.13977738406577733,0.6,0.5,blocked,0.007751356086984418,2.2567,,,new,10:27:11,2026-06-17 10:27:11
ATS,28.05,27.97,0.0029,0.5411,,231920,3,0.4905,1.083,0.0387,,,yf_premarket,0.05419454348784103,0.4905,0.06881355793853483,0.6,0.5,blocked,0.03746488775375802,2.2529,,,new,10:27:11,2026-06-17 10:27:11
ATS,28.05,27.97,0.002860231984607578,0.5411348740945153,0.0,231920,3,0.4904629971774359,1.083000373840332,0.03872007152046104,,,yf_premarket,0.05419803634615152,0.4904629971774359,0.0688501736683062,0.6,0.5,blocked,0.03695112767345912,2.2521,,,new,10:27:11,2026-06-17 10:27:11
ANDG,36.99,37.5,-0.0136,0.7936,,297500,3,0.4854,2.4645,0.0657,,,yf_premarket,0.0794839950322503,0.4854,0.11806865576464143,0.6,0.5,blocked,0.0,2.2491,,,new,10:27:11,2026-06-17 10:27:11
ANDG,36.99,37.5,-0.013599999999999947,0.7936134453781513,0.0,297500,3,0.4853636607274079,2.464499664306641,0.06571999104817709,,,yf_premarket,0.07948534167082161,0.4853636607274079,0.11810512469181214,0.6,0.5,blocked,0.0,2.249,,,new,10:27:11,2026-06-17 10:27:11
CUBE,40.41,41.2,-0.01917477544442388,0.8253958269683518,0.0,2225720,2,0.5988702452292,0.8630001068115234,0.02094660414637215,,,yf_premarket,0.08266854562801487,0.5988702452292,0.03642669684534834,0.4,0.5,blocked,0.0,2.24,,,new,10:27:11,2026-06-17 10:27:11
CUBE,40.41,41.2,-0.0192,0.8254,,2225720,2,0.5989,0.863,0.0209,,,yf_premarket,0.08266896358318977,0.5989,0.03634167863095343,0.4,0.5,blocked,0.0,2.24,,,new,10:27:11,2026-06-17 10:27:11
DXC,9.26,9.23,0.0033,0.7855,,4999460,2,0.5512,0.57,0.0618,,,yf_premarket,0.0786727294579544,0.5512,0.1109540305230927,0.4,0.5,blocked,0.0426324584784143,2.2398,,,new,10:27:11,2026-06-17 10:27:11
CRVL,59.69,59.69,0.0,0.8158,,215610,2,0.5951,1.761,0.0295,,,yf_premarket,0.08170746364328352,0.5951,0.05203033942000961,0.4,0.5,blocked,0.0,2.2388,,,new,10:27:11,2026-06-17 10:27:11
DXC,9.26,9.23,0.003250320612302314,0.785484832361895,0.0,4999460,2,0.5511807535075678,0.5699999809265137,0.06175514725848068,,,yf_premarket,0.0786712103242954,0.5511807535075678,0.11087220733156296,0.4,0.5,blocked,0.04199065410470077,2.2388,,,new,10:27:11,2026-06-17 10:27:11
CRVL,59.69,59.69,2.300705386072447e-08,0.8158248689763926,0.0,215610,2,0.5951217787525757,1.7609996795654297,0.029502424528075794,,,yf_premarket,0.08170995442654466,0.5951217787525757,0.05203476239658574,0.4,0.5,blocked,2.9722644497817497e-07,2.2388,,,new,10:27:11,2026-06-17 10:27:11
ETOR,39.25,39.02,0.0059,1.3124,,615980,2,0.4954,1.5661,0.0401,,,yf_premarket,0.1314450542846841,0.4954,0.07136752597396258,0.4,0.5,blocked,0.0762216681886801,2.238,,,new,10:27:11,2026-06-17 10:27:11
ETOR,39.25,39.02,0.005894401320812028,1.3123802720867561,0.0,615980,2,0.49538480318509615,1.5660995483398437,0.040135815734677734,,,yf_premarket,0.13144307841099676,0.49538480318509615,0.07143286328934279,0.4,0.5,blocked,0.07614933926200884,2.2379,,,new,10:27:11,2026-06-17 10:27:11
BBD,3.46,3.46,-0.0,1.198,,24817770,2,0.5625,0.092,0.0266,,,yf_premarket,0.11998718000080123,0.5625,0.04673997706090927,0.4,0.5,blocked,-0.0,2.2284,,,new,10:27:11,2026-06-17 10:27:11
BBD,3.46,3.46,-1.1025136494566924e-08,1.1980125531020716,0.0,24817770,2,0.5625003259629692,0.09200000762939453,0.026589597287595922,,,yf_premarket,0.11998843727235202,0.5625003259629692,0.04672099977879373,0.4,0.5,blocked,0.0,2.2283,,,new,10:27:11,2026-06-17 10:27:11
AS,34.202,35.59,-0.03899972314237165,0.8955362289781699,0.0,3989900,2,0.5775403960351605,1.2447998046875,0.03497611124896232,,,yf_premarket,0.08969354482774827,0.5775403960351605,0.06202020591164969,0.4,0.5,blocked,0.0,2.2206,,,new,10:27:11,2026-06-17 10:27:11
AS,34.202,35.59,-0.039,0.8955,,3989900,2,0.5775,1.2448,0.035,,,yf_premarket,0.08968991626938022,0.5775,0.06206378527347578,0.4,0.5,blocked,0.0,2.2206,,,new,10:27:11,2026-06-17 10:27:11
EGY,5.4,5.44,-0.007352951617595471,1.1619313797774387,0.0,1166420,3,0.45454567973406124,0.21650004386901855,0.03979780176319303,,,yf_premarket,0.11637468248241642,0.45454567973406124,0.07081623694741428,0.6,0.5,blocked,0.0,2.2191,,,new,10:27:11,2026-06-17 10:27:11
EGY,5.4,5.44,-0.0074,1.1619,,1166420,3,0.4545,0.2165,0.0398,,,yf_premarket,0.11637153960177876,0.4545,0.07082024710922806,0.6,0.5,blocked,0.0,2.219,,,new,10:27:11,2026-06-17 10:27:11
CBU,63.1,63.1,2.4181916712674517e-08,2.3956534985274702,0.0,295410,3,0.3658040549844925,1.6476831234492288,0.026112252984046985,,,yf_premarket,0.23993965571566345,0.3658040549844925,0.045850198283681226,0.6,0.5,blocked,3.124044121762331e-07,2.2144,,,new,10:27:11,2026-06-17 10:27:11
CBU,63.1,63.1,0.0,2.3957,,295410,3,0.3658,1.6477,0.0261,,,yf_premarket,0.2399443131284804,0.3658,0.04582784561968508,0.6,0.5,blocked,0.0,2.2144,,,new,10:27:11,2026-06-17 10:27:11
BBW,33.34,32.54,0.0246,0.9017,,367100,4,0.1256,1.491,0.0458,,,yf_premarket,0.09031088498056968,0.1256,0.08176582440391841,0.8,0.5,blocked,0.3178055995663612,2.2043,,,new,10:27:11,2026-06-17 10:27:11
BBW,33.34,32.54,0.02458509717161435,0.9016616725687824,0.0,367100,4,0.12555104112269758,1.4909997940063477,0.04582052096055341,,,yf_premarket,0.09030704624902672,0.12555104112269758,0.08180326003056819,0.8,0.5,blocked,0.3176130710171605,2.2039,,,new,10:27:11,2026-06-17 10:27:11
CEPT,11.9976,12.0,-0.00019999999999997797,1.9155143073689027,0.0,699290,2,0.4812832479191284,0.6845000267028809,0.05704166889190674,,,yf_premarket,0.1918507178567468,0.4812832479191284,0.10227358370019864,0.4,0.5,blocked,0.0,2.2015,,,new,10:27:11,2026-06-17 10:27:11
CEPT,11.9976,12.0,-0.0002,1.9155,,699290,2,0.4813,0.6845,0.057,,,yf_premarket,0.19184928488441969,0.4813,0.10219756868734042,0.4,0.5,blocked,0.0,2.2015,,,new,10:27:11,2026-06-17 10:27:11
ABEV,3.1006,3.2,-0.0311,1.1395,,25254730,2,0.5556,0.063,0.0197,,,yf_premarket,0.1141280397419975,0.5556,0.03415256317201536,0.4,0.5,blocked,0.0,2.1995,,,new,10:27:11,2026-06-17 10:27:11
ABEV,3.1006,3.2,-0.03106251443829365,1.1394776344866882,0.0,25254730,2,0.5555559480141496,0.0630000352859497,0.01968751073349251,,,yf_premarket,0.11412579969619487,0.5555559480141496,0.03412977946669674,0.4,0.5,blocked,0.0,2.1994,,,new,10:27:11,2026-06-17 10:27:11
LIFE,16.54,15.98,0.03504383440584889,0.6515900705303582,0.0,398410,2,0.22569437775712956,1.210000228881836,0.07571966605403932,,,yf_premarket,0.06526081392275532,0.22569437775712956,0.13634716064155353,0.4,0.5,blocked,0.452728731888418,2.1965,,,new,10:27:11,2026-06-17 10:27:11
LIFE,16.54,15.98,0.035,0.6516,,398410,2,0.2257,1.21,0.0757,,,yf_premarket,0.06526180842113696,0.2257,0.13631128458912536,0.4,0.5,blocked,0.4521624384074244,2.1957,,,new,10:27:11,2026-06-17 10:27:11
CMP,30.53,31.08,-0.0177,1.0176,,524650,2,0.5513,1.364,0.0439,,,yf_premarket,0.10191899363006289,0.5513,0.07829972492726647,0.4,0.5,blocked,0.0,2.1946,,,new,10:27:11,2026-06-17 10:27:11
CMP,30.53,31.08,-0.017696265284947603,1.0176308014867055,0.0,524650,2,0.5513076656207593,1.3640003204345703,0.04388675430446795,,,yf_premarket,0.10192207859127292,0.5513076656207593,0.07827556129655515,0.4,0.5,blocked,0.0,2.1946,,,new,10:27:11,2026-06-17 10:27:11
MMED,14.65,14.7,-0.0034013476131899275,0.42455181581522444,0.0,1083260,1,0.6775244724658355,0.9760000228881835,0.06639456024162864,,,yf_premarket,0.042521515145148875,0.6775244724658355,0.11933571623306895,0.2,0.5,blocked,0.0,2.1785,,,new,10:27:11,2026-06-17 10:27:11
MMED,14.65,14.7,-0.0034,0.4246,,1083260,1,0.6775,0.976,0.0664,,,yf_premarket,0.042526341092103674,0.6775,0.11934563978235531,0.2,0.5,blocked,0.0,2.1785,,,new,10:27:11,2026-06-17 10:27:11
ARX,13.59,13.35,0.018,1.8057,,1463900,2,0.2974,0.9055,0.0678,,,yf_premarket,0.1808521293217419,0.2974,0.12189960781778306,0.4,0.5,blocked,0.23254068260953253,2.1758,,,new,10:27:11,2026-06-17 10:27:11
ARX,13.59,13.35,0.017977499001678027,1.8056561240521893,0.0,1463900,2,0.29742774689664836,0.9055000305175781,0.06782771570362232,,,yf_premarket,0.18084773487161865,0.29742774689664836,0.12195016854716222,0.4,0.5,blocked,0.23224999385902212,2.1755,,,new,10:27:11,2026-06-17 10:27:11
CNMD,34.9,34.57,0.009545857914056826,0.8985820853026593,0.0,526830,2,0.4560746397427396,1.6389999389648438,0.04741104869637106,,,yf_premarket,0.08999860635618157,0.4560746397427396,0.08470480074252502,0.4,0.5,blocked,0.12332223974602127,2.1745,,,new,10:27:11,2026-06-17 10:27:11
CNMD,34.9,34.57,0.0095,0.8986,,526830,2,0.4561,1.639,0.0474,,,yf_premarket,0.09000040062497495,0.4561,0.08468464501583585,0.4,0.5,blocked,0.12272980471058662,2.1736,,,new,10:27:11,2026-06-17 10:27:11
CMRE,16.1,15.65,0.0288,1.2428,,450660,2,0.2414,0.467,0.0298,,,yf_premarket,0.12447417972036375,0.2414,0.05257761828474413,0.4,0.5,blocked,0.3720650921752521,2.1539,,,new,10:27:11,2026-06-17 10:27:11
CMRE,16.1,15.65,0.028754018686167133,1.2428438290507255,0.0,450660,2,0.24137894747226946,0.4670001983642578,0.02984026899344518,,,yf_premarket,0.12447856947345112,0.24137894747226946,0.052651079514799734,0.4,0.5,blocked,0.37147106294714216,2.153,,,new,10:27:11,2026-06-17 10:27:11
BBNX,13.42,13.95,-0.0379928183879349,1.0085217079296735,0.0,1114800,1,0.6167882195455916,1.047000026702881,0.07505376638123662,,,yf_premarket,0.10100974599672223,0.6167882195455916,0.13513238458502502,0.2,0.5,blocked,0.0,2.1527,,,new,10:27:11,2026-06-17 10:27:11
BBNX,13.42,13.95,-0.038,1.0085,,1114800,1,0.6168,1.047,0.0751,,,yf_premarket,0.10100757181202674,0.6168,0.13521672685965633,0.2,0.5,blocked,0.0,2.1527,,,new,10:27:11,2026-06-17 10:27:11
SVCO,11.98,11.98,3.8210658580365364e-08,0.7395928084537726,0.0,890490,3,0.41463401396551164,1.467300033569336,0.12247913936860072,,,yf_premarket,0.07407483759202081,0.41463401396551164,0.221648732212144,0.6,0.5,blocked,4.936407016243308e-07,2.1512,,,new,10:27:11,2026-06-17 10:27:11
SVCO,11.98,11.98,0.0,0.7396,,890490,3,0.4146,1.4673,0.1225,,,yf_premarket,0.07407555787027763,0.4146,0.22168678748771015,0.6,0.5,blocked,0.0,2.1512,,,new,10:27:11,2026-06-17 10:27:11
BLKB,28.01,28.01,-0.0,0.7781,,661650,3,0.4369,1.445,0.0516,,,yf_premarket,0.07793157325427667,0.4369,0.09234654912211909,0.6,0.5,blocked,-0.0,2.1369,,,new,10:27:11,2026-06-17 10:27:11
BLKB,28.01,28.01,-8.171432792003335e-09,0.7780548628428927,0.0,661650,3,0.43692310039813703,1.4449996948242188,0.05158870699809,,,yf_premarket,0.07792705248616769,0.43692310039813703,0.09232594771790326,0.6,0.5,blocked,0.0,2.1369,,,new,10:27:11,2026-06-17 10:27:11
GTN,3.91,3.9,0.0026,1.1609,,1248740,2,0.4886,0.1486,0.0381,,,yf_premarket,0.11627138335803854,0.4886,0.0677190002090658,0.4,0.5,blocked,0.03358920971026581,2.1359,,,new,10:27:11,2026-06-17 10:27:11
GTN,3.91,3.9,0.002564078048215119,1.1609302176594007,0.0,1248740,2,0.48863643787257,0.14859188426022282,0.038100482211968635,,,yf_premarket,0.11627440984529873,0.48863643787257,0.06771987989046165,0.4,0.5,blocked,0.03312513664422565,2.1352,,,new,10:27:11,2026-06-17 10:27:11
AEO,17.54,17.54,-5.2196539157086227e-08,0.9257763651521467,0.0,5373760,2,0.5232878086736273,0.8580000877380372,0.04891676413645393,,,yf_premarket,0.09272228327712698,0.5232878086736273,0.08745162153139764,0.4,0.5,blocked,0.0,2.1294,,,new,10:27:11,2026-06-17 10:27:11
AEO,17.54,17.54,-0.0,0.9258,,5373760,2,0.5233,0.858,0.0489,,,yf_premarket,0.09272465045470933,0.5233,0.08742103933950844,0.4,0.5,blocked,-0.0,2.1294,,,new,10:27:11,2026-06-17 10:27:11
ARI,10.73,10.83,-0.0092,3.2183,,1125330,1,0.4651,0.186,0.0172,,,yf_premarket,0.32233283922919753,0.4651,0.02959190596589438,0.2,0.5,blocked,0.0,2.1285,,,new,10:27:11,2026-06-17 10:27:11
ARI,10.73,10.83,-0.009233603362005752,3.218255978246381,0.0,1125330,1,0.46511550540267205,0.18599977493286132,0.017174494574623386,,,yf_premarket,0.32232843017571217,0.46511550540267205,0.029545377365078763,0.2,0.5,blocked,0.0,2.1285,,,new,10:27:11,2026-06-17 10:27:11
EIX,72.0,72.06,-0.0008,0.8723,,2190350,3,0.4381,1.42,0.0197,,,yf_premarket,0.08736629141460678,0.4381,0.03415256317201536,0.6,0.5,blocked,0.0,2.1243,,,new,10:27:11,2026-06-17 10:27:11
EIX,72.0,72.06,-0.0008326056151329247,0.8723263405391832,0.0,2190350,3,0.4380941539489969,1.4199989318847657,0.01970578656667494,,,yf_premarket,0.08736892958406946,0.4380941539489969,0.034163119390817266,0.6,0.5,blocked,0.0,2.1243,,,new,10:27:11,2026-06-17 10:27:11
BESS,3.9,4.02,-0.02985074166563967,0.08601937462563558,0.0,2220430,2,0.5159817212407565,0.7869999885559082,0.1957711423606832,,,yf_premarket,0.008615377451387723,0.5159817212407565,0.3553526128508966,0.4,0.5,blocked,0.0,2.1226,,,new,10:27:11,2026-06-17 10:27:11
BESS,3.9,4.02,-0.0299,0.086,,2220430,2,0.516,0.787,0.1958,,,yf_premarket,0.00861343696166019,0.516,0.35540525677117735,0.4,0.5,blocked,0.0,2.1226,,,new,10:27:11,2026-06-17 10:27:11
ALMU,24.0,23.62,0.0161,0.5785,,1033070,2,0.3528,3.0656,0.1298,,,yf_premarket,0.05794038700372581,0.3528,0.2350039065295834,0.4,0.5,blocked,0.20799472166741523,2.122,,,new,10:27:11,2026-06-17 10:27:11
ALMU,24.0,23.62,0.016088024863039535,0.578469997192833,0.0,1033070,2,0.3527816496989391,3.065599822998047,0.12978830288210705,,,yf_premarket,0.0579373820352583,0.3527816496989391,0.23498256791157968,0.4,0.5,blocked,0.2078400157494636,2.1217,,,new,10:27:11,2026-06-17 10:27:11
ARXS,41.0,41.16,-0.0039,0.5768,,781050,2,0.5382,2.378,0.0578,,,yf_premarket,0.05777012138936741,0.5382,0.10365697899329913,0.4,0.5,blocked,0.0,2.1149,,,new,10:27:11,2026-06-17 10:27:11
ARXS,41.0,41.16,-0.003887265500613679,0.5767876576403559,0.0,781050,2,0.538160405388054,2.3780006408691405,0.057774554171157386,,,yf_premarket,0.05776888522498656,0.538160405388054,0.10361055911222841,0.4,0.5,blocked,0.0,2.1148,,,new,10:27:11,2026-06-17 10:27:11
CVGI,5.1,5.18,-0.0154,0.6545,,395270,3,0.4118,0.399,0.077,,,yf_premarket,0.06555226152798364,0.4118,0.13868282633630827,0.6,0.5,blocked,0.0,2.0913,,,new,10:27:11,2026-06-17 10:27:11
CVGI,5.1,5.18,-0.015443982816555745,0.654489336402965,0.0,395270,3,0.4117644937452191,0.3990000247955322,0.07702703436642838,,,yf_premarket,0.06555119350215986,0.4117644937452191,0.1387321441275341,0.6,0.5,blocked,0.0,2.0912,,,new,10:27:11,2026-06-17 10:27:11
APPS,9.239,9.4,-0.0171,0.8404,,7607550,2,0.4834,0.975,0.1037,,,yf_premarket,0.0841713072392933,0.4834,0.18739064529768037,0.4,0.5,blocked,0.0,2.0868,,,new,10:27:11,2026-06-17 10:27:11
APPS,9.239,9.4,-0.017127619687653306,0.8403756794237304,0.0,7607550,2,0.4833946300746646,0.9749998092651367,0.10372338817366694,,,yf_premarket,0.08416887138172853,0.4833946300746646,0.18743331147478923,0.4,0.5,blocked,0.0,2.0868,,,new,10:27:11,2026-06-17 10:27:11
CTS,65.28,64.8,0.00740735996352963,1.0317618195079903,0.0,301620,2,0.42313612439288506,2.6729991912841795,0.04124998557714836,,,yf_premarket,0.10333738827651037,0.42313612439288506,0.07346540197770532,0.4,0.5,blocked,0.0956951412363168,2.0816,,,new,10:27:11,2026-06-17 10:27:11
CTS,65.28,64.8,0.0074,1.0318,,301620,2,0.4231,2.673,0.0412,,,yf_premarket,0.10334121229117423,0.4231,0.07337421514465581,0.4,0.5,blocked,0.09560005840614116,2.0813,,,new,10:27:11,2026-06-17 10:27:11
CE,52.0,51.93,0.0013479625344281385,0.8732668450498662,0.0,1438850,3,0.39125168891906864,2.3950008392333983,0.046119792512204015,,,yf_premarket,0.08746312698308022,0.39125168891906864,0.08234921001401713,0.6,0.5,blocked,0.017414229327110824,2.081,,,new,10:27:11,2026-06-17 10:27:11
CE,52.0,51.93,0.0013,0.8733,,1438850,3,0.3913,2.395,0.0461,,,yf_premarket,0.087466447658347,0.3913,0.08231310326865295,0.6,0.5,blocked,0.016794604855132907,2.0801,,,new,10:27:11,2026-06-17 10:27:11
BKE,44.2,44.2,-1.7261073237865958e-08,0.8650880058065686,0.0,440880,3,0.4061306993902332,1.203000259399414,0.027217199969102678,,,yf_premarket,0.08664396516631631,0.4061306993902332,0.04786591205559158,0.6,0.5,blocked,0.0,2.0662,,,new,10:27:11,2026-06-17 10:27:11
BKE,44.2,44.2,-0.0,0.8651,,440880,3,0.4061,1.203,0.0272,,,yf_premarket,0.08664516645967708,0.4061,0.04783453479037831,0.6,0.5,blocked,-0.0,2.0661,,,new,10:27:11,2026-06-17 10:27:11
CMTL,2.9901,2.99,3.344162640063272e-05,2.4609260502453645,0.0,1057610,4,0.1033519921404448,0.618999981880188,0.20702340465078894,,,yf_premarket,0.24647710931506794,0.1033519921404448,0.3758796972903103,0.8,0.5,blocked,0.0004320299239320054,2.065,,,new,10:27:11,2026-06-17 10:27:11
CMTL,2.9901,2.99,0.0,2.4609,,1057610,4,0.1034,0.619,0.207,,,yf_premarket,0.24647450022034373,0.1034,0.37583700105459933,0.8,0.5,blocked,0.0,2.0644,,,new,10:27:11,2026-06-17 10:27:11
CSX,46.98,46.9,0.0017057243394107001,0.9225910084204488,0.0,11261870,2,0.4792634991175209,0.9359996795654297,0.019957348595158474,,,yf_premarket,0.09240324991190745,0.4792634991175209,0.034622034662013204,0.4,0.5,blocked,0.02203612790168101,2.0475,,,new,10:27:11,2026-06-17 10:27:11
CSX,46.98,46.9,0.0017,0.9226,,11261870,2,0.4793,0.936,0.02,,,yf_premarket,0.09240415047474058,0.4793,0.03469984203674988,0.4,0.5,blocked,0.021962175579789182,2.0475,,,new,10:27:11,2026-06-17 10:27:11
JKS,19.7,19.66,0.0020345957730592366,0.6283403148923877,0.0,899990,3,0.37540976737845183,1.2880001068115234,0.06551373941038284,,,yf_premarket,0.06293220573017784,0.37540976737845183,0.11772886748453991,0.6,0.5,blocked,0.026284793883425802,2.0435,,,new,10:27:11,2026-06-17 10:27:11
JKS,19.7,19.66,0.002,0.6283,,899990,3,0.3754,1.288,0.0655,,,yf_premarket,0.0629281679419895,0.3754,0.11770380318815177,0.6,0.5,blocked,0.025837853623281396,2.0428,,,new,10:27:11,2026-06-17 10:27:11
SION,34.75,34.75,0.0,1.0883,,344670,3,0.3522,2.4555,0.0707,,,yf_premarket,0.10900004006249749,0.3522,0.1271899701768834,0.6,0.5,blocked,0.0,2.0315,,,new,10:27:11,2026-06-17 10:27:11
SION,34.75,34.75,0.0,1.0882873473177241,0.0,344670,3,0.3521924246732554,2.455500030517578,0.0706618713818008,,,yf_premarket,0.1089987728173675,0.3521924246732554,0.12712041355394355,0.6,0.5,blocked,0.0,2.0314,,,new,10:27:11,2026-06-17 10:27:11
CUZ,28.51,28.61,-0.003495302629087645,1.1801158421391351,0.0,1926760,1,0.5658918740292298,0.6180000305175781,0.021600839473382455,,,yf_premarket,0.11819596992699963,0.5658918740292298,0.037620194068799725,0.2,0.5,blocked,0.0,2.0279,,,new,10:27:11,2026-06-17 10:27:11
CUZ,28.51,28.61,-0.0035,1.1801,,1926760,1,0.5659,0.618,0.0216,,,yf_premarket,0.11819438323785103,0.5659,0.03761866264866731,0.2,0.5,blocked,0.0,2.0279,,,new,10:27:11,2026-06-17 10:27:11
CHYM,17.02,17.05,-0.0018,0.974,,3928950,2,0.4661,0.9234,0.0542,,,yf_premarket,0.09755218140298866,0.4661,0.09708963261648491,0.4,0.5,blocked,0.0,2.0271,,,new,10:27:11,2026-06-17 10:27:11
CHYM,17.02,17.05,-0.0017594861233389257,0.9740006872065056,0.0,3928950,2,0.46613524321551714,0.9234000205993652,0.05415836140286896,,,yf_premarket,0.09755225023101093,0.46613524321551714,0.09701367286926155,0.4,0.5,blocked,0.0,2.0271,,,new,10:27:11,2026-06-17 10:27:11
CBRG,6.17,6.04,0.021523185259605455,0.6826506616566951,0.0,6344680,2,0.19565219322861674,1.4260000228881835,0.2360927205123189,,,yf_premarket,0.06837172605832048,0.19565219322861674,0.42890977123466767,0.4,0.5,blocked,0.27805645512222676,2.0254,,,new,10:27:11,2026-06-17 10:27:11
CBRG,6.17,6.04,0.0215,0.6827,,6344680,2,0.1957,1.426,0.2361,,,yf_premarket,0.06837666760145826,0.1957,0.4289230509338476,0.4,0.5,blocked,0.27775692645027494,2.0251,,,new,10:27:11,2026-06-17 10:27:11
ACHC,25.1781,24.99,0.007527020032198267,0.9597858465501973,0.0,2484200,2,0.39542460642228083,1.143000030517578,0.04573829695823303,,,yf_premarket,0.09612854518550912,0.39542460642228083,0.08165326183508878,0.4,0.5,blocked,0.09724102090572281,2.0217,,,new,10:27:11,2026-06-17 10:27:11
ACHC,25.1781,24.99,0.0075,0.9598,,2484200,2,0.3954,1.143,0.0457,,,yf_premarket,0.09612996274187732,0.3954,0.08158339811567357,0.4,0.5,blocked,0.09689195108730522,2.0211,,,new,10:27:11,2026-06-17 10:27:11
CVLG,44.54,44.19,0.007920375292328467,0.7584352078239609,0.0,204500,1,0.5048741961175469,1.8105380893126573,0.04097167109252512,,,yf_premarket,0.07596202153599223,0.5048741961175469,0.07295768319375939,0.2,0.5,blocked,0.10232274872231877,2.0137,,,new,10:27:11,2026-06-17 10:27:11
CVLG,44.54,44.19,0.0079,0.7584,,204500,1,0.5049,1.8105,0.041,,,yf_premarket,0.07595849525259403,0.5049,0.07300936256816613,0.2,0.5,blocked,0.10205952181196151,2.0133,,,new,10:27:11,2026-06-17 10:27:11
BMY,55.86,55.92,-0.0011,1.101,,10846480,2,0.4587,1.22,0.0218,,,yf_premarket,0.11027202435799846,0.4587,0.037983515225156986,0.4,0.5,blocked,0.0,2.0018,,,new,10:27:11,2026-06-17 10:27:11
BMY,55.86,55.92,-0.0010729286643402025,1.1010392311607085,0.0,10846480,2,0.45868876511343565,1.2199996948242187,0.021816876515953373,,,yf_premarket,0.11027595360369259,0.45868876511343565,0.03801430242679577,0.4,0.5,blocked,0.0,2.0018,,,new,10:27:11,2026-06-17 10:27:11
BDN,3.18,3.2,-0.006250014808028666,0.7627583463423161,0.0,1659110,1,0.5769234648823175,0.08699998855590821,0.027187496018596054,,,yf_premarket,0.0763950108511594,0.5769234648823175,0.047811724241220266,0.2,0.5,blocked,0.0,1.9923,,,new,10:27:11,2026-06-17 10:27:11
BDN,3.18,3.2,-0.0063,0.7628,,1659110,1,0.5769,0.087,0.0272,,,yf_premarket,0.07639918272505107,0.5769,0.04783453479037831,0.2,0.5,blocked,0.0,1.9923,,,new,10:27:11,2026-06-17 10:27:11
RDCM,12.8,12.9,-0.0078,0.1529,,349260,3,0.3975,0.945,0.0733,,,yf_premarket,0.015313889667881895,0.3975,0.13193305367124925,0.6,0.5,blocked,0.0,1.9839,,,new,10:27:11,2026-06-17 10:27:11
RDCM,12.8,12.9,-0.007751908642433426,0.15289469163373992,0.0,349260,3,0.39748948214883184,0.9450000762939453,0.07325582203401734,,,yf_premarket,0.015313358001856887,0.39748948214883184,0.131852461447685,0.6,0.5,blocked,0.0,1.9839,,,new,10:27:11,2026-06-17 10:27:11
AVLN,27.8,28.07,-0.0096,1.4162,,271080,1,0.4876,2.796,0.0996,,,yf_premarket,0.14184127238492045,0.4876,0.17991116747964195,0.2,0.5,blocked,0.0,1.9779,,,new,10:27:11,2026-06-17 10:27:11
AVLN,27.8,28.07,-0.009618799350183208,1.4161871034380995,0.0,271080,1,0.48756225869012104,2.7959999084472655,0.0996081203721144,,,yf_premarket,0.14183998071372333,0.48756225869012104,0.17992598117308192,0.2,0.5,blocked,0.0,1.9778,,,new,10:27:11,2026-06-17 10:27:11
CBLL,17.99,17.92,0.0039062457258945437,0.7492282549482476,0.0,275350,2,0.42212162597369496,0.8325002670288086,0.04645648791765959,,,yf_premarket,0.07503988771966744,0.42212162597369496,0.08296343094488065,0.4,0.5,blocked,0.0504645026411159,1.974,,,new,10:27:11,2026-06-17 10:27:11
CBLL,17.99,17.92,0.0039,0.7492,,275350,2,0.4221,0.8325,0.0465,,,yf_premarket,0.07503705781018388,0.4221,0.0830428084216323,0.4,0.5,blocked,0.05038381456539872,1.9739,,,new,10:27:11,2026-06-17 10:27:11
BXDC,22.0,21.7,0.013824849148065624,0.8242684455458383,0.0,694070,2,0.32450437363817225,0.7970003128051758,0.03672812372275766,,,yf_premarket,0.08255563133947341,0.32450437363817225,0.06521633723718111,0.4,0.5,blocked,0.17860221432583304,1.9734,,,new,10:27:11,2026-06-17 10:27:11
BXDC,22.0,21.7,0.0138,0.8243,,694070,2,0.3245,0.797,0.0367,,,yf_premarket,0.08255879171507552,0.3245,0.06516503217363805,0.4,0.5,blocked,0.17828119000064163,1.9728,,,new,10:27:11,2026-06-17 10:27:11
ACTG,4.68,4.68,3.667978268491665e-08,1.8514328808446456,0.0,265200,2,0.384614679235594,0.11800003051757812,0.025213682659357608,,,yf_premarket,0.18543256288256135,0.384614679235594,0.04421096979308079,0.4,0.5,blocked,4.738634279733239e-07,1.9695,,,new,10:27:11,2026-06-17 10:27:11
ACTG,4.68,4.68,0.0,1.8514,,265200,2,0.3846,0.118,0.0252,,,yf_premarket,0.18542926966067064,0.3846,0.044186009025481525,0.4,0.5,blocked,0.0,1.9694,,,new,10:27:11,2026-06-17 10:27:11
LINC,46.15,45.91,0.005227622596069726,0.8483215612029418,0.0,549320,3,0.2965684086027035,2.4319999694824217,0.05297320796265501,,,yf_premarket,0.08496470105393832,0.2965684086027035,0.09485164143827322,0.6,0.5,blocked,0.06753527371750392,1.9693,,,new,10:27:11,2026-06-17 10:27:11
LINC,46.15,45.91,0.0052,0.8483,,549320,3,0.2966,2.432,0.053,,,yf_premarket,0.08496254156484115,0.2966,0.09490051715754684,0.6,0.5,blocked,0.06717841942053163,1.9689,,,new,10:27:11,2026-06-17 10:27:11
EDHL,5.761,6.15,-0.0632520470463815,0.01427469490402583,0.0,14143910,3,0.23841505860085344,2.5951000690460204,0.4219674843583846,,,yf_premarket,0.001429699822125098,0.23841505860085344,0.7679942037029059,0.6,0.5,blocked,0.0,1.963,,,new,10:27:11,2026-06-17 10:27:11
EDHL,5.761,6.15,-0.0633,0.0143,,14143910,3,0.2384,2.5951,0.422,,,yf_premarket,0.001432234285485357,0.2384,0.7680535207810039,0.6,0.5,blocked,0.0,1.963,,,new,10:27:11,2026-06-17 10:27:11
CURR,2.9909,3.01,-0.006345511801917761,1.1517995356037152,0.0,206720,3,0.2870370043321542,0.37299997806549073,0.12392025888614167,,,yf_premarket,0.1153599150278149,0.2870370043321542,0.2242777130571659,0.6,0.5,blocked,0.0,1.9593,,,new,10:27:11,2026-06-17 10:27:11
CURR,2.9909,3.01,-0.0063,1.1518,,206720,3,0.287,0.373,0.1239,,,yf_premarket,0.11535996154000239,0.287,0.2242407555231379,0.6,0.5,blocked,0.0,1.9592,,,new,10:27:11,2026-06-17 10:27:11
CTSH,52.04,51.05,0.0194,1.1891,,8286080,2,0.2356,1.874,0.0367,,,yf_premarket,0.11909578943151315,0.2356,0.06516503217363805,0.4,0.5,blocked,0.2506271801458295,1.9584,,,new,10:27:11,2026-06-17 10:27:11
CTSH,52.04,51.05,0.019392767438490884,1.1891147563142042,0.0,8286080,2,0.23559305595965474,1.8739994049072266,0.03670909760850236,,,yf_premarket,0.1190972673685153,0.23559305595965474,0.06518162860314795,0.4,0.5,blocked,0.25053374321303257,1.9582,,,new,10:27:11,2026-06-17 10:27:11
CPB,21.74,21.77,-0.001378064176979592,0.9095963017036883,0.0,11116470,2,0.43893133105325,0.825999641418457,0.037942104917314645,,,yf_premarket,0.09110174889865072,0.43893133105325,0.06743095807040178,0.4,0.5,blocked,0.0,1.9482,,,new,10:27:11,2026-06-17 10:27:11
CPB,21.74,21.77,-0.0014,0.9096,,11116470,2,0.4389,0.826,0.0379,,,yf_premarket,0.09110211930611753,0.4389,0.06735414763257612,0.4,0.5,blocked,0.0,1.9481,,,new,10:27:11,2026-06-17 10:27:11
AVD,2.71,2.64,0.026515110725105814,0.5553537468749332,0.0,467990,1,0.2816901928705461,0.24499998092651368,0.0928030193905642,,,yf_premarket,0.05562214523405845,0.2816901928705461,0.1675116880411268,0.2,0.5,blocked,0.3425467748601913,1.9444,,,new,10:27:11,2026-06-17 10:27:11
AVD,2.71,2.64,0.0265,0.5554,,467990,1,0.2817,0.245,0.0928,,,yf_premarket,0.055626777773326384,0.2817,0.16750617987899288,0.2,0.5,blocked,0.3423515605084785,1.9441,,,new,10:27:11,2026-06-17 10:27:11
CPRT,30.6,30.74,-0.0046,1.0494,,10422060,2,0.4302,0.804,0.0262,,,yf_premarket,0.10510396218100236,0.4302,0.04601027190792992,0.4,0.5,blocked,0.0,1.9411,,,new,10:27:11,2026-06-17 10:27:11
CPRT,30.6,30.74,-0.00455431919845685,1.0493798730769157,0.0,10422060,2,0.4301676334823693,0.8040004730224609,0.026154862687340075,,,yf_premarket,0.10510194634398819,0.4301676334823693,0.04592792958383095,0.4,0.5,blocked,0.0,1.941,,,new,10:27:11,2026-06-17 10:27:11
CLF,13.27,13.27,-0.0,0.9879,,18258740,2,0.4152,0.867,0.0653,,,yf_premarket,0.09894435319097791,0.4152,0.11733895061166208,0.4,0.5,blocked,-0.0,1.9375,,,new,10:27:11,2026-06-17 10:27:11
CLF,13.27,13.27,-3.449613085985306e-08,0.9878666326373013,0.0,18258740,2,0.41516259283690865,0.8670001029968262,0.0653353483864866,,,yf_premarket,0.0989410112412665,0.41516259283690865,0.11740343536108401,0.4,0.5,blocked,0.0,1.9374,,,new,10:27:11,2026-06-17 10:27:11
CUPR,4.71,5.27,-0.1063,0.074,,13479110,3,0.2607,1.7121,0.3249,,,yf_premarket,0.007411562036777372,0.2607,0.590917594895265,0.6,0.5,blocked,0.0,1.928,,,new,10:27:11,2026-06-17 10:27:11
CUPR,4.71,5.27,-0.10626185634787434,0.07396630786454002,0.0,13479110,3,0.26066718044112414,1.7120999693870544,0.32487665570846014,,,yf_premarket,0.007408187559046113,0.26066718044112414,0.5908750087706917,0.6,0.5,blocked,0.0,1.9279,,,new,10:27:11,2026-06-17 10:27:11
FDP,28.95,28.9,0.0017301170287097967,0.9197954248106887,0.0,504460,3,0.3130081899656445,0.9459995269775391,0.032733548078352825,,,yf_premarket,0.0921232547584921,0.3130081899656445,0.057929181157961,0.6,0.5,blocked,0.02235125526947513,1.9267,,,new,10:27:11,2026-06-17 10:27:11
FDP,28.95,28.9,0.0017,0.9198,,504460,3,0.313,0.946,0.0327,,,yf_premarket,0.09212371299226793,0.313,0.05786798064384447,0.6,0.5,blocked,0.021962175579789182,1.9261,,,new,10:27:11,2026-06-17 10:27:11
SLRC,12.5,12.5,0.0,1.147390345503553,0.0,326480,2,0.41764950243964793,0.26346529707944344,0.021077223766355475,,,yf_premarket,0.11491830710944603,0.41764950243964793,0.03666498136980343,0.4,0.5,blocked,0.0,1.926,,,new,10:27:11,2026-06-17 10:27:11
SLRC,12.5,12.5,0.0,1.1474,,326480,2,0.4176,0.2635,0.0211,,,yf_premarket,0.11491927406754536,0.4176,0.03670653120744311,0.4,0.5,blocked,0.0,1.9259,,,new,10:27:11,2026-06-17 10:27:11
CPSH,7.28,7.29,-0.0014,0.3723,,3122350,2,0.3878,1.465,0.201,,,yf_premarket,0.0372881695444894,0.3878,0.364891423759909,0.4,0.5,blocked,0.0,1.914,,,new,10:27:11,2026-06-17 10:27:11
CPSH,7.28,7.29,-0.001371736886879932,0.37234775089275707,0.0,3122350,2,0.3878205392722792,1.4649999618530274,0.20096021529753788,,,yf_premarket,0.03729295209454319,0.3878205392722792,0.36481884600391806,0.4,0.5,blocked,0.0,1.914,,,new,10:27:11,2026-06-17 10:27:11
SNN,30.5,30.5,0.0,0.7017500371820931,0.0,1210260,1,0.540816306670663,0.48799953460693357,0.015999984741210938,,,yf_premarket,0.07028464776872852,0.540816306670663,0.02740276267091379,0.2,0.5,blocked,0.0,1.9008,,,new,10:27:11,2026-06-17 10:27:11
SNN,30.5,30.5,0.0,0.7018,,1210260,1,0.5408,0.488,0.016,,,yf_premarket,0.07028965185689676,0.5408,0.02740279050695631,0.2,0.5,blocked,0.0,1.9007,,,new,10:27:11,2026-06-17 10:27:11
CLFD,40.39,39.53,0.0218,0.5775,,277230,2,0.2048,3.198,0.0809,,,yf_premarket,0.057840230759985574,0.2048,0.145797451577857,0.4,0.5,blocked,0.2816326044937672,1.8917,,,new,10:27:11,2026-06-17 10:27:11
CLFD,40.39,39.53,0.021755660188725726,0.5774988276882012,0.0,277230,2,0.2048074732870263,3.1979995727539063,0.08090057352667566,,,yf_premarket,0.05784011334563931,0.2048074732870263,0.14579849784128351,0.4,0.5,blocked,0.2810597817170729,1.8909,,,new,10:27:11,2026-06-17 10:27:11
CSIQ,16.5,16.69,-0.0114,0.5863,,2536580,3,0.3134,1.371,0.0821,,,yf_premarket,0.05872160570489964,0.3134,0.1479865670367951,0.6,0.5,blocked,0.0,1.8889,,,new,10:27:11,2026-06-17 10:27:11
CSIQ,16.5,16.69,-0.011384093947145303,0.5863406634129419,0.0,2536580,3,0.31335625526133365,1.3710001945495605,0.0821450060323184,,,yf_premarket,0.05872567839959755,0.31335625526133365,0.1480686698710398,0.6,0.5,blocked,0.0,1.8888,,,new,10:27:11,2026-06-17 10:27:11
ASGN,21.02,21.02,0.0,0.9296,,894782,2,0.3921,1.317,0.0627,,,prev_close,0.09310524418092223,0.3921,0.11259586711729627,0.4,0.5,blocked,0.0,1.8802,,,new,10:27:11,2026-06-17 10:27:11
ASGN,21.02,21.02,0.0,0.9295890342066369,0.0,894782,2,0.3921115414078359,1.3169794082641602,0.06265363366239785,,,prev_close,0.09310414588824935,0.3921115414078359,0.11251128272861358,0.4,0.5,blocked,0.0,1.8801,,,new,10:27:11,2026-06-17 10:27:11
BMRN,55.79,55.12,0.0122,0.7721,,1908060,1,0.4019,1.466,0.0266,,,yf_premarket,0.07733063579183526,0.4019,0.04673997706090927,0.2,0.5,blocked,0.15761090710201653,1.8796,,,new,10:27:11,2026-06-17 10:27:11
BMRN,55.79,55.12,0.012155317146199437,0.7721455300147794,0.0,1908060,1,0.4019048781622024,1.4659996032714844,0.026596510008701415,,,yf_premarket,0.077335195907093,0.4019048781622024,0.046733610399323194,0.2,0.5,blocked,0.1570336525840318,1.8787,,,new,10:27:11,2026-06-17 10:27:11
CIG,2.1236,2.09,0.0161,1.0685,,8249460,1,0.3333,0.054,0.0258,,,yf_premarket,0.10701694643644084,0.3333,0.04528056675495056,0.2,0.5,blocked,0.20799472166741523,1.8618,,,new,10:27:11,2026-06-17 10:27:11
CIG,2.1236,2.09,0.016076596751461242,1.0685063022306915,0.0,8249460,1,0.33333289181760983,0.054000043869018556,0.025837342625194,,,yf_premarket,0.10701757764419409,0.33333289181760983,0.04534868952002516,0.2,0.5,blocked,0.2076923768123884,1.8614,,,new,10:27:11,2026-06-17 10:27:11
OTEX,22.21,22.13,0.003615040319352095,0.4846955519738617,0.0,2742340,3,0.2910317214886871,0.843674708321075,0.03812357615524869,,,yf_premarket,0.04854528584330172,0.2910317214886871,0.06776200931399681,0.6,0.5,blocked,0.046702441306839926,1.8588,,,new,10:27:11,2026-06-17 10:27:11
OTEX,22.21,22.13,0.0036,0.4847,,2742340,3,0.291,0.8437,0.0381,,,yf_premarket,0.04854573134089179,0.291,0.0677190002090658,0.6,0.5,blocked,0.04650813652190651,1.8584,,,new,10:27:11,2026-06-17 10:27:11
MAZE,23.86,23.86,-2.5580534260490993e-08,0.953384532952313,0.0,559900,2,0.3758173234550171,1.3223005294799806,0.05541913225711763,,,yf_premarket,0.09548741366054174,0.3758173234550171,0.09931365034194015,0.4,0.5,blocked,0.0,1.8445,,,new,10:27:11,2026-06-17 10:27:11
MAZE,23.86,23.86,-0.0,0.9534,,559900,2,0.3758,1.3223,0.0554,,,yf_premarket,0.09548896278193982,0.3758,0.09927874807542299,0.4,0.5,blocked,-0.0,1.8445,,,new,10:27:11,2026-06-17 10:27:11
AVBP,30.66,30.33,0.0109,0.8725,,492730,2,0.2675,1.7216,0.0568,,,yf_premarket,0.08738632266335483,0.2675,0.10183271611085075,0.4,0.5,blocked,0.1408163022468836,1.8282,,,new,10:27:11,2026-06-17 10:27:11
AVBP,30.66,30.33,0.010880319061129176,0.8724859456497474,0.0,492730,2,0.26749893811834147,1.7215999603271483,0.05676228040414661,,,yf_premarket,0.0873849150324253,0.26749893811834147,0.10176390565219445,0.4,0.5,blocked,0.14056204563802704,1.8278,,,new,10:27:11,2026-06-17 10:27:11
EBS,7.81,7.75,0.007741935483870917,2.13064891613341,0.0,854810,2,0.2,0.455000114440918,0.0587096921859249,,,yf_premarket,0.2133977921691248,0.2,0.10531649668253527,0.4,0.5,blocked,0.1000174978965725,1.8228,,,new,10:27:11,2026-06-17 10:27:11
EBS,7.81,7.75,0.0077,2.1306,,854810,2,0.2,0.455,0.0587,,,yf_premarket,0.21339289291294417,0.2,0.10529881558750269,0.4,0.5,blocked,0.09947573644963337,1.822,,,new,10:27:11,2026-06-17 10:27:11
ARE,52.06,51.76,0.0058,0.9101,,2230420,2,0.3172,2.039,0.0394,,,yf_premarket,0.09115219742798765,0.3172,0.0700905419562487,0.4,0.5,blocked,0.07492977550751603,1.8186,,,new,10:27:11,2026-06-17 10:27:11
ARE,52.06,51.76,0.005796014068686559,0.9101424843751401,0.0,2230420,2,0.3171716066346438,2.038999557495117,0.039393346669542924,,,yf_premarket,0.09115645250341933,0.3171716066346438,0.07007840453245119,0.4,0.5,blocked,0.07487828155260148,1.8184,,,new,10:27:11,2026-06-17 10:27:11
CYD,50.46,50.46,1.814362586630275e-08,0.9487342080874104,0.0,205010,3,0.25151957423803883,3.730000305175781,0.07391994397248337,,,yf_premarket,0.09502165458990128,0.25151957423803883,0.13306399444944825,0.6,0.5,blocked,2.343961746645563e-07,1.8121,,,new,10:27:11,2026-06-17 10:27:11
CYD,50.46,50.46,0.0,0.9487,,205010,3,0.2515,3.73,0.0739,,,yf_premarket,0.09501822843636071,0.2515,0.13302761140071825,0.6,0.5,blocked,0.0,1.812,,,new,10:27:11,2026-06-17 10:27:11
AVA,41.02,41.02,-1.1159523735743233e-08,1.003630288816783,0.0,933810,3,0.268939109325781,0.9529998779296875,0.023232566243165838,,,yf_premarket,0.10051983983181592,0.268939109325781,0.040596892649212964,0.6,0.5,blocked,0.0,1.809,,,new,10:27:11,2026-06-17 10:27:11
AVA,41.02,41.02,-0.0,1.0036,,933810,3,0.2689,0.953,0.0232,,,yf_premarket,0.10051680621769961,0.2689,0.040537483260584734,0.6,0.5,blocked,-0.0,1.8088,,,new,10:27:11,2026-06-17 10:27:11
AMSC,40.43,40.46,-0.0007414504486276494,0.7530089983056454,0.0,1481390,3,0.2570253571474327,3.478000259399414,0.08596145175727815,,,yf_premarket,0.07541855277289024,0.2570253571474327,0.15503087014996272,0.6,0.5,blocked,0.0,1.8047,,,new,10:27:11,2026-06-17 10:27:11
AMSC,40.43,40.46,-0.0007,0.753,,1481390,3,0.257,3.478,0.086,,,yf_premarket,0.07541765153639678,0.257,0.1551011922783438,0.6,0.5,blocked,0.0,1.8047,,,new,10:27:11,2026-06-17 10:27:11
ANDE,71.417,69.21,0.0319,0.8192,,305910,2,0.0661,2.346,0.0339,,,yf_premarket,0.08204799487200032,0.0661,0.060057096102782544,0.4,0.5,blocked,0.4121137652913382,1.8035,,,new,10:27:11,2026-06-17 10:27:11
ANDE,71.417,69.21,0.031888469075597614,0.8191951881272269,0.0,305910,2,0.06612842492302921,2.3459983825683595,0.033896812795865025,,,yf_premarket,0.08204751293289801,0.06612842492302921,0.060051281804580324,0.4,0.5,blocked,0.41196479812291326,1.8033,,,new,10:27:11,2026-06-17 10:27:11
DQ,14.8327,14.79,0.0029,0.7427,,1362540,3,0.2312,1.082,0.0732,,,yf_premarket,0.07438604222587236,0.2312,0.1317506273830044,0.6,0.5,blocked,0.03746488775375802,1.7961,,,new,10:27:11,2026-06-17 10:27:11
DQ,14.8327,14.79,0.0028870884555177298,0.7427304886462048,0.0,1362540,3,0.23119780192631628,1.0819995880126954,0.07315751121050933,,,yf_premarket,0.07438909585415296,0.23119780192631628,0.1316731166614164,0.6,0.5,blocked,0.03729808445556633,1.7958,,,new,10:27:11,2026-06-17 10:27:11
GENB,13.2,13.37,-0.01271502520674659,0.6883402697579152,0.0,917860,1,0.45806448437297154,1.0939997673034667,0.08182496459742639,,,yf_premarket,0.0689415758340927,0.45806448437297154,0.1474848301605208,0.2,0.5,blocked,0.0,1.7933,,,new,10:27:11,2026-06-17 10:27:11
GENB,13.2,13.37,-0.0127,0.6883,,917860,1,0.4581,1.094,0.0818,,,yf_premarket,0.06893754256640358,0.4581,0.14743928817206056,0.2,0.5,blocked,0.0,1.7933,,,new,10:27:11,2026-06-17 10:27:11
CAPR,25.67,26.05,-0.014587303193465424,0.7647663311301586,0.0,856340,2,0.36363622852313265,1.2559999465942382,0.048214970571183936,,,yf_premarket,0.07659612306499725,0.36363622852313265,0.08617136557913446,0.4,0.5,blocked,0.0,1.7853,,,new,10:27:11,2026-06-17 10:27:11
CAPR,25.67,26.05,-0.0146,0.7648,,856340,2,0.3636,1.256,0.0482,,,yf_premarket,0.07659949521253155,0.3636,0.08614405532179456,0.4,0.5,blocked,0.0,1.7852,,,new,10:27:11,2026-06-17 10:27:11
CRMT,2.2517,2.34,-0.0377,0.7541,,1837520,2,0.1324,1.285,0.5491,,,yf_premarket,0.07552782340451103,0.1324,0.9999173331401947,0.4,0.5,blocked,0.0,1.7781,,,new,10:27:11,2026-06-17 10:27:11
CRMT,2.2517,2.34,-0.03773500743937314,0.754114240933432,0.0,1837520,2,0.1324137797452042,1.2849999904632567,0.5491453152122979,,,yf_premarket,0.07552924972291095,0.1324137797452042,1.0,0.4,0.5,blocked,0.0,1.7781,,,new,10:27:11,2026-06-17 10:27:11
VIDA,4.2038,4.35,-0.033609174215583626,0.6820855780543686,0.0,322980,2,0.2846153726239183,0.9819999694824219,0.2257471243704242,,,yf_premarket,0.06831512940731227,0.2846153726239183,0.4100366841962079,0.4,0.5,blocked,0.0,1.7767,,,new,10:27:11,2026-06-17 10:27:11
VIDA,4.2038,4.35,-0.0336,0.6821,,322980,2,0.2846,0.982,0.2257,,,yf_premarket,0.06831657385521413,0.2846,0.4099507169563843,0.4,0.5,blocked,0.0,1.7767,,,new,10:27:11,2026-06-17 10:27:11
ZG,33.58,33.51,0.0021,0.9626,,1441180,2,0.3188,1.69,0.0504,,,yf_premarket,0.09641040022434998,0.3188,0.09015743366318103,0.4,0.5,blocked,0.02712974630444546,1.768,,,new,10:27:11,2026-06-17 10:27:11
ZG,33.58,33.51,0.0020889788711750774,0.962613969108647,0.0,1441180,2,0.31878536241624583,1.6900001525878907,0.05043271373433382,,,yf_premarket,0.09641179931780046,0.31878536241624583,0.09021711211447249,0.4,0.5,blocked,0.026987365147774625,1.7678,,,new,10:27:11,2026-06-17 10:27:11
ACTU,1.95,2.03,-0.039408853456781724,0.24923439340400472,0.0,212250,3,0.25742573556263365,0.25019999742507937,0.1232512319957268,,,yf_premarket,0.024962380654221055,0.25742573556263365,0.2230572321336222,0.6,0.5,blocked,0.0,1.7638,,,new,10:27:11,2026-06-17 10:27:11
ACTU,1.95,2.03,-0.0394,0.2492,,212250,3,0.2574,0.2502,0.1233,,,yf_premarket,0.024958935940066502,0.2574,0.2231461977936689,0.6,0.5,blocked,0.0,1.7638,,,new,10:27:11,2026-06-17 10:27:11
AVR,9.02,9.27,-0.027,0.8921,,1183530,2,0.3359,0.5898,0.0636,,,yf_premarket,0.08934938504066343,0.3359,0.11423770371149983,0.4,0.5,blocked,0.0,1.7629,,,new,10:27:11,2026-06-17 10:27:11
AVR,9.02,9.27,-0.026968764338549268,0.8920770914129764,0.0,1183530,2,0.3358781626851383,0.5897998809814453,0.0636245794882874,,,yf_premarket,0.08934709060263775,0.3358781626851383,0.11428254315965208,0.4,0.5,blocked,0.0,1.7629,,,new,10:27:11,2026-06-17 10:27:11
BB,9.15,9.17,-0.002181033383592728,0.4776588413770732,0.0,47104540,2,0.35531138858099226,0.8030000686645508,0.08756816379319848,,,yf_premarket,0.04784051534164028,0.35531138858099226,0.1579619352798753,0.4,0.5,blocked,0.0,1.7614,,,new,10:27:11,2026-06-17 10:27:11
BB,9.15,9.17,-0.0022,0.4777,,47104540,2,0.3553,0.803,0.0876,,,yf_premarket,0.04784463763471015,0.3553,0.15802001289026124,0.4,0.5,blocked,0.0,1.7614,,,new,10:27:11,2026-06-17 10:27:11
EXLS,28.99,28.79,0.006946824526316321,0.6450671904474825,0.0,2056840,2,0.3004120814429915,0.9209997177124023,0.031990263578480074,,,yf_premarket,0.0646075067552865,0.3004120814429915,0.05657323483374392,0.4,0.5,blocked,0.08974551762879111,1.7606,,,new,10:27:11,2026-06-17 10:27:11
EXLS,28.99,28.79,0.0069,0.6451,,2056840,2,0.3004,0.921,0.032,,,yf_premarket,0.06461079283682544,0.3004,0.056590996626130596,0.4,0.5,blocked,0.08914059500032082,1.7597,,,new,10:27:11,2026-06-17 10:27:11
BMNR,16.1768,16.21,-0.002,0.9123,,41347260,2,0.3303,1.0853,0.067,,,yf_premarket,0.09137254116421617,0.3303,0.12044019751182436,0.4,0.5,blocked,0.0,1.7579,,,new,10:27:11,2026-06-17 10:27:11
BMNR,16.1768,16.21,-0.002048062081907034,0.9123168016453811,0.0,41347260,2,0.3302535312188785,1.0853002548217774,0.06695251795920039,,,yf_premarket,0.0913742239539062,0.3302535312188785,0.12035357778721072,0.4,0.5,blocked,0.0,1.7577,,,new,10:27:11,2026-06-17 10:27:11
CAL,13.39,13.39,-0.0,0.6634,,831960,1,0.4418,1.0961,0.0819,,,yf_premarket,0.06644365209727174,0.4418,0.14762171446030542,0.2,0.5,blocked,-0.0,1.7571,,,new,10:27:11,2026-06-17 10:27:11
CAL,13.39,13.39,-2.5640234842041804e-08,0.6633732390980336,0.0,831960,1,0.44176453099499075,1.0961382127555974,0.0818624484428944,,,yf_premarket,0.06644097182585168,0.44176453099499075,0.14755321054849954,0.2,0.5,blocked,0.0,1.757,,,new,10:27:11,2026-06-17 10:27:11
CODI,9.76,10.14,-0.03747537775706156,0.6239735847417126,0.0,1150850,2,0.35761604043075784,0.4439999580383301,0.04378697662773814,,,yf_premarket,0.06249485044085899,0.35761604043075784,0.0780935405844,0.4,0.5,blocked,0.0,1.748,,,new,10:27:11,2026-06-17 10:27:11
CODI,9.76,10.14,-0.0375,0.624,,1150850,2,0.3576,0.444,0.0438,,,yf_premarket,0.062497496093906486,0.3576,0.07811729863902163,0.4,0.5,blocked,0.0,1.748,,,new,10:27:11,2026-06-17 10:27:11
CENX,54.6,53.55,0.019607857663848045,1.4919533190432446,0.0,2057370,2,0.0864769531837225,3.713999557495117,0.06935573502164974,,,yf_premarket,0.14942844027114743,0.0864769531837225,0.12473767747270373,0.4,0.5,blocked,0.25331247809232105,1.7394,,,new,10:27:11,2026-06-17 10:27:11
CENX,54.6,53.55,0.0196,1.492,,2057370,2,0.0865,3.714,0.0694,,,yf_premarket,0.14943311566043027,0.0865,0.12481842842970049,0.4,0.5,blocked,0.25321096550815764,1.7394,,,new,10:27:11,2026-06-17 10:27:11
AIV,2.93,2.91,0.0069,1.3575,,1874760,2,0.24,0.0655,0.0225,,,yf_premarket,0.13596210087736868,0.24,0.03926049924287086,0.4,0.5,blocked,0.08914059500032082,1.7373,,,new,10:27:11,2026-06-17 10:27:11
AIV,2.93,2.91,0.006872822535880617,1.3575070942413963,0.0,1874760,2,0.24000072479248047,0.06548133421927176,0.02250217604395,,,yf_premarket,0.13596281140993913,0.24000072479248047,0.03926446891907942,0.4,0.5,blocked,0.08878949133043651,1.7368,,,new,10:27:11,2026-06-17 10:27:11
HAWK,24.08,24.65,-0.02312371713392589,1.4664756294940169,0.0,1130670,2,0.25944168868939155,2.373000144958496,0.09626775584915742,,,yf_premarket,0.14687669058671696,0.25944168868939155,0.17383227816000407,0.4,0.5,blocked,0.0,1.7261,,,new,10:27:11,2026-06-17 10:27:11
HAWK,24.08,24.65,-0.0231,1.4665,,1130670,2,0.2594,2.373,0.0963,,,yf_premarket,0.14687913144505427,0.2594,0.17389109996756225,0.4,0.5,blocked,0.0,1.7261,,,new,10:27:11,2026-06-17 10:27:11
CMCSA,23.58,23.66,-0.0033812277230788456,0.9259113364488596,0.0,31098010,2,0.3291928482746202,0.7020000457763672,0.02967033179643705,,,yf_premarket,0.0927358014952185,0.3291928482746202,0.05234106939395048,0.4,0.5,blocked,0.0,1.7237,,,new,10:27:11,2026-06-17 10:27:11
CMCSA,23.58,23.66,-0.0034,0.9259,,31098010,2,0.3292,0.702,0.0297,,,yf_premarket,0.09273466607908336,0.3292,0.052395191996499293,0.4,0.5,blocked,0.0,1.7237,,,new,10:27:11,2026-06-17 10:27:11
COLM,65.39,65.39,0.0,1.1343,,415940,2,0.3127,1.907,0.0292,,,yf_premarket,0.11360722727454829,0.3127,0.051483060555275094,0.4,0.5,blocked,0.0,1.7216,,,new,10:27:11,2026-06-17 10:27:11
COLM,65.39,65.39,9.334020014764763e-09,1.134298216088859,0.0,415940,2,0.31273395397214554,1.906998062133789,0.029163451291233322,,,yf_premarket,0.11360704860470924,0.31273395397214554,0.05141638610247063,0.4,0.5,blocked,1.205855214291354e-07,1.7216,,,new,10:27:11,2026-06-17 10:27:11
AIRO,8.09,7.9,0.0241,0.788,,534380,2,0.0742,0.7387,0.0935,,,yf_premarket,0.078923120067305,0.0742,0.16878316389670675,0.4,0.5,blocked,0.3113461361605408,1.7182,,,new,10:27:11,2026-06-17 10:27:11
AIRO,8.09,7.9,0.024050620549230673,0.788016018563569,0.0,534380,2,0.0741840119496977,0.7386998176574707,0.09350630490379931,,,yf_premarket,0.07892472442646217,0.0741840119496977,0.16879466569868526,0.4,0.5,blocked,0.31070820665005283,1.7172,,,new,10:27:11,2026-06-17 10:27:11
CBC,27.7,27.7,-2.754293981306669e-08,1.3297618149349832,0.0,795180,2,0.29411820550507173,0.823000144958496,0.029711195750565075,,,yf_premarket,0.13318394845308512,0.29411820550507173,0.05241561598869631,0.4,0.5,blocked,0.0,1.7142,,,new,10:27:11,2026-06-17 10:27:11
CBC,27.7,27.7,-0.0,1.3298,,795180,2,0.2941,0.823,0.0297,,,yf_premarket,0.1331877729257642,0.2941,0.052395191996499293,0.4,0.5,blocked,-0.0,1.7142,,,new,10:27:11,2026-06-17 10:27:11
CALX,38.2,38.2,-1.9972236519508425e-08,0.6132314817377506,0.0,1083930,0,0.5431238540349529,1.3939994812011718,0.036492132286907966,,,yf_premarket,0.06141896175411146,0.5431238540349529,0.06478582682018481,0.0,0.5,blocked,0.0,1.7108,,,new,10:27:11,2026-06-17 10:27:11
CALX,38.2,38.2,-0.0,0.6132,,1083930,0,0.5431,1.394,0.0365,,,yf_premarket,0.06141580866151195,0.5431,0.06480017959714836,0.0,0.5,blocked,-0.0,1.7107,,,new,10:27:11,2026-06-17 10:27:11
CDXS,2.5,2.48,0.0081,0.4566,,765460,2,0.2586,0.16,0.0645,,,yf_premarket,0.04573134089179119,0.2586,0.11587954030570337,0.4,0.5,blocked,0.10464330717428964,1.7007,,,new,10:27:11,2026-06-17 10:27:11
CDXS,2.5,2.48,0.008064508376086847,0.45658819533352496,0.0,765460,2,0.258620781790745,0.15999999046325683,0.06451612469060863,,,yf_premarket,0.04573015858073844,0.258620781790745,0.11590895598027166,0.4,0.5,blocked,0.10418479348252935,1.7001,,,new,10:27:11,2026-06-17 10:27:11
BKV,24.29,24.24,0.0021,0.9759,,645240,3,0.1865,1.0185,0.042,,,yf_premarket,0.0977424782660951,0.1865,0.07483362545061453,0.6,0.5,blocked,0.02712974630444546,1.6977,,,new,10:27:11,2026-06-17 10:27:11
BKV,24.29,24.24,0.002062715732423814,0.9759159382555328,0.0,645240,3,0.18648659237287524,1.0185001373291016,0.04201733279480635,,,yf_premarket,0.09774407458190104,0.18648659237287524,0.07486524502482884,0.6,0.5,blocked,0.026648073580403088,1.697,,,new,10:27:11,2026-06-17 10:27:11
CWT,45.45,45.45,-0.0,0.9801,,513530,2,0.3105,1.003,0.0221,,,yf_premarket,0.09816313448980409,0.3105,0.03853079408989151,0.4,0.5,blocked,-0.0,1.6875,,,new,10:27:11,2026-06-17 10:27:11
CWT,45.45,45.45,-1.67863462590949e-08,0.9800790606196328,0.0,513530,2,0.31046948311549166,1.0029998779296876,0.022068203764422097,,,yf_premarket,0.09816103728012025,0.31046948311549166,0.03847278939752515,0.4,0.5,blocked,0.0,1.6874,,,new,10:27:11,2026-06-17 10:27:11
AMRC,27.2,27.15,0.0018416347024771175,0.8884421250748566,0.0,701340,3,0.17075380993380582,2.2259998321533203,0.08198894524602655,,,yf_premarket,0.08898302602808948,0.17075380993380582,0.14778397397120188,0.6,0.5,blocked,0.023791943935079572,1.6846,,,new,10:27:11,2026-06-17 10:27:11
AMRC,27.2,27.15,0.0018,0.8884,,701340,3,0.1708,2.226,0.082,,,yf_premarket,0.08897880693882455,0.1708,0.14780414074855025,0.6,0.5,blocked,0.023254068260953255,1.6839,,,new,10:27:11,2026-06-17 10:27:11
CGEN,2.04,2.03,0.004926122537520701,0.8438612750597532,0.0,410020,2,0.25806431765359156,0.10199997425079346,0.05024629344253766,,,yf_premarket,0.08451797554782993,0.25806431765359156,0.08987703249561356,0.4,0.5,blocked,0.06364021652740369,1.6833,,,new,10:27:11,2026-06-17 10:27:11
CGEN,2.04,2.03,0.0049,0.8439,,410020,2,0.2581,0.102,0.0502,,,yf_premarket,0.08452185409238411,0.2581,0.08979258108669134,0.4,0.5,blocked,0.06330274137703941,1.6828,,,new,10:27:11,2026-06-17 10:27:11
CNC,61.0,61.39,-0.006352816314153589,1.1047751872393976,0.0,5578420,1,0.379807513758351,2.631001281738281,0.04285716416185402,,,yf_premarket,0.1106501329313126,0.379807513758351,0.0763973182152498,0.2,0.5,blocked,0.0,1.6638,,,new,10:27:11,2026-06-17 10:27:11
CNC,61.0,61.39,-0.0064,1.1048,,5578420,1,0.3798,2.631,0.0429,,,yf_premarket,0.11065261808421135,0.3798,0.07647546204481807,0.2,0.5,blocked,0.0,1.6638,,,new,10:27:11,2026-06-17 10:27:11
NLST,2.5,2.5,0.0,0.7982,,1530540,3,0.1604,0.332,0.1328,,,yf_premarket,0.07994471375345538,0.1604,0.24047669517692857,0.6,0.5,blocked,0.0,1.661,,,new,10:27:11,2026-06-17 10:27:11
NLST,2.5,2.5,0.0,0.798215009081762,0.0,1530540,3,0.1603774030508126,0.3320000410079956,0.13280001640319825,,,yf_premarket,0.07994621700670666,0.1603774030508126,0.2404767251006743,0.6,0.5,blocked,0.0,1.6609,,,new,10:27:11,2026-06-17 10:27:11
DEI,12.15,12.15,0.0,0.7787,,2278170,0,0.5074,0.363,0.0299,,,yf_premarket,0.0779916670005208,0.5074,0.05276004457298897,0.0,0.5,blocked,0.0,1.6582,,,new,10:27:11,2026-06-17 10:27:11
DEI,12.15,12.15,3.139668632877833e-08,0.7786512859005255,0.0,2278170,0,0.5073527607125351,0.36299991607666016,0.02987653724063001,,,yf_premarket,0.07798678797930025,0.5073527607125351,0.05271724233195048,0.0,0.5,blocked,4.0561149280952734e-07,1.658,,,new,10:27:11,2026-06-17 10:27:11
MLCO,5.59,5.42,0.0314,0.6636,,2592630,1,0.0986,0.242,0.0446,,,yf_premarket,0.06646368334601978,0.0986,0.07957670894498035,0.2,0.5,blocked,0.4056543018855179,1.6452,,,new,10:27:11,2026-06-17 10:27:11
MLCO,5.59,5.42,0.03136529913525316,0.6635732827283493,0.0,2592630,1,0.09859178577520958,0.24200005531311036,0.04464945607133343,,,yf_premarket,0.06646100744444826,0.09859178577520958,0.07966692982022565,0.2,0.5,blocked,0.40520600395355283,1.6445,,,new,10:27:11,2026-06-17 10:27:11
SLS,7.58,7.53,0.006640078193692778,0.683085917057044,0.0,6267440,2,0.21395349662454752,0.6779999256134033,0.09003982824997285,,,yf_premarket,0.06841531960428708,0.21395349662454752,0.16247090100623574,0.4,0.5,blocked,0.08578268420788836,1.6404,,,new,10:27:11,2026-06-17 10:27:11
SLS,7.58,7.53,0.0066,0.6831,,6267440,2,0.214,0.678,0.09,,,yf_premarket,0.06841673009895437,0.214,0.1623982438081374,0.4,0.5,blocked,0.0852649169568286,1.6397,,,new,10:27:11,2026-06-17 10:27:11
ADTN,14.73,14.79,-0.004056792563068376,0.6365374760970367,0.0,2400330,3,0.18372095395837013,1.1469998359680176,0.0775523893797435,,,yf_premarket,0.06375320260576867,0.18372095395837013,0.13969052977843305,0.6,0.5,blocked,0.0,1.6329,,,new,10:27:11,2026-06-17 10:27:11
ADTN,14.73,14.79,-0.0041,0.6365,,2400330,3,0.1837,1.147,0.0776,,,yf_premarket,0.06374944914065941,0.1837,0.13977738406577733,0.6,0.5,blocked,0.0,1.6329,,,new,10:27:11,2026-06-17 10:27:11
ALLT,7.13,7.15,-0.0028,0.8054,,354970,3,0.175,0.348,0.0487,,,yf_premarket,0.08066583870838508,0.175,0.08705618676301875,0.6,0.5,blocked,0.0,1.6145,,,new,10:27:11,2026-06-17 10:27:11
ALLT,7.13,7.15,-0.002797216097995585,0.8054201763529313,0.0,354970,3,0.1749999900658949,0.34799990653991697,0.04867131495080541,,,yf_premarket,0.08066785949610705,0.1749999900658949,0.08700385769249186,0.6,0.5,blocked,0.0,1.6145,,,new,10:27:11,2026-06-17 10:27:11
CHNR,3.77,3.94,-0.0431472220181612,0.014293289070244599,0.0,433770,2,0.28888893598391185,0.540999960899353,0.13730963275188648,,,yf_premarket,0.0014315621439690515,0.28888893598391185,0.2487034508196687,0.4,0.5,blocked,0.0,1.6043,,,new,10:27:11,2026-06-17 10:27:11
CHNR,3.77,3.94,-0.0431,0.0143,,433770,2,0.2889,0.541,0.1373,,,yf_premarket,0.001432234285485357,0.2889,0.24868587814794635,0.4,0.5,blocked,0.0,1.6043,,,new,10:27:11,2026-06-17 10:27:11
HAFN,7.3,7.35,-0.0068,1.0897,,1800690,2,0.25,0.22,0.0299,,,yf_premarket,0.1091402588037338,0.25,0.05276004457298897,0.4,0.5,blocked,0.0,1.5901,,,new,10:27:11,2026-06-17 10:27:11
HAFN,7.3,7.35,-0.006802708201540863,1.0896933953095758,0.0,1800690,2,0.25,0.22000012397766114,0.02993199004519703,,,yf_premarket,0.10913959730274986,0.25,0.05281840282504976,0.4,0.5,blocked,0.0,1.5901,,,new,10:27:11,2026-06-17 10:27:11
DXYZ,28.2026,28.43,-0.008,0.7784,,7521800,3,0.1041,5.1629,0.1816,,,yf_premarket,0.07796162012739874,0.1041,0.3295007238404102,0.6,0.5,blocked,0.0,1.5899,,,new,10:27:11,2026-06-17 10:27:11
DXYZ,28.2026,28.43,-0.007998603683953599,0.7783509266399,0.0,7521800,3,0.10410258913259368,5.162899589538574,0.18160040570237523,,,yf_premarket,0.07795670512398341,0.10410258913259368,0.32950146394819463,0.6,0.5,blocked,0.0,1.5899,,,new,10:27:11,2026-06-17 10:27:11
LINE,42.83,42.83,-4.275168365455596e-08,0.9464985787198968,0.0,946330,1,0.3520412532454136,1.3830001831054688,0.032290453513422426,,,yf_premarket,0.09479774235005577,0.3520412532454136,0.057120860189743855,0.2,0.5,blocked,0.0,1.5748,,,new,10:27:11,2026-06-17 10:27:11
LINE,42.83,42.83,-0.0,0.9465,,946330,1,0.352,1.383,0.0323,,,yf_premarket,0.0947978847001322,0.352,0.05713827549086512,0.2,0.5,blocked,-0.0,1.5748,,,new,10:27:11,2026-06-17 10:27:11
AVEX,20.24,19.85,0.019647335568534416,0.643672737567236,0.0,3179100,2,0.042915034030341824,2.3670000076293944,0.11924433058646308,,,yf_premarket,0.06446784359272825,0.042915034030341824,0.21574759061907223,0.4,0.5,blocked,0.2538224902536412,1.5711,,,new,10:27:11,2026-06-17 10:27:11
AVEX,20.24,19.85,0.0196,0.6437,,3179100,2,0.0429,2.367,0.1192,,,yf_premarket,0.06447057409558912,0.0429,0.21566671997563047,0.4,0.5,blocked,0.25321096550815764,1.5702,,,new,10:27:11,2026-06-17 10:27:11
CRNT,2.8306,2.86,-0.0103,0.6874,,821980,3,0.1458,0.209,0.0731,,,yf_premarket,0.06884740194703737,0.1458,0.13156820109475956,0.6,0.5,blocked,0.0,1.5607,,,new,10:27:11,2026-06-17 10:27:11
CRNT,2.8306,2.86,-0.010279683976995439,0.687364656074357,0.0,821980,3,0.1458331884609386,0.20900001525878906,0.07307693109260986,,,yf_premarket,0.06884386203220594,0.1458331884609386,0.13152611734326908,0.6,0.5,blocked,0.0,1.5607,,,new,10:27:11,2026-06-17 10:27:11
KTOS,56.58,56.34,0.0043,0.8226,,3801220,1,0.2947,3.993,0.0709,,,yf_premarket,0.0823885261007171,0.2947,0.1275548227533731,0.2,0.5,blocked,0.055551385290054996,1.5601,,,new,10:27:11,2026-06-17 10:27:11
KTOS,56.58,56.34,0.0042598481853409025,0.822604321770379,0.0,3801220,1,0.29474699796648407,3.9929996490478517,0.07087326301443823,,,yf_premarket,0.08238895895300458,0.29474699796648407,0.12750604746302419,0.2,0.5,blocked,0.05503266693511955,1.5594,,,new,10:27:11,2026-06-17 10:27:11
FF,4.22,4.34,-0.027649803771628026,1.055853850183342,0.0,305440,2,0.22627893133113094,0.18894851095368753,0.04353652173053952,,,yf_premarket,0.10575035557302813,0.22627893133113094,0.07763664501171315,0.4,0.5,blocked,0.0,1.55,,,new,10:27:11,2026-06-17 10:27:11
FF,4.22,4.34,-0.0276,1.0559,,305440,2,0.2263,0.1889,0.0435,,,yf_premarket,0.10575497776531388,0.2263,0.07757001977428711,0.4,0.5,blocked,0.0,1.55,,,new,10:27:11,2026-06-17 10:27:11
AKR,21.75,21.71,0.0018425111568039197,0.8386043973809716,0.0,1979360,2,0.23225734206530274,0.43800010681152346,0.020175040317011724,,,yf_premarket,0.08399146642572128,0.23225734206530274,0.03501916159000637,0.4,0.5,blocked,0.023803266784381275,1.5437,,,new,10:27:11,2026-06-17 10:27:11
AKR,21.75,21.71,0.0018,0.8386,,1979360,2,0.2323,0.438,0.0202,,,yf_premarket,0.08399102600056087,0.2323,0.03506469461323956,0.4,0.5,blocked,0.023254068260953255,1.543,,,new,10:27:11,2026-06-17 10:27:11
BCE,23.82,23.82,0.0,1.3068,,4645610,2,0.2135,0.4692,0.0197,,,yf_premarket,0.13088417931973878,0.2135,0.03415256317201536,0.4,0.5,blocked,0.0,1.5404,,,new,10:27:11,2026-06-17 10:27:11
BCE,23.82,23.82,1.2811745820489154e-08,1.3067605761137935,0.0,4645610,2,0.21351368992983075,0.4691503199843755,0.019695647606843416,,,yf_premarket,0.1308802307713827,0.21351368992983075,0.03414462326272998,0.4,0.5,blocked,1.6551400658424296e-07,1.5404,,,new,10:27:11,2026-06-17 10:27:11
BRKR,55.6633,55.8,-0.0024498071492760187,0.5871897374105868,0.0,3004310,2,0.24914070990077855,3.352000045776367,0.060071686229523774,,,yf_premarket,0.058810718461859174,0.24914070990077855,0.1078011318623885,0.4,0.5,blocked,0.0,1.5404,,,new,10:27:11,2026-06-17 10:27:11
BRKR,55.6633,55.8,-0.0024,0.5872,,3004310,2,0.2491,3.352,0.0601,,,yf_premarket,0.058811746324265855,0.2491,0.10785278362293044,0.4,0.5,blocked,0.0,1.5403,,,new,10:27:11,2026-06-17 10:27:11
TDC,32.6,32.87,-0.008214144832930254,0.8762694219096819,0.0,2036360,2,0.2330314945679379,1.26299991607666,0.038424093614786124,,,yf_premarket,0.08776385380290071,0.2330314945679379,0.06831023216095865,0.4,0.5,blocked,0.0,1.5319,,,new,10:27:11,2026-06-17 10:27:11
TDC,32.6,32.87,-0.0082,0.8763,,2036360,2,0.233,1.263,0.0384,,,yf_premarket,0.08776691638956771,0.233,0.0682662790738003,0.4,0.5,blocked,0.0,1.5318,,,new,10:27:11,2026-06-17 10:27:11
SMSI,3.0,3.08,-0.02597400184666031,0.32409326358992097,0.0,786502,2,0.22222212410758607,0.4299999952316284,0.13961039152047272,,,yf_premarket,0.03245996390268027,0.22222212410758607,0.25290063964266823,0.4,0.5,blocked,0.0,1.5196,,,new,10:27:11,2026-06-17 10:27:11
SMSI,3.0,3.08,-0.026,0.3241,,786502,2,0.2222,0.43,0.1396,,,yf_premarket,0.03246063859621009,0.2222,0.25288168277757767,0.4,0.5,blocked,0.0,1.5195,,,new,10:27:11,2026-06-17 10:27:11
AMTM,22.25,22.16,0.0041,0.9574,,1654140,2,0.178,0.8354,0.0377,,,yf_premarket,0.09588958775690076,0.178,0.06698929505608643,0.4,0.5,blocked,0.052967599927726865,1.5128,,,new,10:27:11,2026-06-17 10:27:11
AMTM,22.25,22.16,0.0040613787548559495,0.9573554838163638,0.0,1654140,2,0.1779660879966379,0.8353994369506836,0.037698530807898145,,,yf_premarket,0.09588512918316211,0.1779660879966379,0.06698661486346784,0.4,0.5,blocked,0.052468654888336436,1.512,,,new,10:27:11,2026-06-17 10:27:11
DEC,13.15,13.25,-0.0075,0.971,,813300,3,0.1156,0.4425,0.0334,,,yf_premarket,0.09725171267176795,0.1156,0.059144964661558344,0.6,0.5,blocked,0.0,1.5067,,,new,10:27:11,2026-06-17 10:27:11
DEC,13.15,13.25,-0.007547169811320728,0.9709824173121849,0.0,813300,3,0.11564628939663567,0.4424999237060547,0.03339622065706073,,,yf_premarket,0.09724995165580154,0.11564628939663567,0.05913807014651419,0.6,0.5,blocked,0.0,1.5067,,,new,10:27:11,2026-06-17 10:27:11
PBR,17.0,17.05,-0.0029,1.5295,,15462710,3,0.0732,0.378,0.0222,,,yf_premarket,0.15318897480068908,0.0732,0.03871322037813635,0.6,0.5,blocked,0.0,1.4955,,,new,10:27:11,2026-06-17 10:27:11
PBR,17.0,17.05,-0.0029325067036875038,1.5294537632795286,0.0,15462710,3,0.07317010764893607,0.37799968719482424,0.022170070622243156,,,yf_premarket,0.15318434390444377,0.07317010764893607,0.03865862132519976,0.6,0.5,blocked,0.0,1.4954,,,new,10:27:11,2026-06-17 10:27:11
SMCI,29.71,29.22,0.0168,0.63,,85935010,2,0.0285,3.683,0.126,,,yf_premarket,0.0630984335563479,0.0285,0.2280717075762795,0.4,0.5,blocked,0.2170379704355637,1.4912,,,new,10:27:11,2026-06-17 10:27:11
SMCI,29.71,29.22,0.016769359964411854,0.6300016721939056,0.0,85935010,2,0.028491298801978367,3.682999610900879,0.12604379525832596,,,yf_premarket,0.06309860103700829,0.028491298801978367,0.2281516016404708,0.4,0.5,blocked,0.21664213405829438,1.4907,,,new,10:27:11,2026-06-17 10:27:11
BBSI,33.03,33.03,0.0,0.6525,,235720,1,0.3248,1.337,0.0405,,,yf_premarket,0.06535194904050318,0.3248,0.07209723112694194,0.2,0.5,blocked,0.0,1.4837,,,new,10:27:11,2026-06-17 10:27:11
BBSI,33.03,33.03,3.695740754619713e-08,0.6524690310537926,0.0,235720,1,0.32475823900852235,1.3369991302490234,0.04047832817623509,,,yf_premarket,0.06534884730717845,0.32475823900852235,0.07205769602325265,0.2,0.5,blocked,4.774500432372983e-07,1.4836,,,new,10:27:11,2026-06-17 10:27:11
BETA,15.9,15.74,0.0102,0.9625,,1574820,2,0.0782,1.4788,0.094,,,yf_premarket,0.09640038459997596,0.0782,0.16969529533793096,0.4,0.5,blocked,0.1317730534787351,1.4835,,,new,10:27:11,2026-06-17 10:27:11
BETA,15.9,15.74,0.0101651989331935,0.962459201686542,0.0,1574820,2,0.07816094776364489,1.4788002014160155,0.09395172953747521,,,yf_premarket,0.09639629839414907,0.07816094776364489,0.16960723732482838,0.4,0.5,blocked,0.1313234610436949,1.4827,,,new,10:27:11,2026-06-17 10:27:11
AGH,4.73,4.73,0.0,0.3289,,1879201,1,0.2868,0.7515,0.1589,,,prev_close,0.032941388566163216,0.2868,0.28808995640883167,0.2,0.5,blocked,0.0,1.4671,,,new,10:27:11,2026-06-17 10:27:11
AGH,4.73,4.73,0.0,0.32893602191526794,0.0,1879201,1,0.2868216910991789,0.751500153541565,0.15887952442096798,,,prev_close,0.032944996385888776,0.2868216910991789,0.2880526035700069,0.2,0.5,blocked,0.0,1.4671,,,new,10:27:11,2026-06-17 10:27:11
RIG,5.62,5.59,0.0054,1.1327,,25693980,3,0.0253,0.24,0.0429,,,yf_premarket,0.11344697728456392,0.0253,0.07647546204481807,0.6,0.5,blocked,0.06976220478285977,1.4637,,,new,10:27:11,2026-06-17 10:27:11
DAN,29.96,29.96,0.0,1.0212,,1838480,2,0.1761,1.927,0.0643,,,yf_premarket,0.10227955610752774,0.1761,0.11551468772921368,0.4,0.5,blocked,0.0,1.4634,,,new,10:27:11,2026-06-17 10:27:11
DAN,29.96,29.96,3.0558323517344194e-08,1.0211696618946087,0.0,1838480,2,0.17608682581969337,1.9270002365112304,0.06431910198254763,,,yf_premarket,0.10227651755684955,0.17608682581969337,0.11554953476695651,0.4,0.5,blocked,3.9478074500700835e-07,1.4634,,,new,10:27:11,2026-06-17 10:27:11
RIG,5.62,5.59,0.005366698853884834,1.132673879251093,0.0,25693980,3,0.02531643277501132,0.23999991416931152,0.04293379384939794,,,yf_premarket,0.11344436112846971,0.02531643277501132,0.07653711090992979,0.6,0.5,blocked,0.06933198971345418,1.4631,,,new,10:27:11,2026-06-17 10:27:11
DXCM,73.1581,73.16,-0.0,0.5755,,5314390,2,0.2209,2.819,0.0385,,,yf_premarket,0.05763991827250511,0.2209,0.06844870536204516,0.4,0.5,blocked,-0.0,1.4625,,,new,10:27:11,2026-06-17 10:27:11
DXCM,73.1581,73.16,-2.6020530536910893e-05,0.5754564493761278,0.0,5314390,2,0.22086772416759018,2.819001007080078,0.038531996527770535,,,yf_premarket,0.057635556405605526,0.22086772416759018,0.06850707544002417,0.4,0.5,blocked,0.0,1.4624,,,new,10:27:11,2026-06-17 10:27:11
CLB,12.44,12.19,0.02050864874671618,1.1673800937004954,0.0,593380,1,0.06382972247571808,0.5710000038146973,0.046841675428240075,,,yf_premarket,0.11692040520216491,0.06382972247571808,0.08366611422321532,0.2,0.5,blocked,0.26494973216447304,1.4423,,,new,10:27:11,2026-06-17 10:27:11
CLB,12.44,12.19,0.0205,1.1674,,593380,1,0.0638,0.571,0.0468,,,yf_premarket,0.11692239894235006,0.0638,0.08359008728636681,0.2,0.5,blocked,0.2648379996386343,1.442,,,new,10:27:11,2026-06-17 10:27:11
CSR,56.39,56.39,0.0,0.9967,,237190,2,0.1796,2.019,0.0358,,,yf_premarket,0.09982572813589198,0.1796,0.06352319557943449,0.4,0.5,blocked,0.0,1.4407,,,new,10:27:11,2026-06-17 10:27:11
CSR,56.39,56.39,1.0823755447326303e-08,0.9966693368185843,0.0,237190,2,0.1795716980871209,2.019000244140625,0.03580422532352882,,,yf_premarket,0.09982265702682026,0.1795716980871209,0.06353090368031444,0.4,0.5,blocked,1.3983130445110581e-07,1.4406,,,new,10:27:11,2026-06-17 10:27:11
SWBI,13.9,13.88,0.0014409139332984778,1.171576378121978,0.0,651430,2,0.14970059196332408,0.5129999160766602,0.03695964782759108,,,yf_premarket,0.11734068928748626,0.14970059196332408,0.0656386980680208,0.4,0.5,blocked,0.01861506164615636,1.4362,,,new,10:27:11,2026-06-17 10:27:11
SWBI,13.9,13.88,0.0014,1.1716,,651430,2,0.1497,0.513,0.037,,,yf_premarket,0.11734305516605904,0.1497,0.06571231103837256,0.4,0.5,blocked,0.018086497536296976,1.4354,,,new,10:27:11,2026-06-17 10:27:11
RGP,4.39,4.39,0.0,1.1448,,308880,2,0.1556,0.192,0.0437,,,yf_premarket,0.11465886783382076,0.1556,0.0779348723507768,0.4,0.5,blocked,0.0,1.4222,,,new,10:27:11,2026-06-17 10:27:11
RGP,4.39,4.39,3.041330479219705e-08,1.1447811447811447,0.0,308880,2,0.15555494331993244,0.1919999599456787,0.04373575530410752,,,yf_premarket,0.1146569793659253,0.15555494331993244,0.07800009942491079,0.4,0.5,blocked,3.9290725871051495e-07,1.4221,,,new,10:27:11,2026-06-17 10:27:11
ANGI,5.48,5.39,0.016697613310533696,1.4420410427066002,0.0,883470,1,0.048387040952997326,0.41999993324279783,0.07792206746688612,,,yf_premarket,0.1444294141567445,0.048387040952997326,0.14036491979126184,0.2,0.5,blocked,0.21571524428786235,1.4072,,,new,10:27:11,2026-06-17 10:27:11
ANGI,5.48,5.39,0.0167,1.442,,883470,1,0.0484,0.42,0.0779,,,yf_premarket,0.1444253034734185,0.0484,0.14032466293051182,0.2,0.5,blocked,0.21574607775439963,1.4072,,,new,10:27:11,2026-06-17 10:27:11
APA,34.41,34.26,0.0044,1.3588,,5158220,2,0.0922,1.259,0.0367,,,yf_premarket,0.136092303994231,0.0922,0.06516503217363805,0.4,0.5,blocked,0.05684327797121907,1.4064,,,new,10:27:11,2026-06-17 10:27:11
APA,34.41,34.26,0.004378332919313482,1.358782680847269,0.0,5158220,2,0.0921841542574377,1.2590003967285157,0.03674840800961758,,,yf_premarket,0.1360905693729487,0.0921841542574377,0.0652533411087966,0.4,0.5,blocked,0.05656336254160802,1.406,,,new,10:27:11,2026-06-17 10:27:11
EXPI,4.625,4.625,0.0,0.7935,,1060365,1,0.266,0.25,0.0541,,,prev_close,0.07947397940787627,0.266,0.09690720632824008,0.2,0.5,blocked,0.0,1.3997,,,new,10:27:11,2026-06-17 10:27:11
EXPI,4.625,4.625,0.0,0.7935056355567962,0.0,1060365,1,0.2659575655321657,0.2499999523162842,0.05405404374406145,,,prev_close,0.07947454384407637,0.2659575655321657,0.09682337003631508,0.2,0.5,blocked,0.0,1.3995,,,new,10:27:11,2026-06-17 10:27:11
CSGP,32.14,31.97,0.005317506734336894,0.8346946984449217,0.0,6886470,2,0.10658310208977213,1.5230005264282227,0.04763842849981031,,,yf_premarket,0.08359988566613133,0.10658310208977213,0.08511960127815765,0.4,0.5,blocked,0.06869648032130486,1.3842,,,new,10:27:11,2026-06-17 10:27:11
DLB,52.84,52.84,-2.8877344203966986e-09,0.8739164242720963,0.0,694460,1,0.2650003433227539,1.364999771118164,0.02583269809190778,,,yf_premarket,0.08752818639799048,0.2650003433227539,0.04534021667034481,0.2,0.5,blocked,0.0,1.384,,,new,10:27:11,2026-06-17 10:27:11
DLB,52.84,52.84,-0.0,0.8739,,694460,1,0.265,1.365,0.0258,,,yf_premarket,0.08752654140459115,0.265,0.04528056675495056,0.2,0.5,blocked,-0.0,1.3839,,,new,10:27:11,2026-06-17 10:27:11
CSGP,32.14,31.97,0.0053,0.8347,,6886470,2,0.1066,1.523,0.0476,,,yf_premarket,0.08360041664997395,0.1066,0.08504949759232554,0.4,0.5,blocked,0.0684703121016957,1.3838,,,new,10:27:11,2026-06-17 10:27:11
ASTC,15.8682,16.08,-0.0132,0.3495,,1400410,1,0.0887,7.728,0.4806,,,yf_premarket,0.035004607187212045,0.0887,0.8749553256924798,0.2,0.5,blocked,0.0,1.3674,,,new,10:27:11,2026-06-17 10:27:11
ASTC,15.8682,16.08,-0.013171637108891231,0.34954049171314117,0.0,1400410,1,0.08867382862883505,7.7279997825622555,0.48059700368338915,,,yf_premarket,0.03500866268510287,0.08867382862883505,0.8749498596233025,0.2,0.5,blocked,0.0,1.3673,,,new,10:27:11,2026-06-17 10:27:11
SWMR,42.4,41.4,0.0242,0.7637,,575080,0,0.0362,9.553,0.2307,,,yf_premarket,0.07648932334441728,0.0362,0.41907203136862625,0.0,0.5,blocked,0.3126380288417049,1.3656,,,new,10:27:11,2026-06-17 10:27:11
SWMR,42.4,41.4,0.02415455162473844,0.7637198302844822,0.0,575080,0,0.03623559433351361,9.552999877929688,0.2307487808172703,,,yf_premarket,0.07649130947122332,0.03623559433351361,0.41916102040294795,0.0,0.5,blocked,0.3120508846079928,1.3649,,,new,10:27:11,2026-06-17 10:27:11
DRS,44.2,45.59,-0.030489145600693428,1.5358770418697847,0.0,818490,1,0.19743172273088258,1.8389999389648437,0.040337791901947466,,,yf_premarket,0.1538276753605409,0.19743172273088258,0.07180132091443214,0.2,0.5,blocked,0.0,1.3615,,,new,10:27:11,2026-06-17 10:27:11
DRS,44.2,45.59,-0.0305,1.5359,,818490,1,0.1974,1.839,0.0403,,,yf_premarket,0.15382997476062657,0.1974,0.07173237855045227,0.2,0.5,blocked,0.0,1.3614,,,new,10:27:11,2026-06-17 10:27:11
CYRX,14.71,14.71,-2.593267960888742e-09,0.5132891954218429,0.0,940990,2,0.17213120841109625,0.6420001029968262,0.04364378663031596,,,yf_premarket,0.05140911776589909,0.17213120841109625,0.07783232438696486,0.4,0.5,blocked,0.0,1.3603,,,new,10:27:11,2026-06-17 10:27:11
CYRX,14.71,14.71,-0.0,0.5133,,940990,2,0.1721,0.642,0.0436,,,yf_premarket,0.0514101999118625,0.1721,0.07775244606253195,0.4,0.5,blocked,-0.0,1.3602,,,new,10:27:11,2026-06-17 10:27:11
ACAD,20.86,20.94,-0.0038,1.1737,,1058370,2,0.1295,0.579,0.0277,,,yf_premarket,0.11755338327791354,0.1295,0.0487466662316025,0.4,0.5,blocked,0.0,1.3597,,,new,10:27:11,2026-06-17 10:27:11
ACAD,20.86,20.94,-0.0038204647572717024,1.1736916201328458,0.0,1058370,2,0.1294966792908502,0.5790000915527344,0.027650433466371048,,,yf_premarket,0.11755254398189632,0.1294966792908502,0.048656243844091576,0.4,0.5,blocked,0.0,1.3597,,,new,10:27:11,2026-06-17 10:27:11
DSX,2.3369,2.3,0.016043499325534546,0.6721023810244153,0.0,661060,2,0.0,0.07784563359463034,0.03384592835153477,,,yf_premarket,0.06731524989227347,0.0,0.05995845520149463,0.4,0.5,blocked,0.2072647935891877,1.3418,,,new,10:27:11,2026-06-17 10:27:11
DSX,2.3369,2.3,0.016,0.6721,,661060,2,0.0,0.0778,0.0338,,,yf_premarket,0.06731501141781178,0.0,0.0598746698145377,0.4,0.5,blocked,0.20670282898625117,1.341,,,new,10:27:11,2026-06-17 10:27:11
BLSH,26.02,25.96,0.002311283422318432,1.3219220914338208,0.0,1806990,2,0.064017431395459,1.823800277709961,0.07025425046339169,,,yf_premarket,0.13239875119524666,0.064017431395459,0.12637680584238029,0.4,0.5,blocked,0.029859301373890257,1.3346,,,new,10:27:11,2026-06-17 10:27:11
BLSH,26.02,25.96,0.0023,1.3219,,1806990,2,0.064,1.8238,0.0703,,,yf_premarket,0.13239653860021633,0.064,0.12646026502390406,0.4,0.5,blocked,0.029713531666773603,1.3344,,,new,10:27:11,2026-06-17 10:27:11
AES,14.63,14.64,-0.0007,0.6473,,8073510,2,0.1667,0.055,0.0038,,,yf_premarket,0.06483113657305396,0.1667,0.005146783341085913,0.4,0.5,blocked,0.0,1.3332,,,new,10:27:11,2026-06-17 10:27:11
AES,14.63,14.64,-0.000683083544278347,0.6473144889892996,0.0,8073510,2,0.16667064031344125,0.05500011444091797,0.003756838329993845,,,yf_premarket,0.0648325877357978,0.16667064031344125,0.005068045108549198,0.4,0.5,blocked,0.0,1.3331,,,new,10:27:11,2026-06-17 10:27:11
DOX,56.04,56.01,0.0005356486228506418,1.2748666529313464,0.0,1310490,2,0.10235102498231152,1.6669994354248048,0.029762533215144233,,,yf_premarket,0.1276858552272892,0.10235102498231152,0.05250926901980708,0.4,0.5,blocked,0.006920005355363573,1.3329,,,new,10:27:11,2026-06-17 10:27:11
DOX,56.04,56.01,0.0005,1.2749,,1310490,2,0.1024,1.667,0.0298,,,yf_premarket,0.12768919514442528,0.1024,0.05257761828474413,0.4,0.5,blocked,0.006459463405820349,1.3323,,,new,10:27:11,2026-06-17 10:27:11
AMCX,9.57,9.57,3.188879741545515e-08,0.80582340707128,0.0,528900,1,0.23076879186589222,0.5139999389648438,0.05370950421689485,,,yf_premarket,0.08070824557021752,0.23076879186589222,0.09619483936536874,0.2,0.5,blocked,4.119690399215021e-07,1.3307,,,new,10:27:11,2026-06-17 10:27:11
AMCX,9.57,9.57,0.0,0.8058,,528900,1,0.2308,0.514,0.0537,,,yf_premarket,0.08070590120588117,0.2308,0.09617750117526072,0.2,0.5,blocked,0.0,1.3307,,,new,10:27:11,2026-06-17 10:27:11
BLFS,26.53,26.36,0.00644914209833819,0.7870198290211542,0.0,618790,1,0.1658537946947776,1.210000228881836,0.04590289077636323,,,yf_premarket,0.0788249498238406,0.1658537946947776,0.08195352422818417,0.2,0.5,blocked,0.08331599476630198,1.3159,,,new,10:27:11,2026-06-17 10:27:11
BLFS,26.53,26.36,0.0064,0.787,,618790,1,0.1659,1.21,0.0459,,,yf_premarket,0.07882296382356475,0.1659,0.08194825069216327,0.2,0.5,blocked,0.08268113159450047,1.315,,,new,10:27:11,2026-06-17 10:27:11
DK,34.74,44.05,-0.2114,0.8693,,1091280,2,0.113,2.417,0.0549,,,yf_premarket,0.08706582268338607,0.113,0.0983666166341988,0.4,0.5,blocked,0.0,1.3058,,,new,10:27:11,2026-06-17 10:27:11
DK,34.74,44.05,-0.21135072413866857,0.8692544534858149,0.0,1091280,2,0.11299421329971228,2.4169994354248048,0.054869454648964276,,,yf_premarket,0.08706126091560983,0.11299421329971228,0.09831089388407296,0.4,0.5,blocked,0.0,1.3057,,,new,10:27:11,2026-06-17 10:27:11
BSX,46.99,46.92,0.0015,0.5955,,18707880,1,0.2241,1.412,0.0301,,,yf_premarket,0.0596430431473098,0.2241,0.05312489714947865,0.2,0.5,blocked,0.019378390217461045,1.2933,,,new,10:27:11,2026-06-17 10:27:11
BSX,46.99,46.92,0.0014919401915284222,0.5954923807507853,0.0,18707880,1,0.22409566346814083,1.4119998931884765,0.03009377553904146,,,yf_premarket,0.05964228003192833,0.22409566346814083,0.05311354209638874,0.2,0.5,blocked,0.019274266141700892,1.2931,,,new,10:27:11,2026-06-17 10:27:11
BHC,4.99,4.96,0.006048379359334717,1.0232336015664176,0.0,2093950,1,0.1400003433227539,0.1950000286102295,0.03931452159485877,,,yf_premarket,0.10248323400168438,0.1400003433227539,0.06993460687449868,0.2,0.5,blocked,0.07813857027228346,1.2859,,,new,10:27:11,2026-06-17 10:27:11
BHC,4.99,4.96,0.006,1.0232,,2093950,1,0.14,0.195,0.0393,,,yf_premarket,0.10247986859500821,0.14,0.06990811566800387,0.2,0.5,blocked,0.07751356086984418,1.2849,,,new,10:27:11,2026-06-17 10:27:11
CNQ,43.43,43.3,0.0030023271415715166,2.049537809080595,0.0,8479180,1,0.09471772291131492,1.1749996185302733,0.02713625032872031,,,yf_premarket,0.2052740083611028,0.09471772291131492,0.047718238631294485,0.2,0.5,blocked,0.03878684460656484,1.2794,,,new,10:27:11,2026-06-17 10:27:11
CNQ,43.43,43.3,0.003,2.0495,,8479180,1,0.0947,1.175,0.0271,,,yf_premarket,0.20527022154561114,0.0947,0.04765210850213347,0.2,0.5,blocked,0.03875678043492209,1.2793,,,new,10:27:11,2026-06-17 10:27:11
DMRC,10.53,10.49,0.003813177288331965,1.2056236255105246,0.0,254640,2,0.007677535808090709,1.145000171661377,0.1091515916724684,,,yf_premarket,0.12075073369561762,0.007677535808090709,0.19733578163602924,0.4,0.5,blocked,0.04926215830777119,1.269,,,new,10:27:11,2026-06-17 10:27:11
DMRC,10.53,10.49,0.0038,1.2056,,254640,2,0.0077,1.145,0.1092,,,yf_premarket,0.12074836745322702,0.0077,0.19742409115114654,0.4,0.5,blocked,0.04909192188423465,1.2689,,,new,10:27:11,2026-06-17 10:27:11
OBE,9.85,9.87,-0.002,1.9707,,668580,2,0.0072,0.58,0.0588,,,yf_premarket,0.19737790953888062,0.0072,0.10548124187574752,0.4,0.5,blocked,0.0,1.2632,,,new,10:27:11,2026-06-17 10:27:11
OBE,9.85,9.87,-0.0020263308805448382,1.970743964820964,0.0,668580,2,0.0071682811336213955,0.5799999237060547,0.058763924055831016,,,yf_premarket,0.1973823128902051,0.0071682811336213955,0.10541542986985077,0.4,0.5,blocked,0.0,1.2631,,,new,10:27:11,2026-06-17 10:27:11
BWA,72.39,72.6,-0.0028925410266495938,0.7159800708396408,0.0,3402050,1,0.2046033934221348,3.2219993591308596,0.044380157394622664,,,yf_premarket,0.07170987448816561,0.2046033934221348,0.07917565824000973,0.2,0.5,blocked,0.0,1.2564,,,new,10:27:11,2026-06-17 10:27:11
BWA,72.39,72.6,-0.0029,0.716,,3402050,1,0.2046,3.222,0.0444,,,yf_premarket,0.07171187051800808,0.2046,0.07921185636849067,0.2,0.5,blocked,0.0,1.2564,,,new,10:27:11,2026-06-17 10:27:11
RBBN,2.61,2.61,0.0,1.4089,,746830,2,0.0417,0.167,0.064,,,yf_premarket,0.14111013180561677,0.0417,0.11496740886447918,0.4,0.5,blocked,0.0,1.2525,,,new,10:27:11,2026-06-17 10:27:11
RBBN,2.61,2.61,4.0193171991101174e-08,1.408888234270182,0.0,746830,2,0.041666625274553885,0.16700005531311035,0.06398469809401237,,,yf_premarket,0.1411089533943133,0.041666625274553885,0.11493949416535523,0.4,0.5,blocked,5.192526472807228e-07,1.2525,,,new,10:27:11,2026-06-17 10:27:11
BLDP,4.1695,4.13,0.0096,0.8312,,8821720,1,0.0625,0.508,0.123,,,yf_premarket,0.08324986979688313,0.0625,0.22259891892893435,0.2,0.5,blocked,0.12402169739175069,1.2472,,,new,10:27:11,2026-06-17 10:27:11
BLDP,4.1695,4.13,0.009564136674226066,0.8312324580694014,0.0,8821720,1,0.0625000372529015,0.5079999446868897,0.12300240450614566,,,yf_premarket,0.08325312067519343,0.0625000372529015,0.2226033053802465,0.2,0.5,blocked,0.12355838171085522,1.2465,,,new,10:27:11,2026-06-17 10:27:11
DVN,42.5963,42.89,-0.0068,0.8743,,14435870,2,0.0883,1.4822,0.0346,,,yf_premarket,0.08756660390208724,0.0883,0.06133408012049642,0.4,0.5,blocked,0.0,1.2386,,,new,10:27:11,2026-06-17 10:27:11
DVN,42.5963,42.89,-0.006847735925109919,0.8742805248315481,0.0,14435870,2,0.08830909407280321,1.4822425607627772,0.03455916488356301,,,yf_premarket,0.08756465334236889,0.08830909407280321,0.06125958613327996,0.4,0.5,blocked,0.0,1.2386,,,new,10:27:11,2026-06-17 10:27:11
BYRN,5.66,5.66,0.0,1.2672,,303040,2,0.0323,0.367,0.0648,,,yf_premarket,0.1269179920676255,0.0323,0.11642681917043787,0.4,0.5,blocked,0.0,1.2132,,,new,10:27:11,2026-06-17 10:27:11
BYRN,5.66,5.66,2.6958992028396516e-08,1.2671594508975712,0.0,303040,2,0.03225778334258808,0.3669999122619629,0.0648409756459206,,,yf_premarket,0.1269139308218392,0.03225778334258808,0.11650156952037519,0.4,0.5,blocked,3.4828124493045956e-07,1.2131,,,new,10:27:11,2026-06-17 10:27:11
AGEN,3.0088,2.98,0.0097,1.3784,,604840,1,0.0196,0.233,0.0782,,,yf_premarket,0.1380553663715396,0.0196,0.14087194179524637,0.2,0.5,blocked,0.12531359007291476,1.2047,,,new,10:27:11,2026-06-17 10:27:11
AGEN,3.0088,2.98,0.009664423067845419,1.3783810594537398,0.0,604840,1,0.01960782480441495,0.2330000638961792,0.0781879404043163,,,yf_premarket,0.1380534693575718,0.01960782480441495,0.14084994192246325,0.2,0.5,blocked,0.12485397429022702,1.204,,,new,10:27:11,2026-06-17 10:27:11
BP,40.98,41.15,-0.0041312641452029295,0.979341958803605,0.0,6684080,2,0.06811184268800378,0.869000244140625,0.021117866632255598,,,yf_premarket,0.0980872119309728,0.06811184268800378,0.03673912464150136,0.4,0.5,blocked,0.0,1.2017,,,new,10:27:11,2026-06-17 10:27:11
BP,40.98,41.15,-0.0041,0.9793,,6684080,2,0.0681,0.869,0.0211,,,yf_premarket,0.0980830094948119,0.0681,0.03670653120744311,0.4,0.5,blocked,0.0,1.2017,,,new,10:27:11,2026-06-17 10:27:11
APTV,65.67,65.68,-0.00015225799526970299,0.6781708278856257,0.0,3816590,2,0.0750903270834722,3.6010009765625,0.054826445795231375,,,yf_premarket,0.06792304273522952,0.0750903270834722,0.09823243442859138,0.4,0.5,blocked,0.0,1.2012,,,new,10:27:11,2026-06-17 10:27:11
APTV,65.67,65.68,-0.0002,0.6782,,3816590,2,0.0751,3.601,0.0548,,,yf_premarket,0.06792596450462722,0.0751,0.09818419034595396,0.4,0.5,blocked,0.0,1.2012,,,new,10:27:11,2026-06-17 10:27:11
DBI,6.41,6.49,-0.012326621562327226,0.7954607552050128,0.0,1097980,2,0.03942640078180786,0.6780001640319824,0.10446844190183531,,,yf_premarket,0.07967036128410447,0.03942640078180786,0.18879248533651657,0.4,0.5,blocked,0.0,1.1928,,,new,10:27:11,2026-06-17 10:27:11
DBI,6.41,6.49,-0.0123,0.7955,,1097980,2,0.0394,0.678,0.1045,,,yf_premarket,0.07967429189535676,0.0394,0.18885005560363907,0.4,0.5,blocked,0.0,1.1927,,,new,10:27:11,2026-06-17 10:27:11
ABR,5.19,5.16,0.005813983231595824,0.7647837502334421,0.0,3641160,1,0.10526302580692116,0.22100014686584474,0.04282948709323756,,,yf_premarket,0.07659786769695145,0.10526302580692116,0.07634682796627783,0.2,0.5,blocked,0.07511042385309272,1.1763,,,new,10:27:11,2026-06-17 10:27:11
ABR,5.19,5.16,0.0058,0.7648,,3641160,1,0.1053,0.221,0.0428,,,yf_premarket,0.07659949521253155,0.1053,0.07629303575657323,0.2,0.5,blocked,0.07492977550751603,1.176,,,new,10:27:11,2026-06-17 10:27:11
MAIR,38.15,38.15,-0.0,1.0492,,1124000,1,0.1317,2.268,0.0594,,,yf_premarket,0.1050839309322543,0.1317,0.10657579960521657,0.2,0.5,blocked,-0.0,1.1743,,,new,10:27:11,2026-06-17 10:27:11
MAIR,38.15,38.15,-3.9996824289404325e-08,1.0491992882562278,0.0,1124000,1,0.13169317908927552,2.2679988861083986,0.059449509708929114,,,yf_premarket,0.10508385964667158,0.13169317908927552,0.10666611832953678,0.2,0.5,blocked,0.0,1.1743,,,new,10:27:11,2026-06-17 10:27:11
AGRO,9.98,9.93,0.005035215839636782,1.5287651530717075,0.0,973400,1,0.040816293430707605,0.5520000457763672,0.055589126768571195,,,yf_premarket,0.15311537529262723,0.040816293430707605,0.09962376501940483,0.2,0.5,blocked,0.06504958491308155,1.1587,,,new,10:27:11,2026-06-17 10:27:11
AGRO,9.98,9.93,0.005,1.5288,,973400,1,0.0408,0.552,0.0556,,,yf_premarket,0.1531188654300709,0.0408,0.09964360065191266,0.2,0.5,blocked,0.06459463405820348,1.158,,,new,10:27:11,2026-06-17 10:27:11
CVE,25.6112,26.25,-0.0243,1.0543,,9106570,2,0.0316,0.9486,0.0361,,,yf_premarket,0.10559472777532951,0.0316,0.06407047444416901,0.4,0.5,blocked,0.0,1.1536,,,new,10:27:11,2026-06-17 10:27:11
CVE,25.6112,26.25,-0.024335238095238087,1.0542827870427613,0.0,9106570,2,0.03155561046737589,0.9485793970343337,0.03613635798226033,,,yf_premarket,0.10559300379018882,0.03155561046737589,0.06413680096168724,0.4,0.5,blocked,0.0,1.1536,,,new,10:27:11,2026-06-17 10:27:11
CVI,28.8,28.52,0.009817655601057601,0.8498229292067462,0.0,855590,1,0.038882103599396506,1.2930000305175782,0.045336606232963775,,,yf_premarket,0.08511507243367114,0.038882103599396506,0.0809204723547563,0.2,0.5,blocked,0.1268335741719575,1.1361,,,new,10:27:11,2026-06-17 10:27:11
CVI,28.8,28.52,0.0098,0.8498,,855590,1,0.0389,1.293,0.0453,,,yf_premarket,0.0851127759304515,0.0389,0.08085369296269422,0.2,0.5,blocked,0.12660548275407882,1.1358,,,new,10:27:11,2026-06-17 10:27:11
AMSS,2.18,2.25,-0.03111111111111104,0.4674288033552053,0.0,295660,1,0.07317077142010467,0.43000001907348634,0.19111111958821614,,,yf_premarket,0.0468159131600502,0.07317077142010467,0.3468515062757207,0.2,0.5,blocked,0.0,1.09,,,new,10:27:11,2026-06-17 10:27:11
AMSS,2.18,2.25,-0.0311,0.4674,,295660,1,0.0732,0.43,0.1911,,,yf_premarket,0.046813028324185726,0.0732,0.3468312212236699,0.2,0.5,blocked,0.0,1.09,,,new,10:27:11,2026-06-17 10:27:11
BAH,74.33,73.98,0.004730962789738803,0.9664185472542764,0.0,1523460,1,0.05528714026096547,2.328920899286196,0.03148041083547644,,,yf_premarket,0.0967928515738829,0.05528714026096547,0.05564312939916789,0.2,0.5,blocked,0.061118962029231096,1.0753,,,new,10:27:11,2026-06-17 10:27:11
RELX,32.77,32.8,-0.0009146109072663565,0.966814747765881,0.0,2518890,1,0.10476135115464309,0.769000244140625,0.023445129939873157,,,yf_premarket,0.09683253352889318,0.10476135115464309,0.04098466471127214,0.2,0.5,blocked,0.0,1.0753,,,new,10:27:11,2026-06-17 10:27:11
RELX,32.77,32.8,-0.0009,0.9668,,2518890,1,0.1048,0.769,0.0234,,,yf_premarket,0.09683105644805896,0.1048,0.040902335837074415,0.2,0.5,blocked,0.0,1.0753,,,new,10:27:11,2026-06-17 10:27:11
BAH,74.33,73.98,0.0047,0.9664,,1523460,1,0.0553,2.3289,0.0315,,,yf_premarket,0.09679099395056287,0.0553,0.0556788651849064,0.2,0.5,blocked,0.06071895601471128,1.0747,,,new,10:27:11,2026-06-17 10:27:11
CERS,2.4103,2.47,-0.0242,0.945,,2306740,1,0.075,0.152,0.0615,,,yf_premarket,0.09464765033452184,0.075,0.11040675165835818,0.2,0.5,blocked,0.0,1.0472,,,new,10:27:11,2026-06-17 10:27:11
CERS,2.4103,2.47,-0.02417005178895501,0.944969957602504,0.0,2306740,1,0.07499995529650043,0.1520000219345093,0.061538469706024106,,,yf_premarket,0.0946446414008357,0.07499995529650043,0.11047693051515667,0.2,0.5,blocked,0.0,1.0472,,,new,10:27:11,2026-06-17 10:27:11
DAR,55.1,55.18,-0.0014,1.1317,,1791390,1,0.0487,1.754,0.0318,,,yf_premarket,0.11334682104082366,0.0487,0.05622614404964092,0.2,0.5,blocked,0.0,0.9955,,,new,10:27:11,2026-06-17 10:27:11
DAR,55.1,55.18,-0.0014498061749426258,1.1316910332200134,0.0,1791390,1,0.0486619788901553,1.7539997100830078,0.031786873874273716,,,yf_premarket,0.11334592296182178,0.0486619788901553,0.05620219854568811,0.2,0.5,blocked,0.0,0.9954,,,new,10:27:11,2026-06-17 10:27:11
CDZI,3.78,3.78,0.0,1.2839,,736600,1,0.0093,0.251,0.0664,,,yf_premarket,0.12859060133808742,0.0093,0.11934563978235531,0.2,0.5,blocked,0.0,0.9712,,,new,10:27:11,2026-06-17 10:27:11
CDZI,3.78,3.78,7.568843786596456e-09,1.2838718436057561,0.0,736600,1,0.00934578398032401,0.25100007057189944,0.06640213557451846,,,yf_premarket,0.12858778129940268,0.00934578398032401,0.11934953563168205,0.2,0.5,blocked,9.778133892778105e-08,0.9712,,,new,10:27:11,2026-06-17 10:27:11
ATPC,2.6635,2.83,-0.0588,0.0561,,724190,1,0.0462,0.5224,0.1846,,,yf_premarket,0.00561876527382717,0.0462,0.3349735124877553,0.2,0.5,blocked,0.0,0.9683,,,new,10:27:11,2026-06-17 10:27:11
ATPC,2.6635,2.83,-0.05883389688859534,0.05606263549620956,0.0,724190,1,0.04615385260303822,0.5224000215530396,0.18459365216834542,,,yf_premarket,0.005615022985478301,0.04615385260303822,0.33496193237408384,0.2,0.5,blocked,0.0,0.9682,,,new,10:27:11,2026-06-17 10:27:11
SU,57.82,58.16,-0.0058,1.1641,,5720810,1,0.0215,1.6164,0.0278,,,yf_premarket,0.11659188333800727,0.0215,0.04892909251984734,0.2,0.5,blocked,0.0,0.9424,,,new,10:27:11,2026-06-17 10:27:11
SU,57.82,58.16,-0.005845939620084744,1.1641358478956652,0.0,5720810,1,0.021457212514089982,1.6163612149395135,0.027791630316027847,,,yf_premarket,0.1165954737285831,0.021457212514089982,0.04891382401603912,0.2,0.5,blocked,0.0,0.9423,,,new,10:27:11,2026-06-17 10:27:11
DSGX,71.32,71.32,0.0,0.5538,,608350,0,0.0677,3.207,0.045,,,yf_premarket,0.055466527783342004,0.0677,0.0803064140979597,0.0,0.5,blocked,0.0,0.7588,,,new,10:27:11,2026-06-17 10:27:11
DSGX,71.32,71.32,4.278964886912874e-09,0.5537930467658421,0.0,608350,0,0.06774803186292709,3.207000732421875,0.044966359312177774,,,yf_premarket,0.055465831373526904,0.06774803186292709,0.08024504463982558,0.0,0.5,blocked,5.5279634203607826e-08,0.7588,,,new,10:27:11,2026-06-17 10:27:11
ELME,2.02,2.02,0.0,1.095,,877290,0,0.0,0.029,0.0144,,,yf_premarket,0.10967108689555706,0.0,0.024483969895038878,0.0,0.5,blocked,0.0,0.6767,,,new,10:27:11,2026-06-17 10:27:11
ELME,2.02,2.02,9.44232006236957e-09,1.0949628971035803,0.0,877290,0,0.0,0.028999972343444824,0.01435642208775834,,,yf_premarket,0.10966737080881978,0.0,0.024404472327241824,0.0,0.5,blocked,1.219846418178391e-07,0.6767,,,new,10:27:11,2026-06-17 10:27:11
AA,63.62,,,0.7980426762473618,0.0,5448623,1,,3.851665496826172,,,,yf_premarket,0.07992895679734002,,,0.2,0.5,blocked,,,,,new,10:27:11,2026-06-17 10:27:11
AAOI,175.62,,,0.8235661433993454,0.0,15797890,2,,26.149776882595486,,,,yf_premarket,0.08248529139450997,,,0.4,0.5,blocked,,,,,new,10:27:11,2026-06-17 10:27:11
ABCL,5.14,,,0.6473394925132999,0.0,5610649,2,,0.5526666641235352,,,,yf_premarket,0.06483509199484194,,,0.4,0.5,blocked,,,,,new,10:27:11,2026-06-17 10:27:11
ABNB,140.79,,,0.9843114066881448,0.0,3670590,3,,4.053998311360677,,,,yf_premarket,0.09858493316455116,,,0.6,0.5,blocked,,,,,new,10:27:11,2026-06-17 10:27:11
ABOS,2.33,,,1.2511690614713777,0.0,329324,2,,0.1377777788374159,,,,yf_premarket,0.12531239348096807,,,0.4,0.5,blocked,,,,,new,10:27:11,2026-06-17 10:27:11
ABSI,7.0786,,,0.7441911472355635,0.0,5113729,3,,0.8057778146531847,,,,yf_premarket,0.07453538993185002,,,0.6,0.5,blocked,,,,,new,10:27:11,2026-06-17 10:27:11
ACA,132.6,,,0.7621263681138762,0.0,278787,2,,3.829443189832899,,,,yf_premarket,0.07633171428567327,,,0.4,0.5,blocked,,,,,new,10:27:11,2026-06-17 10:27:11
ACB,3.0,,,1.2162750496473524,0.0,1131228,0,,0.19611112276713052,,,,yf_premarket,0.12181754032764636,,,0.0,0.5,blocked,,,,,new,10:27:11,2026-06-17 10:27:11
ACEL,13.13,,,0.6077183473681427,0.0,298745,2,,0.3510000440809462,,,,yf_premarket,0.060866786924416355,,,0.4,0.5,blocked,,,,,new,10:27:11,2026-06-17 10:27:11
ACI,14.99,,,1.4184579392821173,0.0,7719195,2,,0.4433332019382053,,,,yf_premarket,0.14206741910201084,,,0.4,0.5,blocked,,,,,new,10:27:11,2026-06-17 10:27:11
ACIU,2.34,,,0.38656823349842695,0.0,321030,3,,0.12822225358751085,,,,yf_premarket,0.03871722221650043,,,0.6,0.5,blocked,,,,,new,10:27:11,2026-06-17 10:27:11
ACMR,99.15,,,0.8574676356253061,0.0,1579978,3,,8.838777330186632,,,,yf_premarket,0.08588073751305096,,,0.6,0.5,blocked,,,,,new,10:27:11,2026-06-17 10:27:11
ACRE,4.89,,,0.6382067874567007,0.0,383089,0,,0.13333352406819662,,,,yf_premarket,0.0639203945611855,,,0.0,0.5,blocked,,,,,new,10:27:11,2026-06-17 10:27:11
ACRS,4.55,,,0.9001375805372407,0.0,1197117,2,,0.2866666581895616,,,,yf_premarket,0.09015439891603308,,,0.4,0.5,blocked,,,,,new,10:27:11,2026-06-17 10:27:11
ACRV,1.49,,,1.025379414657451,0.0,310208,3,,0.08855557441711426,,,,yf_premarket,0.10269815058065092,,,0.6,0.5,blocked,,,,,new,10:27:11,2026-06-17 10:27:11
ACT,43.13,,,0.803563967161839,0.0,276422,2,,0.8299992879231771,,,,yf_premarket,0.08048194855593115,,,0.4,0.5,blocked,,,,,new,10:27:11,2026-06-17 10:27:11
ACVA,6.2,,,0.48948362902611303,0.0,2602413,3,,0.37611108356051975,,,,yf_premarket,0.04902484165559402,,,0.6,0.5,blocked,,,,,new,10:27:11,2026-06-17 10:27:11
ADCT,0.9992,,,0.24446497981789597,0.0,5246232,0,,0.18566669358147514,,,,yf_premarket,0.02448469410459276,,,0.0,0.5,blocked,,,,,new,10:27:11,2026-06-17 10:27:11
ADIL,2.58,,,0.10584826124458875,0.0,2218411,2,,0.5333333545260959,,,,yf_premarket,0.010601364252693075,,,0.4,0.5,blocked,,,,,new,10:27:11,2026-06-17 10:27:11
ADMA,8.6683,,,1.0099520055425837,0.0,3297234,2,,0.3283332718743218,,,,yf_premarket,0.10115299923306194,,,0.4,0.5,blocked,,,,,new,10:27:11,2026-06-17 10:27:11
ADNT,21.7,,,0.6976202406003308,0.0,1133215,3,,1.0066670311821833,,,,yf_premarket,0.06987102285568794,,,0.6,0.5,blocked,,,,,new,10:27:11,2026-06-17 10:27:11
ADPT,17.13,,,2.0129941368495152,0.0,3387189,1,,1.5801110797458224,,,,yf_premarket,0.20161393141796352,,,0.2,0.5,blocked,,,,,new,10:27:11,2026-06-17 10:27:11
ADT,6.7128,,,0.6247348827276833,0.0,8561069,2,,0.1541836652355597,,,,yf_premarket,0.06257109918750083,,,0.4,0.5,blocked,,,,,new,10:27:11,2026-06-17 10:27:11
ADTX,0.0076,,,1.91177277197441,0.0,429885993,0,,0.011888889388905631,,,,yf_premarket,0.19147597972581326,,,0.0,0.5,blocked,,,,,new,10:27:11,2026-06-17 10:27:11
AESI,16.28,,,0.7206373822062104,0.0,2462873,2,,0.9237781100802951,,,,yf_premarket,0.07217633330056993,,,0.4,0.5,blocked,,,,,new,10:27:11,2026-06-17 10:27:11
AFRM,74.9,,,1.3201904778124047,0.0,4521366,2,,4.610555013020833,,,,yf_premarket,0.1322253192793162,,,0.4,0.5,blocked,,,,,new,10:27:11,2026-06-17 10:27:11
AGIO,31.7,,,0.7364259873926088,0.0,1048083,3,,1.5066666073269315,,,,yf_premarket,0.07375766068993718,,,0.6,0.5,blocked,,,,,new,10:27:11,2026-06-17 10:27:11
AGL,116.83,,,0.9180033327865561,0.0,260922,2,,10.50477769639757,,,,yf_premarket,0.09194376555291815,,,0.4,0.5,blocked,,,,,new,10:27:11,2026-06-17 10:27:11
AGMH,1.29,,,0.06640063799920527,0.0,613292,2,,0.1772222254011366,,,,yf_premarket,0.006650438483955497,,,0.4,0.5,blocked,,,,,new,10:27:11,2026-06-17 10:27:11
AHCO,10.13,,,1.2984261996667092,0.0,1069036,3,,0.29388851589626735,,,,yf_premarket,0.13004549093252565,,,0.6,0.5,blocked,,,,,new,10:27:11,2026-06-17 10:27:11
AIP,42.5,,,1.257783610763232,0.0,1019032,3,,3.1954447428385415,,,,yf_premarket,0.12597488189207484,,,0.6,0.5,blocked,,,,,new,10:27:11,2026-06-17 10:27:11
AIRS,5.03,,,0.5782156910297915,0.0,751280,1,,0.5238889588250054,,,,yf_premarket,0.057911911685208074,,,0.2,0.5,blocked,,,,,new,10:27:11,2026-06-17 10:27:11
AKAN,18.29,,,0.19490750195217024,0.0,594466,3,,2.6286666658189564,,,,yf_premarket,0.019521203272321843,,,0.6,0.5,blocked,,,,,new,10:27:11,2026-06-17 10:27:11
AKBA,0.99,,,1.4419470345301644,0.0,5614314,3,,0.06822222471237183,,,,yf_premarket,0.14441999865091185,,,0.6,0.5,blocked,,,,,new,10:27:11,2026-06-17 10:27:11
ALC,66.41,,,1.01078370130187,0.0,1649665,2,,1.1138882107204862,,,,yf_premarket,0.10123629875624672,,,0.4,0.5,blocked,,,,,new,10:27:11,2026-06-17 10:27:11
ALDX,1.78,,,0.8159636246259557,0.0,1132018,2,,0.15422221024831137,,,,yf_premarket,0.08172385167120265,,,0.4,0.5,blocked,,,,,new,10:27:11,2026-06-17 10:27:11
ALEC,1.54,,,1.1695130446895319,0.0,607339,1,,0.15944443808661568,,,,yf_premarket,0.11713403356130882,,,0.2,0.5,blocked,,,,,new,10:27:11,2026-06-17 10:27:11
ALGM,54.2,,,1.6144379073816875,0.0,2182274,3,,3.9066666497124567,,,,yf_premarket,0.16169603655519485,,,0.6,0.5,blocked,,,,,new,10:27:11,2026-06-17 10:27:11
ALHC,20.7,,,0.8144781730238057,0.0,7700106,2,,1.2954445944892035,,,,yf_premarket,0.08157507441847338,,,0.4,0.5,blocked,,,,,new,10:27:11,2026-06-17 10:27:11
ALKT,15.51,,,0.5625230077731529,0.0,1532634,2,,0.8027777141994901,,,,yf_premarket,0.056340191476017876,,,0.4,0.5,blocked,,,,,new,10:27:11,2026-06-17 10:27:11
ALLE,134.398,,,0.5587973626970589,0.0,1013186,3,,3.0633094710073516,,,,yf_premarket,0.055967044859687,,,0.6,0.5,blocked,,,,,new,10:27:11,2026-06-17 10:27:11
ALLO,1.8803,,,0.673102022802941,0.0,7490121,3,,0.13111107879214817,,,,yf_premarket,0.06741537025789641,,,0.6,0.5,blocked,,,,,new,10:27:11,2026-06-17 10:27:11
ALM,18.6399,,,0.7714148177279756,0.0,6528736,3,,1.5334445105658636,,,,yf_premarket,0.07726201050919189,,,0.6,0.5,blocked,,,,,new,10:27:11,2026-06-17 10:27:11
ALRM,45.69,,,0.9551673997124582,0.0,488555,3,,1.2748883565266926,,,,yf_premarket,0.0956659788983272,,,0.6,0.5,blocked,,,,,new,10:27:11,2026-06-17 10:27:11
ALSN,120.5,,,0.5610348145556333,0.0,695065,3,,3.4744449191623263,,,,yf_premarket,0.05619113963339142,,,0.6,0.5,blocked,,,,,new,10:27:11,2026-06-17 10:27:11
ALT,2.6663,,,0.979069539171378,0.0,2952433,2,,0.12544449170430502,,,,yf_premarket,0.09805992740388786,,,0.4,0.5,blocked,,,,,new,10:27:11,2026-06-17 10:27:11
ALTG,7.15,,,1.1890247251238453,0.0,227602,3,,0.4626666174994575,,,,yf_premarket,0.11908825018266948,,,0.6,0.5,blocked,,,,,new,10:27:11,2026-06-17 10:27:11
ALXO,1.38,,,2.444943541388489,0.0,1204041,2,,0.11466668711768256,,,,yf_premarket,0.24487636126241824,,,0.4,0.5,blocked,,,,,new,10:27:11,2026-06-17 10:27:11
AM,21.045,,,1.046554498331148,0.0,1965902,2,,0.4147777557373047,,,,yf_premarket,0.10481896742229357,,,0.4,0.5,blocked,,,,,new,10:27:11,2026-06-17 10:27:11
AMBA,67.9497,,,0.6136551585397828,0.0,1440550,3,,5.21444574991862,,,,yf_premarket,0.06146139563116289,,,0.6,0.5,blocked,,,,,new,10:27:11,2026-06-17 10:27:11
AMC,2.49,,,1.2431281312101294,0.0,38380189,3,,0.20444443490770128,,,,yf_premarket,0.12450704410982426,,,0.6,0.5,blocked,,,,,new,10:27:11,2026-06-17 10:27:11
AMCR,41.11,,,0.7145935025943504,0.0,3219977,3,,0.9188885158962674,,,,yf_premarket,0.07157100102102784,,,0.6,0.5,blocked,,,,,new,10:27:11,2026-06-17 10:27:11
AMH,32.24,,,0.6185538845534064,0.0,2280394,1,,0.5838334429023114,,,,yf_premarket,0.0619520336278,,,0.2,0.5,blocked,,,,,new,10:27:11,2026-06-17 10:27:11
AMLX,15.0,,,0.642803287924465,0.0,1679114,3,,1.0115555657280817,,,,yf_premarket,0.06438076278238701,,,0.6,0.5,blocked,,,,,new,10:27:11,2026-06-17 10:27:11
AMPG,9.0,,,0.5714562883151186,0.0,9742384,2,,1.3862222565544977,,,,yf_premarket,0.05723491529937889,,,0.4,0.5,blocked,,,,,new,10:27:11,2026-06-17 10:27:11
AMPH,19.85,,,1.3614224634090653,0.0,527760,2,,0.7188888125949435,,,,yf_premarket,0.13635496007862918,,,0.4,0.5,blocked,,,,,new,10:27:11,2026-06-17 10:27:11
AMPL,6.78,,,0.7508391062697025,0.0,2433928,1,,0.44166670905219185,,,,yf_premarket,0.07520122453724835,,,0.2,0.5,blocked,,,,,new,10:27:11,2026-06-17 10:27:11
AMPX,15.7,,,0.9429035028073909,0.0,6623944,2,,1.8129999372694228,,,,yf_premarket,0.09443767305069817,,,0.4,0.5,blocked,,,,,new,10:27:11,2026-06-17 10:27:11
AMRX,16.22,,,0.7983513097006312,0.0,2097689,3,,0.6322224934895834,,,,yf_premarket,0.07995986836471206,,,0.6,0.5,blocked,,,,,new,10:27:11,2026-06-17 10:27:11
AMTB,23.2,,,0.5818968864574282,0.0,218908,3,,0.6655555301242404,,,,yf_premarket,0.05828060639171389,,,0.6,0.5,blocked,,,,,new,10:27:11,2026-06-17 10:27:11
AMTX,1.95,,,0.9973771672501495,0.0,994687,0,,0.17333324750264487,,,,yf_premarket,0.09989355066405085,,,0.0,0.5,blocked,,,,,new,10:27:11,2026-06-17 10:27:11
ANAB,57.61,,,0.7786685137561954,0.0,517137,4,,2.640000661214193,,,,yf_premarket,0.07798851345661184,,,0.8,0.5,blocked,,,,,new,10:27:11,2026-06-17 10:27:11
ANET,168.9665,,,0.8926376813331683,0.0,7273565,3,,8.05055406358507,,,,yf_premarket,0.08940323718332281,,,0.6,0.5,blocked,,,,,new,10:27:11,2026-06-17 10:27:11
ANNX,4.41,,,0.8773841120578152,0.0,2720667,1,,0.34288888507419163,,,,yf_premarket,0.08787549698107198,,,0.2,0.5,blocked,,,,,new,10:27:11,2026-06-17 10:27:11
ANTX,4.76,,,1.776353358738299,0.0,205760,4,,0.38777777883741593,,,,yf_premarket,0.17791287996657773,,,0.8,0.5,blocked,,,,,new,10:27:11,2026-06-17 10:27:11
ANVS,1.78,,,0.6202054743280029,0.0,1049308,1,,0.132222228580051,,,,yf_premarket,0.062117450655823366,,,0.2,0.5,blocked,,,,,new,10:27:11,2026-06-17 10:27:11
ANY,3.65,,,0.27047134233618925,0.0,3552309,2,,0.8347778055402968,,,,yf_premarket,0.027089393687771846,,,0.4,0.5,blocked,,,,,new,10:27:11,2026-06-17 10:27:11
APAM,36.45,,,0.4121570652420917,0.0,754695,3,,1.1444447835286458,,,,yf_premarket,0.04128010348564678,,,0.6,0.5,blocked,,,,,new,10:27:11,2026-06-17 10:27:11
APG,42.5,,,0.991536775513044,0.0,2923306,1,,1.4517775641547308,,,,yf_premarket,0.09930859896569087,,,0.2,0.5,blocked,,,,,new,10:27:11,2026-06-17 10:27:11
APGE,84.86,,,0.9369621497059153,0.0,1044087,1,,5.81500244140625,,,,yf_premarket,0.09384260944131997,,,0.2,0.5,blocked,,,,,new,10:27:11,2026-06-17 10:27:11
API,4.21,,,1.0295005113398676,0.0,458012,1,,0.3166666560702854,,,,yf_premarket,0.1031109041444521,,,0.2,0.5,blocked,,,,,new,10:27:11,2026-06-17 10:27:11
APLD,46.74,,,0.9719076810590782,0.0,21291375,3,,4.073443942599827,,,,yf_premarket,0.09734262259715938,,,0.6,0.5,blocked,,,,,new,10:27:11,2026-06-17 10:27:11
APLE,16.37,,,0.786169337936948,0.0,2908410,2,,0.33277808295355904,,,,yf_premarket,0.07873976783151194,,,0.4,0.5,blocked,,,,,new,10:27:11,2026-06-17 10:27:11
APM,0.826,,,0.0363537537305796,0.0,596087,1,,0.19422221846050686,,,,yf_premarket,0.003641055419512399,,,0.2,0.5,blocked,,,,,new,10:27:11,2026-06-17 10:27:11
APP,513.5,,,1.3018276485581144,0.0,5168718,2,,32.61133490668403,,,,yf_premarket,0.13038616727676317,,,0.4,0.5,blocked,,,,,new,10:27:11,2026-06-17 10:27:11
APPN,22.82,,,0.5428108085818553,0.0,984584,2,,1.592222637600369,,,,yf_premarket,0.054365891649158206,,,0.4,0.5,blocked,,,,,new,10:27:11,2026-06-17 10:27:11
APYX,4.1,,,0.7092104674321795,0.0,216752,2,,0.3808887799580892,,,,yf_premarket,0.0710318564392632,,,0.4,0.5,blocked,,,,,new,10:27:11,2026-06-17 10:27:11
AQMS,3.2159,,,0.3060921026128468,0.0,348022,1,,0.37166672282748753,,,,yf_premarket,0.03065703523625323,,,0.2,0.5,blocked,,,,,new,10:27:11,2026-06-17 10:27:11
AQST,4.28,,,0.704994264368611,0.0,1486497,2,,0.18033329645792642,,,,yf_premarket,0.0706095773775701,,,0.4,0.5,blocked,,,,,new,10:27:11,2026-06-17 10:27:11
AR,33.83,,,0.7787639658463332,0.0,4378610,2,,1.1033337910970051,,,,yf_premarket,0.07799807357941721,,,0.4,0.5,blocked,,,,,new,10:27:11,2026-06-17 10:27:11
ARCT,7.2952,,,0.5614359173552599,0.0,354248,2,,0.42888885074191624,,,,yf_premarket,0.05623131258315571,,,0.4,0.5,blocked,,,,,new,10:27:11,2026-06-17 10:27:11
ARDX,5.7,,,1.0647957773431194,0.0,3145356,2,,0.25222227308485246,,,,yf_premarket,0.1066459454091502,,,0.4,0.5,blocked,,,,,new,10:27:11,2026-06-17 10:27:11
AREB,0.13,,,0.7673791721966219,0.0,1152435,2,,0.046333331200811595,,,,yf_premarket,0.07685781541170444,,,0.4,0.5,blocked,,,,,new,10:27:11,2026-06-17 10:27:11
AREC,2.21,,,0.9562405830028948,0.0,2701763,2,,0.17111113336351183,,,,yf_premarket,0.09577346490554212,,,0.4,0.5,blocked,,,,,new,10:27:11,2026-06-17 10:27:11
ARES,134.98,,,0.7824022439132056,0.0,2050631,3,,5.196869171861142,,,,yf_premarket,0.07836246984427762,,,0.6,0.5,blocked,,,,,new,10:27:11,2026-06-17 10:27:11
ARGX,878.49,,,0.6334375221696873,0.0,383406,1,,27.608873155381943,,,,yf_premarket,0.06344272286463756,,,0.2,0.5,blocked,,,,,new,10:27:11,2026-06-17 10:27:11
ARHS,7.16,,,1.3682952095995,0.0,1280291,4,,0.3699999385409885,,,,yf_premarket,0.13704330852124313,,,0.8,0.5,blocked,,,,,new,10:27:11,2026-06-17 10:27:11
ARLO,13.38,,,0.7279706954032503,0.0,950212,3,,0.5322223239474826,,,,yf_premarket,0.07291081040455613,,,0.6,0.5,blocked,,,,,new,10:27:11,2026-06-17 10:27:11
ARMK,54.37,,,0.7799940864488804,0.0,2177710,1,,0.9577772352430556,,,,yf_premarket,0.0781212778383158,,,0.2,0.5,blocked,,,,,new,10:27:11,2026-06-17 10:27:11
ARQT,25.65,,,0.9963105873074002,0.0,1513357,3,,1.1906668345133464,,,,yf_premarket,0.09978672602333641,,,0.6,0.5,blocked,,,,,new,10:27:11,2026-06-17 10:27:11
ARTL,1.31,,,0.39406696130916535,0.0,297264,2,,0.08655558692084418,,,,yf_premarket,0.039468266626854424,,,0.4,0.5,blocked,,,,,new,10:27:11,2026-06-17 10:27:11
ARVN,7.36,,,0.6717927539110322,0.0,761282,2,,0.4066666497124566,,,,yf_premarket,0.06728423880363689,,,0.4,0.5,blocked,,,,,new,10:27:11,2026-06-17 10:27:11
ASAN,7.36,,,0.7518284874248419,0.0,5080182,2,,0.5237777498033311,,,,yf_premarket,0.07530031723737449,,,0.4,0.5,blocked,,,,,new,10:27:11,2026-06-17 10:27:11
ASC,16.78,,,0.7275426360779317,0.0,534658,1,,0.5933329264322916,,,,yf_premarket,0.07286793759043424,,,0.2,0.5,blocked,,,,,new,10:27:11,2026-06-17 10:27:11
ASND,231.2,,,1.3402744390759596,0.0,602363,3,,8.370780097113716,,,,yf_premarket,0.13423685339889824,,,0.6,0.5,blocked,,,,,new,10:27:11,2026-06-17 10:27:11
ASO,49.3,,,0.6023446616950902,0.0,2003308,1,,2.662445068359375,,,,yf_premarket,0.060328578752362694,,,0.2,0.5,blocked,,,,,new,10:27:11,2026-06-17 10:27:11
ASPN,5.87,,,1.416556148869914,0.0,1269478,3,,0.40933333502875435,,,,yf_premarket,0.1418769429179434,,,0.6,0.5,blocked,,,,,new,10:27:11,2026-06-17 10:27:11
ASST,15.8952,,,0.7007432448571032,0.0,5174768,4,,1.143222279018826,,,,yf_premarket,0.07018381123123103,,,0.8,0.5,blocked,,,,,new,10:27:11,2026-06-17 10:27:11
ASTI,6.6288,,,0.49249278622780845,0.0,2852356,2,,1.7466666433546278,,,,yf_premarket,0.049326227537739714,,,0.4,0.5,blocked,,,,,new,10:27:11,2026-06-17 10:27:11
ATAI,4.1211,,,1.7987353698818647,0.0,5540291,2,,0.3187778525882297,,,,yf_premarket,0.18015457813006935,,,0.4,0.5,blocked,,,,,new,10:27:11,2026-06-17 10:27:11
ATAT,32.8,,,1.1185032176528273,0.0,838732,2,,1.1438300899771419,,,,yf_premarket,0.11202508089147342,,,0.4,0.5,blocked,,,,,new,10:27:11,2026-06-17 10:27:11
ATEN,32.62,,,0.6046475075598926,0.0,1084142,3,,1.5588887532552083,,,,yf_premarket,0.060559223144094045,,,0.6,0.5,blocked,,,,,new,10:27:11,2026-06-17 10:27:11
ATEX,77.26,,,0.819381220708669,0.0,623029,4,,6.719888051350911,,,,yf_premarket,0.08206614525746855,,,0.8,0.5,blocked,,,,,new,10:27:11,2026-06-17 10:27:11
ATHM,18.17,,,0.9418209248968823,0.0,830652,3,,0.8833336300320096,,,,yf_premarket,0.09432924611362548,,,0.6,0.5,blocked,,,,,new,10:27:11,2026-06-17 10:27:11
ATKR,78.48,,,0.5847958525889542,0.0,352451,2,,3.1146672566731772,,,,yf_premarket,0.05857095595017769,,,0.4,0.5,blocked,,,,,new,10:27:11,2026-06-17 10:27:11
ATLX,4.0081,,,0.755421189071786,0.0,763550,3,,0.3157778051164415,,,,yf_premarket,0.07566014873921177,,,0.6,0.5,blocked,,,,,new,10:27:11,2026-06-17 10:27:11
ATMU,51.9,,,0.5956668454204502,0.0,835040,3,,1.6438891092936199,,,,yf_premarket,0.05965975375790735,,,0.6,0.5,blocked,,,,,new,10:27:11,2026-06-17 10:27:11
ATOM,9.16,,,0.6420463912867584,0.0,1234938,3,,1.063888708750407,,,,yf_premarket,0.06430495485825471,,,0.6,0.5,blocked,,,,,new,10:27:11,2026-06-17 10:27:11
ATOS,2.23,,,0.9842907421498245,0.0,314362,0,,0.2388889259762234,,,,yf_premarket,0.09858286348201438,,,0.0,0.5,blocked,,,,,new,10:27:11,2026-06-17 10:27:11
AUPH,16.22,,,1.0852730325668378,0.0,1243212,2,,0.5792223612467448,,,,yf_premarket,0.10869687037446794,,,0.4,0.5,blocked,,,,,new,10:27:11,2026-06-17 10:27:11
AURA,6.45,,,0.8837490597873595,0.0,550939,3,,0.33333328035142684,,,,yf_premarket,0.08851298623726608,,,0.6,0.5,blocked,,,,,new,10:27:11,2026-06-17 10:27:11
AUTL,1.4712,,,0.6765873618014533,0.0,1288390,2,,0.1316666470633613,,,,yf_premarket,0.06776444872014875,,,0.4,0.5,blocked,,,,,new,10:27:11,2026-06-17 10:27:11
AUUD,1.38,,,0.09489628246287501,0.0,2302903,2,,0.15966665744781494,,,,yf_premarket,0.009504455196393875,,,0.4,0.5,blocked,,,,,new,10:27:11,2026-06-17 10:27:11
AVAH,7.52,,,0.8642770807191341,0.0,1726070,4,,0.3277777565850152,,,,yf_premarket,0.08656274595560415,,,0.8,0.5,blocked,,,,,new,10:27:11,2026-06-17 10:27:11
AVAL,5.59,,,0.5754557643397273,0.0,278570,3,,0.2386665874057346,,,,yf_premarket,0.05763548779493283,,,0.6,0.5,blocked,,,,,new,10:27:11,2026-06-17 10:27:11
AVIR,4.26,,,1.2346457925568677,0.0,232517,2,,0.1694443490770128,,,,yf_premarket,0.12365748493218096,,,0.4,0.5,blocked,,,,,new,10:27:11,2026-06-17 10:27:11
AVNS,24.96,,,0.6437747584741733,0.0,959949,0,,0.09111086527506511,,,,yf_premarket,0.06447806162355006,,,0.0,0.5,blocked,,,,,new,10:27:11,2026-06-17 10:27:11
AVO,11.58,,,0.7135570970572518,0.0,2238682,2,,0.5900002585517036,,,,yf_premarket,0.07146719853544047,,,0.4,0.5,blocked,,,,,new,10:27:11,2026-06-17 10:27:11
AVTR,9.57,,,0.4652383982105408,0.0,9221646,2,,0.46611128913031685,,,,yf_premarket,0.04659653040849132,,,0.4,0.5,blocked,,,,,new,10:27:11,2026-06-17 10:27:11
AVXL,2.54,,,0.9801487823474,0.0,970182,1,,0.167222261428833,,,,yf_premarket,0.0981680203464805,,,0.2,0.5,blocked,,,,,new,10:27:11,2026-06-17 10:27:11
AXSM,253.0,,,0.840721497047565,0.0,712479,3,,9.268442789713541,,,,yf_premarket,0.08420350717595099,,,0.6,0.5,blocked,,,,,new,10:27:11,2026-06-17 10:27:11
AXTA,33.86,,,0.5434259133896124,0.0,2964720,3,,1.0300000508626301,,,,yf_premarket,0.05442749823620972,,,0.6,0.5,blocked,,,,,new,10:27:11,2026-06-17 10:27:11
AZ,5.75,,,0.7715341755022952,0.0,298554,2,,0.4716666539510091,,,,yf_premarket,0.07727396493552893,,,0.4,0.5,blocked,,,,,new,10:27:11,2026-06-17 10:27:11
AZTR,0.3055,,,2.2148917457465194,0.0,379647,1,,0.01733333534664578,,,,yf_premarket,0.22183523754522247,,,0.2,0.5,blocked,,,,,new,10:27:11,2026-06-17 10:27:11
BABA,109.72,,,1.2235838342740142,0.0,10904052,1,,2.8022311083000933,,,,yf_premarket,0.12254956074215918,,,0.2,0.5,blocked,,,,,new,10:27:11,2026-06-17 10:27:11
BAK,3.39,,,1.9389927687307842,0.0,3432288,3,,0.22255555788675943,,,,yf_premarket,0.19420223235555306,,,0.6,0.5,blocked,,,,,new,10:27:11,2026-06-17 10:27:11
BAM,49.45,,,0.6855256708996308,0.0,2737309,3,,1.2499991522894964,,,,yf_premarket,0.06865967618481138,,,0.6,0.5,blocked,,,,,new,10:27:11,2026-06-17 10:27:11
BAND,51.78,,,3.0304005421940947,0.0,1732811,2,,6.936556498209636,,,,yf_premarket,0.3035135353345313,,,0.4,0.5,blocked,,,,,new,10:27:11,2026-06-17 10:27:11
BANL,0.39,,,1.704570625906826,0.0,337233,2,,0.03499999311235216,,,,yf_premarket,0.1707233910807686,,,0.4,0.5,blocked,,,,,new,10:27:11,2026-06-17 10:27:11
BAOS,2.66,,,0.02237614171706445,0.0,399934,2,,0.46822214126586914,,,,yf_premarket,0.002241110303780342,,,0.4,0.5,blocked,,,,,new,10:27:11,2026-06-17 10:27:11
BATL,1.2302,,,0.10655540029478519,0.0,35372604,1,,0.346111085679796,,,,yf_premarket,0.010672188643762789,,,0.2,0.5,blocked,,,,,new,10:27:11,2026-06-17 10:27:11
BATRK,51.54,,,0.8140842545507974,0.0,432869,3,,1.1197772555881076,,,,yf_premarket,0.08153562102387697,,,0.6,0.5,blocked,,,,,new,10:27:11,2026-06-17 10:27:11
BBCP,10.55,,,0.4297140529560737,0.0,949605,1,,0.7672222985161675,,,,yf_premarket,0.04303854542647266,,,0.2,0.5,blocked,,,,,new,10:27:11,2026-06-17 10:27:11
BBIO,66.4,,,0.9571089305655615,0.0,2232173,2,,2.479445563422309,,,,yf_premarket,0.0958604353356798,,,0.4,0.5,blocked,,,,,new,10:27:11,2026-06-17 10:27:11
BCAT,15.6235,,,0.8363762976744513,0.0,796126,2,,0.26098375327791423,,,,yf_premarket,0.08376830832843749,,,0.4,0.5,blocked,,,,,new,10:27:11,2026-06-17 10:27:11
BCC,71.56,,,0.6890941963653683,0.0,351050,3,,2.0774434407552085,,,,yf_premarket,0.06901708629115101,,,0.6,0.5,blocked,,,,,new,10:27:11,2026-06-17 10:27:11
BCYC,4.0,,,1.239195322531368,0.0,761984,2,,0.19255550702412924,,,,yf_premarket,0.12411314876521053,,,0.4,0.5,blocked,,,,,new,10:27:11,2026-06-17 10:27:11
BDTX,1.72,,,1.2648110929334273,0.0,1471279,0,,0.13744444317287868,,,,yf_premarket,0.12667872810919306,,,0.0,0.5,blocked,,,,,new,10:27:11,2026-06-17 10:27:11
BE,287.41,,,0.9042185985176563,0.0,10240054,3,,22.941448635525173,,,,yf_premarket,0.09056313834758786,,,0.6,0.5,blocked,,,,,new,10:27:11,2026-06-17 10:27:11
BEAM,31.17,,,0.5931425279276428,0.0,1993311,1,,2.235000398423937,,,,yf_premarket,0.05940692759981999,,,0.2,0.5,blocked,,,,,new,10:27:11,2026-06-17 10:27:11
BEKE,15.75,,,0.7070933054694304,0.0,4704007,3,,0.3472224341498481,,,,yf_premarket,0.07081980944968454,,,0.6,0.5,blocked,,,,,new,10:27:11,2026-06-17 10:27:11
BEPC,36.4,,,0.7132862057185866,0.0,1521033,2,,1.266111585828993,,,,yf_premarket,0.07144006707649798,,,0.4,0.5,blocked,,,,,new,10:27:11,2026-06-17 10:27:11
BFAM,65.47,,,0.644335015303842,0.0,1006577,2,,2.6855557759602866,,,,yf_premarket,0.06453417484313949,,,0.4,0.5,blocked,,,,,new,10:27:11,2026-06-17 10:27:11
BFRG,0.6904,,,0.7896575506101162,0.0,266211,2,,0.0673333207766215,,,,yf_premarket,0.07908913411022356,,,0.4,0.5,blocked,,,,,new,10:27:11,2026-06-17 10:27:11
BFRI,0.985,,,1.4558426169400864,0.0,206843,2,,0.07655553685294257,,,,yf_premarket,0.1458117279896725,,,0.4,0.5,blocked,,,,,new,10:27:11,2026-06-17 10:27:11
BFST,28.8,,,0.9684984323772675,0.0,206554,3,,0.509444342719184,,,,yf_premarket,0.09700116505521288,,,0.6,0.5,blocked,,,,,new,10:27:11,2026-06-17 10:27:11
BGLC,2.51,,,0.030527294672560035,0.0,523367,3,,0.36388888623979354,,,,yf_premarket,0.003057499165954893,,,0.6,0.5,blocked,,,,,new,10:27:11,2026-06-17 10:27:11
BHF,63.93,,,0.6852082106702211,0.0,455855,2,,0.5644442240397135,,,,yf_premarket,0.06862788056069678,,,0.4,0.5,blocked,,,,,new,10:27:11,2026-06-17 10:27:11
BHR,2.0689,,,1.8155079421285445,0.0,613953,1,,0.15999997986687553,,,,yf_premarket,0.1818344559641585,,,0.2,0.5,blocked,,,,,new,10:27:11,2026-06-17 10:27:11
BILI,17.4,,,0.7909302511241062,0.0,2602912,2,,0.5932220882839627,,,,yf_premarket,0.07921660301311106,,,0.4,0.5,blocked,,,,,new,10:27:11,2026-06-17 10:27:11
BILL,33.7,,,0.7361564171047772,0.0,2932497,2,,1.7249999576144748,,,,yf_premarket,0.07373066154248399,,,0.4,0.5,blocked,,,,,new,10:27:11,2026-06-17 10:27:11
BIPC,40.63,,,0.8181708718591081,0.0,915209,2,,1.018888685438368,,,,yf_premarket,0.08194492126308121,,,0.4,0.5,blocked,,,,,new,10:27:11,2026-06-17 10:27:11
BIRD,3.9768,,,1.2316362625186104,0.0,260002,2,,0.3317777050866021,,,,yf_premarket,0.1233560617081257,,,0.4,0.5,blocked,,,,,new,10:27:11,2026-06-17 10:27:11
BJ,89.2,,,0.6250493512907426,0.0,1950303,2,,2.66233401828342,,,,yf_premarket,0.06260259517755123,,,0.4,0.5,blocked,,,,,new,10:27:11,2026-06-17 10:27:11
BJDX,4.5,,,0.18369301150406672,0.0,488635,2,,0.8177775806850858,,,,yf_premarket,0.018398002033579053,,,0.4,0.5,blocked,,,,,new,10:27:11,2026-06-17 10:27:11
BL,28.1,,,0.6648072281326592,0.0,1207891,2,,1.5755555894639757,,,,yf_premarket,0.06658459478112447,,,0.4,0.5,blocked,,,,,new,10:27:11,2026-06-17 10:27:11
BLBD,73.21,,,0.9264442530362503,0.0,330300,3,,2.4311099582248263,,,,yf_premarket,0.09278917641883841,,,0.6,0.5,blocked,,,,,new,10:27:11,2026-06-17 10:27:11
BLCO,14.99,,,0.8039073084418168,0.0,446189,1,,0.39888879987928605,,,,yf_premarket,0.08051633632885469,,,0.2,0.5,blocked,,,,,new,10:27:11,2026-06-17 10:27:11
BLD,416.01,,,0.4960518130653819,0.0,923689,3,,9.824669731987846,,,,yf_premarket,0.04968268629716176,,,0.6,0.5,blocked,,,,,new,10:27:11,2026-06-17 10:27:11
BLMN,7.58,,,0.8237970365131251,0.0,2091954,2,,0.4733332528008355,,,,yf_premarket,0.08250841678149162,,,0.4,0.5,blocked,,,,,new,10:27:11,2026-06-17 10:27:11
BLND,1.78,,,0.8313119821165422,0.0,2681539,1,,0.11555555131700304,,,,yf_premarket,0.08326108550504208,,,0.2,0.5,blocked,,,,,new,10:27:11,2026-06-17 10:27:11
BLTE,138.8279,,,1.3961624560579893,0.0,214288,3,,6.457226223415798,,,,yf_premarket,0.13983438724990876,,,0.6,0.5,blocked,,,,,new,10:27:11,2026-06-17 10:27:11
BLZE,8.45,,,0.914729635307781,0.0,1330571,4,,0.5755555364820693,,,,yf_premarket,0.09161588431030215,,,0.8,0.5,blocked,,,,,new,10:27:11,2026-06-17 10:27:11
BMBL,3.12,,,0.8857771838273283,0.0,2745982,2,,0.15711111492580837,,,,yf_premarket,0.08871611552294863,,,0.4,0.5,blocked,,,,,new,10:27:11,2026-06-17 10:27:11
BMEA,1.17,,,0.7162104104815096,0.0,1117022,3,,0.10155557261572944,,,,yf_premarket,0.07173294444147967,,,0.6,0.5,blocked,,,,,new,10:27:11,2026-06-17 10:27:11
BNED,11.4375,,,0.6733566639962896,0.0,343896,3,,0.6033333672417535,,,,yf_premarket,0.06744087416332374,,,0.6,0.5,blocked,,,,,new,10:27:11,2026-06-17 10:27:11
BNL,20.94,,,0.6775522616201022,0.0,1587651,2,,0.38999981350368923,,,,yf_premarket,0.06786108946157027,,,0.4,0.5,blocked,,,,,new,10:27:11,2026-06-17 10:27:11
BNRG,1.1932,,,0.08950822057651323,0.0,2592141,3,,0.31555553277333576,,,,yf_premarket,0.008964807156815954,,,0.6,0.5,blocked,,,,,new,10:27:11,2026-06-17 10:27:11
BNTX,90.05,,,0.6754503433609494,0.0,1170823,3,,2.178777058919271,,,,yf_premarket,0.06765056922408451,,,0.6,0.5,blocked,,,,,new,10:27:11,2026-06-17 10:27:11
BOOT,162.49,,,0.813476114058784,0.0,612799,1,,8.745557996961805,,,,yf_premarket,0.08147471195653058,,,0.2,0.5,blocked,,,,,new,10:27:11,2026-06-17 10:27:11
BORR,4.4283,,,0.7359238681730725,0.0,8237248,2,,0.2244444423251682,,,,yf_premarket,0.07370737031499865,,,0.4,0.5,blocked,,,,,new,10:27:11,2026-06-17 10:27:11
BOX,25.68,,,0.6869267749062244,0.0,1728967,1,,0.7537776099310981,,,,yf_premarket,0.06880000549920119,,,0.2,0.5,blocked,,,,,new,10:27:11,2026-06-17 10:27:11
BRBR,8.7,,,0.8443883582599114,0.0,4837634,3,,0.5494445164998373,,,,yf_premarket,0.08457076622129636,,,0.6,0.5,blocked,,,,,new,10:27:11,2026-06-17 10:27:11
BRBS,3.21,,,2.1728378137986417,0.0,252403,0,,0.048888842264811196,,,,yf_premarket,0.21762327368681558,,,0.0,0.5,blocked,,,,,new,10:27:11,2026-06-17 10:27:11
BROS,66.11,,,0.5800642289928223,0.0,3770291,4,,3.154444376627604,,,,yf_premarket,0.058097054303996455,,,0.8,0.5,blocked,,,,,new,10:27:11,2026-06-17 10:27:11
BRSP,5.71,,,0.9178551869306053,0.0,926488,2,,0.093333191341824,,,,yf_premarket,0.09192892782046044,,,0.4,0.5,blocked,,,,,new,10:27:11,2026-06-17 10:27:11
BRTX,0.3534,,,0.6446355093709897,0.0,1183983,1,,0.04748888479338752,,,,yf_premarket,0.06456427120017123,,,0.2,0.5,blocked,,,,,new,10:27:11,2026-06-17 10:27:11
BRX,32.01,,,0.773920051391886,0.0,2232259,3,,0.5933331383599175,,,,yf_premarket,0.07751292530266074,,,0.6,0.5,blocked,,,,,new,10:27:11,2026-06-17 10:27:11
BRZE,21.43,,,0.7143538346464864,0.0,2378143,1,,1.2408892313639324,,,,yf_premarket,0.07154699677962485,,,0.2,0.5,blocked,,,,,new,10:27:11,2026-06-17 10:27:11
BSFC,0.001,,,0.7553644340196334,0.0,230220,0,0.0,0.0,,,,yf_premarket,0.07565446436637488,0.0,,0.0,0.5,blocked,,,,,new,10:27:11,2026-06-17 10:27:11
BSY,30.0,,,1.0891768529250083,0.0,3070468,1,,1.304445054796007,,,,yf_premarket,0.10908786235777895,,,0.2,0.5,blocked,,,,,new,10:27:11,2026-06-17 10:27:11
BTAI,1.2024,,,1.3516499924460201,0.0,679112,4,,0.07877779006958008,,,,yf_premarket,0.13537618609491006,,,0.8,0.5,blocked,,,,,new,10:27:11,2026-06-17 10:27:11
BTBT,2.03,,,1.9068794338462018,0.0,26033802,3,,0.14888890584309897,,,,yf_premarket,0.19098588135954106,,,0.6,0.5,blocked,,,,,new,10:27:11,2026-06-17 10:27:11
BTU,25.14,,,0.5423686629655053,0.0,3512465,2,,1.6014448801676433,,,,yf_premarket,0.05432160800503839,,,0.4,0.5,blocked,,,,,new,10:27:11,2026-06-17 10:27:11
BUR,4.41,,,0.735727569284866,0.0,1948755,3,,0.19444439146253797,,,,yf_premarket,0.0736877097557055,,,0.6,0.5,blocked,,,,,new,10:27:11,2026-06-17 10:27:11
BURL,334.0,,,0.4720686905212123,0.0,741703,2,,10.788886176215279,,,,yf_premarket,0.04728062682997599,,,0.4,0.5,blocked,,,,,new,10:27:11,2026-06-17 10:27:11
BVS,9.12,,,0.5791971887067925,0.0,632876,1,,0.3797779083251953,,,,yf_premarket,0.058010214805776256,,,0.2,0.5,blocked,,,,,new,10:27:11,2026-06-17 10:27:11
BW,16.75,,,1.012644487193766,0.0,2407159,3,,1.483110851711697,,,,yf_premarket,0.10142266808158387,,,0.6,0.5,blocked,,,,,new,10:27:11,2026-06-17 10:27:11
BWLP,19.2,,,1.218046554741376,0.0,513086,2,,0.6372860858124076,,,,yf_premarket,0.12199496762363045,,,0.4,0.5,blocked,,,,,new,10:27:11,2026-06-17 10:27:11
BXSL,23.8352,,,0.8570793555154708,0.0,1544167,0,,0.42611100938585067,,,,yf_premarket,0.08584184883573082,,,0.0,0.5,blocked,,,,,new,10:27:11,2026-06-17 10:27:11
BY,35.21,,,0.9579072943038446,0.0,336139,3,,0.6103337605794271,,,,yf_premarket,0.09594039644884465,,,0.6,0.5,blocked,,,,,new,10:27:11,2026-06-17 10:27:11
BZ,13.02,,,0.9853841352310655,0.0,3644026,2,,0.5583331849839952,,,,yf_premarket,0.09869237362596305,,,0.4,0.5,blocked,,,,,new,10:27:11,2026-06-17 10:27:11
BZUN,2.73,,,0.5926975690464761,0.0,261222,2,,0.10377777947319879,,,,yf_premarket,0.05936236218966348,,,0.4,0.5,blocked,,,,,new,10:27:11,2026-06-17 10:27:11
CABA,2.82,,,1.5918132579455424,0.0,3862093,0,,0.26433327462938094,,,,yf_premarket,0.15943003665173092,,,0.0,0.5,blocked,,,,,new,10:27:11,2026-06-17 10:27:11
CABO,47.33,,,0.8838729411786223,0.0,218711,2,,4.007778591579861,,,,yf_premarket,0.08852539373208428,,,0.4,0.5,blocked,,,,,new,10:27:11,2026-06-17 10:27:11
CADL,7.99,,,1.0335925413812153,0.0,1849994,1,,0.6705553266737196,,,,yf_premarket,0.10352074650266567,,,0.2,0.5,blocked,,,,,new,10:27:11,2026-06-17 10:27:11
CAN,0.354,,,0.8294734760129033,0.0,10585084,2,,0.026999996768103704,,,,yf_premarket,0.08307694763960811,,,0.4,0.5,blocked,,,,,new,10:27:11,2026-06-17 10:27:11
CANG,0.31,,,0.3824961712728084,0.0,849825,1,,0.041111108329561025,,,,yf_premarket,0.038309379759705976,,,0.2,0.5,blocked,,,,,new,10:27:11,2026-06-17 10:27:11
CARG,28.191,,,1.5818228458020123,0.0,1333234,1,,1.1065553029378254,,,,yf_premarket,0.15842943449801813,,,0.2,0.5,blocked,,,,,new,10:27:11,2026-06-17 10:27:11
CARR,72.3529,,,0.6868250486780031,0.0,6173630,3,,2.274999830457899,,,,yf_premarket,0.06878981698229268,,,0.6,0.5,blocked,,,,,new,10:27:11,2026-06-17 10:27:11
CARS,10.2,,,1.1865439776645879,0.0,725878,1,,0.3392222722371419,,,,yf_premarket,0.11883978783548213,,,0.2,0.5,blocked,,,,,new,10:27:11,2026-06-17 10:27:11
CAVA,87.31,,,0.9069334872278995,0.0,3175507,3,,3.9686660766601562,,,,yf_premarket,0.09083505140297858,,,0.6,0.5,blocked,,,,,new,10:27:11,2026-06-17 10:27:11
CBL,48.14,,,0.7438921625052861,0.0,225353,2,,1.4003878831961822,,,,yf_premarket,0.07450544474432975,,,0.4,0.5,blocked,,,,,new,10:27:11,2026-06-17 10:27:11
CC,22.06,,,0.9824768202343125,0.0,1999739,4,,0.9111111958821615,,,,yf_premarket,0.09840118787651861,,,0.8,0.5,blocked,,,,,new,10:27:11,2026-06-17 10:27:11
CCAP,11.38,,,1.1971545922139883,0.0,222337,2,,0.29744434356689453,,,,yf_premarket,0.11990250713252557,,,0.4,0.5,blocked,,,,,new,10:27:11,2026-06-17 10:27:11
CCC,4.73,,,0.9498665440858584,0.0,9337840,1,,0.22900014453464085,,,,yf_premarket,0.09513506511015768,,,0.2,0.5,blocked,,,,,new,10:27:11,2026-06-17 10:27:11
CCCC,3.939,,,0.7805199348627329,0.0,1972020,2,,0.3749999735090468,,,,yf_premarket,0.07817394484022402,,,0.4,0.5,blocked,,,,,new,10:27:11,2026-06-17 10:27:11
CCS,61.12,,,0.7125852801847655,0.0,374442,2,,2.081110636393229,,,,yf_premarket,0.07136986500788885,,,0.4,0.5,blocked,,,,,new,10:27:11,2026-06-17 10:27:11
CDNA,23.25,,,1.1466561307844616,0.0,818029,3,,1.1839995914035373,,,,yf_premarket,0.11484477092108304,,,0.6,0.5,blocked,,,,,new,10:27:11,2026-06-17 10:27:11
CDRE,28.94,,,1.9098673429834114,0.0,345952,1,,1.4883338080512152,,,,yf_premarket,0.1912851391153611,,,0.2,0.5,blocked,,,,,new,10:27:11,2026-06-17 10:27:11
CDT,0.71,,,0.33073087067640666,0.0,212580,1,,0.08444445663028294,,,,yf_premarket,0.03312476169588625,,,0.2,0.5,blocked,,,,,new,10:27:11,2026-06-17 10:27:11
CDW,130.02,,,0.6868969435304326,0.0,1940438,1,,5.091113620334202,,,,yf_premarket,0.06879701770065628,,,0.2,0.5,blocked,,,,,new,10:27:11,2026-06-17 10:27:11
CEG,269.42,,,0.9639233794851354,0.0,3935823,3,,8.176886664496529,,,,yf_premarket,0.09654294494262403,,,0.6,0.5,blocked,,,,,new,10:27:11,2026-06-17 10:27:11
CELC,87.9133,,,0.414713162607695,0.0,2089535,1,,6.664000617133246,,,,yf_premarket,0.04153611259641991,,,0.2,0.5,blocked,,,,,new,10:27:11,2026-06-17 10:27:11
CEPU,15.2,,,1.2064594136494495,0.0,326023,2,,0.6204442977905273,,,,yf_premarket,0.12083444309617497,,,0.4,0.5,blocked,,,,,new,10:27:11,2026-06-17 10:27:11
CERT,6.15,,,1.5535484543355462,0.0,4563419,2,,0.29577774471706814,,,,yf_premarket,0.15559757765469592,,,0.4,0.5,blocked,,,,,new,10:27:11,2026-06-17 10:27:11
CFG,67.69,,,1.0186697420098698,0.0,4386198,2,,1.4577772352430556,,,,yf_premarket,0.10202613497154257,,,0.4,0.5,blocked,,,,,new,10:27:11,2026-06-17 10:27:11
CG,47.4,,,0.6530218200501979,0.0,3443722,3,,1.5688887702094183,,,,yf_premarket,0.06540421257663935,,,0.6,0.5,blocked,,,,,new,10:27:11,2026-06-17 10:27:11
CGBD,11.14,,,0.8188963007439071,0.0,491150,2,,0.2281113730536567,,,,yf_premarket,0.08201757749528334,,,0.4,0.5,blocked,,,,,new,10:27:11,2026-06-17 10:27:11
CGC,0.96,,,1.1193628425760582,0.0,8205469,0,,0.05777776903576321,,,,yf_premarket,0.11211117769480972,,,0.0,0.5,blocked,,,,,new,10:27:11,2026-06-17 10:27:11
CGEM,13.55,,,0.7949364797447878,0.0,1325955,2,,1.2951110204060872,,,,yf_premarket,0.07961785182332315,,,0.4,0.5,blocked,,,,,new,10:27:11,2026-06-17 10:27:11
CGNT,8.8,,,0.5758856134381738,0.0,1087582,1,,0.40477784474690753,,,,yf_premarket,0.05767853986600835,,,0.2,0.5,blocked,,,,,new,10:27:11,2026-06-17 10:27:11
CGTX,1.26,,,1.0550406498959024,0.0,1019043,2,,0.1167778041627672,,,,yf_premarket,0.10566890848682968,,,0.4,0.5,blocked,,,,,new,10:27:11,2026-06-17 10:27:11
CHGG,1.1697,,,1.2352096898410698,0.0,1211198,1,,0.08444440364837646,,,,yf_premarket,0.12371396276602196,,,0.2,0.5,blocked,,,,,new,10:27:11,2026-06-17 10:27:11
CHMI,2.4,,,0.573687461274137,0.0,202868,2,,0.061111264758639865,,,,yf_premarket,0.057458381202088946,,,0.4,0.5,blocked,,,,,new,10:27:11,2026-06-17 10:27:11
CHRS,1.4,,,1.4154033896548084,0.0,787165,1,,0.08822223875257704,,,,yf_premarket,0.14176148688502146,,,0.2,0.5,blocked,,,,,new,10:27:11,2026-06-17 10:27:11
CHSN,1.2079,,,0.09671679834576337,0.0,2188223,1,,0.2957777778307597,,,,yf_premarket,0.00968679122889341,,,0.2,0.5,blocked,,,,,new,10:27:11,2026-06-17 10:27:11
CIIT,0.6852,,,0.6850907757236262,0.0,13375503,2,,0.717777795261807,,,,yf_premarket,0.06861611871756201,,,0.4,0.5,blocked,,,,,new,10:27:11,2026-06-17 10:27:11
CING,4.7,,,1.434420835787228,0.0,439946,3,,0.4525555504692925,,,,yf_premarket,0.14366620285517687,,,0.6,0.5,blocked,,,,,new,10:27:11,2026-06-17 10:27:11
CION,6.96,,,1.116990337887444,0.0,485173,3,,0.2101444952872187,,,,yf_premarket,0.11187355653694202,,,0.6,0.5,blocked,,,,,new,10:27:11,2026-06-17 10:27:11
CISO,0.276,,,0.9993988744689679,0.0,307090,1,,0.042999999390708074,,,,yf_premarket,0.10009603726503023,,,0.2,0.5,blocked,,,,,new,10:27:11,2026-06-17 10:27:11
CISS,2.2,,,0.33090437705827164,0.0,921616,2,,0.2808889018164741,,,,yf_premarket,0.0331421394433588,,,0.4,0.5,blocked,,,,,new,10:27:11,2026-06-17 10:27:11
CLBK,20.65,,,0.8377795760115613,0.0,364802,0,,0.4327780405680339,,,,yf_premarket,0.08390885541560446,,,0.0,0.5,blocked,,,,,new,10:27:11,2026-06-17 10:27:11
CLPT,13.38,,,0.4871203873220784,0.0,488916,3,,1.1066667768690321,,,,yf_premarket,0.048788148243467645,,,0.6,0.5,blocked,,,,,new,10:27:11,2026-06-17 10:27:11
CLSK,17.31,,,0.7834889054304904,0.0,22372413,3,,1.3273334503173828,,,,yf_premarket,0.07847130578006593,,,0.6,0.5,blocked,,,,,new,10:27:11,2026-06-17 10:27:11
CMCL,21.01,,,0.6140159562954014,0.0,244843,3,,0.9088887108696831,,,,yf_premarket,0.06149753177911556,,,0.6,0.5,blocked,,,,,new,10:27:11,2026-06-17 10:27:11
CMND,3.16,,,0.36819191051588074,0.0,4564760,2,,0.4987778133816189,,,,yf_premarket,0.03687671873281126,,,0.4,0.5,blocked,,,,,new,10:27:11,2026-06-17 10:27:11
CMPS,11.5319,,,0.6717947943541034,0.0,3013055,2,,0.9735554589165581,,,,yf_premarket,0.06728444316675046,,,0.4,0.5,blocked,,,,,new,10:27:11,2026-06-17 10:27:11
CMPX,1.9888,,,0.8443356344605418,0.0,2954957,3,,0.10499995284610325,,,,yf_premarket,0.08456548560359578,,,0.6,0.5,blocked,,,,,new,10:27:11,2026-06-17 10:27:11
CMTG,2.8,,,2.7428746098803303,0.0,594753,3,,0.12833335664537218,,,,yf_premarket,0.2747160179760757,,,0.6,0.5,blocked,,,,,new,10:27:11,2026-06-17 10:27:11
CNDT,1.44,,,0.5510904011056839,0.0,1097311,2,,0.11555553807152642,,,,yf_premarket,0.05519514453604461,,,0.4,0.5,blocked,,,,,new,10:27:11,2026-06-17 10:27:11
CNM,47.0,,,1.0278344379518056,0.0,3121877,1,,2.118111080593533,,,,yf_premarket,0.10294403649210825,,,0.2,0.5,blocked,,,,,new,10:27:11,2026-06-17 10:27:11
CNNE,14.11,,,0.6382326475290304,0.0,373177,2,,0.4946996562796063,,,,yf_premarket,0.06392298460889291,,,0.4,0.5,blocked,,,,,new,10:27:11,2026-06-17 10:27:11
CNTA,39.75,,,1.3451355851061555,0.0,1497273,2,,0.16222254435221353,,,,yf_premarket,0.1347237275255554,,,0.4,0.5,blocked,,,,,new,10:27:11,2026-06-17 10:27:11
CNTB,2.0713,,,0.8801734634125542,0.0,290827,2,,0.18800002998775905,,,,yf_premarket,0.08815486793523437,,,0.4,0.5,blocked,,,,,new,10:27:11,2026-06-17 10:27:11
CNTX,0.6401,,,1.8927074610224877,0.0,3200550,0,,0.2571110990312364,,,,yf_premarket,0.18956646979512914,,,0.0,0.5,blocked,,,,,new,10:27:11,2026-06-17 10:27:11
CNXC,26.62,,,0.7913414825418066,0.0,1007378,1,,1.5918890635172527,,,,yf_premarket,0.07925779040721591,,,0.2,0.5,blocked,,,,,new,10:27:11,2026-06-17 10:27:11
COCO,84.9796,,,1.0539689559565562,0.0,1032893,3,,3.771001180013021,,,,yf_premarket,0.10556157164742559,,,0.6,0.5,blocked,,,,,new,10:27:11,2026-06-17 10:27:11
CODA,9.6,,,1.7978910958310865,0.0,286328,1,,1.0405332777235243,,,,yf_premarket,0.18007001881245607,,,0.2,0.5,blocked,,,,,new,10:27:11,2026-06-17 10:27:11
CODX,3.74,,,0.5404751049704662,0.0,646396,1,,1.0275554921891954,,,,yf_premarket,0.05413195634895098,,,0.2,0.5,blocked,,,,,new,10:27:11,2026-06-17 10:27:11
COIN,168.19,,,0.7114238253269536,0.0,8751362,2,,9.313334147135416,,,,yf_premarket,0.07125353805205656,,,0.4,0.5,blocked,,,,,new,10:27:11,2026-06-17 10:27:11
COLD,14.4,,,0.42688691018027547,0.0,4537583,2,,0.49066681332058376,,,,yf_premarket,0.04275538942553137,,,0.4,0.5,blocked,,,,,new,10:27:11,2026-06-17 10:27:11
COLL,34.98,,,0.5047145905687849,0.0,353986,2,,1.0806666480170355,,,,yf_premarket,0.050550317552260006,,,0.4,0.5,blocked,,,,,new,10:27:11,2026-06-17 10:27:11
COMP,9.43,,,0.9117576846740993,0.0,13656942,3,,0.5573333104451498,,,,yf_premarket,0.0913182248982512,,,0.6,0.5,blocked,,,,,new,10:27:11,2026-06-17 10:27:11
COUR,5.39,,,0.9648492637605081,0.0,6147191,1,,0.24755562676323783,,,,yf_premarket,0.0966356780337835,,,0.2,0.5,blocked,,,,,new,10:27:11,2026-06-17 10:27:11
CPNG,18.0505,,,0.6721895762979442,0.0,34551956,2,,0.9160000483194987,,,,yf_premarket,0.06732398304334203,,,0.4,0.5,blocked,,,,,new,10:27:11,2026-06-17 10:27:11
CPOP,0.1593,,,0.29461059959400815,0.0,69388436,1,,0.48811110026306576,,,,yf_premarket,0.029507091021394188,,,0.2,0.5,blocked,,,,,new,10:27:11,2026-06-17 10:27:11
CR,207.44,,,0.6598916445132416,0.0,520047,2,,5.833333333333333,,,,yf_premarket,0.06609226839001257,,,0.4,0.5,blocked,,,,,new,10:27:11,2026-06-17 10:27:11
CRBG,29.77,,,0.6749852007765867,0.0,5668033,3,,0.8009225295823943,,,,yf_premarket,0.06760398229003112,,,0.6,0.5,blocked,,,,,new,10:27:11,2026-06-17 10:27:11
CRBP,8.14,,,1.1426089077363202,0.0,421489,3,,0.4337778091430664,,,,yf_premarket,0.11443941626300229,,,0.6,0.5,blocked,,,,,new,10:27:11,2026-06-17 10:27:11
CRBU,1.67,,,1.1192580800811749,0.0,1860869,1,,0.1612222327126397,,,,yf_premarket,0.11210068507683735,,,0.2,0.5,blocked,,,,,new,10:27:11,2026-06-17 10:27:11
CRC,56.25,,,0.7225949553713431,0.0,646053,2,,2.112776438395182,,,,yf_premarket,0.0723723964756363,,,0.4,0.5,blocked,,,,,new,10:27:11,2026-06-17 10:27:11
CRCT,4.51,,,0.7684469061711419,0.0,427468,4,,0.1316666603088379,,,,yf_premarket,0.0769647556359062,,,0.8,0.5,blocked,,,,,new,10:27:11,2026-06-17 10:27:11
CRDO,242.32,,,0.6840421461236615,0.0,10887672,3,,29.063668145073784,,,,yf_premarket,0.06851109191575473,,,0.6,0.5,blocked,,,,,new,10:27:11,2026-06-17 10:27:11
CREG,2.13,,,0.299709866126273,0.0,3118319,1,,0.03444443974230024,,,,yf_premarket,0.030017814403096126,,,0.2,0.5,blocked,,,,,new,10:27:11,2026-06-17 10:27:11
CRNC,10.2191,,,0.7829013333387707,0.0,980883,3,,1.0395556555853949,,,,yf_premarket,0.0784124567664327,,,0.6,0.5,blocked,,,,,new,10:27:11,2026-06-17 10:27:11
CRNX,35.1,,,0.6632814116200348,0.0,970640,2,,1.5741102430555556,,,,yf_premarket,0.06643177473058319,,,0.4,0.5,blocked,,,,,new,10:27:11,2026-06-17 10:27:11
CRON,2.6215,,,0.7339390434815838,0.0,1266568,1,,0.09622218873765734,,,,yf_premarket,0.07350857772941626,,,0.2,0.5,blocked,,,,,new,10:27:11,2026-06-17 10:27:11
CRSP,52.12,,,0.66903786138737,0.0,1646764,2,,3.091666327582465,,,,yf_premarket,0.06700831911655883,,,0.4,0.5,blocked,,,,,new,10:27:11,2026-06-17 10:27:11
CRSR,8.53,,,0.8155125445174042,0.0,2531257,3,,0.6166664759318033,,,,yf_premarket,0.08167867318190418,,,0.6,0.5,blocked,,,,,new,10:27:11,2026-06-17 10:27:11
CRTO,16.9357,,,0.6294611500417556,0.0,250145,2,,0.7136667039659288,,,,yf_premarket,0.06304446436859056,,,0.4,0.5,blocked,,,,,new,10:27:11,2026-06-17 10:27:11
CRVS,11.9915,,,0.9914976568703484,0.0,1166431,2,,0.6254446241590712,,,,yf_premarket,0.09930468098937827,,,0.4,0.5,blocked,,,,,new,10:27:11,2026-06-17 10:27:11
CRWD,680.0,,,0.5621540525739882,0.0,3807171,3,,36.04277886284722,,,,yf_premarket,0.056303238309161105,,,0.6,0.5,blocked,,,,,new,10:27:11,2026-06-17 10:27:11
CSTL,20.37,,,1.3179766587727102,0.0,275949,0,,0.8688890669080946,,,,yf_premarket,0.13200359147997978,,,0.0,0.5,blocked,,,,,new,10:27:11,2026-06-17 10:27:11
CSTM,34.26,,,0.6554522259002156,0.0,1762525,2,,1.8155551486545138,,,,yf_premarket,0.06564763289734141,,,0.4,0.5,blocked,,,,,new,10:27:11,2026-06-17 10:27:11
CTKB,4.07,,,1.3684454648889879,0.0,1459146,0,,0.2093332608540853,,,,yf_premarket,0.13705835752664033,,,0.0,0.5,blocked,,,,,new,10:27:11,2026-06-17 10:27:11
CTM,0.7,,,0.8815842852737735,0.0,18314398,4,,0.07988888687557644,,,,yf_premarket,0.08829617055344072,,,0.8,0.5,blocked,,,,,new,10:27:11,2026-06-17 10:27:11
CTMX,3.0,,,2.762646739878169,0.0,3827504,3,,0.15177779727511936,,,,yf_premarket,0.2766963202474028,,,0.6,0.5,blocked,,,,,new,10:27:11,2026-06-17 10:27:11
CTRE,37.27,,,0.5748775060600787,0.0,3240180,3,,1.227222866482205,,,,yf_premarket,0.05757757161773153,,,0.6,0.5,blocked,,,,,new,10:27:11,2026-06-17 10:27:11
CTSO,0.5017,,,3.652786496477645,0.0,444447,2,,0.057666659355163574,,,,yf_premarket,0.3658493746722532,,,0.4,0.5,blocked,,,,,new,10:27:11,2026-06-17 10:27:11
CTVA,76.7,,,0.8157720179124922,0.0,3936716,2,,1.6593348185221355,,,,yf_premarket,0.08170466106250672,,,0.4,0.5,blocked,,,,,new,10:27:11,2026-06-17 10:27:11
CTXR,0.5401,,,0.6799652219661888,0.0,292713,1,,0.04155555698606703,,,,yf_premarket,0.06810276250612844,,,0.2,0.5,blocked,,,,,new,10:27:11,2026-06-17 10:27:11
CUBI,76.46,,,0.5596353962708461,0.0,266854,3,,1.85333251953125,,,,yf_premarket,0.05605097915456573,,,0.6,0.5,blocked,,,,,new,10:27:11,2026-06-17 10:27:11
CURV,1.97,,,0.1669354487207427,0.0,1250393,4,,0.2593333058887058,,,,yf_premarket,0.016719627490960166,,,0.8,0.5,blocked,,,,,new,10:27:11,2026-06-17 10:27:11
CVNA,70.5,,,0.6644074901707278,0.0,9312006,2,,3.847223069932726,,,,yf_premarket,0.06654455852837704,,,0.4,0.5,blocked,,,,,new,10:27:11,2026-06-17 10:27:11
CVRX,4.687,,,0.35400587815930007,0.0,284885,2,,0.3991110059950087,,,,yf_premarket,0.035455899018398705,,,0.4,0.5,blocked,,,,,new,10:27:11,2026-06-17 10:27:11
CVSI,0.02,,,3.2468394697357414,0.0,469335,0,,0.0033333332588275275,,,,yf_premarket,0.3251912453162675,,,0.0,0.5,blocked,,,,,new,10:27:11,2026-06-17 10:27:11
CWAN,24.2416,,,0.860645705664261,0.0,3476974,1,,0.0694440205891927,,,,yf_premarket,0.08619904107049607,,,0.2,0.5,blocked,,,,,new,10:27:11,2026-06-17 10:27:11
CWEN,37.5,,,1.0040793040729168,0.0,1122519,2,,1.1966667175292969,,,,yf_premarket,0.10056481151325235,,,0.4,0.5,blocked,,,,,new,10:27:11,2026-06-17 10:27:11
CWH,7.62,,,0.9121542107625877,0.0,2086578,2,,0.5767778820461698,,,,yf_premarket,0.09135793946181921,,,0.4,0.5,blocked,,,,,new,10:27:11,2026-06-17 10:27:11
CWK,13.44,,,0.6329060601031524,0.0,1770912,1,,0.5533333884345161,,,,yf_premarket,0.063389493620363,,,0.2,0.5,blocked,,,,,new,10:27:11,2026-06-17 10:27:11
CXAI,0.2116,,,0.09680064017774667,0.0,77499601,2,,0.041555553674697876,,,,yf_premarket,0.009695188511853157,,,0.4,0.5,blocked,,,,,new,10:27:11,2026-06-17 10:27:11
CXDO,6.98,,,0.6495187958386763,0.0,870607,3,,0.6721109814114041,,,,yf_premarket,0.06505336282988225,,,0.6,0.5,blocked,,,,,new,10:27:11,2026-06-17 10:27:11
CXM,5.37,,,0.7544610089453145,0.0,3305194,1,,0.2683333820766873,,,,yf_premarket,0.07556398070443036,,,0.2,0.5,blocked,,,,,new,10:27:11,2026-06-17 10:27:11
CYN,1.286,,,0.6781322075432352,0.0,223463,1,,0.07833333810170491,,,,yf_premarket,0.06791917466680374,,,0.2,0.5,blocked,,,,,new,10:27:11,2026-06-17 10:27:11
DARE,2.06,,,1.7345437821648209,0.0,210478,2,,0.1693333254920112,,,,yf_premarket,0.17372538982460847,,,0.4,0.5,blocked,,,,,new,10:27:11,2026-06-17 10:27:11
DASH,169.75,,,0.9218451971897649,0.0,4697386,2,,8.32833523220486,,,,yf_premarket,0.09232855226050286,,,0.4,0.5,blocked,,,,,new,10:27:11,2026-06-17 10:27:11
DAVA,2.9,,,0.4291085351888945,0.0,332894,2,,0.17222224341498482,,,,yf_premarket,0.04297789904139402,,,0.4,0.5,blocked,,,,,new,10:27:11,2026-06-17 10:27:11
DBGI,0.7575,,,0.1522282393885605,0.0,11003149,1,,0.3131111065546672,,,,yf_premarket,0.015246608648347471,,,0.2,0.5,blocked,,,,,new,10:27:11,2026-06-17 10:27:11
DBVT,16.93,,,0.6124934549636718,0.0,262412,4,,0.859444088406033,,,,yf_premarket,0.06134504376464001,,,0.8,0.5,blocked,,,,,new,10:27:11,2026-06-17 10:27:11
DBX,27.3,,,0.7975741833278402,0.0,3408188,3,,0.7583332061767578,,,,yf_premarket,0.07988203430630185,,,0.6,0.5,blocked,,,,,new,10:27:11,2026-06-17 10:27:11
DC,5.21,,,1.0098568459586375,0.0,1580241,3,,0.30055565304226345,,,,yf_premarket,0.101143468406578,,,0.6,0.5,blocked,,,,,new,10:27:11,2026-06-17 10:27:11
DCTH,11.75,,,0.671411587031265,0.0,622420,2,,0.6275555292765299,,,,yf_premarket,0.06724606256072123,,,0.4,0.5,blocked,,,,,new,10:27:11,2026-06-17 10:27:11
DDL,2.33,,,1.2865500816411937,0.0,547211,1,,0.08077777756585015,,,,yf_premarket,0.12885602356087433,,,0.2,0.5,blocked,,,,,new,10:27:11,2026-06-17 10:27:11
DDOG,230.1978,,,0.6946119505966725,0.0,5686855,3,,12.558442857530382,,,,yf_premarket,0.06956972382884023,,,0.6,0.5,blocked,,,,,new,10:27:11,2026-06-17 10:27:11
DEA,23.86,,,0.7053897237143311,0.0,352968,2,,0.41055552164713544,,,,yf_premarket,0.0706491851001894,,,0.4,0.5,blocked,,,,,new,10:27:11,2026-06-17 10:27:11
DELL,405.0808,,,0.6742496951139169,0.0,9308312,3,,29.382222493489582,,,,yf_premarket,0.06753031680560843,,,0.6,0.5,blocked,,,,,new,10:27:11,2026-06-17 10:27:11
DFH,14.96,,,0.7015542894217178,0.0,582613,1,,0.7940000957912869,,,,yf_premarket,0.07026504240832877,,,0.2,0.5,blocked,,,,,new,10:27:11,2026-06-17 10:27:11
DFIN,40.23,,,0.6052931159479703,0.0,402492,3,,1.8249999152289496,,,,yf_premarket,0.06062388485517109,,,0.6,0.5,blocked,,,,,new,10:27:11,2026-06-17 10:27:11
DH,0.8368,,,0.9357140070506195,0.0,233256,1,,0.07233334249920315,,,,yf_premarket,0.09371760016131359,,,0.2,0.5,blocked,,,,,new,10:27:11,2026-06-17 10:27:11
DLO,12.8,,,0.9003227283067866,0.0,2206221,2,,0.5331112543741862,,,,yf_premarket,0.09017294262116768,,,0.4,0.5,blocked,,,,,new,10:27:11,2026-06-17 10:27:11
DLTH,4.14,,,0.8633250168070151,0.0,356398,2,,0.40911118189493817,,,,yf_premarket,0.08646739081036568,,,0.4,0.5,blocked,,,,,new,10:27:11,2026-06-17 10:27:11
DNLI,21.7,,,0.7686405877302096,0.0,1834637,3,,1.1224441528320312,,,,yf_premarket,0.07698415405334418,,,0.6,0.5,blocked,,,,,new,10:27:11,2026-06-17 10:27:11
DNOW,12.1,,,0.91687660292106,0.0,2605711,2,,0.45644452836778426,,,,yf_premarket,0.09183091652188012,,,0.4,0.5,blocked,,,,,new,10:27:11,2026-06-17 10:27:11
DNUT,3.82,,,0.5169531270916329,0.0,3290640,3,,0.2614444891611735,,,,yf_premarket,0.05177608339926614,,,0.6,0.5,blocked,,,,,new,10:27:11,2026-06-17 10:27:11
DOCN,174.0,,,0.5489359188999136,0.0,2763360,3,,15.679109361436632,,,,yf_premarket,0.05497935969110948,,,0.6,0.5,blocked,,,,,new,10:27:11,2026-06-17 10:27:11
DOCS,20.68,,,0.5764104710562544,0.0,3035170,2,,0.7761107550726997,,,,yf_premarket,0.05773110763353375,,,0.4,0.5,blocked,,,,,new,10:27:11,2026-06-17 10:27:11
DOCU,44.42,,,0.7334288670160156,0.0,5099772,2,,2.5805558098687067,,,,yf_premarket,0.07345748037098028,,,0.4,0.5,blocked,,,,,new,10:27:11,2026-06-17 10:27:11
DOGZ,1.2656,,,0.052636043483576575,0.0,2008813,3,,0.181388881471422,,,,yf_premarket,0.005271828400662691,,,0.6,0.5,blocked,,,,,new,10:27:11,2026-06-17 10:27:11
DOLE,14.08,,,0.5285099435343242,0.0,1052125,2,,0.3577778074476454,,,,yf_premarket,0.05293357072376149,,,0.4,0.5,blocked,,,,,new,10:27:11,2026-06-17 10:27:11
DOMO,2.0438,,,6.050665830263552,0.0,2538807,2,,0.37111104859246147,,,,yf_premarket,0.6060119616865862,,,0.4,0.5,blocked,,,,,new,10:27:11,2026-06-17 10:27:11
DOUG,1.73,,,1.1748881360161405,0.0,397558,2,,0.062222176127963595,,,,yf_premarket,0.11767238251834265,,,0.4,0.5,blocked,,,,,new,10:27:11,2026-06-17 10:27:11
DPRO,5.66,,,0.9259545606514252,0.0,1702801,1,,0.6685555246141222,,,,yf_premarket,0.09274013066898613,,,0.2,0.5,blocked,,,,,new,10:27:11,2026-06-17 10:27:11
DRUG,59.82,,,0.3636118286554663,0.0,612854,1,,5.221444447835286,,,,yf_premarket,0.03641799493764936,,,0.2,0.5,blocked,,,,,new,10:27:11,2026-06-17 10:27:11
DRVN,13.36,,,0.7386909664638559,0.0,1127043,3,,0.7429998185899522,,,,yf_premarket,0.07398451248586353,,,0.6,0.5,blocked,,,,,new,10:27:11,2026-06-17 10:27:11
DSGN,10.42,,,0.9860596203483237,0.0,629724,3,,0.5299999448988173,,,,yf_premarket,0.09876002767801006,,,0.6,0.5,blocked,,,,,new,10:27:11,2026-06-17 10:27:11
DSP,11.25,,,0.9973111855196333,0.0,350228,1,,0.8420001135932075,,,,yf_premarket,0.09988694218176687,,,0.2,0.5,blocked,,,,,new,10:27:11,2026-06-17 10:27:11
DT,41.51,,,1.0086893284243534,0.0,4721469,2,,1.50733396742079,,,,yf_premarket,0.10102653423584325,,,0.4,0.5,blocked,,,,,new,10:27:11,2026-06-17 10:27:11
DTIL,6.31,,,0.6106246535467617,0.0,342578,1,,0.6037777264912924,,,,yf_premarket,0.06115787163442586,,,0.2,0.5,blocked,,,,,new,10:27:11,2026-06-17 10:27:11
DTM,140.7,,,1.3093011641481251,0.0,608109,2,,2.668696696516662,,,,yf_premarket,0.13113468652579274,,,0.4,0.5,blocked,,,,,new,10:27:11,2026-06-17 10:27:11
DTSS,0.74,,,0.11361662642444843,0.0,1550486,2,,0.19466667042838204,,,,yf_premarket,0.011379414529110255,,,0.4,0.5,blocked,,,,,new,10:27:11,2026-06-17 10:27:11
DUO,0.865,,,0.09926173771360614,0.0,743055,2,,0.13511110676659477,,,,yf_premarket,0.00994168279652319,,,0.4,0.5,blocked,,,,,new,10:27:11,2026-06-17 10:27:11
DUOL,127.97,,,0.6197697210244172,0.0,1497948,3,,9.177998860677084,,,,yf_premarket,0.062073807241738825,,,0.6,0.5,blocked,,,,,new,10:27:11,2026-06-17 10:27:11
DUOT,11.211,,,0.9926032664241116,0.0,517985,3,,1.2549996905856662,,,,yf_premarket,0.09941541468932649,,,0.6,0.5,blocked,,,,,new,10:27:11,2026-06-17 10:27:11
DV,10.62,,,0.6232739504875717,0.0,2657260,1,,0.44277773963080513,,,,yf_premarket,0.062424777701972245,,,0.2,0.5,blocked,,,,,new,10:27:11,2026-06-17 10:27:11
DYN,17.85,,,0.7042299503704607,0.0,1556008,3,,1.023333231608073,,,,yf_premarket,0.07053302655847729,,,0.6,0.5,blocked,,,,,new,10:27:11,2026-06-17 10:27:11
EARN,4.58,,,1.2978873017778125,0.0,289113,0,,0.09777773751152886,,,,yf_premarket,0.1299915169442142,,,0.0,0.5,blocked,,,,,new,10:27:11,2026-06-17 10:27:11
EBC,20.99,,,1.1100528161972796,0.0,3457973,2,,0.4996845988473161,,,,yf_premarket,0.11117872042358874,,,0.4,0.5,blocked,,,,,new,10:27:11,2026-06-17 10:27:11
EDBL,0.213,,,0.3316786261990736,0.0,5582840,2,,0.04222222169240316,,,,yf_premarket,0.03321968532902063,,,0.4,0.5,blocked,,,,,new,10:27:11,2026-06-17 10:27:11
EDIT,2.3503,,,1.028285677387165,0.0,2177398,1,,0.24000000953674316,,,,yf_premarket,0.1029892309389813,,,0.2,0.5,blocked,,,,,new,10:27:11,2026-06-17 10:27:11
EE,33.68,,,0.9927642184981066,0.0,341414,4,,1.0844444698757596,,,,yf_premarket,0.09943153504448005,,,0.8,0.5,blocked,,,,,new,10:27:11,2026-06-17 10:27:11
EFXT,23.68,,,0.6001693422526728,0.0,494147,2,,1.0366666581895616,,,,yf_premarket,0.060110706928075075,,,0.4,0.5,blocked,,,,,new,10:27:11,2026-06-17 10:27:11
EH,7.54,,,0.6227839159292237,0.0,2197006,2,,0.7728889253404405,,,,yf_premarket,0.0623756976813052,,,0.4,0.5,blocked,,,,,new,10:27:11,2026-06-17 10:27:11
ELAN,24.53,,,0.5321175917865897,0.0,5492812,3,,1.163333045111762,,,,yf_premarket,0.05329489922144442,,,0.6,0.5,blocked,,,,,new,10:27:11,2026-06-17 10:27:11
ELPW,1.03,,,0.09100332168656523,0.0,14826173,1,,0.3181111084090339,,,,yf_premarket,0.009114550868010619,,,0.2,0.5,blocked,,,,,new,10:27:11,2026-06-17 10:27:11
EMBC,3.0665,,,1.274342439626728,0.0,1670888,2,,0.15511115392049155,,,,yf_premarket,0.12763335199177997,,,0.4,0.5,blocked,,,,,new,10:27:11,2026-06-17 10:27:11
EVH,4.7082,,,0.5811996066318228,0.0,2453274,2,,0.36355556382073295,,,,yf_premarket,0.058210769463545406,,,0.4,0.5,blocked,,,,,new,10:27:11,2026-06-17 10:27:11
EZGO,1.3403,,,0.08423982019782623,0.0,1861067,1,,0.389444457160102,,,,yf_premarket,0.008437143964367035,,,0.2,0.5,blocked,,,,,new,10:27:11,2026-06-17 10:27:11
FA,16.5,,,1.1147465862207104,0.0,2484284,2,,0.6263333426581489,,,,yf_premarket,0.11164883079811609,,,0.4,0.5,blocked,,,,,new,10:27:11,2026-06-17 10:27:11
FBK,54.46,,,0.6293996129676616,0.0,336819,3,,1.0426678127712674,,,,yf_premarket,0.06303830104639853,,,0.6,0.5,blocked,,,,,new,10:27:11,2026-06-17 10:27:11
FBRX,17.15,,,0.683522338568739,0.0,266474,3,,1.315999772813585,,,,yf_premarket,0.0684590299435859,,,0.6,0.5,blocked,,,,,new,10:27:11,2026-06-17 10:27:11
FCPT,24.9,,,0.46202511485133196,0.0,769146,2,,0.5644446478949653,,,,yf_premarket,0.04627470001715996,,,0.4,0.5,blocked,,,,,new,10:27:11,2026-06-17 10:27:11
FCUV,0.71,,,0.18872602187858317,0.0,677649,1,,0.1458888914850023,,,,yf_premarket,0.018902089447396252,,,0.2,0.5,blocked,,,,,new,10:27:11,2026-06-17 10:27:11
FDMT,8.85,,,0.9875694481168282,0.0,748832,2,,0.7611112594604492,,,,yf_premarket,0.09891124635599817,,,0.4,0.5,blocked,,,,,new,10:27:11,2026-06-17 10:27:11
FER,69.44,,,0.8085074721659785,0.0,2010641,3,,1.2897220187717013,,,,yf_premarket,0.08097707144805681,,,0.6,0.5,blocked,,,,,new,10:27:11,2026-06-17 10:27:11
FRHC,136.11,,,1.5351736013226767,0.0,249373,2,,9.44722154405382,,,,yf_premarket,0.153757221397648,,,0.4,0.5,blocked,,,,,new,10:27:11,2026-06-17 10:27:11
FRSH,9.7058,,,1.3546316602926727,0.0,13415842,3,,0.42788897620307076,,,,yf_premarket,0.13567481874651183,,,0.6,0.5,blocked,,,,,new,10:27:11,2026-06-17 10:27:11
FSK,10.417,,,1.5340189930792705,0.0,2812940,2,,0.2555554707845052,,,,yf_premarket,0.15364158017299692,,,0.4,0.5,blocked,,,,,new,10:27:11,2026-06-17 10:27:11
FTAI,269.0349,,,0.9449803230112412,0.0,948722,3,,15.250003390842014,,,,yf_premarket,0.09464567956123965,,,0.6,0.5,blocked,,,,,new,10:27:11,2026-06-17 10:27:11
FTDR,69.81,,,0.8333591968554825,0.0,547747,4,,2.0288874308268228,,,,yf_premarket,0.08346612684342399,,,0.8,0.5,blocked,,,,,new,10:27:11,2026-06-17 10:27:11
FTHM,0.5421,,,8.002365707405739,0.0,1617613,1,,0.0588888857099745,,,,yf_premarket,0.8014868902894253,,,0.2,0.5,blocked,,,,,new,10:27:11,2026-06-17 10:27:11
FVCB,16.62,,,0.4934778483070541,0.0,301403,3,,0.3177774217393663,,,,yf_premarket,0.049424887655447905,,,0.6,0.5,blocked,,,,,new,10:27:11,2026-06-17 10:27:11
GDHG,1.86,,,9.984390278839548,0.0,1742503,3,,0.1188888947168986,,,,yf_premarket,0.9999990263650843,,,0.6,0.5,blocked,,,,,new,10:27:11,2026-06-17 10:27:11
GRRR,17.3261,,,0.431692297973203,0.0,1937500,3,,1.8197779125637479,,,,yf_premarket,0.04323667901658617,,,0.6,0.5,blocked,,,,,new,10:27:11,2026-06-17 10:27:11
GTLB,28.06,,,0.4452051991096444,0.0,6975325,1,,1.7033337487114801,,,,yf_premarket,0.044590080436445294,,,0.2,0.5,blocked,,,,,new,10:27:11,2026-06-17 10:27:11
GTX,34.2,,,0.7850937958664641,0.0,2820007,3,,1.362444347805447,,,,yf_premarket,0.0786320455777477,,,0.6,0.5,blocked,,,,,new,10:27:11,2026-06-17 10:27:11
HASI,39.56,,,0.7260374893840646,0.0,1281210,2,,1.163333045111762,,,,yf_premarket,0.07271718775129848,,,0.4,0.5,blocked,,,,,new,10:27:11,2026-06-17 10:27:11
HCAT,1.78,,,0.22232071045122248,0.0,4574940,2,,0.2344444195429484,,,,yf_premarket,0.022266807264454794,,,0.4,0.5,blocked,,,,,new,10:27:11,2026-06-17 10:27:11
HGV,51.33,,,0.674558637936414,0.0,1610497,3,,1.915554894341363,,,,yf_premarket,0.06756125935824026,,,0.6,0.5,blocked,,,,,new,10:27:11,2026-06-17 10:27:11
HOWL,0.365,,,1.090506113083397,0.0,532039,2,,0.03433333502875434,,,,yf_premarket,0.10922099606219672,,,0.4,0.5,blocked,,,,,new,10:27:11,2026-06-17 10:27:11
ILPT,8.65,,,0.7454400293744406,0.0,471702,1,,0.2831113603379991,,,,yf_premarket,0.07466047327575423,,,0.2,0.5,blocked,,,,,new,10:27:11,2026-06-17 10:27:11
IMMX,8.8,,,2.0397364343234834,0.0,1283839,3,,0.559444268544515,,,,yf_premarket,0.20429233948194014,,,0.6,0.5,blocked,,,,,new,10:27:11,2026-06-17 10:27:11
IMPP,5.0877,,,0.5981530123832477,0.0,387636,1,,0.18411101235283744,,,,yf_premarket,0.059908758902212214,,,0.2,0.5,blocked,,,,,new,10:27:11,2026-06-17 10:27:11
INDO,2.5805,,,0.5028071750357183,0.0,837247,1,,0.16611115137736002,,,,yf_premarket,0.05035927797721628,,,0.2,0.5,blocked,,,,,new,10:27:11,2026-06-17 10:27:11
IQ,1.04,,,0.6563100518151599,0.0,5204828,1,,0.04011112451553345,,,,yf_premarket,0.06573354951876526,,,0.2,0.5,blocked,,,,,new,10:27:11,2026-06-17 10:27:11
IR,79.05,,,1.009997045468702,0.0,3877095,3,,2.3133332994249134,,,,yf_premarket,0.10115751026288028,,,0.6,0.5,blocked,,,,,new,10:27:11,2026-06-17 10:27:11
KNSA,52.3,,,0.7764143096163585,0.0,472104,4,,1.879444546169705,,,,yf_premarket,0.0777627408373421,,,0.8,0.5,blocked,,,,,new,10:27:11,2026-06-17 10:27:11
LADR,10.52,,,1.110965203516318,0.0,807208,1,,0.18444453345404732,,,,yf_premarket,0.11127010171029986,,,0.2,0.5,blocked,,,,,new,10:27:11,2026-06-17 10:27:11
LFST,8.65,,,0.876217259628849,0.0,2499127,3,,0.3155556254916721,,,,yf_premarket,0.08775862942478756,,,0.6,0.5,blocked,,,,,new,10:27:11,2026-06-17 10:27:11
LICN,3.4734,,,1.0958050571881397,0.0,535242,3,,0.47344443533155656,,,,yf_premarket,0.10975171839951721,,,0.6,0.5,blocked,,,,,new,10:27:11,2026-06-17 10:27:11
LZ,6.17,,,0.7094368375439389,0.0,2135575,3,,0.29711119333902997,,,,yf_premarket,0.07105452881935208,,,0.6,0.5,blocked,,,,,new,10:27:11,2026-06-17 10:27:11
MBC,8.86,,,0.757145060675143,0.0,3330367,3,,0.46433337529500324,,,,yf_premarket,0.07583280524369446,,,0.6,0.5,blocked,,,,,new,10:27:11,2026-06-17 10:27:11
MBIO,0.6749,,,0.12975849997294825,0.0,589610,1,,0.09244443310631646,,,,yf_premarket,0.01299612395065785,,,0.2,0.5,blocked,,,,,new,10:27:11,2026-06-17 10:27:11
MDXH,0.5392,,,1.0276301550123716,0.0,629833,2,,0.05633335643344455,,,,yf_premarket,0.10292357628023432,,,0.4,0.5,blocked,,,,,new,10:27:11,2026-06-17 10:27:11
NIO,5.0,,,1.4787770656787345,0.0,29375454,1,,0.1988889906141493,,,,yf_premarket,0.14810875622758848,,,0.2,0.5,blocked,,,,,new,10:27:11,2026-06-17 10:27:11
NMRK,15.32,,,0.9944537569243418,0.0,1329458,1,,0.5032222535875108,,,,yf_premarket,0.09960075286690655,,,0.2,0.5,blocked,,,,,new,10:27:11,2026-06-17 10:27:11
NNDM,1.25,,,0.8697838052512753,0.0,7045222,1,,0.11944441000620525,,,,yf_premarket,0.08711427880005561,,,0.2,0.5,blocked,,,,,new,10:27:11,2026-06-17 10:27:11
NRIX,17.09,,,0.4700651796834606,0.0,4625781,2,,1.5694447623358831,,,,yf_premarket,0.04707996271017393,,,0.4,0.5,blocked,,,,,new,10:27:11,2026-06-17 10:27:11
NWS,29.545,,,1.0544172729003245,0.0,1416285,0,,0.7122224171956381,,,,yf_premarket,0.10560647338851853,,,0.0,0.5,blocked,,,,,new,10:27:11,2026-06-17 10:27:11
NXL,0.395,,,0.6745881754643979,0.0,291022,2,,0.059888892703586154,,,,yf_premarket,0.06756421772609249,,,0.4,0.5,blocked,,,,,new,10:27:11,2026-06-17 10:27:11
NYXH,1.61,,,0.38819443552289556,0.0,1167585,2,,0.2342222531636556,,,,yf_premarket,0.03888009650283397,,,0.4,0.5,blocked,,,,,new,10:27:11,2026-06-17 10:27:11
ORGO,2.4101,,,0.6792646772869908,0.0,734899,1,,0.12388888994852702,,,,yf_premarket,0.06803259858248775,,,0.2,0.5,blocked,,,,,new,10:27:11,2026-06-17 10:27:11
OXBR,0.9747,,,0.04191048159766932,0.0,321828,2,,0.11177778906292385,,,,yf_premarket,0.0041975964101667925,,,0.4,0.5,blocked,,,,,new,10:27:11,2026-06-17 10:27:11
PAHC,31.87,,,0.5985383337872918,0.0,331895,3,,1.5438895755343967,,,,yf_premarket,0.05994735124667399,,,0.6,0.5,blocked,,,,,new,10:27:11,2026-06-17 10:27:11
PAY,22.23,,,0.6677081504214816,0.0,854806,2,,0.8454441494411893,,,,yf_premarket,0.06687514026095524,,,0.4,0.5,blocked,,,,,new,10:27:11,2026-06-17 10:27:11
PRE,20.56,,,0.4376352599241032,0.0,271052,2,,1.690999984741211,,,,yf_premarket,0.04383190376227947,,,0.4,0.5,blocked,,,,,new,10:27:11,2026-06-17 10:27:11
PRLD,4.21,,,1.4650114285790712,0.0,299074,3,,0.33533332082960343,,,,yf_premarket,0.14673004172299497,,,0.6,0.5,blocked,,,,,new,10:27:11,2026-06-17 10:27:11
PRVA,23.53,,,0.8351036875618817,0.0,1052614,3,,0.5951109992133247,,,,yf_premarket,0.08364084847981668,,,0.6,0.5,blocked,,,,,new,10:27:11,2026-06-17 10:27:11
QUBT,10.25,,,0.9485389088965763,0.0,17151463,4,,0.9375556310017904,,,,yf_premarket,0.09500209415654183,,,0.8,0.5,blocked,,,,,new,10:27:11,2026-06-17 10:27:11
QURE,27.5,,,0.41223095843906826,0.0,1447448,3,,1.9633337656656902,,,,yf_premarket,0.04128750435069391,,,0.6,0.5,blocked,,,,,new,10:27:11,2026-06-17 10:27:11
RACE,362.82,,,0.8056049534910423,0.0,525156,2,,8.1163330078125,,,,yf_premarket,0.08068636608018932,,,0.4,0.5,blocked,,,,,new,10:27:11,2026-06-17 10:27:11
RARE,24.85,,,1.636991583861323,0.0,1637484,4,,1.0849999321831598,,,,yf_premarket,0.1639549280739276,,,0.8,0.5,blocked,,,,,new,10:27:11,2026-06-17 10:27:11
RBB,25.71,,,2.0604507602321642,0.0,253389,2,,0.6122224595811632,,,,yf_premarket,0.20636700855656465,,,0.4,0.5,blocked,,,,,new,10:27:11,2026-06-17 10:27:11
RC,1.68,,,1.3520183702661046,0.0,1407796,2,,0.09888886080847846,,,,yf_premarket,0.13541308143364694,,,0.4,0.5,blocked,,,,,new,10:27:11,2026-06-17 10:27:11
RCEL,4.08,,,0.8012865140019527,0.0,231260,1,,0.23222223917643228,,,,yf_premarket,0.08025384740214261,,,0.2,0.5,blocked,,,,,new,10:27:11,2026-06-17 10:27:11
RDHL,0.75,,,0.16753549528903913,0.0,846196,3,,0.09766665432188246,,,,yf_premarket,0.016779725901309956,,,0.6,0.5,blocked,,,,,new,10:27:11,2026-06-17 10:27:11
REAX,1.74,,,1.130442206296431,0.0,3335972,2,,0.10388888253106011,,,,yf_premarket,0.11322084514807408,,,0.4,0.5,blocked,,,,,new,10:27:11,2026-06-17 10:27:11
REXR,34.01,,,0.8039445678864553,0.0,2396581,2,,0.6888881259494357,,,,yf_premarket,0.08052006809487353,,,0.4,0.5,blocked,,,,,new,10:27:11,2026-06-17 10:27:11
REYN,23.62,,,1.003242119363109,0.0,932291,2,,0.4844447241889106,,,,yf_premarket,0.10048096223740123,,,0.4,0.5,blocked,,,,,new,10:27:11,2026-06-17 10:27:11
REZI,32.0,,,0.8262242849685686,0.0,1118961,2,,1.4344446394178603,,,,yf_premarket,0.08275152086941313,,,0.4,0.5,blocked,,,,,new,10:27:11,2026-06-17 10:27:11
RKDA,0.8,,,0.02221949570080821,0.0,12630664,1,,0.2242222163412306,,,,yf_premarket,0.0022254212271952453,,,0.2,0.5,blocked,,,,,new,10:27:11,2026-06-17 10:27:11
RKT,13.97,,,1.209617098072363,0.0,27130263,2,,0.7314445707533095,,,,yf_premarket,0.12115070490689105,,,0.4,0.5,blocked,,,,,new,10:27:11,2026-06-17 10:27:11
SIBN,15.71,,,0.876531762435924,0.0,400111,1,,0.6188888549804688,,,,yf_premarket,0.08779012884458995,,,0.2,0.5,blocked,,,,,new,10:27:11,2026-06-17 10:27:11
SIDU,3.2494,,,0.5050538741815918,0.0,22989472,2,,0.663666672176785,,,,yf_premarket,0.05058429892448136,,,0.4,0.5,blocked,,,,,new,10:27:11,2026-06-17 10:27:11
SITM,692.0,,,0.9482971228256394,0.0,523061,4,,51.50055609809028,,,,yf_premarket,0.09497787777188807,,,0.8,0.5,blocked,,,,,new,10:27:11,2026-06-17 10:27:11
SKYT,36.66,,,0.907991989646244,0.0,732951,3,,1.7622222900390625,,,,yf_premarket,0.09094106702918993,,,0.6,0.5,blocked,,,,,new,10:27:11,2026-06-17 10:27:11
SLN,6.4997,,,0.8430604475665554,0.0,243083,3,,0.5716666115654839,,,,yf_premarket,0.08443776767422732,,,0.6,0.5,blocked,,,,,new,10:27:11,2026-06-17 10:27:11
SLVM,40.39,,,0.6167996619888677,0.0,353834,2,,1.4332211812337239,,,,yf_premarket,0.06177633728505145,,,0.4,0.5,blocked,,,,,new,10:27:11,2026-06-17 10:27:11
SMWB,5.08,,,1.346470041963997,0.0,946954,4,,0.32644444041781956,,,,yf_premarket,0.1348573817118702,,,0.8,0.5,blocked,,,,,new,10:27:11,2026-06-17 10:27:11
SND,5.02,,,0.4712620296090147,0.0,369671,1,,0.3877776993645562,,,,yf_premarket,0.04719983470303821,,,0.2,0.5,blocked,,,,,new,10:27:11,2026-06-17 10:27:11
SNDR,37.03,,,0.5668332560810135,0.0,1093386,2,,1.286717973112847,,,,yf_premarket,0.0567718897561209,,,0.4,0.5,blocked,,,,,new,10:27:11,2026-06-17 10:27:11
SNDX,18.3,,,0.9088556289381026,0.0,2364685,3,,0.8052219814724393,,,,yf_premarket,0.09102756589660896,,,0.6,0.5,blocked,,,,,new,10:27:11,2026-06-17 10:27:11
SPCE,3.3331,,,0.4531979123334967,0.0,62748278,2,,0.8931110964881049,,,,yf_premarket,0.04539060057023924,,,0.4,0.5,blocked,,,,,new,10:27:11,2026-06-17 10:27:11
SPT,7.15,,,0.7039467945868897,0.0,1223304,3,,0.4683334032694499,,,,yf_premarket,0.0705046667388015,,,0.6,0.5,blocked,,,,,new,10:27:11,2026-06-17 10:27:11
TGEN,5.527,,,0.44343193223845206,0.0,340122,2,,0.744999991522895,,,,yf_premarket,0.04441247668747767,,,0.4,0.5,blocked,,,,,new,10:27:11,2026-06-17 10:27:11
TNDM,16.69,,,0.6937350851353299,0.0,2456442,2,,1.2544444402058919,,,,yf_premarket,0.06948190027796661,,,0.4,0.5,blocked,,,,,new,10:27:11,2026-06-17 10:27:11
TNXP,11.7,,,0.6069312276042697,0.0,612728,2,,0.9844445122612847,,,,yf_premarket,0.06078795196549313,,,0.4,0.5,blocked,,,,,new,10:27:11,2026-06-17 10:27:11
UCAR,1.19,,,0.6096902841209164,0.0,831804,2,,0.09433331754472521,,,,yf_premarket,0.06106428870246749,,,0.4,0.5,blocked,,,,,new,10:27:11,2026-06-17 10:27:11
VFF,2.05,,,0.8420569541029349,0.0,1472754,1,,0.13711116049024794,,,,yf_premarket,0.08433726153829323,,,0.2,0.5,blocked,,,,,new,10:27:11,2026-06-17 10:27:11
VIPS,13.86,,,0.7139367361216968,0.0,2558490,3,,0.3588889439900716,,,,yf_premarket,0.07150522175811233,,,0.6,0.5,blocked,,,,,new,10:27:11,2026-06-17 10:27:11
VIRT,58.69,,,0.7516538583339367,0.0,1146259,3,,1.654221428765191,,,,yf_premarket,0.07528282704358165,,,0.6,0.5,blocked,,,,,new,10:27:11,2026-06-17 10:27:11
VIST,69.06,,,1.1257367499338065,0.0,822209,2,,2.811221652560764,,,,yf_premarket,0.11274956431371003,,,0.4,0.5,blocked,,,,,new,10:27:11,2026-06-17 10:27:11
VRT,302.0,,,0.6680800836262234,0.0,5985777,3,,17.031119978895877,,,,yf_premarket,0.06691239169366445,,,0.6,0.5,blocked,,,,,new,10:27:11,2026-06-17 10:27:11
VSTM,4.25,,,0.6313056469158863,0.0,2391507,2,,0.2744444211324056,,,,yf_premarket,0.0632292022470941,,,0.4,0.5,blocked,,,,,new,10:27:11,2026-06-17 10:27:11
VTS,16.1,,,1.1706394053485052,0.0,619388,2,,0.5372869674381273,,,,yf_premarket,0.11724684561400836,,,0.4,0.5,blocked,,,,,new,10:27:11,2026-06-17 10:27:11
WB,7.5147,,,1.1701848171839513,0.0,1349733,3,,0.15777768029106987,,,,yf_premarket,0.11720131577099788,,,0.6,0.5,blocked,,,,,new,10:27:11,2026-06-17 10:27:11
WMS,143.23,,,0.8648779179635742,0.0,1198845,2,,3.7616644965277777,,,,yf_premarket,0.08662292355710649,,,0.4,0.5,blocked,,,,,new,10:27:11,2026-06-17 10:27:11
XENE,51.99,,,0.5481521465094383,0.0,1293863,2,,1.6244443257649739,,,,yf_premarket,0.05490085999253218,,,0.4,0.5,blocked,,,,,new,10:27:11,2026-06-17 10:27:11
ZYME,22.2,,,0.8820559979391069,0.0,676599,2,,0.8755552503797743,,,,yf_premarket,0.0883434155221252,,,0.4,0.5,blocked,,,,,new,10:27:11,2026-06-17 10:27:11
AA,63.62,,,0.798,,5448623,1,,3.8517,,,,yf_premarket,0.07992468250470734,,,0.2,0.5,blocked,,,,,new,10:27:11,2026-06-17 10:27:11
AAOI,175.62,,,0.8236,,15797890,2,,26.1498,,,,yf_premarket,0.08248868234445735,,,0.4,0.5,blocked,,,,,new,10:27:11,2026-06-17 10:27:11
ABCL,5.14,,,0.6473,,5610649,2,,0.5527,,,,yf_premarket,0.06483113657305396,,,0.4,0.5,blocked,,,,,new,10:27:11,2026-06-17 10:27:11
ABNB,140.79,,,0.9843,,3670590,3,,4.054,,,,yf_premarket,0.09858379071351307,,,0.6,0.5,blocked,,,,,new,10:27:11,2026-06-17 10:27:11
ABOS,2.33,,,1.2512,,329324,2,,0.1378,,,,yf_premarket,0.12531549216778173,,,0.4,0.5,blocked,,,,,new,10:27:11,2026-06-17 10:27:11
ABSI,7.0786,,,0.7442,,5113729,3,,0.8058,,,,yf_premarket,0.07453627659148271,,,0.6,0.5,blocked,,,,,new,10:27:11,2026-06-17 10:27:11
ACA,132.6,,,0.7621,,278787,2,,3.8294,,,,yf_premarket,0.07632907335443291,,,0.4,0.5,blocked,,,,,new,10:27:11,2026-06-17 10:27:11
ACB,3.0,,,1.2163,,1131228,0,,0.1961,,,,yf_premarket,0.12182003926124753,,,0.0,0.5,blocked,,,,,new,10:27:11,2026-06-17 10:27:11
ACEL,13.13,,,0.6077,,298745,2,,0.351,,,,yf_premarket,0.060864949320940664,,,0.4,0.5,blocked,,,,,new,10:27:11,2026-06-17 10:27:11
ACI,14.99,,,1.4185,,7719195,2,,0.4433,,,,yf_premarket,0.142071631745523,,,0.4,0.5,blocked,,,,,new,10:27:11,2026-06-17 10:27:11
ACIU,2.34,,,0.3866,,321030,3,,0.1282,,,,yf_premarket,0.038720403829974756,,,0.6,0.5,blocked,,,,,new,10:27:11,2026-06-17 10:27:11
ACMR,99.15,,,0.8575,,1579978,3,,8.8388,,,,yf_premarket,0.08588397900725131,,,0.6,0.5,blocked,,,,,new,10:27:11,2026-06-17 10:27:11
ACRE,4.89,,,0.6382,,383089,0,,0.1333,,,,yf_premarket,0.06391971475501781,,,0.0,0.5,blocked,,,,,new,10:27:11,2026-06-17 10:27:11
ACRS,4.55,,,0.9001,,1197117,2,,0.2867,,,,yf_premarket,0.0901506349905853,,,0.4,0.5,blocked,,,,,new,10:27:11,2026-06-17 10:27:11
ACRV,1.49,,,1.0254,,310208,3,,0.0886,,,,yf_premarket,0.10270021233123673,,,0.6,0.5,blocked,,,,,new,10:27:11,2026-06-17 10:27:11
ACT,43.13,,,0.8036,,276422,2,,0.83,,,,yf_premarket,0.08048555746965265,,,0.4,0.5,blocked,,,,,new,10:27:11,2026-06-17 10:27:11
ACVA,6.2,,,0.4895,,2602413,3,,0.3761,,,,yf_premarket,0.049026481310844916,,,0.6,0.5,blocked,,,,,new,10:27:11,2026-06-17 10:27:11
ADCT,0.9992,,,0.2445,,5246232,0,,0.1857,,,,yf_premarket,0.024488201594487398,,,0.0,0.5,blocked,,,,,new,10:27:11,2026-06-17 10:27:11
ADIL,2.58,,,0.1058,,2218411,2,,0.5333,,,,yf_premarket,0.010596530587716839,,,0.4,0.5,blocked,,,,,new,10:27:11,2026-06-17 10:27:11
ADMA,8.6683,,,1.01,,3297234,2,,0.3283,,,,yf_premarket,0.1011578061776371,,,0.4,0.5,blocked,,,,,new,10:27:11,2026-06-17 10:27:11
ADNT,21.7,,,0.6976,,1133215,3,,1.0067,,,,yf_premarket,0.06986899563318777,,,0.6,0.5,blocked,,,,,new,10:27:11,2026-06-17 10:27:11
ADPT,17.13,,,2.013,,3387189,1,,1.5801,,,,yf_premarket,0.20161451864909255,,,0.2,0.5,blocked,,,,,new,10:27:11,2026-06-17 10:27:11
ADT,6.7128,,,0.6247,,8561069,2,,0.1542,,,,yf_premarket,0.06256760546452465,,,0.4,0.5,blocked,,,,,new,10:27:11,2026-06-17 10:27:11
ADTX,0.0076,,,1.9118,,429885993,0,,0.0119,,,,yf_premarket,0.1914787067825808,,,0.0,0.5,blocked,,,,,new,10:27:11,2026-06-17 10:27:11
AESI,16.28,,,0.7206,,2462873,2,,0.9238,,,,yf_premarket,0.07217258923921317,,,0.4,0.5,blocked,,,,,new,10:27:11,2026-06-17 10:27:11
AFRM,74.9,,,1.3202,,4521366,2,,4.6106,,,,yf_premarket,0.13222627298585793,,,0.4,0.5,blocked,,,,,new,10:27:11,2026-06-17 10:27:11
AGIO,31.7,,,0.7364,,1048083,3,,1.5067,,,,yf_premarket,0.07375505789030888,,,0.6,0.5,blocked,,,,,new,10:27:11,2026-06-17 10:27:11
AGL,116.83,,,0.918,,260922,2,,10.5048,,,,yf_premarket,0.09194343175353552,,,0.4,0.5,blocked,,,,,new,10:27:11,2026-06-17 10:27:11
AGMH,1.29,,,0.0664,,613292,2,,0.1772,,,,yf_premarket,0.006650374584351588,,,0.4,0.5,blocked,,,,,new,10:27:11,2026-06-17 10:27:11
AHCO,10.13,,,1.2984,,1069036,3,,0.2939,,,,yf_premarket,0.1300428668723208,,,0.6,0.5,blocked,,,,,new,10:27:11,2026-06-17 10:27:11
AIP,42.5,,,1.2578,,1019032,3,,3.1954,,,,yf_premarket,0.12597652337646728,,,0.6,0.5,blocked,,,,,new,10:27:11,2026-06-17 10:27:11
AIRS,5.03,,,0.5782,,751280,1,,0.5239,,,,yf_premarket,0.05791034013060374,,,0.2,0.5,blocked,,,,,new,10:27:11,2026-06-17 10:27:11
AKAN,18.29,,,0.1949,,594466,3,,2.6287,,,,yf_premarket,0.019520451904971755,,,0.6,0.5,blocked,,,,,new,10:27:11,2026-06-17 10:27:11
AKBA,0.99,,,1.4419,,5614314,3,,0.0682,,,,yf_premarket,0.1444152878490445,,,0.6,0.5,blocked,,,,,new,10:27:11,2026-06-17 10:27:11
ALC,66.41,,,1.0108,,1649665,2,,1.1139,,,,yf_premarket,0.10123793117262929,,,0.4,0.5,blocked,,,,,new,10:27:11,2026-06-17 10:27:11
ALDX,1.78,,,0.816,,1132018,2,,0.1542,,,,yf_premarket,0.08172749489203156,,,0.4,0.5,blocked,,,,,new,10:27:11,2026-06-17 10:27:11
ALEC,1.54,,,1.1695,,607339,1,,0.1594,,,,yf_premarket,0.11713272705420455,,,0.2,0.5,blocked,,,,,new,10:27:11,2026-06-17 10:27:11
ALGM,54.2,,,1.6144,,2182274,3,,3.9067,,,,yf_premarket,0.161692239894235,,,0.6,0.5,blocked,,,,,new,10:27:11,2026-06-17 10:27:11
ALHC,20.7,,,0.8145,,7700106,2,,1.2954,,,,yf_premarket,0.08157726052642121,,,0.4,0.5,blocked,,,,,new,10:27:11,2026-06-17 10:27:11
ALKT,15.51,,,0.5625,,1532634,2,,0.8028,,,,yf_premarket,0.05633788710388205,,,0.4,0.5,blocked,,,,,new,10:27:11,2026-06-17 10:27:11
ALLE,134.398,,,0.5588,,1013186,3,,3.0633,,,,yf_premarket,0.05596730900204318,,,0.6,0.5,blocked,,,,,new,10:27:11,2026-06-17 10:27:11
ALLO,1.8803,,,0.6731,,7490121,3,,0.1311,,,,yf_premarket,0.06741516766155202,,,0.6,0.5,blocked,,,,,new,10:27:11,2026-06-17 10:27:11
ALM,18.6399,,,0.7714,,6528736,3,,1.5334,,,,yf_premarket,0.07726052642121709,,,0.6,0.5,blocked,,,,,new,10:27:11,2026-06-17 10:27:11
ALRM,45.69,,,0.9552,,488555,3,,1.2749,,,,yf_premarket,0.09566924402067224,,,0.6,0.5,blocked,,,,,new,10:27:11,2026-06-17 10:27:11
ALSN,120.5,,,0.561,,695065,3,,3.4744,,,,yf_premarket,0.056187652738271705,,,0.6,0.5,blocked,,,,,new,10:27:11,2026-06-17 10:27:11
ALT,2.6663,,,0.9791,,2952433,2,,0.1254,,,,yf_premarket,0.09806297824606384,,,0.4,0.5,blocked,,,,,new,10:27:11,2026-06-17 10:27:11
ALTG,7.15,,,1.189,,227602,3,,0.4627,,,,yf_premarket,0.11908577380713914,,,0.6,0.5,blocked,,,,,new,10:27:11,2026-06-17 10:27:11
ALXO,1.38,,,2.4449,,1204041,2,,0.1147,,,,yf_premarket,0.24487200032049997,,,0.4,0.5,blocked,,,,,new,10:27:11,2026-06-17 10:27:11
AM,21.045,,,1.0466,,1965902,2,,0.4148,,,,yf_premarket,0.1048235246985297,,,0.4,0.5,blocked,,,,,new,10:27:11,2026-06-17 10:27:11
AMBA,67.9497,,,0.6137,,1440550,3,,5.2144,,,,yf_premarket,0.06146588678338207,,,0.6,0.5,blocked,,,,,new,10:27:11,2026-06-17 10:27:11
AMC,2.49,,,1.2431,,38380189,3,,0.2044,,,,yf_premarket,0.12450422659348584,,,0.6,0.5,blocked,,,,,new,10:27:11,2026-06-17 10:27:11
AMCR,41.11,,,0.7146,,3219977,3,,0.9189,,,,yf_premarket,0.07157165177677176,,,0.6,0.5,blocked,,,,,new,10:27:11,2026-06-17 10:27:11
AMH,32.24,,,0.6186,,2280394,1,,0.5838,,,,yf_premarket,0.061956652377709226,,,0.2,0.5,blocked,,,,,new,10:27:11,2026-06-17 10:27:11
AMLX,15.0,,,0.6428,,1679114,3,,1.0116,,,,yf_premarket,0.06438043347622291,,,0.6,0.5,blocked,,,,,new,10:27:11,2026-06-17 10:27:11
AMPG,9.0,,,0.5715,,9742384,2,,1.3862,,,,yf_premarket,0.057239293297544167,,,0.4,0.5,blocked,,,,,new,10:27:11,2026-06-17 10:27:11
AMPH,19.85,,,1.3614,,527760,2,,0.7189,,,,yf_premarket,0.1363527102279556,,,0.4,0.5,blocked,,,,,new,10:27:11,2026-06-17 10:27:11
AMPL,6.78,,,0.7508,,2433928,1,,0.4417,,,,yf_premarket,0.07519730780016826,,,0.2,0.5,blocked,,,,,new,10:27:11,2026-06-17 10:27:11
AMPX,15.7,,,0.9429,,6623944,2,,1.813,,,,yf_premarket,0.09443732222266735,,,0.4,0.5,blocked,,,,,new,10:27:11,2026-06-17 10:27:11
AMRX,16.22,,,0.7984,,2097689,3,,0.6322,,,,yf_premarket,0.07996474500220344,,,0.6,0.5,blocked,,,,,new,10:27:11,2026-06-17 10:27:11
AMTB,23.2,,,0.5819,,218908,3,,0.6656,,,,yf_premarket,0.0582809182324426,,,0.6,0.5,blocked,,,,,new,10:27:11,2026-06-17 10:27:11
AMTX,1.95,,,0.9974,,994687,0,,0.1733,,,,yf_premarket,0.09989583750651014,,,0.0,0.5,blocked,,,,,new,10:27:11,2026-06-17 10:27:11
ANAB,57.61,,,0.7787,,517137,4,,2.64,,,,yf_premarket,0.0779916670005208,,,0.8,0.5,blocked,,,,,new,10:27:11,2026-06-17 10:27:11
ANET,168.9665,,,0.8926,,7273565,3,,8.0506,,,,yf_premarket,0.08939946316253354,,,0.6,0.5,blocked,,,,,new,10:27:11,2026-06-17 10:27:11
ANNX,4.41,,,0.8774,,2720667,1,,0.3429,,,,yf_premarket,0.08787708825768198,,,0.2,0.5,blocked,,,,,new,10:27:11,2026-06-17 10:27:11
ANTX,4.76,,,1.7764,,205760,4,,0.3878,,,,yf_premarket,0.17791755138015303,,,0.8,0.5,blocked,,,,,new,10:27:11,2026-06-17 10:27:11
ANVS,1.78,,,0.6202,,1049308,1,,0.1322,,,,yf_premarket,0.06211690236769359,,,0.2,0.5,blocked,,,,,new,10:27:11,2026-06-17 10:27:11
ANY,3.65,,,0.2705,,3552309,2,,0.8348,,,,yf_premarket,0.027092263931733505,,,0.4,0.5,blocked,,,,,new,10:27:11,2026-06-17 10:27:11
APAM,36.45,,,0.4122,,754695,3,,1.1444,,,,yf_premarket,0.041284403669724766,,,0.6,0.5,blocked,,,,,new,10:27:11,2026-06-17 10:27:11
APG,42.5,,,0.9915,,2923306,1,,1.4518,,,,yf_premarket,0.09930491566844277,,,0.2,0.5,blocked,,,,,new,10:27:11,2026-06-17 10:27:11
APGE,84.86,,,0.937,,1044087,1,,5.815,,,,yf_premarket,0.09384640038459997,,,0.2,0.5,blocked,,,,,new,10:27:11,2026-06-17 10:27:11
API,4.21,,,1.0295,,458012,1,,0.3167,,,,yf_premarket,0.10311085293057169,,,0.2,0.5,blocked,,,,,new,10:27:11,2026-06-17 10:27:11
APLD,46.74,,,0.9719,,21291375,3,,4.0734,,,,yf_premarket,0.09734185329113416,,,0.6,0.5,blocked,,,,,new,10:27:11,2026-06-17 10:27:11
APLE,16.37,,,0.7862,,2908410,2,,0.3328,,,,yf_premarket,0.07874283882857257,,,0.4,0.5,blocked,,,,,new,10:27:11,2026-06-17 10:27:11
APM,0.826,,,0.0364,,596087,1,,0.1942,,,,yf_premarket,0.0036456872721445455,,,0.2,0.5,blocked,,,,,new,10:27:11,2026-06-17 10:27:11
APP,513.5,,,1.3018,,5168718,2,,32.6113,,,,yf_premarket,0.1303833981010376,,,0.4,0.5,blocked,,,,,new,10:27:11,2026-06-17 10:27:11
APPN,22.82,,,0.5428,,984584,2,,1.5922,,,,yf_premarket,0.05436480910219942,,,0.4,0.5,blocked,,,,,new,10:27:11,2026-06-17 10:27:11
APYX,4.1,,,0.7092,,216752,2,,0.3809,,,,yf_premarket,0.07103080806057449,,,0.4,0.5,blocked,,,,,new,10:27:11,2026-06-17 10:27:11
AQMS,3.2159,,,0.3061,,348022,1,,0.3717,,,,yf_premarket,0.03065782620888586,,,0.2,0.5,blocked,,,,,new,10:27:11,2026-06-17 10:27:11
AQST,4.28,,,0.705,,1486497,2,,0.1803,,,,yf_premarket,0.0706101518368655,,,0.4,0.5,blocked,,,,,new,10:27:11,2026-06-17 10:27:11
AR,33.83,,,0.7788,,4378610,2,,1.1033,,,,yf_premarket,0.07800168262489483,,,0.4,0.5,blocked,,,,,new,10:27:11,2026-06-17 10:27:11
ARCT,7.2952,,,0.5614,,354248,2,,0.4289,,,,yf_premarket,0.05622771523576779,,,0.4,0.5,blocked,,,,,new,10:27:11,2026-06-17 10:27:11
ARDX,5.7,,,1.0648,,3145356,2,,0.2522,,,,yf_premarket,0.10664636833460196,,,0.4,0.5,blocked,,,,,new,10:27:11,2026-06-17 10:27:11
AREB,0.13,,,0.7674,,1152435,2,,0.0463,,,,yf_premarket,0.07685990144625615,,,0.4,0.5,blocked,,,,,new,10:27:11,2026-06-17 10:27:11
AREC,2.21,,,0.9562,,2701763,2,,0.1711,,,,yf_premarket,0.09576940026441248,,,0.4,0.5,blocked,,,,,new,10:27:11,2026-06-17 10:27:11
ARES,134.98,,,0.7824,,2050631,3,,5.1969,,,,yf_premarket,0.07836224510235967,,,0.6,0.5,blocked,,,,,new,10:27:11,2026-06-17 10:27:11
ARGX,878.49,,,0.6334,,383406,1,,27.6089,,,,yf_premarket,0.0634389647850647,,,0.2,0.5,blocked,,,,,new,10:27:11,2026-06-17 10:27:11
ARHS,7.16,,,1.3683,,1280291,4,,0.37,,,,yf_premarket,0.13704378830976321,,,0.8,0.5,blocked,,,,,new,10:27:11,2026-06-17 10:27:11
ARLO,13.38,,,0.728,,950212,3,,0.5322,,,,yf_premarket,0.0729137454428909,,,0.6,0.5,blocked,,,,,new,10:27:11,2026-06-17 10:27:11
ARMK,54.37,,,0.78,,2177710,1,,0.9578,,,,yf_premarket,0.07812187011738311,,,0.2,0.5,blocked,,,,,new,10:27:11,2026-06-17 10:27:11
ARQT,25.65,,,0.9963,,1513357,3,,1.1907,,,,yf_premarket,0.09978566563839589,,,0.6,0.5,blocked,,,,,new,10:27:11,2026-06-17 10:27:11
ARTL,1.31,,,0.3941,,297264,2,,0.0866,,,,yf_premarket,0.03947157565802652,,,0.4,0.5,blocked,,,,,new,10:27:11,2026-06-17 10:27:11
ARVN,7.36,,,0.6718,,761282,2,,0.4067,,,,yf_premarket,0.0672849645446897,,,0.4,0.5,blocked,,,,,new,10:27:11,2026-06-17 10:27:11
ASAN,7.36,,,0.7518,,5080182,2,,0.5238,,,,yf_premarket,0.0752974640439085,,,0.4,0.5,blocked,,,,,new,10:27:11,2026-06-17 10:27:11
ASC,16.78,,,0.7275,,534658,1,,0.5933,,,,yf_premarket,0.07286366732102079,,,0.2,0.5,blocked,,,,,new,10:27:11,2026-06-17 10:27:11
ASND,231.2,,,1.3403,,602363,3,,8.3708,,,,yf_premarket,0.13423941348503665,,,0.6,0.5,blocked,,,,,new,10:27:11,2026-06-17 10:27:11
ASO,49.3,,,0.6023,,2003308,1,,2.6624,,,,yf_premarket,0.06032410560474339,,,0.2,0.5,blocked,,,,,new,10:27:11,2026-06-17 10:27:11
ASPN,5.87,,,1.4166,,1269478,3,,0.4093,,,,yf_premarket,0.14188133488241655,,,0.6,0.5,blocked,,,,,new,10:27:11,2026-06-17 10:27:11
ASST,15.8952,,,0.7007,,5174768,4,,1.1432,,,,yf_premarket,0.07017947998878249,,,0.8,0.5,blocked,,,,,new,10:27:11,2026-06-17 10:27:11
ASTI,6.6288,,,0.4925,,2852356,2,,1.7467,,,,yf_premarket,0.049326950042065616,,,0.4,0.5,blocked,,,,,new,10:27:11,2026-06-17 10:27:11
ATAI,4.1211,,,1.7987,,5540291,2,,0.3188,,,,yf_premarket,0.18015103561556026,,,0.4,0.5,blocked,,,,,new,10:27:11,2026-06-17 10:27:11
ATAT,32.8,,,1.1185,,838732,2,,1.1438,,,,yf_premarket,0.11202475862345258,,,0.4,0.5,blocked,,,,,new,10:27:11,2026-06-17 10:27:11
ATEN,32.62,,,0.6046,,1084142,3,,1.5589,,,,yf_premarket,0.06055446496534594,,,0.6,0.5,blocked,,,,,new,10:27:11,2026-06-17 10:27:11
ATEX,77.26,,,0.8194,,623029,4,,6.7199,,,,yf_premarket,0.08206802612074836,,,0.8,0.5,blocked,,,,,new,10:27:11,2026-06-17 10:27:11
ATHM,18.17,,,0.9418,,830652,3,,0.8833,,,,yf_premarket,0.0943271503545531,,,0.6,0.5,blocked,,,,,new,10:27:11,2026-06-17 10:27:11
ATKR,78.48,,,0.5848,,352451,2,,3.1147,,,,yf_premarket,0.05857137133928929,,,0.4,0.5,blocked,,,,,new,10:27:11,2026-06-17 10:27:11
ATLX,4.0081,,,0.7554,,763550,3,,0.3158,,,,yf_premarket,0.07565802652137334,,,0.6,0.5,blocked,,,,,new,10:27:11,2026-06-17 10:27:11
ATMU,51.9,,,0.5957,,835040,3,,1.6439,,,,yf_premarket,0.05966307439605784,,,0.6,0.5,blocked,,,,,new,10:27:11,2026-06-17 10:27:11
ATOM,9.16,,,0.642,,1234938,3,,1.0639,,,,yf_premarket,0.06430030848123072,,,0.6,0.5,blocked,,,,,new,10:27:11,2026-06-17 10:27:11
ATOS,2.23,,,0.9843,,314362,0,,0.2389,,,,yf_premarket,0.09858379071351307,,,0.0,0.5,blocked,,,,,new,10:27:11,2026-06-17 10:27:11
AUPH,16.22,,,1.0853,,1243212,2,,0.5792,,,,yf_premarket,0.10869957133127678,,,0.4,0.5,blocked,,,,,new,10:27:11,2026-06-17 10:27:11
AURA,6.45,,,0.8837,,550939,3,,0.3333,,,,yf_premarket,0.08850807259324546,,,0.6,0.5,blocked,,,,,new,10:27:11,2026-06-17 10:27:11
AUTL,1.4712,,,0.6766,,1288390,2,,0.1317,,,,yf_premarket,0.06776571451464283,,,0.4,0.5,blocked,,,,,new,10:27:11,2026-06-17 10:27:11
AUUD,1.38,,,0.0949,,2302903,2,,0.1597,,,,yf_premarket,0.009504827530948279,,,0.4,0.5,blocked,,,,,new,10:27:11,2026-06-17 10:27:11
AVAH,7.52,,,0.8643,,1726070,4,,0.3278,,,,yf_premarket,0.0865650414646849,,,0.8,0.5,blocked,,,,,new,10:27:11,2026-06-17 10:27:11
AVAL,5.59,,,0.5755,,278570,3,,0.2387,,,,yf_premarket,0.05763991827250511,,,0.6,0.5,blocked,,,,,new,10:27:11,2026-06-17 10:27:11
AVIR,4.26,,,1.2346,,232517,2,,0.1694,,,,yf_premarket,0.12365289852169382,,,0.4,0.5,blocked,,,,,new,10:27:11,2026-06-17 10:27:11
AVNS,24.96,,,0.6438,,959949,0,,0.0911,,,,yf_premarket,0.06448058971996314,,,0.0,0.5,blocked,,,,,new,10:27:11,2026-06-17 10:27:11
AVO,11.58,,,0.7136,,2238682,2,,0.59,,,,yf_premarket,0.07147149553303152,,,0.4,0.5,blocked,,,,,new,10:27:11,2026-06-17 10:27:11
AVTR,9.57,,,0.4652,,9221646,2,,0.4661,,,,yf_premarket,0.04659268458795721,,,0.4,0.5,blocked,,,,,new,10:27:11,2026-06-17 10:27:11
AVXL,2.54,,,0.9801,,970182,1,,0.1672,,,,yf_premarket,0.09816313448980409,,,0.2,0.5,blocked,,,,,new,10:27:11,2026-06-17 10:27:11
AXSM,253.0,,,0.8407,,712479,3,,9.2684,,,,yf_premarket,0.08420135411241536,,,0.6,0.5,blocked,,,,,new,10:27:11,2026-06-17 10:27:11
AXTA,33.86,,,0.5434,,2964720,3,,1.03,,,,yf_premarket,0.05442490284844357,,,0.6,0.5,blocked,,,,,new,10:27:11,2026-06-17 10:27:11
AZ,5.75,,,0.7715,,298554,2,,0.4717,,,,yf_premarket,0.07727054204559111,,,0.4,0.5,blocked,,,,,new,10:27:11,2026-06-17 10:27:11
AZTR,0.3055,,,2.2149,,379647,1,,0.0173,,,,yf_premarket,0.22183606426024596,,,0.2,0.5,blocked,,,,,new,10:27:11,2026-06-17 10:27:11
BABA,109.72,,,1.2236,,10904052,1,,2.8022,,,,yf_premarket,0.12255117984055125,,,0.2,0.5,blocked,,,,,new,10:27:11,2026-06-17 10:27:11
BAK,3.39,,,1.939,,3432288,3,,0.2226,,,,yf_premarket,0.1942029566123152,,,0.6,0.5,blocked,,,,,new,10:27:11,2026-06-17 10:27:11
BAM,49.45,,,0.6855,,2737309,3,,1.25,,,,yf_premarket,0.06865710508393093,,,0.6,0.5,blocked,,,,,new,10:27:11,2026-06-17 10:27:11
BAND,51.78,,,3.0304,,1732811,2,,6.9366,,,,yf_premarket,0.30351348103040743,,,0.4,0.5,blocked,,,,,new,10:27:11,2026-06-17 10:27:11
BANL,0.39,,,1.7046,,337233,2,,0.035,,,,yf_premarket,0.17072633307960416,,,0.4,0.5,blocked,,,,,new,10:27:11,2026-06-17 10:27:11
BAOS,2.66,,,0.0224,,399934,2,,0.4682,,,,yf_premarket,0.0022434998597812587,,,0.4,0.5,blocked,,,,,new,10:27:11,2026-06-17 10:27:11
BATL,1.2302,,,0.1066,,35372604,1,,0.3461,,,,yf_premarket,0.010676655582709025,,,0.2,0.5,blocked,,,,,new,10:27:11,2026-06-17 10:27:11
BATRK,51.54,,,0.8141,,432869,3,,1.1198,,,,yf_premarket,0.08153719802892512,,,0.6,0.5,blocked,,,,,new,10:27:11,2026-06-17 10:27:11
BBCP,10.55,,,0.4297,,949605,1,,0.7672,,,,yf_premarket,0.043037137935178875,,,0.2,0.5,blocked,,,,,new,10:27:11,2026-06-17 10:27:11
BBIO,66.4,,,0.9571,,2232173,2,,2.4794,,,,yf_premarket,0.09585954088377868,,,0.4,0.5,blocked,,,,,new,10:27:11,2026-06-17 10:27:11
BCAT,15.6235,,,0.8364,,796126,2,,0.261,,,,yf_premarket,0.08377068226433236,,,0.4,0.5,blocked,,,,,new,10:27:11,2026-06-17 10:27:11
BCC,71.56,,,0.6891,,351050,3,,2.0774,,,,yf_premarket,0.06901766756139578,,,0.6,0.5,blocked,,,,,new,10:27:11,2026-06-17 10:27:11
BCYC,4.0,,,1.2392,,761984,2,,0.1926,,,,yf_premarket,0.12411361724289892,,,0.4,0.5,blocked,,,,,new,10:27:11,2026-06-17 10:27:11
BDTX,1.72,,,1.2648,,1471279,0,,0.1374,,,,yf_premarket,0.1266776170826489,,,0.0,0.5,blocked,,,,,new,10:27:11,2026-06-17 10:27:11
BE,287.41,,,0.9042,,10240054,3,,22.9414,,,,yf_premarket,0.09056127558992026,,,0.6,0.5,blocked,,,,,new,10:27:11,2026-06-17 10:27:11
BEAM,31.17,,,0.5931,,1993311,1,,2.235,,,,yf_premarket,0.05940266816233323,,,0.2,0.5,blocked,,,,,new,10:27:11,2026-06-17 10:27:11
BEKE,15.75,,,0.7071,,4704007,3,,0.3472,,,,yf_premarket,0.07082047994872,,,0.6,0.5,blocked,,,,,new,10:27:11,2026-06-17 10:27:11
BEPC,36.4,,,0.7133,,1521033,2,,1.2661,,,,yf_premarket,0.07144144865990945,,,0.4,0.5,blocked,,,,,new,10:27:11,2026-06-17 10:27:11
BFAM,65.47,,,0.6443,,1006577,2,,2.6856,,,,yf_premarket,0.06453066784183326,,,0.4,0.5,blocked,,,,,new,10:27:11,2026-06-17 10:27:11
BFRG,0.6904,,,0.7897,,266211,2,,0.0673,,,,yf_premarket,0.07909338568166338,,,0.4,0.5,blocked,,,,,new,10:27:11,2026-06-17 10:27:11
BFRI,0.985,,,1.4558,,206843,2,,0.0766,,,,yf_premarket,0.14580745963703376,,,0.4,0.5,blocked,,,,,new,10:27:11,2026-06-17 10:27:11
BFST,28.8,,,0.9685,,206554,3,,0.5094,,,,yf_premarket,0.09700132206241736,,,0.6,0.5,blocked,,,,,new,10:27:11,2026-06-17 10:27:11
BGLC,2.51,,,0.0305,,523367,3,,0.3639,,,,yf_premarket,0.00305476543407716,,,0.6,0.5,blocked,,,,,new,10:27:11,2026-06-17 10:27:11
BHF,63.93,,,0.6852,,455855,2,,0.5644,,,,yf_premarket,0.06862705821080886,,,0.4,0.5,blocked,,,,,new,10:27:11,2026-06-17 10:27:11
BHR,2.0689,,,1.8155,,613953,1,,0.16,,,,yf_premarket,0.1818336605103962,,,0.2,0.5,blocked,,,,,new,10:27:11,2026-06-17 10:27:11
BILI,17.4,,,0.7909,,2602912,2,,0.5932,,,,yf_premarket,0.07921357317415167,,,0.4,0.5,blocked,,,,,new,10:27:11,2026-06-17 10:27:11
BILL,33.7,,,0.7362,,2932497,2,,1.725,,,,yf_premarket,0.07373502664156083,,,0.4,0.5,blocked,,,,,new,10:27:11,2026-06-17 10:27:11
BIPC,40.63,,,0.8182,,915209,2,,1.0189,,,,yf_premarket,0.08194783862826008,,,0.4,0.5,blocked,,,,,new,10:27:11,2026-06-17 10:27:11
BIRD,3.9768,,,1.2316,,260002,2,,0.3318,,,,yf_premarket,0.12335242979047313,,,0.4,0.5,blocked,,,,,new,10:27:11,2026-06-17 10:27:11
BJ,89.2,,,0.625,,1950303,2,,2.6623,,,,yf_premarket,0.06259765233764672,,,0.4,0.5,blocked,,,,,new,10:27:11,2026-06-17 10:27:11
BJDX,4.5,,,0.1837,,488635,2,,0.8178,,,,yf_premarket,0.018398701975081127,,,0.4,0.5,blocked,,,,,new,10:27:11,2026-06-17 10:27:11
BL,28.1,,,0.6648,,1207891,2,,1.5756,,,,yf_premarket,0.06658387083850806,,,0.4,0.5,blocked,,,,,new,10:27:11,2026-06-17 10:27:11
BLBD,73.21,,,0.9264,,330300,3,,2.4311,,,,yf_premarket,0.09278474420095348,,,0.6,0.5,blocked,,,,,new,10:27:11,2026-06-17 10:27:11
BLCO,14.99,,,0.8039,,446189,1,,0.3989,,,,yf_premarket,0.08051560434277472,,,0.2,0.5,blocked,,,,,new,10:27:11,2026-06-17 10:27:11
BLD,416.01,,,0.4961,,923689,3,,9.8247,,,,yf_premarket,0.04968751251953046,,,0.6,0.5,blocked,,,,,new,10:27:11,2026-06-17 10:27:11
BLMN,7.58,,,0.8238,,2091954,2,,0.4733,,,,yf_premarket,0.08250871359320539,,,0.4,0.5,blocked,,,,,new,10:27:11,2026-06-17 10:27:11
BLND,1.78,,,0.8313,,2681539,1,,0.1156,,,,yf_premarket,0.08325988542125716,,,0.2,0.5,blocked,,,,,new,10:27:11,2026-06-17 10:27:11
BLTE,138.8279,,,1.3962,,214288,3,,6.4572,,,,yf_premarket,0.13983814751011578,,,0.6,0.5,blocked,,,,,new,10:27:11,2026-06-17 10:27:11
BLZE,8.45,,,0.9147,,1330571,4,,0.5756,,,,yf_premarket,0.09161291614919273,,,0.8,0.5,blocked,,,,,new,10:27:11,2026-06-17 10:27:11
BMBL,3.12,,,0.8858,,2745982,2,,0.1571,,,,yf_premarket,0.08871840070509995,,,0.4,0.5,blocked,,,,,new,10:27:11,2026-06-17 10:27:11
BMEA,1.17,,,0.7162,,1117022,3,,0.1016,,,,yf_premarket,0.07173190176675613,,,0.6,0.5,blocked,,,,,new,10:27:11,2026-06-17 10:27:11
BNED,11.4375,,,0.6734,,343896,3,,0.6033,,,,yf_premarket,0.06744521453467409,,,0.6,0.5,blocked,,,,,new,10:27:11,2026-06-17 10:27:11
BNL,20.94,,,0.6776,,1587651,2,,0.39,,,,yf_premarket,0.06786587075838307,,,0.4,0.5,blocked,,,,,new,10:27:11,2026-06-17 10:27:11
BNRG,1.1932,,,0.0895,,2592141,3,,0.3156,,,,yf_premarket,0.00896398381475101,,,0.6,0.5,blocked,,,,,new,10:27:11,2026-06-17 10:27:11
BNTX,90.05,,,0.6755,,1170823,3,,2.1788,,,,yf_premarket,0.06765554264652858,,,0.6,0.5,blocked,,,,,new,10:27:11,2026-06-17 10:27:11
BOOT,162.49,,,0.8135,,612799,1,,8.7456,,,,yf_premarket,0.08147710428268097,,,0.2,0.5,blocked,,,,,new,10:27:11,2026-06-17 10:27:11
BORR,4.4283,,,0.7359,,8237248,2,,0.2244,,,,yf_premarket,0.07370497976843876,,,0.4,0.5,blocked,,,,,new,10:27:11,2026-06-17 10:27:11
BOX,25.68,,,0.6869,,1728967,1,,0.7538,,,,yf_premarket,0.06879732382516725,,,0.2,0.5,blocked,,,,,new,10:27:11,2026-06-17 10:27:11
BRBR,8.7,,,0.8444,,4837634,3,,0.5494,,,,yf_premarket,0.08457193221425423,,,0.6,0.5,blocked,,,,,new,10:27:11,2026-06-17 10:27:11
BRBS,3.21,,,2.1728,,252403,0,,0.0489,,,,yf_premarket,0.2176194863987821,,,0.0,0.5,blocked,,,,,new,10:27:11,2026-06-17 10:27:11
BROS,66.11,,,0.5801,,3770291,4,,3.1544,,,,yf_premarket,0.05810063699371018,,,0.8,0.5,blocked,,,,,new,10:27:11,2026-06-17 10:27:11
BRSP,5.71,,,0.9179,,926488,2,,0.0933,,,,yf_premarket,0.09193341612916149,,,0.4,0.5,blocked,,,,,new,10:27:11,2026-06-17 10:27:11
BRTX,0.3534,,,0.6446,,1183983,1,,0.0475,,,,yf_premarket,0.06456071471495532,,,0.2,0.5,blocked,,,,,new,10:27:11,2026-06-17 10:27:11
BRX,32.01,,,0.7739,,2232259,3,,0.5933,,,,yf_premarket,0.07751091703056769,,,0.6,0.5,blocked,,,,,new,10:27:11,2026-06-17 10:27:11
BRZE,21.43,,,0.7144,,2378143,1,,1.2409,,,,yf_premarket,0.07155162052802372,,,0.2,0.5,blocked,,,,,new,10:27:11,2026-06-17 10:27:11
BSFC,0.001,,,0.7554,,230220,0,0.0,0.0,,,,yf_premarket,0.07565802652137334,0.0,,0.0,0.5,blocked,,,,,new,10:27:11,2026-06-17 10:27:11
BSY,30.0,,,1.0892,,3070468,1,,1.3044,,,,yf_premarket,0.1090901806818637,,,0.2,0.5,blocked,,,,,new,10:27:11,2026-06-17 10:27:11
BTAI,1.2024,,,1.3516,,679112,4,,0.0788,,,,yf_premarket,0.1353711790393013,,,0.8,0.5,blocked,,,,,new,10:27:11,2026-06-17 10:27:11
BTBT,2.03,,,1.9069,,26033802,3,,0.1489,,,,yf_premarket,0.19098794118825366,,,0.6,0.5,blocked,,,,,new,10:27:11,2026-06-17 10:27:11
BTU,25.14,,,0.5424,,3512465,2,,1.6014,,,,yf_premarket,0.05432474660470333,,,0.4,0.5,blocked,,,,,new,10:27:11,2026-06-17 10:27:11
BUR,4.41,,,0.7357,,1948755,3,,0.1944,,,,yf_premarket,0.07368494851969071,,,0.6,0.5,blocked,,,,,new,10:27:11,2026-06-17 10:27:11
BURL,334.0,,,0.4721,,741703,2,,10.7889,,,,yf_premarket,0.047283762669764834,,,0.4,0.5,blocked,,,,,new,10:27:11,2026-06-17 10:27:11
BVS,9.12,,,0.5792,,632876,1,,0.3798,,,,yf_premarket,0.058010496374343974,,,0.2,0.5,blocked,,,,,new,10:27:11,2026-06-17 10:27:11
BW,16.75,,,1.0126,,2407159,3,,1.4831,,,,yf_premarket,0.10141821241136172,,,0.6,0.5,blocked,,,,,new,10:27:11,2026-06-17 10:27:11
BWLP,19.2,,,1.218,,513086,2,,0.6373,,,,yf_premarket,0.12199030487560593,,,0.4,0.5,blocked,,,,,new,10:27:11,2026-06-17 10:27:11
BXSL,23.8352,,,0.8571,,1544167,0,,0.4261,,,,yf_premarket,0.0858439165097552,,,0.0,0.5,blocked,,,,,new,10:27:11,2026-06-17 10:27:11
BY,35.21,,,0.9579,,336139,3,,0.6103,,,,yf_premarket,0.09593966587877087,,,0.6,0.5,blocked,,,,,new,10:27:11,2026-06-17 10:27:11
BZ,13.02,,,0.9854,,3644026,2,,0.5583,,,,yf_premarket,0.09869396258162734,,,0.4,0.5,blocked,,,,,new,10:27:11,2026-06-17 10:27:11
BZUN,2.73,,,0.5927,,261222,2,,0.1038,,,,yf_premarket,0.05936260566483714,,,0.4,0.5,blocked,,,,,new,10:27:11,2026-06-17 10:27:11
CABA,2.82,,,1.5918,,3862093,0,,0.2643,,,,yf_premarket,0.1594287087857057,,,0.0,0.5,blocked,,,,,new,10:27:11,2026-06-17 10:27:11
CABO,47.33,,,0.8839,,218711,2,,4.0078,,,,yf_premarket,0.0885281038419935,,,0.4,0.5,blocked,,,,,new,10:27:11,2026-06-17 10:27:11
CADL,7.99,,,1.0336,,1849994,1,,0.6706,,,,yf_premarket,0.10352149352990665,,,0.2,0.5,blocked,,,,,new,10:27:11,2026-06-17 10:27:11
CAN,0.354,,,0.8295,,10585084,2,,0.027,,,,yf_premarket,0.08307960418252473,,,0.4,0.5,blocked,,,,,new,10:27:11,2026-06-17 10:27:11
CANG,0.31,,,0.3825,,849825,1,,0.0411,,,,yf_premarket,0.038309763230639796,,,0.2,0.5,blocked,,,,,new,10:27:11,2026-06-17 10:27:11
CARG,28.191,,,1.5818,,1333234,1,,1.1066,,,,yf_premarket,0.15842714634830335,,,0.2,0.5,blocked,,,,,new,10:27:11,2026-06-17 10:27:11
CARR,72.3529,,,0.6868,,6173630,3,,2.275,,,,yf_premarket,0.06878730820079323,,,0.6,0.5,blocked,,,,,new,10:27:11,2026-06-17 10:27:11
CARS,10.2,,,1.1865,,725878,1,,0.3392,,,,yf_premarket,0.11883538319778855,,,0.2,0.5,blocked,,,,,new,10:27:11,2026-06-17 10:27:11
CAVA,87.31,,,0.9069,,3175507,3,,3.9687,,,,yf_premarket,0.0908316974480189,,,0.6,0.5,blocked,,,,,new,10:27:11,2026-06-17 10:27:11
CBL,48.14,,,0.7439,,225353,2,,1.4004,,,,yf_premarket,0.07450622971836064,,,0.4,0.5,blocked,,,,,new,10:27:11,2026-06-17 10:27:11
CC,22.06,,,0.9825,,1999739,4,,0.9111,,,,yf_premarket,0.09840350947478066,,,0.8,0.5,blocked,,,,,new,10:27:11,2026-06-17 10:27:11
CCAP,11.38,,,1.1972,,222337,2,,0.2974,,,,yf_premarket,0.11990705500580906,,,0.4,0.5,blocked,,,,,new,10:27:11,2026-06-17 10:27:11
CCC,4.73,,,0.9499,,9337840,1,,0.229,,,,yf_premarket,0.09513841592884899,,,0.2,0.5,blocked,,,,,new,10:27:11,2026-06-17 10:27:11
CCCC,3.939,,,0.7805,,1972020,2,,0.375,,,,yf_premarket,0.07817194823925322,,,0.4,0.5,blocked,,,,,new,10:27:11,2026-06-17 10:27:11
CCS,61.12,,,0.7126,,374442,2,,2.0811,,,,yf_premarket,0.07137133928929129,,,0.4,0.5,blocked,,,,,new,10:27:11,2026-06-17 10:27:11
CDNA,23.25,,,1.1467,,818029,3,,1.184,,,,yf_premarket,0.1148491646969272,,,0.6,0.5,blocked,,,,,new,10:27:11,2026-06-17 10:27:11
CDRE,28.94,,,1.9099,,345952,1,,1.4883,,,,yf_premarket,0.19128840991947435,,,0.2,0.5,blocked,,,,,new,10:27:11,2026-06-17 10:27:11
CDT,0.71,,,0.3307,,212580,1,,0.0844,,,,yf_premarket,0.033121669804895636,,,0.2,0.5,blocked,,,,,new,10:27:11,2026-06-17 10:27:11
CDW,130.02,,,0.6869,,1940438,1,,5.0911,,,,yf_premarket,0.06879732382516725,,,0.2,0.5,blocked,,,,,new,10:27:11,2026-06-17 10:27:11
CEG,269.42,,,0.9639,,3935823,3,,8.1769,,,,yf_premarket,0.09654060334121228,,,0.6,0.5,blocked,,,,,new,10:27:11,2026-06-17 10:27:11
CELC,87.9133,,,0.4147,,2089535,1,,6.664,,,,yf_premarket,0.04153479427907535,,,0.2,0.5,blocked,,,,,new,10:27:11,2026-06-17 10:27:11
CEPU,15.2,,,1.2065,,326023,2,,0.6204,,,,yf_premarket,0.12083850807259322,,,0.4,0.5,blocked,,,,,new,10:27:11,2026-06-17 10:27:11
CERT,6.15,,,1.5535,,4563419,2,,0.2958,,,,yf_premarket,0.1555927246504547,,,0.4,0.5,blocked,,,,,new,10:27:11,2026-06-17 10:27:11
CFG,67.69,,,1.0187,,4386198,2,,1.4578,,,,yf_premarket,0.10202916549817714,,,0.4,0.5,blocked,,,,,new,10:27:11,2026-06-17 10:27:11
CG,47.4,,,0.653,,3443722,3,,1.5689,,,,yf_premarket,0.0654020271623733,,,0.6,0.5,blocked,,,,,new,10:27:11,2026-06-17 10:27:11
CGBD,11.14,,,0.8189,,491150,2,,0.2281,,,,yf_premarket,0.08201794799887824,,,0.4,0.5,blocked,,,,,new,10:27:11,2026-06-17 10:27:11
CGC,0.96,,,1.1194,,8205469,0,,0.0578,,,,yf_premarket,0.11211489924281878,,,0.0,0.5,blocked,,,,,new,10:27:11,2026-06-17 10:27:11
CGEM,13.55,,,0.7949,,1325955,2,,1.2951,,,,yf_premarket,0.07961419814911261,,,0.4,0.5,blocked,,,,,new,10:27:11,2026-06-17 10:27:11
CGNT,8.8,,,0.5759,,1087582,1,,0.4048,,,,yf_premarket,0.057679980770001194,,,0.2,0.5,blocked,,,,,new,10:27:11,2026-06-17 10:27:11
CGTX,1.26,,,1.055,,1019043,2,,0.1168,,,,yf_premarket,0.10566483714594767,,,0.4,0.5,blocked,,,,,new,10:27:11,2026-06-17 10:27:11
CHGG,1.1697,,,1.2352,,1211198,1,,0.0844,,,,yf_premarket,0.12371299226793799,,,0.2,0.5,blocked,,,,,new,10:27:11,2026-06-17 10:27:11
CHMI,2.4,,,0.5737,,202868,2,,0.0611,,,,yf_premarket,0.05745963703377268,,,0.4,0.5,blocked,,,,,new,10:27:11,2026-06-17 10:27:11
CHRS,1.4,,,1.4154,,787165,1,,0.0882,,,,yf_premarket,0.1417611473899283,,,0.2,0.5,blocked,,,,,new,10:27:11,2026-06-17 10:27:11
CHSN,1.2079,,,0.0967,,2188223,1,,0.2958,,,,yf_premarket,0.0096851087696807,,,0.2,0.5,blocked,,,,,new,10:27:11,2026-06-17 10:27:11
CIIT,0.6852,,,0.6851,,13375503,2,,0.7178,,,,yf_premarket,0.06861704258643483,,,0.4,0.5,blocked,,,,,new,10:27:11,2026-06-17 10:27:11
CING,4.7,,,1.4344,,439946,3,,0.4526,,,,yf_premarket,0.14366411602099272,,,0.6,0.5,blocked,,,,,new,10:27:11,2026-06-17 10:27:11
CION,6.96,,,1.117,,485173,3,,0.2101,,,,yf_premarket,0.11187452425784222,,,0.6,0.5,blocked,,,,,new,10:27:11,2026-06-17 10:27:11
CISO,0.276,,,0.9994,,307090,1,,0.043,,,,yf_premarket,0.10009614999399061,,,0.2,0.5,blocked,,,,,new,10:27:11,2026-06-17 10:27:11
CISS,2.2,,,0.3309,,921616,2,,0.2809,,,,yf_premarket,0.03314170105364368,,,0.4,0.5,blocked,,,,,new,10:27:11,2026-06-17 10:27:11
CLBK,20.65,,,0.8378,,364802,0,,0.4328,,,,yf_premarket,0.08391090100556868,,,0.0,0.5,blocked,,,,,new,10:27:11,2026-06-17 10:27:11
CLPT,13.38,,,0.4871,,488916,3,,1.1067,,,,yf_premarket,0.04878610632586835,,,0.6,0.5,blocked,,,,,new,10:27:11,2026-06-17 10:27:11
CLSK,17.31,,,0.7835,,22372413,3,,1.3273,,,,yf_premarket,0.07847241697047393,,,0.6,0.5,blocked,,,,,new,10:27:11,2026-06-17 10:27:11
CMCL,21.01,,,0.614,,244843,3,,0.9089,,,,yf_premarket,0.06149593365650414,,,0.6,0.5,blocked,,,,,new,10:27:11,2026-06-17 10:27:11
CMND,3.16,,,0.3682,,4564760,2,,0.4988,,,,yf_premarket,0.03687752894515444,,,0.4,0.5,blocked,,,,,new,10:27:11,2026-06-17 10:27:11
CMPS,11.5319,,,0.6718,,3013055,2,,0.9736,,,,yf_premarket,0.0672849645446897,,,0.4,0.5,blocked,,,,,new,10:27:11,2026-06-17 10:27:11
CMPX,1.9888,,,0.8443,,2954957,3,,0.105,,,,yf_premarket,0.08456191658988021,,,0.6,0.5,blocked,,,,,new,10:27:11,2026-06-17 10:27:11
CMTG,2.8,,,2.7429,,594753,3,,0.1283,,,,yf_premarket,0.27471856095508995,,,0.6,0.5,blocked,,,,,new,10:27:11,2026-06-17 10:27:11
CNDT,1.44,,,0.5511,,1097311,2,,0.1156,,,,yf_premarket,0.05519610592524338,,,0.4,0.5,blocked,,,,,new,10:27:11,2026-06-17 10:27:11
CNM,47.0,,,1.0278,,3121877,1,,2.1181,,,,yf_premarket,0.10294058731621329,,,0.2,0.5,blocked,,,,,new,10:27:11,2026-06-17 10:27:11
CNNE,14.11,,,0.6382,,373177,2,,0.4947,,,,yf_premarket,0.06391971475501781,,,0.4,0.5,blocked,,,,,new,10:27:11,2026-06-17 10:27:11
CNTA,39.75,,,1.3451,,1497273,2,,0.1622,,,,yf_premarket,0.13472016345498977,,,0.4,0.5,blocked,,,,,new,10:27:11,2026-06-17 10:27:11
CNTB,2.0713,,,0.8802,,290827,2,,0.188,,,,yf_premarket,0.08815752574015463,,,0.4,0.5,blocked,,,,,new,10:27:11,2026-06-17 10:27:11
CNTX,0.6401,,,1.8927,,3200550,0,,0.2571,,,,yf_premarket,0.18956572252714232,,,0.0,0.5,blocked,,,,,new,10:27:11,2026-06-17 10:27:11
CNXC,26.62,,,0.7913,,1007378,1,,1.5919,,,,yf_premarket,0.07925363567164777,,,0.2,0.5,blocked,,,,,new,10:27:11,2026-06-17 10:27:11
COCO,84.9796,,,1.054,,1032893,3,,3.771,,,,yf_premarket,0.10556468090220744,,,0.6,0.5,blocked,,,,,new,10:27:11,2026-06-17 10:27:11
CODA,9.6,,,1.7979,,286328,1,,1.0405,,,,yf_premarket,0.18007091062056807,,,0.2,0.5,blocked,,,,,new,10:27:11,2026-06-17 10:27:11
CODX,3.74,,,0.5405,,646396,1,,1.0276,,,,yf_premarket,0.05413444974159688,,,0.2,0.5,blocked,,,,,new,10:27:11,2026-06-17 10:27:11
COIN,168.19,,,0.7114,,8751362,2,,9.3133,,,,yf_premarket,0.07125115179680301,,,0.4,0.5,blocked,,,,,new,10:27:11,2026-06-17 10:27:11
COLD,14.4,,,0.4269,,4537583,2,,0.4907,,,,yf_premarket,0.04275670045270622,,,0.4,0.5,blocked,,,,,new,10:27:11,2026-06-17 10:27:11
COLL,34.98,,,0.5047,,353986,2,,1.0807,,,,yf_premarket,0.050548856215696485,,,0.4,0.5,blocked,,,,,new,10:27:11,2026-06-17 10:27:11
COMP,9.43,,,0.9118,,13656942,3,,0.5573,,,,yf_premarket,0.09132246304234606,,,0.6,0.5,blocked,,,,,new,10:27:11,2026-06-17 10:27:11
COUR,5.39,,,0.9648,,6147191,1,,0.2476,,,,yf_premarket,0.0966307439605785,,,0.2,0.5,blocked,,,,,new,10:27:11,2026-06-17 10:27:11
CPNG,18.0505,,,0.6722,,34551956,2,,0.916,,,,yf_premarket,0.0673250270421858,,,0.4,0.5,blocked,,,,,new,10:27:11,2026-06-17 10:27:11
CPOP,0.1593,,,0.2946,,69388436,1,,0.4881,,,,yf_premarket,0.029506029405873158,,,0.2,0.5,blocked,,,,,new,10:27:11,2026-06-17 10:27:11
CR,207.44,,,0.6599,,520047,2,,5.8333,,,,yf_premarket,0.06609310524418092,,,0.4,0.5,blocked,,,,,new,10:27:11,2026-06-17 10:27:11
CRBG,29.77,,,0.675,,5668033,3,,0.8009,,,,yf_premarket,0.06760546452465846,,,0.6,0.5,blocked,,,,,new,10:27:11,2026-06-17 10:27:11
CRBP,8.14,,,1.1426,,421489,3,,0.4338,,,,yf_premarket,0.11443852409759224,,,0.6,0.5,blocked,,,,,new,10:27:11,2026-06-17 10:27:11
CRBU,1.67,,,1.1193,,1860869,1,,0.1612,,,,yf_premarket,0.11210488361844476,,,0.2,0.5,blocked,,,,,new,10:27:11,2026-06-17 10:27:11
CRC,56.25,,,0.7226,,646053,2,,2.1128,,,,yf_premarket,0.07237290172669364,,,0.4,0.5,blocked,,,,,new,10:27:11,2026-06-17 10:27:11
CRCT,4.51,,,0.7684,,427468,4,,0.1317,,,,yf_premarket,0.07696005768999639,,,0.8,0.5,blocked,,,,,new,10:27:11,2026-06-17 10:27:11
CRDO,242.32,,,0.684,,10887672,3,,29.0637,,,,yf_premarket,0.06850687071832058,,,0.6,0.5,blocked,,,,,new,10:27:11,2026-06-17 10:27:11
CREG,2.13,,,0.2997,,3118319,1,,0.0344,,,,yf_premarket,0.03001682624894836,,,0.2,0.5,blocked,,,,,new,10:27:11,2026-06-17 10:27:11
CRNC,10.2191,,,0.7829,,980883,3,,1.0396,,,,yf_premarket,0.0784123232242298,,,0.6,0.5,blocked,,,,,new,10:27:11,2026-06-17 10:27:11
CRNX,35.1,,,0.6633,,970640,2,,1.5741,,,,yf_premarket,0.06643363647289771,,,0.4,0.5,blocked,,,,,new,10:27:11,2026-06-17 10:27:11
CRON,2.6215,,,0.7339,,1266568,1,,0.0962,,,,yf_premarket,0.0735046672809583,,,0.2,0.5,blocked,,,,,new,10:27:11,2026-06-17 10:27:11
CRSP,52.12,,,0.669,,1646764,2,,3.0917,,,,yf_premarket,0.06700452706221706,,,0.4,0.5,blocked,,,,,new,10:27:11,2026-06-17 10:27:11
CRSR,8.53,,,0.8155,,2531257,3,,0.6167,,,,yf_premarket,0.08167741677016145,,,0.6,0.5,blocked,,,,,new,10:27:11,2026-06-17 10:27:11
CRTO,16.9357,,,0.6295,,250145,2,,0.7137,,,,yf_premarket,0.06304835543447777,,,0.4,0.5,blocked,,,,,new,10:27:11,2026-06-17 10:27:11
CRVS,11.9915,,,0.9915,,1166431,2,,0.6254,,,,yf_premarket,0.09930491566844277,,,0.4,0.5,blocked,,,,,new,10:27:11,2026-06-17 10:27:11
CRWD,680.0,,,0.5622,,3807171,3,,36.0428,,,,yf_premarket,0.056307840230759985,,,0.6,0.5,blocked,,,,,new,10:27:11,2026-06-17 10:27:11
CSTL,20.37,,,1.318,,275949,0,,0.8689,,,,yf_premarket,0.13200592924962942,,,0.0,0.5,blocked,,,,,new,10:27:11,2026-06-17 10:27:11
CSTM,34.26,,,0.6555,,1762525,2,,1.8156,,,,yf_premarket,0.06565241777172388,,,0.4,0.5,blocked,,,,,new,10:27:11,2026-06-17 10:27:11
CTKB,4.07,,,1.3684,,1459146,0,,0.2093,,,,yf_premarket,0.13705380393413724,,,0.0,0.5,blocked,,,,,new,10:27:11,2026-06-17 10:27:11
CTM,0.7,,,0.8816,,18314398,4,,0.0799,,,,yf_premarket,0.08829774448139097,,,0.8,0.5,blocked,,,,,new,10:27:11,2026-06-17 10:27:11
CTMX,3.0,,,2.7626,,3827504,3,,0.1518,,,,yf_premarket,0.2766916389567725,,,0.6,0.5,blocked,,,,,new,10:27:11,2026-06-17 10:27:11
CTRE,37.27,,,0.5749,,3240180,3,,1.2272,,,,yf_premarket,0.05757982452626096,,,0.6,0.5,blocked,,,,,new,10:27:11,2026-06-17 10:27:11
CTSO,0.5017,,,3.6528,,444447,2,,0.0577,,,,yf_premarket,0.36585072713432953,,,0.4,0.5,blocked,,,,,new,10:27:11,2026-06-17 10:27:11
CTVA,76.7,,,0.8158,,3936716,2,,1.6593,,,,yf_premarket,0.08170746364328352,,,0.4,0.5,blocked,,,,,new,10:27:11,2026-06-17 10:27:11
CTXR,0.5401,,,0.68,,292713,1,,0.0416,,,,yf_premarket,0.06810624574335963,,,0.2,0.5,blocked,,,,,new,10:27:11,2026-06-17 10:27:11
CUBI,76.46,,,0.5596,,266854,3,,1.8533,,,,yf_premarket,0.05604743399703537,,,0.6,0.5,blocked,,,,,new,10:27:11,2026-06-17 10:27:11
CURV,1.97,,,0.1669,,1250393,4,,0.2593,,,,yf_premarket,0.01671607708024518,,,0.8,0.5,blocked,,,,,new,10:27:11,2026-06-17 10:27:11
CVNA,70.5,,,0.6644,,9312006,2,,3.8472,,,,yf_premarket,0.06654380834101198,,,0.4,0.5,blocked,,,,,new,10:27:11,2026-06-17 10:27:11
CVRX,4.687,,,0.354,,284885,2,,0.3991,,,,yf_premarket,0.035455310284043105,,,0.4,0.5,blocked,,,,,new,10:27:11,2026-06-17 10:27:11
CVSI,0.02,,,3.2468,,469335,0,,0.0033,,,,yf_premarket,0.32518729217579423,,,0.0,0.5,blocked,,,,,new,10:27:11,2026-06-17 10:27:11
CWAN,24.2416,,,0.8606,,3476974,1,,0.0694,,,,yf_premarket,0.08619446336284603,,,0.2,0.5,blocked,,,,,new,10:27:11,2026-06-17 10:27:11
CWEN,37.5,,,1.0041,,1122519,2,,1.1967,,,,yf_premarket,0.10056688433956971,,,0.4,0.5,blocked,,,,,new,10:27:11,2026-06-17 10:27:11
CWH,7.62,,,0.9122,,2086578,2,,0.5768,,,,yf_premarket,0.09136252553984214,,,0.4,0.5,blocked,,,,,new,10:27:11,2026-06-17 10:27:11
CWK,13.44,,,0.6329,,1770912,1,,0.5533,,,,yf_premarket,0.06338888666319457,,,0.2,0.5,blocked,,,,,new,10:27:11,2026-06-17 10:27:11
CXAI,0.2116,,,0.0968,,77499601,2,,0.0416,,,,yf_premarket,0.009695124394054724,,,0.4,0.5,blocked,,,,,new,10:27:11,2026-06-17 10:27:11
CXDO,6.98,,,0.6495,,870607,3,,0.6721,,,,yf_premarket,0.06505148030928247,,,0.6,0.5,blocked,,,,,new,10:27:11,2026-06-17 10:27:11
CXM,5.37,,,0.7545,,3305194,1,,0.2683,,,,yf_premarket,0.07556788590200712,,,0.2,0.5,blocked,,,,,new,10:27:11,2026-06-17 10:27:11
CYN,1.286,,,0.6781,,223463,1,,0.0783,,,,yf_premarket,0.0679159488802532,,,0.2,0.5,blocked,,,,,new,10:27:11,2026-06-17 10:27:11
DARE,2.06,,,1.7345,,210478,2,,0.1693,,,,yf_premarket,0.17372100476743718,,,0.4,0.5,blocked,,,,,new,10:27:11,2026-06-17 10:27:11
DASH,169.75,,,0.9218,,4697386,2,,8.3283,,,,yf_premarket,0.0923240254797484,,,0.4,0.5,blocked,,,,,new,10:27:11,2026-06-17 10:27:11
DAVA,2.9,,,0.4291,,332894,2,,0.1722,,,,yf_premarket,0.042977044188934735,,,0.4,0.5,blocked,,,,,new,10:27:11,2026-06-17 10:27:11
DBGI,0.7575,,,0.1522,,11003149,1,,0.3131,,,,yf_premarket,0.015243780297263731,,,0.2,0.5,blocked,,,,,new,10:27:11,2026-06-17 10:27:11
DBVT,16.93,,,0.6125,,262412,4,,0.8594,,,,yf_premarket,0.06134569929089379,,,0.8,0.5,blocked,,,,,new,10:27:11,2026-06-17 10:27:11
DBX,27.3,,,0.7976,,3408188,3,,0.7583,,,,yf_premarket,0.07988462000721124,,,0.6,0.5,blocked,,,,,new,10:27:11,2026-06-17 10:27:11
DC,5.21,,,1.0099,,1580241,3,,0.3006,,,,yf_premarket,0.10114779055326309,,,0.6,0.5,blocked,,,,,new,10:27:11,2026-06-17 10:27:11
DCTH,11.75,,,0.6714,,622420,2,,0.6276,,,,yf_premarket,0.06724490204719362,,,0.4,0.5,blocked,,,,,new,10:27:11,2026-06-17 10:27:11
DDL,2.33,,,1.2866,,547211,1,,0.0808,,,,yf_premarket,0.12886102319618603,,,0.2,0.5,blocked,,,,,new,10:27:11,2026-06-17 10:27:11
DDOG,230.1978,,,0.6946,,5686855,3,,12.5584,,,,yf_premarket,0.06956852690196706,,,0.6,0.5,blocked,,,,,new,10:27:11,2026-06-17 10:27:11
DEA,23.86,,,0.7054,,352968,2,,0.4106,,,,yf_premarket,0.0706502143343616,,,0.4,0.5,blocked,,,,,new,10:27:11,2026-06-17 10:27:11
DELL,405.0808,,,0.6742,,9308312,3,,29.3822,,,,yf_premarket,0.06752533952966627,,,0.6,0.5,blocked,,,,,new,10:27:11,2026-06-17 10:27:11
DFH,14.96,,,0.7016,,582613,1,,0.794,,,,yf_premarket,0.0702696206081487,,,0.2,0.5,blocked,,,,,new,10:27:11,2026-06-17 10:27:11
DFIN,40.23,,,0.6053,,402492,3,,1.825,,,,yf_premarket,0.0606245743359641,,,0.6,0.5,blocked,,,,,new,10:27:11,2026-06-17 10:27:11
DH,0.8368,,,0.9357,,233256,1,,0.0723,,,,yf_premarket,0.09371619726773767,,,0.2,0.5,blocked,,,,,new,10:27:11,2026-06-17 10:27:11
DLO,12.8,,,0.9003,,2206221,2,,0.5331,,,,yf_premarket,0.09017066623933336,,,0.4,0.5,blocked,,,,,new,10:27:11,2026-06-17 10:27:11
DLTH,4.14,,,0.8633,,356398,2,,0.4091,,,,yf_premarket,0.08646488522094466,,,0.4,0.5,blocked,,,,,new,10:27:11,2026-06-17 10:27:11
DNLI,21.7,,,0.7686,,1834637,3,,1.1224,,,,yf_premarket,0.07698008893874443,,,0.6,0.5,blocked,,,,,new,10:27:11,2026-06-17 10:27:11
DNOW,12.1,,,0.9169,,2605711,2,,0.4564,,,,yf_premarket,0.09183325988542125,,,0.4,0.5,blocked,,,,,new,10:27:11,2026-06-17 10:27:11
DNUT,3.82,,,0.517,,3290640,3,,0.2614,,,,yf_premarket,0.05178077801370137,,,0.6,0.5,blocked,,,,,new,10:27:11,2026-06-17 10:27:11
DOCN,174.0,,,0.5489,,2763360,3,,15.6791,,,,yf_premarket,0.054975762189014864,,,0.6,0.5,blocked,,,,,new,10:27:11,2026-06-17 10:27:11
DOCS,20.68,,,0.5764,,3035170,2,,0.7761,,,,yf_premarket,0.057730058891871314,,,0.4,0.5,blocked,,,,,new,10:27:11,2026-06-17 10:27:11
DOCU,44.42,,,0.7334,,5099772,2,,2.5806,,,,yf_premarket,0.07345458915908817,,,0.4,0.5,blocked,,,,,new,10:27:11,2026-06-17 10:27:11
DOGZ,1.2656,,,0.0526,,2008813,3,,0.1814,,,,yf_premarket,0.005268218420736348,,,0.6,0.5,blocked,,,,,new,10:27:11,2026-06-17 10:27:11
DOLE,14.08,,,0.5285,,1052125,2,,0.3578,,,,yf_premarket,0.05293257481671407,,,0.4,0.5,blocked,,,,,new,10:27:11,2026-06-17 10:27:11
DOMO,2.0438,,,6.0507,,2538807,2,,0.3711,,,,yf_premarket,0.6060153839990384,,,0.4,0.5,blocked,,,,,new,10:27:11,2026-06-17 10:27:11
DOUG,1.73,,,1.1749,,397558,2,,0.0622,,,,yf_premarket,0.11767357077040182,,,0.4,0.5,blocked,,,,,new,10:27:11,2026-06-17 10:27:11
DPRO,5.66,,,0.926,,1702801,1,,0.6686,,,,yf_premarket,0.09274468170345739,,,0.2,0.5,blocked,,,,,new,10:27:11,2026-06-17 10:27:11
DRUG,59.82,,,0.3636,,612854,1,,5.2214,,,,yf_premarket,0.03641681022394935,,,0.2,0.5,blocked,,,,,new,10:27:11,2026-06-17 10:27:11
DRVN,13.36,,,0.7387,,1127043,3,,0.743,,,,yf_premarket,0.07398541725091141,,,0.6,0.5,blocked,,,,,new,10:27:11,2026-06-17 10:27:11
DSGN,10.42,,,0.9861,,629724,3,,0.53,,,,yf_premarket,0.09876407195224549,,,0.6,0.5,blocked,,,,,new,10:27:11,2026-06-17 10:27:11
DSP,11.25,,,0.9973,,350228,1,,0.842,,,,yf_premarket,0.09988582188213611,,,0.2,0.5,blocked,,,,,new,10:27:11,2026-06-17 10:27:11
DT,41.51,,,1.0087,,4721469,2,,1.5073,,,,yf_premarket,0.1010276030607748,,,0.4,0.5,blocked,,,,,new,10:27:11,2026-06-17 10:27:11
DTIL,6.31,,,0.6106,,342578,1,,0.6038,,,,yf_premarket,0.061155402427787345,,,0.2,0.5,blocked,,,,,new,10:27:11,2026-06-17 10:27:11
DTM,140.7,,,1.3093,,608109,2,,2.6687,,,,yf_premarket,0.13113456992908937,,,0.4,0.5,blocked,,,,,new,10:27:11,2026-06-17 10:27:11
DTSS,0.74,,,0.1136,,1550486,2,,0.1947,,,,yf_premarket,0.01137774928889067,,,0.4,0.5,blocked,,,,,new,10:27:11,2026-06-17 10:27:11
DUO,0.865,,,0.0993,,743055,2,,0.1351,,,,yf_premarket,0.009945515003405311,,,0.4,0.5,blocked,,,,,new,10:27:11,2026-06-17 10:27:11
DUOL,127.97,,,0.6198,,1497948,3,,9.178,,,,yf_premarket,0.062076839870197506,,,0.6,0.5,blocked,,,,,new,10:27:11,2026-06-17 10:27:11
DUOT,11.211,,,0.9926,,517985,3,,1.255,,,,yf_premarket,0.09941508753655702,,,0.6,0.5,blocked,,,,,new,10:27:11,2026-06-17 10:27:11
DV,10.62,,,0.6233,,2657260,1,,0.4428,,,,yf_premarket,0.06242738672328832,,,0.2,0.5,blocked,,,,,new,10:27:11,2026-06-17 10:27:11
DYN,17.85,,,0.7042,,1556008,3,,1.0233,,,,yf_premarket,0.07053002684187332,,,0.6,0.5,blocked,,,,,new,10:27:11,2026-06-17 10:27:11
EARN,4.58,,,1.2979,,289113,0,,0.0978,,,,yf_premarket,0.1299927887504507,,,0.0,0.5,blocked,,,,,new,10:27:11,2026-06-17 10:27:11
EBC,20.99,,,1.1101,,3457973,2,,0.4997,,,,yf_premarket,0.11118344617603461,,,0.4,0.5,blocked,,,,,new,10:27:11,2026-06-17 10:27:11
EDBL,0.213,,,0.3317,,5582840,2,,0.0422,,,,yf_premarket,0.03322182604863587,,,0.4,0.5,blocked,,,,,new,10:27:11,2026-06-17 10:27:11
EDIT,2.3503,,,1.0283,,2177398,1,,0.24,,,,yf_premarket,0.1029906654380834,,,0.2,0.5,blocked,,,,,new,10:27:11,2026-06-17 10:27:11
EE,33.68,,,0.9928,,341414,4,,1.0844,,,,yf_premarket,0.09943511878530507,,,0.8,0.5,blocked,,,,,new,10:27:11,2026-06-17 10:27:11
EFXT,23.68,,,0.6002,,494147,2,,1.0367,,,,yf_premarket,0.0601137774928889,,,0.4,0.5,blocked,,,,,new,10:27:11,2026-06-17 10:27:11
EH,7.54,,,0.6228,,2197006,2,,0.7729,,,,yf_premarket,0.062377308601418206,,,0.4,0.5,blocked,,,,,new,10:27:11,2026-06-17 10:27:11
ELAN,24.53,,,0.5321,,5492812,3,,1.1633,,,,yf_premarket,0.053293137294178915,,,0.6,0.5,blocked,,,,,new,10:27:11,2026-06-17 10:27:11
ELPW,1.03,,,0.091,,14826173,1,,0.3181,,,,yf_premarket,0.009114218180361363,,,0.2,0.5,blocked,,,,,new,10:27:11,2026-06-17 10:27:11
EMBC,3.0665,,,1.2743,,1670888,2,,0.1551,,,,yf_premarket,0.12762910139818115,,,0.4,0.5,blocked,,,,,new,10:27:11,2026-06-17 10:27:11
EVH,4.7082,,,0.5812,,2453274,2,,0.3636,,,,yf_premarket,0.05821080886182445,,,0.4,0.5,blocked,,,,,new,10:27:11,2026-06-17 10:27:11
EZGO,1.3403,,,0.0842,,1861067,1,,0.3894,,,,yf_premarket,0.008433155722927766,,,0.2,0.5,blocked,,,,,new,10:27:11,2026-06-17 10:27:11
FA,16.5,,,1.1147,,2484284,2,,0.6263,,,,yf_premarket,0.11164416489723969,,,0.4,0.5,blocked,,,,,new,10:27:11,2026-06-17 10:27:11
FBK,54.46,,,0.6294,,336819,3,,1.0427,,,,yf_premarket,0.06303833981010375,,,0.6,0.5,blocked,,,,,new,10:27:11,2026-06-17 10:27:11
FBRX,17.15,,,0.6835,,266474,3,,1.316,,,,yf_premarket,0.06845679259645046,,,0.6,0.5,blocked,,,,,new,10:27:11,2026-06-17 10:27:11
FCPT,24.9,,,0.462,,769146,2,,0.5644,,,,yf_premarket,0.04627218460798846,,,0.4,0.5,blocked,,,,,new,10:27:11,2026-06-17 10:27:11
FCUV,0.71,,,0.1887,,677649,1,,0.1459,,,,yf_premarket,0.0188994831937823,,,0.2,0.5,blocked,,,,,new,10:27:11,2026-06-17 10:27:11
FDMT,8.85,,,0.9876,,748832,2,,0.7611,,,,yf_premarket,0.09891430631785585,,,0.4,0.5,blocked,,,,,new,10:27:11,2026-06-17 10:27:11
FER,69.44,,,0.8085,,2010641,3,,1.2897,,,,yf_premarket,0.0809763230639798,,,0.6,0.5,blocked,,,,,new,10:27:11,2026-06-17 10:27:11
FRHC,136.11,,,1.5352,,249373,2,,9.4472,,,,yf_premarket,0.15375986539000838,,,0.4,0.5,blocked,,,,,new,10:27:11,2026-06-17 10:27:11
FRSH,9.7058,,,1.3546,,13415842,3,,0.4279,,,,yf_premarket,0.135671647770522,,,0.6,0.5,blocked,,,,,new,10:27:11,2026-06-17 10:27:11
FSK,10.417,,,1.534,,2812940,2,,0.2556,,,,yf_premarket,0.15363967789752012,,,0.4,0.5,blocked,,,,,new,10:27:11,2026-06-17 10:27:11
FTAI,269.0349,,,0.945,,948722,3,,15.25,,,,yf_premarket,0.09464765033452184,,,0.6,0.5,blocked,,,,,new,10:27:11,2026-06-17 10:27:11
FTDR,69.81,,,0.8334,,547747,4,,2.0289,,,,yf_premarket,0.08347021353311165,,,0.8,0.5,blocked,,,,,new,10:27:11,2026-06-17 10:27:11
FTHM,0.5421,,,8.0024,,1617613,1,,0.0589,,,,yf_premarket,0.8014903249068546,,,0.2,0.5,blocked,,,,,new,10:27:11,2026-06-17 10:27:11
FVCB,16.62,,,0.4935,,301403,3,,0.3178,,,,yf_premarket,0.04942710628580585,,,0.6,0.5,blocked,,,,,new,10:27:11,2026-06-17 10:27:11
GDHG,1.86,,,9.9844,,1742503,3,,0.1189,,,,yf_premarket,1.0,,,0.6,0.5,blocked,,,,,new,10:27:11,2026-06-17 10:27:11
GRRR,17.3261,,,0.4317,,1937500,3,,1.8198,,,,yf_premarket,0.04323745042265934,,,0.6,0.5,blocked,,,,,new,10:27:11,2026-06-17 10:27:11
GTLB,28.06,,,0.4452,,6975325,1,,1.7033,,,,yf_premarket,0.04458955971315251,,,0.2,0.5,blocked,,,,,new,10:27:11,2026-06-17 10:27:11
GTX,34.2,,,0.7851,,2820007,3,,1.3624,,,,yf_premarket,0.07863266696045831,,,0.6,0.5,blocked,,,,,new,10:27:11,2026-06-17 10:27:11
HASI,39.56,,,0.726,,1281210,2,,1.1633,,,,yf_premarket,0.07271343295541043,,,0.4,0.5,blocked,,,,,new,10:27:11,2026-06-17 10:27:11
HCAT,1.78,,,0.2223,,4574940,2,,0.2344,,,,yf_premarket,0.022264732983454185,,,0.4,0.5,blocked,,,,,new,10:27:11,2026-06-17 10:27:11
HGV,51.33,,,0.6746,,1610497,3,,1.9156,,,,yf_premarket,0.06756540202716237,,,0.6,0.5,blocked,,,,,new,10:27:11,2026-06-17 10:27:11
HOWL,0.365,,,1.0905,,532039,2,,0.0343,,,,yf_premarket,0.109220383798726,,,0.4,0.5,blocked,,,,,new,10:27:11,2026-06-17 10:27:11
ILPT,8.65,,,0.7454,,471702,1,,0.2831,,,,yf_premarket,0.07465646408397099,,,0.2,0.5,blocked,,,,,new,10:27:11,2026-06-17 10:27:11
IMMX,8.8,,,2.0397,,1283839,3,,0.5594,,,,yf_premarket,0.20428869035695682,,,0.6,0.5,blocked,,,,,new,10:27:11,2026-06-17 10:27:11
IMPP,5.0877,,,0.5982,,387636,1,,0.1841,,,,yf_premarket,0.05991346500540843,,,0.2,0.5,blocked,,,,,new,10:27:11,2026-06-17 10:27:11
INDO,2.5805,,,0.5028,,837247,1,,0.1661,,,,yf_premarket,0.05035855935259004,,,0.2,0.5,blocked,,,,,new,10:27:11,2026-06-17 10:27:11
IQ,1.04,,,0.6563,,5204828,1,,0.0401,,,,yf_premarket,0.06573254276671607,,,0.2,0.5,blocked,,,,,new,10:27:11,2026-06-17 10:27:11
IR,79.05,,,1.01,,3877095,3,,2.3133,,,,yf_premarket,0.1011578061776371,,,0.6,0.5,blocked,,,,,new,10:27:11,2026-06-17 10:27:11
KNSA,52.3,,,0.7764,,472104,4,,1.8794,,,,yf_premarket,0.07776130763991826,,,0.8,0.5,blocked,,,,,new,10:27:11,2026-06-17 10:27:11
LADR,10.52,,,1.111,,807208,1,,0.1844,,,,yf_premarket,0.11127358679540081,,,0.2,0.5,blocked,,,,,new,10:27:11,2026-06-17 10:27:11
LFST,8.65,,,0.8762,,2499127,3,,0.3156,,,,yf_premarket,0.0877569007651937,,,0.6,0.5,blocked,,,,,new,10:27:11,2026-06-17 10:27:11
LICN,3.4734,,,1.0958,,535242,3,,0.4734,,,,yf_premarket,0.10975121189054926,,,0.6,0.5,blocked,,,,,new,10:27:11,2026-06-17 10:27:11
LZ,6.17,,,0.7094,,2135575,3,,0.2971,,,,yf_premarket,0.07105083930932254,,,0.6,0.5,blocked,,,,,new,10:27:11,2026-06-17 10:27:11
MBC,8.86,,,0.7571,,3330367,3,,0.4643,,,,yf_premarket,0.07582829213573174,,,0.6,0.5,blocked,,,,,new,10:27:11,2026-06-17 10:27:11
MBIO,0.6749,,,0.1298,,589610,1,,0.0924,,,,yf_premarket,0.013000280437482472,,,0.2,0.5,blocked,,,,,new,10:27:11,2026-06-17 10:27:11
MDXH,0.5392,,,1.0276,,629833,2,,0.0563,,,,yf_premarket,0.10292055606746524,,,0.4,0.5,blocked,,,,,new,10:27:11,2026-06-17 10:27:11
NIO,5.0,,,1.4788,,29375454,1,,0.1989,,,,yf_premarket,0.14811105324305915,,,0.2,0.5,blocked,,,,,new,10:27:11,2026-06-17 10:27:11
NMRK,15.32,,,0.9945,,1329458,1,,0.5032,,,,yf_premarket,0.09960538439966347,,,0.2,0.5,blocked,,,,,new,10:27:11,2026-06-17 10:27:11
NNDM,1.25,,,0.8698,,7045222,1,,0.1194,,,,yf_premarket,0.08711590080525619,,,0.2,0.5,blocked,,,,,new,10:27:11,2026-06-17 10:27:11
NRIX,17.09,,,0.4701,,4625781,2,,1.5694,,,,yf_premarket,0.04708345018228436,,,0.4,0.5,blocked,,,,,new,10:27:11,2026-06-17 10:27:11
NWS,29.545,,,1.0544,,1416285,0,,0.7122,,,,yf_premarket,0.10560474339970354,,,0.0,0.5,blocked,,,,,new,10:27:11,2026-06-17 10:27:11
NXL,0.395,,,0.6746,,291022,2,,0.0599,,,,yf_premarket,0.06756540202716237,,,0.4,0.5,blocked,,,,,new,10:27:11,2026-06-17 10:27:11
NYXH,1.61,,,0.3882,,1167585,2,,0.2342,,,,yf_premarket,0.03888065381995913,,,0.4,0.5,blocked,,,,,new,10:27:11,2026-06-17 10:27:11
ORGO,2.4101,,,0.6793,,734899,1,,0.1239,,,,yf_premarket,0.06803613637274147,,,0.2,0.5,blocked,,,,,new,10:27:11,2026-06-17 10:27:11
OXBR,0.9747,,,0.0419,,321828,2,,0.1118,,,,yf_premarket,0.004196546612715836,,,0.4,0.5,blocked,,,,,new,10:27:11,2026-06-17 10:27:11
PAHC,31.87,,,0.5985,,331895,3,,1.5439,,,,yf_premarket,0.0599435118785305,,,0.6,0.5,blocked,,,,,new,10:27:11,2026-06-17 10:27:11
PAY,22.23,,,0.6677,,854806,2,,0.8454,,,,yf_premarket,0.06687432394535474,,,0.4,0.5,blocked,,,,,new,10:27:11,2026-06-17 10:27:11
PRE,20.56,,,0.4376,,271052,2,,1.691,,,,yf_premarket,0.04382837226072673,,,0.4,0.5,blocked,,,,,new,10:27:11,2026-06-17 10:27:11
PRLD,4.21,,,1.465,,299074,3,,0.3353,,,,yf_premarket,0.14672889707944392,,,0.6,0.5,blocked,,,,,new,10:27:11,2026-06-17 10:27:11
PRVA,23.53,,,0.8351,,1052614,3,,0.5951,,,,yf_premarket,0.08364047914747004,,,0.6,0.5,blocked,,,,,new,10:27:11,2026-06-17 10:27:11
QUBT,10.25,,,0.9485,,17151463,4,,0.9376,,,,yf_premarket,0.09499819718761267,,,0.8,0.5,blocked,,,,,new,10:27:11,2026-06-17 10:27:11
QURE,27.5,,,0.4122,,1447448,3,,1.9633,,,,yf_premarket,0.041284403669724766,,,0.6,0.5,blocked,,,,,new,10:27:11,2026-06-17 10:27:11
RACE,362.82,,,0.8056,,525156,2,,8.1163,,,,yf_premarket,0.08068586995713312,,,0.4,0.5,blocked,,,,,new,10:27:11,2026-06-17 10:27:11
RARE,24.85,,,1.637,,1637484,4,,1.085,,,,yf_premarket,0.1639557710027643,,,0.8,0.5,blocked,,,,,new,10:27:11,2026-06-17 10:27:11
RBB,25.71,,,2.0605,,253389,2,,0.6122,,,,yf_premarket,0.20637194022675373,,,0.4,0.5,blocked,,,,,new,10:27:11,2026-06-17 10:27:11
RC,1.68,,,1.352,,1407796,2,,0.0989,,,,yf_premarket,0.1354112415367974,,,0.4,0.5,blocked,,,,,new,10:27:11,2026-06-17 10:27:11
RCEL,4.08,,,0.8013,,231260,1,,0.2322,,,,yf_premarket,0.08025519810905012,,,0.2,0.5,blocked,,,,,new,10:27:11,2026-06-17 10:27:11
RDHL,0.75,,,0.1675,,846196,3,,0.0977,,,,yf_premarket,0.01677617082648932,,,0.6,0.5,blocked,,,,,new,10:27:11,2026-06-17 10:27:11
REAX,1.74,,,1.1304,,3335972,2,,0.1039,,,,yf_premarket,0.11321661792396137,,,0.4,0.5,blocked,,,,,new,10:27:11,2026-06-17 10:27:11
REXR,34.01,,,0.8039,,2396581,2,,0.6889,,,,yf_premarket,0.08051560434277472,,,0.4,0.5,blocked,,,,,new,10:27:11,2026-06-17 10:27:11
REYN,23.62,,,1.0032,,932291,2,,0.4844,,,,yf_premarket,0.10047674372020352,,,0.4,0.5,blocked,,,,,new,10:27:11,2026-06-17 10:27:11
REZI,32.0,,,0.8262,,1118961,2,,1.4344,,,,yf_premarket,0.08274908857818196,,,0.4,0.5,blocked,,,,,new,10:27:11,2026-06-17 10:27:11
RKDA,0.8,,,0.0222,,12630664,1,,0.2242,,,,yf_premarket,0.0022234686110332116,,,0.2,0.5,blocked,,,,,new,10:27:11,2026-06-17 10:27:11
RKT,13.97,,,1.2096,,27130263,2,,0.7314,,,,yf_premarket,0.12114899242818797,,,0.4,0.5,blocked,,,,,new,10:27:11,2026-06-17 10:27:11
SIBN,15.71,,,0.8765,,400111,1,,0.6189,,,,yf_premarket,0.08778694763831577,,,0.2,0.5,blocked,,,,,new,10:27:11,2026-06-17 10:27:11
SIDU,3.2494,,,0.5051,,22989472,2,,0.6637,,,,yf_premarket,0.05058891871319258,,,0.4,0.5,blocked,,,,,new,10:27:11,2026-06-17 10:27:11
SITM,692.0,,,0.9483,,523061,4,,51.5006,,,,yf_premarket,0.09497816593886463,,,0.8,0.5,blocked,,,,,new,10:27:11,2026-06-17 10:27:11
SKYT,36.66,,,0.908,,732951,3,,1.7622,,,,yf_premarket,0.09094186931613317,,,0.6,0.5,blocked,,,,,new,10:27:11,2026-06-17 10:27:11
SLN,6.4997,,,0.8431,,243083,3,,0.5717,,,,yf_premarket,0.08444172909739192,,,0.6,0.5,blocked,,,,,new,10:27:11,2026-06-17 10:27:11
SLVM,40.39,,,0.6168,,353834,2,,1.4332,,,,yf_premarket,0.0617763711389768,,,0.4,0.5,blocked,,,,,new,10:27:11,2026-06-17 10:27:11
SMWB,5.08,,,1.3465,,946954,4,,0.3264,,,,yf_premarket,0.1348603821962261,,,0.8,0.5,blocked,,,,,new,10:27:11,2026-06-17 10:27:11
SND,5.02,,,0.4713,,369671,1,,0.3878,,,,yf_premarket,0.04720363767477264,,,0.2,0.5,blocked,,,,,new,10:27:11,2026-06-17 10:27:11
SNDR,37.03,,,0.5668,,1093386,2,,1.2867,,,,yf_premarket,0.05676855895196506,,,0.4,0.5,blocked,,,,,new,10:27:11,2026-06-17 10:27:11
SNDX,18.3,,,0.9089,,2364685,3,,0.8052,,,,yf_premarket,0.09103200993549937,,,0.6,0.5,blocked,,,,,new,10:27:11,2026-06-17 10:27:11
SPCE,3.3331,,,0.4532,,62748278,2,,0.8931,,,,yf_premarket,0.04539080966307439,,,0.4,0.5,blocked,,,,,new,10:27:11,2026-06-17 10:27:11
SPT,7.15,,,0.7039,,1223304,3,,0.4683,,,,yf_premarket,0.07049997996875124,,,0.6,0.5,blocked,,,,,new,10:27:11,2026-06-17 10:27:11
TGEN,5.527,,,0.4434,,340122,2,,0.745,,,,yf_premarket,0.04440927847442009,,,0.4,0.5,blocked,,,,,new,10:27:11,2026-06-17 10:27:11
TNDM,16.69,,,0.6937,,2456442,2,,1.2544,,,,yf_premarket,0.06947838628260085,,,0.4,0.5,blocked,,,,,new,10:27:11,2026-06-17 10:27:11
TNXP,11.7,,,0.6069,,612728,2,,0.9844,,,,yf_premarket,0.06078482432594847,,,0.4,0.5,blocked,,,,,new,10:27:11,2026-06-17 10:27:11
UCAR,1.19,,,0.6097,,831804,2,,0.0943,,,,yf_premarket,0.06106526180842113,,,0.4,0.5,blocked,,,,,new,10:27:11,2026-06-17 10:27:11
VFF,2.05,,,0.8421,,1472754,1,,0.1371,,,,yf_premarket,0.08434157285365168,,,0.2,0.5,blocked,,,,,new,10:27:11,2026-06-17 10:27:11
VIPS,13.86,,,0.7139,,2558490,3,,0.3589,,,,yf_premarket,0.0715015424061536,,,0.6,0.5,blocked,,,,,new,10:27:11,2026-06-17 10:27:11
VIRT,58.69,,,0.7517,,1146259,3,,1.6542,,,,yf_premarket,0.07528744841953447,,,0.6,0.5,blocked,,,,,new,10:27:11,2026-06-17 10:27:11
VIST,69.06,,,1.1257,,822209,2,,2.8112,,,,yf_premarket,0.11274588357838226,,,0.4,0.5,blocked,,,,,new,10:27:11,2026-06-17 10:27:11
VRT,302.0,,,0.6681,,5985777,3,,17.0311,,,,yf_premarket,0.06691438644285085,,,0.6,0.5,blocked,,,,,new,10:27:11,2026-06-17 10:27:11
VSTM,4.25,,,0.6313,,2391507,2,,0.2744,,,,yf_premarket,0.0632286366732102,,,0.4,0.5,blocked,,,,,new,10:27:11,2026-06-17 10:27:11
VTS,16.1,,,1.1706,,619388,2,,0.5373,,,,yf_premarket,0.11724289892231882,,,0.4,0.5,blocked,,,,,new,10:27:11,2026-06-17 10:27:11
WB,7.5147,,,1.1702,,1349733,3,,0.1578,,,,yf_premarket,0.11720283642482271,,,0.6,0.5,blocked,,,,,new,10:27:11,2026-06-17 10:27:11
WMS,143.23,,,0.8649,,1198845,2,,3.7617,,,,yf_premarket,0.08662513521092904,,,0.4,0.5,blocked,,,,,new,10:27:11,2026-06-17 10:27:11
XENE,51.99,,,0.5482,,1293863,2,,1.6244,,,,yf_premarket,0.0549056528183967,,,0.4,0.5,blocked,,,,,new,10:27:11,2026-06-17 10:27:11
ZYME,22.2,,,0.8821,,676599,2,,0.8756,,,,yf_premarket,0.08834782260326109,,,0.4,0.5,blocked,,,,,new,10:27:11,2026-06-17 10:27:11
