ticker,premarket_price,yesterday_close,gap_pct,rvol,avg_volume_10d,trend_5d,breakout_score,atr_10d,volatility_score,rsi,price_source,norm_rvol,norm_breakout,norm_volatility,norm_trend,rsi_score,rsi_label,norm_gap,score,score_prev,score_trend,trend_dir,scan_time_utc,snapshot_utc
CRNX,83.64,42.03,0.99,2.622,2053380,4,0.7788,1.8605,0.0443,82.7,yf_premarket,0.2940318927041514,0.7777777777777778,0.0637110980622431,0.8,4.0,strong ✓,1.0,8.3285,,,new,09:24:46,2026-07-07 09:24:46
MAX,14.0,14.0,0.0,1.005,970910,5,0.986,0.742,0.053,100.0,yf_premarket,0.11270101150559578,0.9859353023909986,0.0764826776277158,1.0,5.0,🔥 90+,0.0,8.1792,,,new,09:24:46,2026-07-07 09:24:46
RGNX,15.1997,14.83,0.0249,0.8877,3550200,5,0.9372,1.243,0.0838,97.2,yf_premarket,0.09954695314777849,0.9369097850110508,0.12169700528479155,1.0,5.0,🔥 90+,0.02515151515151515,8.1217,,,new,09:24:46,2026-07-07 09:24:46
EVER,26.15,26.24,-0.0034,0.611,847410,5,0.9908,1.2575,0.0479,91.1,yf_premarket,0.068517729383004,0.9907574844283705,0.06899588960657663,1.0,5.0,🔥 90+,0.0,8.1188,,,new,09:24:46,2026-07-07 09:24:46
QNST,16.39,16.39,0.0,0.8044,752330,5,0.9731,0.596,0.0364,94.5,yf_premarket,0.09020566532845896,0.9729756881655616,0.052113916617733416,1.0,5.0,🔥 90+,0.0,8.1073,,,new,09:24:46,2026-07-07 09:24:46
RDVT,69.0,68.71,0.0042,0.9032,231610,5,0.949,3.033,0.0441,91.2,yf_premarket,0.10128512795209366,0.9487643158529234,0.06341749853200235,1.0,5.0,🔥 90+,0.004242424242424242,8.0875,,,new,09:24:46,2026-07-07 09:24:46
COMP,13.06,12.99,0.0054,0.9193,17703650,5,0.9448,0.626,0.0482,94.9,yf_premarket,0.1030905869423823,0.9445449065702229,0.06943628890193776,1.0,5.0,🔥 90+,0.005454545454545455,8.0866,,,new,09:24:46,2026-07-07 09:24:46
LHSW,4.2048,6.8,-0.3816,8.9174,11374300,4,0.8501,0.5062,0.0744,80.6,yf_premarket,1.0,0.8494072734579063,0.10789782736347621,0.8,4.0,strong ✓,0.0,8.0528,,,new,09:24:46,2026-07-07 09:24:46
XERS,8.35,8.37,-0.0024,0.7136,2683350,5,0.9207,0.306,0.0366,97.0,yf_premarket,0.0800233251844708,0.9203335342575848,0.05240751614797416,1.0,5.0,🔥 90+,0.0,7.9869,,,new,09:24:46,2026-07-07 09:24:46
MAZE,33.0,32.35,0.0201,0.5779,1024690,4,0.9767,1.5683,0.0485,94.1,yf_premarket,0.06480588512346647,0.9765923246935905,0.06987668819729889,0.8,5.0,🔥 90+,0.020303030303030302,7.9158,,,new,09:24:46,2026-07-07 09:24:46
XZO,19.25,18.72,0.0283,0.6918,276800,4,0.9469,0.9405,0.0502,94.9,yf_premarket,0.077578666427434,0.9466546112115732,0.07237228420434527,0.8,5.0,🔥 90+,0.028585858585858586,7.8887,,,new,09:24:46,2026-07-07 09:24:46
OMDA,22.54,22.85,-0.0136,0.5653,1287770,4,0.9531,1.0296,0.0451,93.2,yf_premarket,0.06339291721802319,0.9528832630098453,0.0648854961832061,0.8,5.0,🔥 90+,0.0,7.8333,,,new,09:24:46,2026-07-07 09:24:46
MBX,58.1,57.7,0.0069,0.5425,1111610,4,0.8906,3.5556,0.0616,99.6,yf_premarket,0.060836118151030565,0.8900944343982318,0.08910745742806812,0.8,5.0,🔥 90+,0.0069696969696969695,7.7265,,,new,09:24:46,2026-07-07 09:24:46
SANA,3.97,3.97,-0.0,0.869,3927330,4,0.8578,0.2494,0.0628,90.1,yf_premarket,0.09744992935160472,0.8571428571428571,0.09086905460951261,0.8,5.0,🔥 90+,-0.0,7.7059,,,new,09:24:46,2026-07-07 09:24:46
BCAX,29.22,29.22,0.0,0.3978,1335670,4,0.8973,1.6092,0.0551,90.3,yf_premarket,0.04460941530042389,0.8968253968253969,0.0795654726952437,0.8,5.0,🔥 90+,0.0,7.7003,,,new,09:24:46,2026-07-07 09:24:46
MLYS,29.37,29.12,0.0086,0.9514,1804840,4,0.8443,1.4365,0.0493,91.2,yf_premarket,0.10669029089196402,0.8435804701627487,0.07105108631826189,0.8,5.0,🔥 90+,0.008686868686868687,7.6958,,,new,09:24:46,2026-07-07 09:24:46
NRIX,24.12,24.04,0.0033,0.2749,2707680,4,0.8809,1.4154,0.0589,95.5,yf_premarket,0.030827371206854012,0.8803496081977095,0.08514386376981797,0.8,5.0,🔥 90+,0.0033333333333333335,7.6545,,,new,09:24:46,2026-07-07 09:24:46
AVAH,9.6,9.53,0.0073,1.0875,2885900,3,0.9124,0.3675,0.0386,96.6,yf_premarket,0.12195258707695066,0.9119951778179626,0.05534351145038168,0.6,5.0,🔥 90+,0.0073737373737373735,7.6457,,,new,09:24:46,2026-07-07 09:24:46
LPRO,3.13,3.13,-0.0,1.0937,4045630,1,1.0,0.017,0.0054,90.3,yf_premarket,0.12264785699867672,1.0,0.006605989430416912,0.2,5.0,🔥 90+,-0.0,7.3873,,,new,09:24:46,2026-07-07 09:24:46
RPD,10.55,10.5,0.0048,1.4833,2572650,5,0.9814,0.6399,0.0609,83.3,yf_premarket,0.16633772175746292,0.9813140446051839,0.08807985907222549,1.0,4.0,strong ✓,0.0048484848484848485,7.2634,,,new,09:24:46,2026-07-07 09:24:46
PNTG,39.91,39.91,0.0,1.1701,421580,5,0.9874,1.4116,0.0354,87.8,yf_premarket,0.1312153766793011,0.9873417721518988,0.05064591896652965,1.0,4.0,strong ✓,0.0,7.1968,,,new,09:24:46,2026-07-07 09:24:46
SAN,14.33,14.37,-0.0028,1.0444,7543520,5,0.9907,0.214,0.0149,82.9,yf_premarket,0.11711933971785497,0.9906570223025919,0.020551967116852612,1.0,4.0,strong ✓,0.0,7.1673,,,new,09:24:46,2026-07-07 09:24:46
TENB,41.77,41.29,0.0116,1.4154,3916090,5,0.9312,2.372,0.0574,89.8,yf_premarket,0.15872339471146296,0.9308820574643359,0.08294186729301233,1.0,4.0,strong ✓,0.011717171717171716,7.1589,,,new,09:24:46,2026-07-07 09:24:46
MD,27.39,27.39,0.0,0.8055,837240,5,0.9952,0.804,0.0294,80.1,yf_premarket,0.09032901966941036,0.995177817962628,0.0418379330593071,1.0,4.0,strong ✓,0.0,7.1468,,,new,09:24:46,2026-07-07 09:24:46
WAY,23.9,23.91,-0.0004,0.8138,3526990,5,0.9866,0.973,0.0407,80.1,yf_premarket,0.09125978424204363,0.9865380751456702,0.058426306517909574,1.0,4.0,strong ✓,0.0,7.1392,,,new,09:24:46,2026-07-07 09:24:46
ACIW,55.93,55.93,-0.0,0.9569,1266630,5,0.9731,2.018,0.0361,81.9,yf_premarket,0.107307062596721,0.9729756881655616,0.051673517322372284,1.0,4.0,strong ✓,-0.0,7.1327,,,new,09:24:46,2026-07-07 09:24:46
SARO,30.81,30.92,-0.0036,0.8734,4236610,5,0.9787,0.8991,0.0291,82.8,yf_premarket,0.09794334671541031,0.9786015672091621,0.041397533763945976,1.0,4.0,strong ✓,0.0,7.1248,,,new,09:24:46,2026-07-07 09:24:46
GSHD,53.0,53.0,0.0,0.6422,638860,5,0.9865,2.577,0.0486,86.2,yf_premarket,0.07201650705362549,0.9864376130198915,0.07002348796241925,1.0,4.0,strong ✓,0.0,7.1159,,,new,09:24:46,2026-07-07 09:24:46
NTSK,12.3,12.22,0.0065,0.6337,5197530,5,0.9778,0.7081,0.0579,86.5,yf_premarket,0.07106331441900106,0.9776974080771549,0.0836758661186142,1.0,4.0,strong ✓,0.0065656565656565654,7.1137,,,new,09:24:46,2026-07-07 09:24:46
TOP,2.08,2.04,0.0196,1.6217,242830,4,0.9634,0.209,0.1025,87.1,yf_premarket,0.18185794065534794,0.9632308619650393,0.1491485613623018,0.8,4.0,strong ✓,0.019797979797979797,7.1035,,,new,09:24:46,2026-07-07 09:24:46
LYG,6.1495,6.17,-0.0033,0.6943,21255950,5,0.9828,0.085,0.0138,80.2,yf_premarket,0.07785901720232355,0.982720514366084,0.01893716970052848,1.0,4.0,strong ✓,0.0,7.0917,,,new,09:24:46,2026-07-07 09:24:46
PAY,28.27,28.15,0.0043,0.4302,2045130,5,0.9847,1.2415,0.0441,80.6,yf_premarket,0.04824276134299235,0.984629294755877,0.06341749853200235,1.0,4.0,strong ✓,0.004343434343434344,7.0798,,,new,09:24:46,2026-07-07 09:24:46
MBAV,10.83,10.86,-0.0028,0.0016,378330,3,0.7333,0.0343,0.0032,93.0,yf_premarket,0.00017942449592930673,0.7320675105485231,0.003376394597768643,0.6,5.0,🔥 90+,0.0,7.0661,,,new,09:24:46,2026-07-07 09:24:46
IMNM,24.2,23.9,0.0126,0.8241,2164730,5,0.9245,1.1823,0.0495,88.5,yf_premarket,0.09241482943458855,0.924151095037171,0.07134468584850265,1.0,4.0,strong ✓,0.012727272727272728,7.0417,,,new,09:24:46,2026-07-07 09:24:46
NU,14.09,14.06,0.0021,1.1875,46229230,4,1.0,0.4811,0.0342,81.5,yf_premarket,0.13316661807253236,1.0,0.048884321785085144,0.8,4.0,strong ✓,0.002121212121212121,7.0274,,,new,09:24:46,2026-07-07 09:24:46
DLO,15.24,15.25,-0.0007,0.5851,4612850,5,0.9483,0.672,0.0441,85.0,yf_premarket,0.06561329535514836,0.9480610809724734,0.06341749853200235,1.0,4.0,strong ✓,0.0,7.0263,,,new,09:24:46,2026-07-07 09:24:46
BBVA,26.17,26.14,0.0011,1.1726,1357050,4,1.0,0.334,0.0128,80.0,yf_premarket,0.1314957274541907,1.0,0.017469172049324723,0.8,4.0,strong ✓,0.0011111111111111111,7.0076,,,new,09:24:46,2026-07-07 09:24:46
PTRN,28.6,28.43,0.006,1.0346,2968170,4,0.9844,1.3956,0.0491,81.6,yf_premarket,0.11602036468028797,0.9843279083785413,0.07075748678802114,0.8,4.0,strong ✓,0.006060606060606061,6.9872,,,new,09:24:46,2026-07-07 09:24:46
SLDB,11.02,11.07,-0.0045,0.9983,2856280,5,0.8864,0.7221,0.0652,86.7,yf_premarket,0.11194967142889181,0.8858750251155314,0.09439224897240163,1.0,4.0,strong ✓,0.0,6.9869,,,new,09:24:46,2026-07-07 09:24:46
RIGL,40.26,40.26,0.0,1.0623,423230,4,0.9895,1.627,0.0404,80.5,yf_premarket,0.11912665126606409,0.989451476793249,0.05798590722254844,0.8,4.0,strong ✓,0.0,6.9866,,,new,09:24:46,2026-07-07 09:24:46
RMAX,11.5,11.34,0.0141,1.0857,368160,4,0.9738,0.461,0.0407,80.1,yf_premarket,0.12175073451903021,0.9736789230460117,0.058426306517909574,0.8,4.0,strong ✓,0.014242424242424242,6.9806,,,new,09:24:46,2026-07-07 09:24:46
SIRI,30.8,30.75,0.0016,1.0052,5138780,5,0.8912,0.863,0.0281,88.7,yf_premarket,0.11272343956758697,0.8906972071529033,0.03992953611274221,1.0,4.0,strong ✓,0.0016161616161616162,6.9729,,,new,09:24:46,2026-07-07 09:24:46
RCKT,3.9,3.99,-0.0226,1.1488,2778910,5,0.8673,0.235,0.0589,84.1,yf_premarket,0.12882678807724224,0.8666867590918224,0.08514386376981797,1.0,4.0,strong ✓,0.0,6.9692,,,new,09:24:46,2026-07-07 09:24:46
REAX,2.18,2.2,-0.0091,0.9534,4824260,4,0.98,0.133,0.0605,83.7,yf_premarket,0.10691457151187565,0.9799075748442837,0.08749266001174398,0.8,4.0,strong ✓,0.0,6.9639,,,new,09:24:46,2026-07-07 09:24:46
CNA,51.71,51.68,0.0006,0.9395,589340,4,0.9871,1.069,0.0207,84.0,yf_premarket,0.1053558212034898,0.987040385774563,0.029066353493834407,0.8,4.0,strong ✓,0.0006060606060606061,6.9476,,,new,09:24:46,2026-07-07 09:24:46
AMPL,9.07,8.91,0.018,0.6414,2852530,5,0.8818,0.5436,0.061,83.4,yf_premarket,0.07192679480566083,0.8812537673297167,0.08822665883734586,1.0,4.0,strong ✓,0.01818181818181818,6.9418,,,new,09:24:46,2026-07-07 09:24:46
ABUS,4.86,4.97,-0.0221,0.7915,3556130,4,0.9848,0.21,0.0423,80.9,yf_premarket,0.08875905533002892,0.9847297568816556,0.06077510275983558,0.8,4.0,strong ✓,0.0,6.933,,,new,09:24:46,2026-07-07 09:24:46
ALHC,24.71,24.56,0.0061,1.0015,4735500,4,0.9638,0.9356,0.0381,87.8,yf_premarket,0.11230852042075044,0.9636327104681535,0.0546095126247798,0.8,4.0,strong ✓,0.006161616161616162,6.9323,,,new,09:24:46,2026-07-07 09:24:46
RCEL,5.19,5.19,-0.0,0.7453,517760,4,0.9733,0.351,0.0676,85.2,yf_premarket,0.08357817301007019,0.9731766124171188,0.09791544333529065,0.8,4.0,strong ✓,-0.0,6.9207,,,new,09:24:46,2026-07-07 09:24:46
GRPN,26.6799,26.57,0.0041,0.8501,2083770,4,0.9531,1.95,0.0734,86.4,yf_premarket,0.09533047749343979,0.9528832630098453,0.10642982971227247,0.8,4.0,strong ✓,0.004141414141414142,6.9082,,,new,09:24:46,2026-07-07 09:24:46
AARD,5.76,5.99,-0.0384,0.5427,346220,4,0.972,0.602,0.1005,82.0,yf_premarket,0.060858546213021725,0.9718706047819972,0.1462125660598943,0.8,4.0,strong ✓,0.0,6.9081,,,new,09:24:46,2026-07-07 09:24:46
XOMA,43.86,43.85,0.0002,1.042,200570,4,0.9537,0.566,0.0129,87.9,yf_premarket,0.11685020297396101,0.9534860357645167,0.017615971814445096,0.8,4.0,strong ✓,0.00020202020202020202,6.8914,,,new,09:24:46,2026-07-07 09:24:46
KINS,19.8,20.13,-0.0164,0.6494,215430,4,0.9719,0.7623,0.0379,82.7,yf_premarket,0.07282391728530736,0.9717701426562186,0.05431591309453905,0.8,4.0,strong ✓,0.0,6.8799,,,new,09:24:46,2026-07-07 09:24:46
TXG,41.08,40.0,0.027,0.6409,3635060,4,0.9395,2.4074,0.0602,81.1,yf_premarket,0.07187072465068294,0.9392204139039582,0.08705226071638285,0.8,4.0,strong ✓,0.02727272727272727,6.8707,,,new,09:24:46,2026-07-07 09:24:46
GPCR,54.75,54.75,0.0,0.5208,979600,4,0.9685,2.6623,0.0486,86.4,yf_premarket,0.058402673424989344,0.9683544303797469,0.07002348796241925,0.8,4.0,strong ✓,0.0,6.8593,,,new,09:24:46,2026-07-07 09:24:46
NABL,4.22,4.22,0.0,0.6552,2265090,4,0.9559,0.2198,0.0521,80.2,yf_premarket,0.07347433108305111,0.9556962025316456,0.07516147974163241,0.8,4.0,strong ✓,0.0,6.8592,,,new,09:24:46,2026-07-07 09:24:46
OMCL,44.4687,45.24,-0.017,0.9296,809930,5,0.8362,1.963,0.0434,81.7,yf_premarket,0.10424563213492721,0.8354430379746836,0.06238990017615972,1.0,4.0,strong ✓,0.0,6.8584,,,new,09:24:46,2026-07-07 09:24:46
BVS,11.83,11.78,0.0042,1.9403,791670,3,0.9445,0.5687,0.0483,87.9,yf_premarket,0.21758584340727116,0.9442435201928873,0.06958308866705813,0.6,4.0,strong ✓,0.004242424242424242,6.856,,,new,09:24:46,2026-07-07 09:24:46
BILL,40.55,40.23,0.008,0.7148,2609450,4,0.9359,1.6633,0.0413,80.1,yf_premarket,0.08015789355641778,0.9356037773759293,0.05930710510863183,0.8,4.0,strong ✓,0.00808080808080808,6.8332,,,new,09:24:46,2026-07-07 09:24:46
SNDX,22.61,22.08,0.024,0.6636,2368860,4,0.9249,1.0295,0.0466,80.9,yf_premarket,0.07441630968667996,0.9245529435402854,0.06708749266001175,0.8,4.0,strong ✓,0.024242424242424242,6.8306,,,new,09:24:46,2026-07-07 09:24:46
ETON,38.25,38.02,0.006,0.7231,513240,4,0.9178,1.556,0.0409,89.9,yf_premarket,0.08108865812905106,0.917420132610006,0.05871990604815032,0.8,4.0,strong ✓,0.006060606060606061,6.7949,,,new,09:24:46,2026-07-07 09:24:46
NEO,15.16,15.16,0.0,0.8179,3870040,4,0.9111,0.696,0.0459,86.1,yf_premarket,0.09171955951286248,0.9106891701828411,0.06605989430416911,0.8,4.0,strong ✓,0.0,6.792,,,new,09:24:46,2026-07-07 09:24:46
HMN,54.12,54.12,0.0,0.8347,325030,4,0.9157,1.332,0.0246,88.1,yf_premarket,0.09360351672012021,0.9153104279686558,0.034791544333529066,0.8,4.0,strong ✓,0.0,6.7884,,,new,09:24:46,2026-07-07 09:24:46
YEXT,5.01,4.99,0.004,0.8515,1628840,4,0.9042,0.2095,0.042,80.4,yf_premarket,0.09548747392737793,0.903757283504119,0.06033470346447446,0.8,4.0,strong ✓,0.00404040404040404,6.787,,,new,09:24:46,2026-07-07 09:24:46
IDYA,39.37,39.37,0.0,1.0195,1754910,3,0.9825,1.884,0.0479,89.9,yf_premarket,0.11432704599995515,0.9824191279887483,0.06899588960657663,0.6,4.0,strong ✓,0.0,6.7708,,,new,09:24:46,2026-07-07 09:24:46
CARG,35.66,35.66,0.0,0.8423,1411350,4,0.901,1.2666,0.0355,89.2,yf_premarket,0.09445578307578442,0.9005424954792044,0.050792718731650026,0.8,4.0,strong ✓,0.0,6.7682,,,new,09:24:46,2026-07-07 09:24:46
HNI,40.86,41.36,-0.0121,0.4215,982480,4,0.9327,1.624,0.0393,86.0,yf_premarket,0.04726714064637674,0.9323889893510147,0.05637110980622431,0.8,4.0,strong ✓,0.0,6.7639,,,new,09:24:46,2026-07-07 09:24:46
RDN,38.19,38.19,0.0,0.5175,1375200,4,0.9299,0.748,0.0196,84.5,yf_premarket,0.05803261040213514,0.9295760498292144,0.02745155607751027,0.8,4.0,strong ✓,0.0,6.7599,,,new,09:24:46,2026-07-07 09:24:46
EDIT,3.5848,3.65,-0.0179,0.896,3292480,4,0.8777,0.2611,0.0715,85.3,yf_premarket,0.10047771772041178,0.8771348201727949,0.10364063417498531,0.8,4.0,strong ✓,0.0,6.7568,,,new,09:24:46,2026-07-07 09:24:46
HRTG,27.43,27.43,-0.0,0.4877,548530,4,0.9213,1.1877,0.0433,80.6,yf_premarket,0.05469082916545181,0.9209363070122564,0.06224310041103934,0.8,4.0,strong ✓,-0.0,6.755,,,new,09:24:46,2026-07-07 09:24:46
ACVA,7.45,7.43,0.0027,0.956,3265670,4,0.8755,0.2987,0.0402,84.5,yf_premarket,0.10720613631776077,0.874924653405666,0.057692307692307696,0.8,4.0,strong ✓,0.0027272727272727275,6.7436,,,new,09:24:46,2026-07-07 09:24:46
ALKT,19.21,18.95,0.0137,0.4678,3121060,4,0.9036,0.781,0.0412,81.1,yf_premarket,0.05245923699733106,0.9031545107494474,0.05916030534351145,0.8,4.0,strong ✓,0.013838383838383839,6.7353,,,new,09:24:46,2026-07-07 09:24:46
VMD,12.13,12.13,-0.0,0.8806,437330,4,0.8803,0.4275,0.0352,83.1,yf_premarket,0.0987507569470922,0.8797468354430379,0.05035231943628891,0.8,4.0,strong ✓,-0.0,6.7328,,,new,09:24:46,2026-07-07 09:24:46
DMAC,8.1,8.01,0.0112,1.4048,340620,4,0.8131,0.5566,0.0695,87.1,yf_premarket,0.15753470742593131,0.8122362869198313,0.10070463887257781,0.8,4.0,strong ✓,0.011313131313131313,6.7281,,,new,09:24:46,2026-07-07 09:24:46
CRSP,60.8812,61.89,-0.0163,1.1047,1853860,4,0.8488,3.2373,0.0523,82.7,yf_premarket,0.12388140040819072,0.8481012658227848,0.07545507927187316,0.8,4.0,strong ✓,0.0,6.7198,,,new,09:24:46,2026-07-07 09:24:46
VRNS,44.8195,45.67,-0.0186,1.0251,3497150,3,0.9478,2.9619,0.0649,89.5,yf_premarket,0.1149550317357077,0.9475587703435805,0.09395184967704051,0.6,4.0,strong ✓,0.0,6.7145,,,new,09:24:46,2026-07-07 09:24:46
BRBR,13.46,13.45,0.0007,0.6522,7888740,4,0.8749,0.8996,0.0669,85.4,yf_premarket,0.07313791015318366,0.8743218806509946,0.09688784497944804,0.8,4.0,strong ✓,0.0007070707070707071,6.7079,,,new,09:24:46,2026-07-07 09:24:46
INNV,12.15,12.11,0.0033,0.7476,577030,4,0.8569,0.7472,0.0617,88.5,yf_premarket,0.08383609572296857,0.85623869801085,0.08925425719318848,0.8,4.0,strong ✓,0.0033333333333333335,6.6879,,,new,09:24:46,2026-07-07 09:24:46
BOW,31.53,31.53,-0.0,0.5435,227800,4,0.8765,1.134,0.036,81.6,yf_premarket,0.06094825846098638,0.8759292746634518,0.051526717557251904,0.8,4.0,strong ✓,-0.0,6.669,,,new,09:24:46,2026-07-07 09:24:46
TCMD,31.87,31.87,-0.0,0.5709,324560,3,0.9679,1.394,0.0437,82.5,yf_premarket,0.06402090295377576,0.9677516576250753,0.06283029947152086,0.6,4.0,strong ✓,-0.0,6.6629,,,new,09:24:46,2026-07-07 09:24:46
DTIL,8.24,8.24,0.0,0.585,725850,4,0.8524,0.5386,0.0654,86.4,yf_premarket,0.06560208132415277,0.8517179023508138,0.09468584850264239,0.8,4.0,strong ✓,0.0,6.6492,,,new,09:24:46,2026-07-07 09:24:46
PSNL,14.4,14.34,0.0042,1.0364,4416730,3,0.9054,1.1574,0.0807,84.2,yf_premarket,0.11622221723820844,0.9049628290134619,0.11714621256605988,0.6,4.0,strong ✓,0.004242424242424242,6.6492,,,new,09:24:46,2026-07-07 09:24:46
SRRK,55.37,55.36,0.0002,0.477,2478680,4,0.8661,2.409,0.0435,84.5,yf_premarket,0.05349092784892457,0.8654812135824794,0.0625366999412801,0.8,4.0,strong ✓,0.00020202020202020202,6.6428,,,new,09:24:46,2026-07-07 09:24:46
RXRX,3.91,3.96,-0.0126,1.5096,25181090,3,0.87,0.2548,0.0643,80.0,yf_premarket,0.1692870119093009,0.8693992364878441,0.09307105108631826,0.6,4.0,strong ✓,0.0,6.6393,,,new,09:24:46,2026-07-07 09:24:46
NMIH,41.38,41.38,-0.0,0.5928,790710,3,0.9489,0.912,0.022,87.0,yf_premarket,0.06647677574180814,0.9486638537271448,0.03097475044039929,0.6,4.0,strong ✓,-0.0,6.6125,,,new,09:24:46,2026-07-07 09:24:46
NTLA,17.84,17.84,-0.0,0.7999,4802190,4,0.8129,1.0817,0.0606,87.6,yf_premarket,0.08970103393365779,0.812035362668274,0.08763945977686435,0.8,4.0,strong ✓,-0.0,6.6024,,,new,09:24:46,2026-07-07 09:24:46
FDUS,20.4176,20.41,0.0004,4.9385,611050,4,0.9697,0.437,0.0214,75.2,yf_premarket,0.5538049207168009,0.9695599758890898,0.030093951849677034,0.8,3.0,good,0.00040404040404040404,6.5855,,,new,09:24:46,2026-07-07 09:24:46
ACRS,5.46,5.49,-0.0055,0.4604,2592470,4,0.8319,0.315,0.0574,86.3,yf_premarket,0.051629398703658014,0.8311231665662046,0.08294186729301233,0.8,4.0,strong ✓,0.0,6.5812,,,new,09:24:46,2026-07-07 09:24:46
PRVA,27.19,27.19,-0.0,0.7187,1364940,3,0.9201,0.7165,0.0264,83.8,yf_premarket,0.08059524076524548,0.9197307615029134,0.037433940105695826,0.6,4.0,strong ✓,-0.0,6.5791,,,new,09:24:46,2026-07-07 09:24:46
SLN,10.58,10.58,0.0,0.6466,895240,3,0.8838,0.943,0.0891,81.5,yf_premarket,0.07250992441743108,0.8832630098452884,0.12947739283617146,0.6,4.0,strong ✓,0.0,6.54,,,new,09:24:46,2026-07-07 09:24:46
XENE,61.8206,60.54,0.0212,0.7833,2214580,3,0.875,1.8802,0.0311,87.8,yf_premarket,0.08783950478839123,0.8744223427767731,0.04433352906635349,0.6,4.0,strong ✓,0.021414141414141413,6.5349,,,new,09:24:46,2026-07-07 09:24:46
MMYT,57.17,57.35,-0.0031,0.6854,1407280,3,0.8926,2.756,0.0481,87.4,yf_premarket,0.07686096844371677,0.8921036769138034,0.06928948913681737,0.6,4.0,strong ✓,0.0,6.5341,,,new,09:24:46,2026-07-07 09:24:46
AHR,52.8022,53.83,-0.0191,0.5828,6378240,4,0.8015,1.6727,0.0311,82.8,yf_premarket,0.06535537264224997,0.8005826803295157,0.04433352906635349,0.8,4.0,strong ✓,0.0,6.5214,,,new,09:24:46,2026-07-07 09:24:46
SVRA,6.25,6.2,0.0081,0.5827,2290780,3,0.8861,0.276,0.0445,81.3,yf_premarket,0.0653441586112544,0.8855736387381957,0.06400469759248385,0.6,4.0,strong ✓,0.00818181818181818,6.5134,,,new,09:24:46,2026-07-07 09:24:46
SON,56.74,57.0,-0.0046,0.6961,1234670,3,0.8889,1.492,0.0262,83.2,yf_premarket,0.07806086976024401,0.888386578259996,0.03714034057545508,0.6,4.0,strong ✓,0.0,6.5124,,,new,09:24:46,2026-07-07 09:24:46
LTH,41.22,41.13,0.0022,0.7324,4024030,3,0.8807,1.32,0.0321,84.0,yf_premarket,0.08213156301164017,0.8801486839461523,0.045801526717557245,0.6,4.0,strong ✓,0.0022222222222222222,6.5097,,,new,09:24:46,2026-07-07 09:24:46
ALKS,56.05,55.14,0.0165,0.5605,3115600,2,0.9778,2.428,0.044,80.0,yf_premarket,0.06285464373023526,0.9776974080771549,0.06327069876688197,0.4,4.0,strong ✓,0.016666666666666666,6.5063,,,new,09:24:46,2026-07-07 09:24:46
SLGN,46.16,46.17,-0.0002,0.9038,964580,3,0.8643,1.365,0.0296,85.5,yf_premarket,0.10135241213806714,0.8636728953184649,0.042131532589547854,0.6,4.0,strong ✓,0.0,6.5004,,,new,09:24:46,2026-07-07 09:24:46
CTRE,41.65,41.39,0.0063,0.6274,3417550,3,0.8824,1.0468,0.0253,82.0,yf_premarket,0.0703568304662794,0.8818565400843882,0.03581914268937169,0.6,4.0,strong ✓,0.006363636363636364,6.4967,,,new,09:24:46,2026-07-07 09:24:46
SLDE,20.75,20.97,-0.0105,0.9282,1965060,3,0.847,0.9437,0.045,81.1,yf_premarket,0.10408863570098907,0.8462929475587703,0.06473869641808573,0.6,4.0,strong ✓,0.0,6.4811,,,new,09:24:46,2026-07-07 09:24:46
TECH,70.5,70.92,-0.0059,0.52,13034660,2,0.9803,1.134,0.016,83.9,yf_premarket,0.05831296117702469,0.9802089612216194,0.022166764533176748,0.4,4.0,strong ✓,0.0,6.459,,,new,09:24:46,2026-07-07 09:24:46
BLCO,17.11,17.11,-0.0,0.903,398350,2,0.9438,0.467,0.0273,87.2,yf_premarket,0.10126269989010249,0.9435402853124372,0.03875513799177921,0.4,4.0,strong ✓,-0.0,6.4584,,,new,09:24:46,2026-07-07 09:24:46
MGTX,14.49,13.89,0.0432,0.4369,1503660,3,0.8364,0.788,0.0567,83.5,yf_premarket,0.048994101419696325,0.8356439622262407,0.0819142689371697,0.6,4.0,strong ✓,0.04363636363636364,6.4512,,,new,09:24:46,2026-07-07 09:24:46
BLZE,15.2,15.3,-0.0065,0.2509,8793720,3,0.8522,1.5351,0.1003,87.5,yf_premarket,0.028136003767914412,0.8515169780992565,0.14591896652965355,0.6,4.0,strong ✓,0.0,6.4182,,,new,09:24:46,2026-07-07 09:24:46
TDUP,6.94,6.92,0.0029,0.7827,1982060,3,0.8199,0.3458,0.05,86.1,yf_premarket,0.08777222060241774,0.8190677114727747,0.07207868467410453,0.6,4.0,strong ✓,0.002929292929292929,6.4102,,,new,09:24:46,2026-07-07 09:24:46
CRVS,15.26,15.17,0.0059,0.6965,1558300,3,0.8172,0.813,0.0536,87.9,yf_premarket,0.07810572588422635,0.8163552340767531,0.07736347621843806,0.6,4.0,strong ✓,0.00595959595959596,6.3975,,,new,09:24:46,2026-07-07 09:24:46
IMRX,5.2,5.14,0.0117,0.4393,1899700,3,0.8271,0.2876,0.056,81.9,yf_premarket,0.04926323816359028,0.8263009845288326,0.08088667058132708,0.6,4.0,strong ✓,0.011818181818181818,6.3847,,,new,09:24:46,2026-07-07 09:24:46
RARE,34.35,33.7,0.0193,0.376,4130470,3,0.8269,1.5974,0.0474,85.6,yf_premarket,0.04216475654338708,0.8261000602772754,0.06826189078097475,0.6,4.0,strong ✓,0.019494949494949496,6.3788,,,new,09:24:46,2026-07-07 09:24:46
MTG,28.5027,28.21,0.0104,0.8977,1878920,2,0.8936,0.539,0.0191,86.8,yf_premarket,0.10066835624733667,0.8931082981715892,0.026717557251908393,0.4,4.0,strong ✓,0.010505050505050505,6.3663,,,new,09:24:46,2026-07-07 09:24:46
MITK,19.92,19.87,0.0025,0.6149,1451620,4,0.7115,0.996,0.0501,80.1,yf_premarket,0.0689550765918317,0.7101667671287925,0.0722254844392249,0.8,4.0,strong ✓,0.0025252525252525255,6.3637,,,new,09:24:46,2026-07-07 09:24:46
SCLX,7.5775,8.07,-0.061,8.3862,275120,3,0.6447,0.7263,0.09,78.7,yf_premarket,0.9404310673514702,0.6430580671087001,0.13079859072225483,0.6,3.0,good,0.0,6.3622,,,new,09:24:46,2026-07-07 09:24:46
GNW,9.54,9.54,0.0,0.7135,3448230,3,0.8,0.166,0.0174,80.6,yf_premarket,0.08001211115347523,0.7990757484428371,0.024221961244862002,0.6,4.0,strong ✓,0.0,6.3303,,,new,09:24:46,2026-07-07 09:24:46
CON,32.12,31.84,0.0088,0.8193,1264940,2,0.8806,0.797,0.025,87.0,yf_premarket,0.09187655594680064,0.8800482218203738,0.03537874339401057,0.4,4.0,strong ✓,0.008888888888888889,6.3289,,,new,09:24:46,2026-07-07 09:24:46
PRME,3.9515,3.99,-0.0096,1.045,4260290,3,0.7462,0.3195,0.0801,82.4,yf_premarket,0.11718662390382846,0.7450271247739602,0.11626541397533764,0.6,4.0,strong ✓,0.0,6.324,,,new,09:24:46,2026-07-07 09:24:46
BTSG,72.0,70.56,0.0204,0.8746,3746840,3,0.7594,2.1534,0.0305,82.9,yf_premarket,0.0980779150873573,0.758288125376733,0.04345273047563123,0.6,4.0,strong ✓,0.020606060606060607,6.3163,,,new,09:24:46,2026-07-07 09:24:46
UPB,7.4,7.4,-0.0,0.5569,641050,3,0.7838,0.4117,0.0556,84.2,yf_premarket,0.06245093861439432,0.7828008840667069,0.08029947152084556,0.6,4.0,strong ✓,-0.0,6.2994,,,new,09:24:46,2026-07-07 09:24:46
LFST,10.93,10.99,-0.0055,0.8469,5203360,3,0.7627,0.4817,0.0438,86.7,yf_premarket,0.09497162850158117,0.7616033755274262,0.06297709923664122,0.6,4.0,strong ✓,0.0,6.2972,,,new,09:24:46,2026-07-07 09:24:46
MYGN,6.03,6.03,-0.0,0.5519,1927360,2,0.877,0.369,0.0612,87.0,yf_premarket,0.06189023706461524,0.8764315852923448,0.0885202583675866,0.4,4.0,strong ✓,-0.0,6.29,,,new,09:24:46,2026-07-07 09:24:46
URGN,37.41,37.41,0.0,1.1237,752500,4,0.6307,1.7825,0.0476,85.0,yf_premarket,0.12601206629735123,0.6289933694996986,0.06855549031121551,0.8,4.0,strong ✓,0.0,6.2813,,,new,09:24:46,2026-07-07 09:24:46
KURA,11.04,11.04,0.0,0.726,1860710,2,0.8482,0.5,0.0453,80.2,yf_premarket,0.08141386502792293,0.8474984930681133,0.06517909571344686,0.4,4.0,strong ✓,0.0,6.2497,,,new,09:24:46,2026-07-07 09:24:46
VCEL,46.38,46.56,-0.0039,0.6522,798690,2,0.8553,1.914,0.0411,83.5,yf_premarket,0.07313791015318366,0.8546313039983926,0.05901350557839107,0.4,4.0,strong ✓,0.0,6.2485,,,new,09:24:46,2026-07-07 09:24:46
KVYO,17.2,17.0,0.0118,0.9648,6454510,5,0.9707,0.8166,0.048,75.1,yf_premarket,0.10819297104537196,0.9705645971468756,0.06914268937169701,1.0,3.0,good,0.01191919191919192,6.1559,,,new,09:24:46,2026-07-07 09:24:46
SEER,2.1504,2.19,-0.0181,7.7183,3773740,1,0.8101,0.0772,0.0353,77.6,yf_premarket,0.8655325543319802,0.8092224231464739,0.05049911920140927,0.2,3.0,good,0.0,6.142,,,new,09:24:46,2026-07-07 09:24:46
CRTO,23.08,23.17,-0.0039,4.6211,579820,4,0.7594,1.3551,0.0585,75.3,yf_premarket,0.5182115863368246,0.758288125376733,0.08455666470933647,0.8,3.0,good,0.0,6.1362,,,new,09:24:46,2026-07-07 09:24:46
IMVT,39.0,38.6,0.0104,0.6151,1733710,2,0.7961,1.3623,0.0353,80.6,yf_premarket,0.06897750465382285,0.7951577255374724,0.05049911920140927,0.4,4.0,strong ✓,0.010505050505050505,6.1348,,,new,09:24:46,2026-07-07 09:24:46
GTLB,33.3,32.85,0.0137,0.6167,4648230,5,0.9871,1.4685,0.0447,71.5,yf_premarket,0.06915692914975216,0.987040385774563,0.0642982971227246,1.0,3.0,good,0.013838383838383839,6.1307,,,new,09:24:46,2026-07-07 09:24:46
CLDX,37.75,37.95,-0.0053,0.2965,1586360,2,0.8246,1.69,0.0445,81.2,yf_premarket,0.033249601901899656,0.8237894313843681,0.06400469759248385,0.4,4.0,strong ✓,0.0,6.1295,,,new,09:24:46,2026-07-07 09:24:46
CERT,7.24,7.13,0.0154,1.1837,5473720,5,0.9264,0.4125,0.0579,78.8,yf_premarket,0.13274048489470022,0.926059875426964,0.0836758661186142,1.0,3.0,good,0.015555555555555557,6.1164,,,new,09:24:46,2026-07-07 09:24:46
HSTM,29.07,29.07,0.0,0.8467,240810,5,0.9743,0.963,0.0331,75.6,yf_premarket,0.09494920043959001,0.9741812336749046,0.04726952436876101,1.0,3.0,good,0.0,6.1144,,,new,09:24:46,2026-07-07 09:24:46
BIOA,24.5299,24.84,-0.0125,0.3881,907680,2,0.7915,1.5524,0.0625,83.6,yf_premarket,0.04352165429385246,0.7905364677516576,0.0904286553141515,0.4,4.0,strong ✓,0.0,6.0916,,,new,09:24:46,2026-07-07 09:24:46
AAL,17.7135,17.75,-0.0021,0.8723,163757330,3,0.6568,0.707,0.0398,83.4,yf_premarket,0.09781999237445892,0.6552139843279084,0.05710510863182619,0.6,4.0,strong ✓,0.0,6.0857,,,new,09:24:46,2026-07-07 09:24:46
ING,32.69,32.96,-0.0082,0.5561,4344650,5,0.987,0.418,0.0127,74.6,yf_premarket,0.06236122636642968,0.9869399236487844,0.017322372284204343,1.0,3.0,good,0.0,6.0761,,,new,09:24:46,2026-07-07 09:24:46
CNTA,40.5,40.5,0.0,0.0,2745033,1,0.9333,0.155,0.0038,87.7,prev_close,0.0,0.9329917621056861,0.004257193188490898,0.2,4.0,strong ✓,0.0,6.0681,,,new,09:24:46,2026-07-07 09:24:46
NCNO,18.14,18.14,0.0,0.5216,5030840,5,0.9708,0.855,0.0471,71.8,yf_premarket,0.05849238567295399,0.9706650592726542,0.06782149148561363,1.0,3.0,good,0.0,6.063,,,new,09:24:46,2026-07-07 09:24:46
HCAT,2.25,2.29,-0.0175,0.3995,2102070,5,0.9701,0.1727,0.0754,78.2,yf_premarket,0.04480005382734878,0.9699618243922041,0.10936582501467997,1.0,3.0,good,0.0,6.0618,,,new,09:24:46,2026-07-07 09:24:46
CCIX,10.95,10.94,0.0009,0.2432,367250,4,0.6087,0.0625,0.0057,86.1,yf_premarket,0.027272523381254625,0.6068917018284107,0.007046388725778039,0.8,4.0,strong ✓,0.0009090909090909091,6.0596,,,new,09:24:46,2026-07-07 09:24:46
VKTX,38.54,38.71,-0.0044,0.5742,3695980,2,0.7528,2.5861,0.0668,81.3,yf_premarket,0.06439096597662997,0.7516576250753466,0.09674104521432765,0.4,4.0,strong ✓,0.0,6.0483,,,new,09:24:46,2026-07-07 09:24:46
DFIN,46.25,46.25,0.0,0.8399,312410,5,0.9397,1.7368,0.0376,78.4,yf_premarket,0.09418664633189046,0.9394213381555153,0.053875513799177925,1.0,3.0,good,0.0,6.0471,,,new,09:24:46,2026-07-07 09:24:46
FIGR,33.7,34.41,-0.0206,0.8722,5390030,5,0.919,2.4275,0.0705,71.0,yf_premarket,0.09780877834346333,0.918625678119349,0.10217263652378156,1.0,3.0,good,0.0,6.0351,,,new,09:24:46,2026-07-07 09:24:46
USPH,73.38,73.38,0.0,1.2932,250780,4,0.9976,2.277,0.031,73.1,yf_premarket,0.14501984883486216,0.9975889089813141,0.044186729301233116,0.8,3.0,good,0.0,6.0348,,,new,09:24:46,2026-07-07 09:24:46
FOUR,51.04,51.38,-0.0066,0.6308,1854660,5,0.9433,2.883,0.0561,76.2,yf_premarket,0.07073810752012918,0.9430379746835443,0.08103347034644744,1.0,3.0,good,0.0,6.0327,,,new,09:24:46,2026-07-07 09:24:46
CBC,31.32,31.79,-0.0148,1.7135,847740,4,0.9608,0.8891,0.028,75.5,yf_premarket,0.19215242110929193,0.960618846694796,0.03978273634762184,0.8,3.0,good,0.0,6.0294,,,new,09:24:46,2026-07-07 09:24:46
VITL,12.76,12.84,-0.0062,0.6645,2437630,5,0.939,0.6663,0.0519,74.1,yf_premarket,0.07451723596564021,0.9387181032750652,0.07486788021139167,1.0,3.0,good,0.0,6.0266,,,new,09:24:46,2026-07-07 09:24:46
LZ,7.14,7.04,0.0142,1.021,2835780,5,0.8966,0.3295,0.0468,73.3,yf_premarket,0.11449525646488885,0.8961221619449466,0.0673810921902525,1.0,3.0,good,0.014343434343434344,6.0192,,,new,09:24:46,2026-07-07 09:24:46
AGIO,37.39,37.39,0.0,0.3994,1192070,2,0.7574,1.416,0.0379,88.2,yf_premarket,0.04478883979635319,0.7562788828611613,0.05431591309453905,0.4,4.0,strong ✓,0.0,6.0069,,,new,09:24:46,2026-07-07 09:24:46
KMTS,27.88,27.88,0.0,1.0682,543820,4,0.988,1.9318,0.0693,77.4,yf_premarket,0.11978827909480341,0.9879445449065702,0.10041103934233706,0.8,3.0,good,0.0,6.0058,,,new,09:24:46,2026-07-07 09:24:46
BEN,34.44,34.44,0.0,0.8008,4484490,5,0.9148,1.0121,0.0294,71.9,yf_premarket,0.08980196021261802,0.9144062688366486,0.0418379330593071,1.0,3.0,good,0.0,5.9844,,,new,09:24:46,2026-07-07 09:24:46
ACAD,25.39,25.77,-0.0147,0.532,2170960,2,0.7308,0.994,0.0386,87.9,yf_premarket,0.059658644896494493,0.7295559574040587,0.05534351145038168,0.4,4.0,strong ✓,0.0,5.9763,,,new,09:24:46,2026-07-07 09:24:46
BOX,28.47,28.35,0.0042,0.8798,2263390,4,0.9885,1.0026,0.0354,72.2,yf_premarket,0.09866104469912755,0.9884468555354632,0.05064591896652965,0.8,3.0,good,0.004242424242424242,5.9566,,,new,09:24:46,2026-07-07 09:24:46
UTI,49.93,49.93,-0.0,1.2123,934860,4,0.96,2.125,0.0426,79.8,yf_premarket,0.1359476977594366,0.9598151496885674,0.06121550205519671,0.8,3.0,good,-0.0,5.9542,,,new,09:24:46,2026-07-07 09:24:46
OPRX,6.23,6.35,-0.0189,0.3868,658420,5,0.9235,0.372,0.0586,70.9,yf_premarket,0.0433758718909099,0.9231464737793852,0.08470346447445684,1.0,3.0,good,0.0,5.9537,,,new,09:24:46,2026-07-07 09:24:46
DV,11.75,11.67,0.0069,1.146,4933030,4,0.9619,0.4316,0.037,72.1,yf_premarket,0.12851279520936593,0.9617239300783604,0.05299471520845567,0.8,3.0,good,0.0069696969696969695,5.9532,,,new,09:24:46,2026-07-07 09:24:46
HMC,28.9058,29.63,-0.0244,1.0189,2220990,4,0.9855,0.359,0.0121,74.7,yf_premarket,0.11425976181398163,0.9854329917621057,0.01644157369348209,0.8,3.0,good,0.0,5.9505,,,new,09:24:46,2026-07-07 09:24:46
NAVN,26.49,26.3,0.0072,0.6821,5431940,4,0.9907,1.4418,0.0548,76.9,yf_premarket,0.07649090542086258,0.9906570223025919,0.07912507339988256,0.8,3.0,good,0.007272727272727273,5.9465,,,new,09:24:46,2026-07-07 09:24:46
MNTN,11.01,11.39,-0.0334,0.8104,2174180,4,0.9787,0.7805,0.0685,73.5,yf_premarket,0.09087850718819386,0.9786015672091621,0.09923664122137406,0.8,3.0,good,0.0,5.9431,,,new,09:24:46,2026-07-07 09:24:46
ERAS,18.85,18.85,-0.0,0.6695,6780520,4,0.9923,1.1868,0.063,78.0,yf_premarket,0.07507793751541929,0.9922644163150491,0.09116265413975337,0.8,3.0,good,-0.0,5.9427,,,new,09:24:46,2026-07-07 09:24:46
SMMT,15.88,15.93,-0.0031,0.7077,5535340,4,0.9955,0.634,0.0398,74.1,yf_premarket,0.07936169735573148,0.9954792043399638,0.05710510863182619,0.8,3.0,good,0.0,5.9386,,,new,09:24:46,2026-07-07 09:24:46
TREE,45.87,45.87,0.0,0.449,373260,5,0.91,2.324,0.0507,73.8,yf_premarket,0.050350999170161705,0.9095840867992767,0.07310628302994715,1.0,3.0,good,0.0,5.9312,,,new,09:24:46,2026-07-07 09:24:46
CCC,5.8047,5.69,0.0202,0.7357,10289610,4,0.9669,0.3049,0.0536,74.9,yf_premarket,0.08250162603449436,0.9667470363672895,0.07736347621843806,0.8,3.0,good,0.020404040404040404,5.9265,,,new,09:24:46,2026-07-07 09:24:46
OPRA,20.24,20.54,-0.0146,0.7664,360760,4,0.9855,0.741,0.0361,72.5,yf_premarket,0.08594433355013792,0.9854329917621057,0.051673517322372284,0.8,3.0,good,0.0,5.9256,,,new,09:24:46,2026-07-07 09:24:46
BCS,28.27,28.41,-0.0049,0.8028,4390580,4,0.9895,0.395,0.0139,76.6,yf_premarket,0.09002624083252965,0.989451476793249,0.019083969465648852,0.8,3.0,good,0.0,5.9235,,,new,09:24:46,2026-07-07 09:24:46
AGNC,11.1588,11.17,-0.001,1.1714,18010120,4,0.9516,0.1898,0.017,78.5,yf_premarket,0.1313611590822437,0.9513763311231666,0.023634762184380504,0.8,3.0,good,0.0,5.9116,,,new,09:24:46,2026-07-07 09:24:46
DNLI,25.74,25.74,0.0,0.6399,2073790,2,0.6778,1.0535,0.0409,83.9,yf_premarket,0.07175858434072711,0.6763110307414104,0.05871990604815032,0.4,4.0,strong ✓,0.0,5.8896,,,new,09:24:46,2026-07-07 09:24:46
TENX,16.59,16.26,0.0203,0.9094,1669950,4,0.9263,1.1755,0.0723,75.9,yf_premarket,0.10198039787381971,0.9259594133011855,0.10481503229594832,0.8,3.0,good,0.020505050505050505,5.8881,,,new,09:24:46,2026-07-07 09:24:46
ASMB,28.895,28.9,-0.0002,0.4806,373320,4,0.98,1.872,0.0648,73.5,yf_premarket,0.053894632964765515,0.9799075748442837,0.09380504991192014,0.8,3.0,good,0.0,5.8876,,,new,09:24:46,2026-07-07 09:24:46
CRBG,31.26,30.81,0.0146,0.9263,4218870,4,0.9443,0.875,0.0284,71.2,yf_premarket,0.10387556911207302,0.9440425959413301,0.040369935408103345,0.8,3.0,good,0.014747474747474747,5.8862,,,new,09:24:46,2026-07-07 09:24:46
CMPX,2.2936,2.29,0.0016,0.724,3427870,4,0.9649,0.0995,0.0434,70.3,yf_premarket,0.0811895844080113,0.9647377938517179,0.06238990017615972,0.8,3.0,good,0.0016161616161616162,5.8849,,,new,09:24:46,2026-07-07 09:24:46
WU,7.96,7.98,-0.0025,0.7968,7584710,4,0.964,0.201,0.0252,75.6,yf_premarket,0.08935339897279475,0.9638336347197106,0.03567234292425132,0.8,3.0,good,0.0,5.8795,,,new,09:24:46,2026-07-07 09:24:46
WSE,12.97,13.14,-0.0129,0.63,1717450,4,0.9752,0.4,0.0304,75.7,yf_premarket,0.07064839527216453,0.9750853928069118,0.04330593071051086,0.8,3.0,good,0.0,5.8778,,,new,09:24:46,2026-07-07 09:24:46
DOCS,23.17,22.86,0.0136,0.8618,4262100,4,0.9424,0.892,0.039,70.1,yf_premarket,0.09664251911992285,0.9421338155515371,0.05593071051086319,0.8,3.0,good,0.013737373737373737,5.8778,,,new,09:24:46,2026-07-07 09:24:46
QTWO,53.75,53.41,0.0064,0.4994,988450,4,0.976,2.358,0.0441,74.9,yf_premarket,0.05600287079193487,0.9758890898131404,0.06341749853200235,0.8,3.0,good,0.006464646464646465,5.8772,,,new,09:24:46,2026-07-07 09:24:46
FLGT,21.09,21.39,-0.014,0.6658,285660,4,0.9707,0.7027,0.0329,77.0,yf_premarket,0.07466301836858276,0.9705645971468756,0.046975924838520255,0.8,3.0,good,0.0,5.8766,,,new,09:24:46,2026-07-07 09:24:46
BETA,19.01,19.0,0.0005,0.7933,1571760,4,0.9506,0.9786,0.0515,71.7,yf_premarket,0.0889609078879494,0.9503717098653808,0.07428068115091016,0.8,3.0,good,0.000505050505050505,5.8721,,,new,09:24:46,2026-07-07 09:24:46
AOUT,14.69,14.28,0.0287,1.0152,320240,4,0.8981,1.1915,0.0834,70.8,yf_premarket,0.11384484266714513,0.8976290938316255,0.12110980622431004,0.8,3.0,good,0.02898989898989899,5.8701,,,new,09:24:46,2026-07-07 09:24:46
WEAV,6.8,6.7,0.0149,0.7343,1173700,4,0.9454,0.3035,0.0453,76.1,yf_premarket,0.0823446296005562,0.9451476793248945,0.06517909571344686,0.8,3.0,good,0.01505050505050505,5.869,,,new,09:24:46,2026-07-07 09:24:46
NWG,18.31,18.37,-0.0033,0.4425,6248510,4,0.9808,0.281,0.0153,77.2,yf_premarket,0.04962208715544889,0.9807112718505123,0.021139166177334114,0.8,3.0,good,0.0,5.8464,,,new,09:24:46,2026-07-07 09:24:46
RDNT,68.92,68.92,0.0,0.9531,1176750,4,0.9246,2.9195,0.0424,75.9,yf_premarket,0.1068809294188889,0.9242515571629495,0.06092190252495596,0.8,3.0,good,0.0,5.8393,,,new,09:24:46,2026-07-07 09:24:46
EQH,46.51,47.48,-0.0204,0.6509,4070340,4,0.955,1.2264,0.0258,70.6,yf_premarket,0.0729921277502411,0.9547920433996383,0.036553141514973575,0.8,3.0,good,0.0,5.8373,,,new,09:24:46,2026-07-07 09:24:46
PHR,11.0,11.1,-0.009,0.6698,1258230,4,0.9441,0.5101,0.046,75.1,yf_premarket,0.07511157960840603,0.943841671689773,0.06620669406928949,0.8,3.0,good,0.0,5.8335,,,new,09:24:46,2026-07-07 09:24:46
PACS,44.26,45.0,-0.0164,1.092,1202430,4,0.9032,2.173,0.0483,78.1,yf_premarket,0.12245721847175185,0.9027526622463331,0.06958308866705813,0.8,3.0,good,0.0,5.824,,,new,09:24:46,2026-07-07 09:24:46
HDB,27.1807,27.4,-0.008,1.604,8006910,3,0.9699,0.529,0.0193,79.4,yf_premarket,0.17987305716913002,0.969760900140647,0.027011156782149146,0.6,3.0,good,0.0,5.8228,,,new,09:24:46,2026-07-07 09:24:46
AVO,13.1,13.29,-0.0143,1.2076,1585830,3,0.9952,0.4989,0.0375,71.1,yf_premarket,0.13542063830264425,0.995177817962628,0.053728714034057545,0.6,3.0,good,0.0,5.8204,,,new,09:24:46,2026-07-07 09:24:46
GDRX,3.08,3.08,0.0,1.0209,1234500,4,0.9062,0.154,0.05,71.3,yf_premarket,0.11448404243389328,0.9057665260196905,0.07207868467410453,0.8,3.0,good,0.0,5.8193,,,new,09:24:46,2026-07-07 09:24:46
ARDT,10.82,10.82,0.0,1.1027,583460,4,0.9032,0.4025,0.0372,75.3,yf_premarket,0.12365711978827909,0.9027526622463331,0.05328831473869641,0.8,3.0,good,0.0,5.8176,,,new,09:24:46,2026-07-07 09:24:46
RLI,62.13,61.78,0.0057,0.9406,1022680,4,0.916,1.492,0.0242,77.1,yf_premarket,0.1054791755444412,0.9156118143459916,0.03420434527304756,0.8,3.0,good,0.005757575757575758,5.8152,,,new,09:24:46,2026-07-07 09:24:46
OLMA,12.77,12.77,-0.0,0.5262,2427950,4,0.9377,0.826,0.0647,77.8,yf_premarket,0.05900823109875075,0.9374120956399438,0.09365825014679975,0.8,3.0,good,-0.0,5.8102,,,new,09:24:46,2026-07-07 09:24:46
VIA,19.35,19.34,0.0005,0.6518,1698620,4,0.9267,1.191,0.0616,77.1,yf_premarket,0.07309305402920134,0.9263612618042998,0.08910745742806812,0.8,3.0,good,0.000505050505050505,5.8077,,,new,09:24:46,2026-07-07 09:24:46
DCTH,13.87,13.48,0.0289,0.8848,543750,4,0.8912,0.5788,0.0429,72.4,yf_premarket,0.09922174624890663,0.8906972071529033,0.06165590135055784,0.8,3.0,good,0.02919191919191919,5.8048,,,new,09:24:46,2026-07-07 09:24:46
TFSL,17.89,17.87,0.0011,0.7868,893250,4,0.9231,0.319,0.0179,70.4,yf_premarket,0.08823199587323659,0.9227446252762709,0.024955960070463884,0.8,3.0,good,0.0011111111111111111,5.792,,,new,09:24:46,2026-07-07 09:24:46
UGP,5.41,5.41,0.0,1.2187,2337080,3,0.9839,0.121,0.0224,70.6,yf_premarket,0.1366653957431538,0.9838255977496484,0.031561949500880794,0.6,3.0,good,0.0,5.7884,,,new,09:24:46,2026-07-07 09:24:46
PSO,16.6,16.54,0.0036,1.1398,730390,4,0.8901,0.228,0.0138,71.6,yf_premarket,0.12781752528763987,0.8895921237693389,0.01893716970052848,0.8,3.0,good,0.0036363636363636364,5.7858,,,new,09:24:46,2026-07-07 09:24:46
NIQ,9.82,9.82,0.0,0.8847,1402650,4,0.899,0.501,0.051,73.0,yf_premarket,0.09921053221791105,0.8985332529636327,0.07354668232530827,0.8,3.0,good,0.0,5.7827,,,new,09:24:46,2026-07-07 09:24:46
TOST,29.74,29.48,0.0088,0.5233,18966630,4,0.9229,1.1787,0.04,79.3,yf_premarket,0.058683024199878885,0.9225437010247137,0.05739870816206694,0.8,3.0,good,0.008888888888888889,5.7751,,,new,09:24:46,2026-07-07 09:24:46
OFIX,11.18,11.57,-0.0337,2.004,518720,3,0.9007,0.584,0.0505,71.6,yf_premarket,0.22472918115145668,0.9002411091018685,0.0728126834997064,0.6,3.0,good,0.0,5.774,,,new,09:24:46,2026-07-07 09:24:46
NLY,22.96,22.99,-0.0013,0.9633,9916300,3,0.9938,0.353,0.0154,78.1,yf_premarket,0.10802476058043824,0.993771348201728,0.021285965942454493,0.6,3.0,good,0.0,5.7602,,,new,09:24:46,2026-07-07 09:24:46
CGEN,2.41,2.36,0.0212,1.2086,273780,3,0.9487,0.085,0.036,75.8,yf_premarket,0.13553277861260007,0.9484629294755876,0.051526717557251904,0.6,3.0,good,0.021414141414141413,5.7581,,,new,09:24:46,2026-07-07 09:24:46
NRDS,9.45,9.48,-0.0032,0.7236,769360,4,0.9053,0.3415,0.036,72.3,yf_premarket,0.08114472828402898,0.9048623668876833,0.051526717557251904,0.8,3.0,good,0.0,5.7572,,,new,09:24:46,2026-07-07 09:24:46
RBLX,57.19,57.03,0.0028,0.6593,11925380,4,0.898,3.1442,0.0551,70.6,yf_premarket,0.07393410635386996,0.897528631705847,0.0795654726952437,0.8,3.0,good,0.0028282828282828283,5.75,,,new,09:24:46,2026-07-07 09:24:46
CTKB,4.7373,4.62,0.0254,0.6953,1504780,4,0.8808,0.212,0.0459,70.1,yf_premarket,0.07797115751227936,0.8802491460719309,0.06605989430416911,0.8,3.0,good,0.025656565656565655,5.749,,,new,09:24:46,2026-07-07 09:24:46
TDOC,9.2,9.29,-0.0097,0.9111,4941400,4,0.8777,0.453,0.0488,79.1,yf_premarket,0.10217103640074461,0.8771348201727949,0.07031708749266001,0.8,3.0,good,0.0,5.7427,,,new,09:24:46,2026-07-07 09:24:46
ADMA,9.16,9.16,0.0,0.7176,3651540,3,0.9894,0.3415,0.0373,71.1,yf_premarket,0.08047188642429408,0.9893510146674703,0.05343511450381679,0.6,3.0,good,0.0,5.7261,,,new,09:24:46,2026-07-07 09:24:46
PAR,18.45,18.54,-0.0049,1.0854,1487150,4,0.8545,0.856,0.0462,73.9,yf_premarket,0.12171709242604345,0.853827606992164,0.06650029359953023,0.8,3.0,good,0.0,5.7235,,,new,09:24:46,2026-07-07 09:24:46
FORR,9.63,9.63,-0.0,0.3257,286810,4,0.9033,0.728,0.0756,76.0,yf_premarket,0.0365240989526095,0.9028531243721117,0.10965942454492072,0.8,3.0,good,-0.0,5.7153,,,new,09:24:46,2026-07-07 09:24:46
IAC,46.75,46.75,0.0,0.8014,1035689,3,0.9777,1.449,0.031,72.9,prev_close,0.08986924439859151,0.9775969459513764,0.044186729301233116,0.6,3.0,good,0.0,5.7121,,,new,09:24:46,2026-07-07 09:24:46
SRPT,19.13,19.18,-0.0026,0.5847,4868720,4,0.8828,0.966,0.0504,76.4,yf_premarket,0.06556843923116602,0.8822583885875025,0.07266588373458603,0.8,3.0,good,0.0,5.6992,,,new,09:24:46,2026-07-07 09:24:46
TRUP,26.8787,26.87,0.0003,0.7437,409860,3,0.9723,1.0603,0.0395,72.8,yf_premarket,0.08339874851414089,0.972171991159333,0.056664709336465065,0.6,3.0,good,0.00030303030303030303,5.6982,,,new,09:24:46,2026-07-07 09:24:46
CHYM,21.5807,21.45,0.0061,0.7195,7799530,3,0.9624,1.2805,0.0597,73.7,yf_premarket,0.08068495301321013,0.9622262407072534,0.08631826189078098,0.6,3.0,good,0.006161616161616162,5.6979,,,new,09:24:46,2026-07-07 09:24:46
INSP,49.2,49.45,-0.0051,0.8584,1357230,3,0.9604,2.0588,0.0416,72.2,yf_premarket,0.09626124206607307,0.9602169981916817,0.05974750440399295,0.6,3.0,good,0.0,5.6947,,,new,09:24:46,2026-07-07 09:24:46
GFL,40.3762,40.49,-0.0028,1.6406,4999150,3,0.8939,1.2156,0.03,75.2,yf_premarket,0.1839773925135129,0.8934096845489251,0.04271873165002935,0.6,3.0,good,0.0,5.6841,,,new,09:24:46,2026-07-07 09:24:46
USB,63.0,62.83,0.0027,0.8891,9715820,3,0.9584,1.1084,0.0176,71.1,yf_premarket,0.09970394958171663,0.9582077556761102,0.02451556077510276,0.6,3.0,good,0.0027272727272727275,5.6823,,,new,09:24:46,2026-07-07 09:24:46
CARS,11.4,11.4,0.0,0.7447,784660,4,0.8646,0.411,0.0361,77.6,yf_premarket,0.08351088882409671,0.8639742816958007,0.051673517322372284,0.8,3.0,good,0.0,5.6791,,,new,09:24:46,2026-07-07 09:24:46
AVR,10.57,10.57,0.0,1.2013,1954400,5,0.7155,0.7065,0.0668,70.2,yf_premarket,0.13471415434992262,0.7141852521599357,0.09674104521432765,1.0,3.0,good,0.0,5.6788,,,new,09:24:46,2026-07-07 09:24:46
LMRI,12.4,12.7,-0.0236,0.6385,807110,3,0.9607,0.8033,0.0633,73.5,yf_premarket,0.07160158790678896,0.9605183845690175,0.09160305343511449,0.6,3.0,good,0.0,5.6742,,,new,09:24:46,2026-07-07 09:24:46
OI,10.05,10.04,0.001,0.4912,2822290,3,0.982,0.349,0.0348,70.0,yf_premarket,0.05508332025029717,0.9819168173598554,0.049765120375807395,0.6,3.0,good,0.00101010101010101,5.6729,,,new,09:24:46,2026-07-07 09:24:46
FATE,3.04,2.99,0.0167,0.5066,6700020,4,0.8429,0.319,0.1067,72.9,yf_premarket,0.05681028102361675,0.8421740004018485,0.1553141514973576,0.8,3.0,good,0.01686868686868687,5.6725,,,new,09:24:46,2026-07-07 09:24:46
AMN,35.77,35.77,-0.0,1.2048,958280,3,0.9205,1.447,0.0405,75.3,yf_premarket,0.13510664543476797,0.9201326100060278,0.05813270698766882,0.6,3.0,good,-0.0,5.672,,,new,09:24:46,2026-07-07 09:24:46
STTK,7.19,7.24,-0.0069,0.4539,2430930,4,0.8615,0.6604,0.0912,75.1,yf_premarket,0.05090048668894521,0.8608599557966647,0.13256018790369936,0.8,3.0,good,0.0,5.6644,,,new,09:24:46,2026-07-07 09:24:46
IRWD,4.5,4.38,0.0274,1.073,2788390,3,0.9,0.25,0.0571,73.2,yf_premarket,0.12032655258259133,0.8995378742214185,0.0825014679976512,0.6,3.0,good,0.027676767676767678,5.6623,,,new,09:24:46,2026-07-07 09:24:46
HROW,45.46,44.93,0.0118,1.083,874950,3,0.9134,2.062,0.0459,75.7,yf_premarket,0.12144795568214949,0.9129997990757485,0.06605989430416911,0.6,3.0,good,0.01191919191919192,5.6591,,,new,09:24:46,2026-07-07 09:24:46
CERS,3.2725,3.28,-0.0023,1.2911,3626620,4,0.8,0.184,0.0561,78.6,yf_premarket,0.14478435418395494,0.7990757484428371,0.08103347034644744,0.8,3.0,good,0.0,5.6558,,,new,09:24:46,2026-07-07 09:24:46
ANNX,6.09,5.96,0.0218,1.1832,5729490,3,0.8874,0.404,0.0678,74.9,yf_premarket,0.13268441473972234,0.8868796463733172,0.0982090428655314,0.6,3.0,good,0.02202020202020202,5.6549,,,new,09:24:46,2026-07-07 09:24:46
WSBC,40.15,40.15,-0.0,0.5571,1569640,3,0.9736,0.799,0.0199,74.4,yf_premarket,0.06247336667638549,0.9734779987944545,0.0278919553728714,0.6,3.0,good,-0.0,5.6546,,,new,09:24:46,2026-07-07 09:24:46
CFG,71.94,72.11,-0.0024,1.0251,4588950,3,0.934,1.4731,0.0204,71.5,yf_premarket,0.1149550317357077,0.9336949969861362,0.02862595419847328,0.6,3.0,good,0.0,5.6541,,,new,09:24:46,2026-07-07 09:24:46
MDLN,42.37,42.75,-0.0089,0.7903,9434730,3,0.9414,1.5475,0.0362,74.4,yf_premarket,0.08862448695808195,0.9411291942937513,0.051820317087492664,0.6,3.0,good,0.0,5.6411,,,new,09:24:46,2026-07-07 09:24:46
SLP,18.9,18.36,0.0294,0.5103,667630,3,0.4483,0.163,0.0089,89.2,yf_premarket,0.057225200170453266,0.445750452079566,0.011743981209630064,0.6,4.0,strong ✓,0.029696969696969697,5.6278,,,new,09:24:46,2026-07-07 09:24:46
LINC,54.2262,54.11,0.0021,1.1915,519030,3,0.8932,2.354,0.0435,73.7,yf_premarket,0.13361517931235561,0.892706449668475,0.0625366999412801,0.6,3.0,good,0.002121212121212121,5.6203,,,new,09:24:46,2026-07-07 09:24:46
HEPS,2.98,2.98,-0.0,0.9482,279490,3,0.92,0.0846,0.0284,71.4,yf_premarket,0.1063314419001054,0.9196302993771348,0.040369935408103345,0.6,3.0,good,-0.0,5.6189,,,new,09:24:46,2026-07-07 09:24:46
JAN,29.59,29.38,0.0071,0.6431,2028350,4,0.8364,1.018,0.0346,79.5,yf_premarket,0.07211743333258573,0.8356439622262407,0.04947152084556665,0.8,3.0,good,0.007171717171717172,5.615,,,new,09:24:46,2026-07-07 09:24:46
AMCR,44.67,44.62,0.0011,0.9351,3322710,3,0.9172,1.024,0.0229,76.6,yf_premarket,0.1048624038396842,0.9168173598553345,0.03229594832648267,0.6,3.0,good,0.0011111111111111111,5.6087,,,new,09:24:46,2026-07-07 09:24:46
HG,35.16,34.47,0.02,0.6232,607960,3,0.9271,0.8653,0.0251,72.0,yf_premarket,0.06988584116446497,0.9267631103074141,0.035525543159130944,0.6,3.0,good,0.020202020202020204,5.6064,,,new,09:24:46,2026-07-07 09:24:46
MDXG,4.05,4.07,-0.0049,0.6319,1409360,3,0.9362,0.137,0.0337,77.6,yf_premarket,0.07086146186108058,0.935905163753265,0.048150322959483266,0.6,3.0,good,0.0,5.6022,,,new,09:24:46,2026-07-07 09:24:46
KMPR,28.8,28.8,0.0,0.6469,1828490,3,0.9337,0.999,0.0347,73.7,yf_premarket,0.07254356651041784,0.9333936106088004,0.04961832061068703,0.6,3.0,good,0.0,5.6004,,,new,09:24:46,2026-07-07 09:24:46
COLD,16.12,16.12,-0.0,1.1311,5053380,3,0.8896,0.4804,0.0298,75.2,yf_premarket,0.1268419045910243,0.889089813140446,0.04242513211978861,0.6,3.0,good,-0.0,5.5897,,,new,09:24:46,2026-07-07 09:24:46
FHTX,5.05,5.05,-0.0,1.018,353940,4,0.7868,0.3245,0.0643,71.6,yf_premarket,0.11415883553502142,0.7858147478400643,0.09307105108631826,0.8,3.0,good,-0.0,5.5894,,,new,09:24:46,2026-07-07 09:24:46
ARVN,8.5,8.45,0.0059,0.6554,940790,4,0.8151,0.425,0.0503,75.7,yf_premarket,0.07349675914504226,0.8142455294354028,0.07251908396946564,0.8,3.0,good,0.00595959595959596,5.5839,,,new,09:24:46,2026-07-07 09:24:46
JBLU,6.06,6.06,0.0,1.2699,30111630,4,0.7667,0.325,0.0536,70.0,yf_premarket,0.14240697961289164,0.7656218605585695,0.07736347621843806,0.8,3.0,good,0.0,5.5835,,,new,09:24:46,2026-07-07 09:24:46
HBT,32.57,32.57,0.0,0.7189,278610,4,0.8193,0.7762,0.0238,70.4,yf_premarket,0.08061766882723663,0.8184649387181033,0.033617146212566056,0.8,3.0,good,0.0,5.5747,,,new,09:24:46,2026-07-07 09:24:46
EBC,22.71,22.71,0.0,0.6349,3116250,3,0.9268,0.46,0.0203,74.5,yf_premarket,0.07119788279094803,0.9264617239300783,0.028479154433352902,0.6,3.0,good,0.0,5.574,,,new,09:24:46,2026-07-07 09:24:46
IBN,30.08,30.08,0.0,1.7098,7967180,2,0.9383,0.406,0.0135,76.4,yf_premarket,0.1917375019624554,0.9380148683946152,0.01849677040516735,0.4,3.0,good,0.0,5.5729,,,new,09:24:46,2026-07-07 09:24:46
ACT,45.91,45.69,0.0048,0.6199,321650,3,0.9234,0.9454,0.0207,79.1,yf_premarket,0.06951577814161078,0.9230460116536066,0.029066353493834407,0.6,3.0,good,0.0048484848484848485,5.5722,,,new,09:24:46,2026-07-07 09:24:46
SIBN,17.44,17.68,-0.0136,0.5688,727820,3,0.9207,0.759,0.0429,71.2,yf_premarket,0.06378540830286854,0.9203335342575848,0.06165590135055784,0.6,3.0,good,0.0,5.5672,,,new,09:24:46,2026-07-07 09:24:46
ACHC,31.1952,31.09,0.0034,0.5657,4417920,4,0.8109,1.497,0.0482,76.1,yf_premarket,0.06343777334200551,0.8100261201527024,0.06943628890193776,0.8,3.0,good,0.0034343434343434343,5.5551,,,new,09:24:46,2026-07-07 09:24:46
CTMX,3.86,3.81,0.0131,0.4446,7197930,3,0.9053,0.2437,0.064,77.4,yf_premarket,0.04985758180635611,0.9048623668876833,0.09263065179095714,0.6,3.0,good,0.013232323232323233,5.5507,,,new,09:24:46,2026-07-07 09:24:46
ODD,17.15,17.35,-0.0115,0.6066,1986950,3,0.8956,1.2455,0.0718,75.8,yf_premarket,0.06802431201919842,0.8951175406871609,0.10408103347034645,0.6,3.0,good,0.0,5.5443,,,new,09:24:46,2026-07-07 09:24:46
OGN,13.54,13.56,-0.0015,1.8901,2267490,3,0.8095,0.0634,0.0047,71.4,yf_premarket,0.21195639984748915,0.8086196503918023,0.005578391074574281,0.6,3.0,good,0.0,5.538,,,new,09:24:46,2026-07-07 09:24:46
ABSI,11.5398,11.54,-0.0,0.5015,10902050,3,0.8901,1.1737,0.1017,78.3,yf_premarket,0.056238365442842074,0.8895921237693389,0.1479741632413388,0.6,3.0,good,-0.0,5.5375,,,new,09:24:46,2026-07-07 09:24:46
SHC,17.86,17.86,-0.0,0.7211,2758570,3,0.9002,0.4175,0.0234,73.8,yf_premarket,0.08086437750913943,0.8997387984729757,0.03302994715208456,0.6,3.0,good,-0.0,5.5373,,,new,09:24:46,2026-07-07 09:24:46
ALXO,2.18,2.19,-0.0046,0.5502,2520490,3,0.8904,0.1919,0.0876,73.6,yf_premarket,0.06169959853769036,0.8898935101466746,0.12727539635936583,0.6,3.0,good,0.0,5.536,,,new,09:24:46,2026-07-07 09:24:46
OHI,48.95,49.02,-0.0014,0.7802,2061430,3,0.8922,0.918,0.0187,70.5,yf_premarket,0.0874918698275282,0.8917018284106891,0.02613035819142689,0.6,3.0,good,0.0,5.5277,,,new,09:24:46,2026-07-07 09:24:46
DYN,22.84,22.84,-0.0,1.1661,2503700,3,0.8494,1.0814,0.0473,77.4,yf_premarket,0.13076681543947785,0.8487040385774564,0.06811509101585438,0.6,3.0,good,-0.0,5.5276,,,new,09:24:46,2026-07-07 09:24:46
FFBC,34.78,34.63,0.0043,0.6982,1213720,3,0.8934,0.712,0.0206,73.0,yf_premarket,0.07829636441115123,0.8929073739200322,0.02891955372871403,0.6,3.0,good,0.004343434343434344,5.5242,,,new,09:24:46,2026-07-07 09:24:46
ORI,41.3302,41.57,-0.0058,0.7097,1811930,3,0.8957,0.822,0.0198,74.4,yf_premarket,0.07958597797564312,0.8952180028129396,0.027745155607751027,0.6,3.0,good,0.0,5.5237,,,new,09:24:46,2026-07-07 09:24:46
DT,45.81,45.52,0.0064,0.7548,6554670,3,0.8703,1.6125,0.0354,74.4,yf_premarket,0.08464350595465045,0.8697006228651798,0.05064591896652965,0.6,3.0,good,0.006464646464646465,5.5014,,,new,09:24:46,2026-07-07 09:24:46
DSGN,15.88,14.85,0.0694,0.7735,1227460,4,0.7047,1.1288,0.076,77.1,yf_premarket,0.08674052975082422,0.7033353425758488,0.11024662360540223,0.8,3.0,good,0.07010101010101011,5.4971,,,new,09:24:46,2026-07-07 09:24:46
ADPT,21.482,21.5,-0.0008,0.6892,3664100,4,0.7706,1.1248,0.0523,72.9,yf_premarket,0.07728710162154888,0.769539883463934,0.07545507927187316,0.8,3.0,good,0.0,5.4927,,,new,09:24:46,2026-07-07 09:24:46
EVH,5.76,5.74,0.0035,0.9382,2786750,3,0.8416,0.363,0.0632,70.1,yf_premarket,0.10521003880054725,0.840867992766727,0.09145625366999413,0.6,3.0,good,0.0035353535353535356,5.4906,,,new,09:24:46,2026-07-07 09:24:46
GLBS,3.17,3.17,-0.0,0.7401,230090,3,0.8571,0.221,0.0697,70.9,yf_premarket,0.08299504339829994,0.856439622262407,0.10099823840281855,0.6,3.0,good,-0.0,5.4879,,,new,09:24:46,2026-07-07 09:24:46
SABR,2.13,2.13,-0.0,0.8262,5343670,3,0.8511,0.1336,0.0627,70.1,yf_premarket,0.09265032408549577,0.8504118947156921,0.09072225484439225,0.6,3.0,good,-0.0,5.4852,,,new,09:24:46,2026-07-07 09:24:46
FA,20.05,20.15,-0.005,1.0388,1877890,3,0.8408,0.836,0.0415,76.3,yf_premarket,0.11649135398210239,0.8400642957604982,0.059600704638872584,0.6,3.0,good,0.0,5.4847,,,new,09:24:46,2026-07-07 09:24:46
KVUE,19.61,19.56,0.0026,1.0336,24313560,3,0.8462,0.3624,0.0185,70.6,yf_premarket,0.11590822437033216,0.8454892505525416,0.02583675866118614,0.6,3.0,good,0.0026262626262626263,5.4817,,,new,09:24:46,2026-07-07 09:24:46
ESNT,64.36,64.53,-0.0026,0.3946,1097590,3,0.8986,1.441,0.0223,79.0,yf_premarket,0.044250566308565276,0.8981314044605183,0.03141514973576042,0.6,3.0,good,0.0,5.4783,,,new,09:24:46,2026-07-07 09:24:46
BRO,68.0017,68.43,-0.0063,0.787,3189010,3,0.8618,2.07,0.0302,72.8,yf_premarket,0.08825442393522775,0.8611613421740004,0.04301233118027011,0.6,3.0,good,0.0,5.4762,,,new,09:24:46,2026-07-07 09:24:46
NVST,27.51,27.51,-0.0,0.863,2486930,3,0.8566,0.684,0.0249,75.1,yf_premarket,0.09677708749186982,0.8559373116335142,0.035231943628890185,0.6,3.0,good,-0.0,5.4747,,,new,09:24:46,2026-07-07 09:24:46
TBBK,64.94,64.94,-0.0,0.7772,440700,3,0.8609,1.809,0.0279,76.2,yf_premarket,0.08715544889766075,0.8602571830419932,0.03963593658250147,0.6,3.0,good,-0.0,5.4711,,,new,09:24:46,2026-07-07 09:24:46
TEM,60.2922,60.7,-0.0067,0.675,6908120,3,0.8533,3.8767,0.0639,71.9,yf_premarket,0.07569470922017628,0.8526220614828209,0.09248385202583675,0.6,3.0,good,0.0,5.465,,,new,09:24:46,2026-07-07 09:24:46
PRGS,38.8,38.74,0.0015,0.4652,1423340,3,0.8674,2.447,0.0632,70.3,yf_premarket,0.052167672191445934,0.8667872212176009,0.09145625366999413,0.6,3.0,good,0.0015151515151515152,5.4598,,,new,09:24:46,2026-07-07 09:24:46
FLYW,18.46,18.33,0.0071,0.7422,3017720,3,0.8405,0.7865,0.0429,79.0,yf_premarket,0.08323053804920716,0.8397629093831626,0.06165590135055784,0.6,3.0,good,0.007171717171717172,5.446,,,new,09:24:46,2026-07-07 09:24:46
STUB,13.7,13.69,0.0007,0.613,10502400,2,0.9515,0.7359,0.0538,76.6,yf_premarket,0.06874201000291565,0.951275868997388,0.0776570757486788,0.4,3.0,good,0.0007070707070707071,5.4456,,,new,09:24:46,2026-07-07 09:24:46
XPEL,49.67,50.05,-0.0076,0.4431,301750,2,0.9711,1.6612,0.0332,75.3,yf_premarket,0.049689371341422386,0.9709664456499899,0.04741632413388139,0.4,3.0,good,0.0,5.4402,,,new,09:24:46,2026-07-07 09:24:46
GMAB,28.65,28.01,0.0228,1.0752,1654370,3,0.8025,0.6248,0.0223,76.3,yf_premarket,0.12057326126449412,0.8015873015873015,0.03141514973576042,0.6,3.0,good,0.023030303030303033,5.4343,,,new,09:24:46,2026-07-07 09:24:46
PCRX,25.59,25.59,-0.0,0.5849,519900,3,0.8527,0.957,0.0374,75.7,yf_premarket,0.06559086729315719,0.8520192887281495,0.05358191426893717,0.6,3.0,good,-0.0,5.4292,,,new,09:24:46,2026-07-07 09:24:46
RBB,27.28,27.28,-0.0,0.6762,298870,4,0.7448,0.8067,0.0296,72.2,yf_premarket,0.07582927759212327,0.7436206550130601,0.042131532589547854,0.8,3.0,good,-0.0,5.4221,,,new,09:24:46,2026-07-07 09:24:46
LILA,7.57,7.53,0.0053,0.6361,1508150,3,0.8276,0.4895,0.065,72.8,yf_premarket,0.07133245116289501,0.8268032951577255,0.0940986494421609,0.6,3.0,good,0.005353535353535353,5.4157,,,new,09:24:46,2026-07-07 09:24:46
SDGR,17.446,17.0,0.0262,0.5475,1795900,4,0.7169,1.183,0.0696,70.3,yf_premarket,0.061396819700809645,0.7155917219208359,0.10085143863769817,0.8,3.0,good,0.026464646464646465,5.4134,,,new,09:24:46,2026-07-07 09:24:46
PUBM,13.32,13.52,-0.0148,0.6362,680910,3,0.8377,0.6086,0.045,76.0,yf_premarket,0.07134366519389058,0.8369499698613623,0.06473869641808573,0.6,3.0,good,0.0,5.4133,,,new,09:24:46,2026-07-07 09:24:46
UVE,42.9,42.9,-0.0,0.7858,279720,3,0.8282,1.445,0.0337,73.9,yf_premarket,0.08811985556328078,0.827406067912397,0.048150322959483266,0.6,3.0,good,-0.0,5.4111,,,new,09:24:46,2026-07-07 09:24:46
EE,38.72,38.72,-0.0,0.6842,426190,3,0.8373,1.2375,0.032,78.9,yf_premarket,0.0767264000717698,0.836548121358248,0.04565472695243687,0.6,3.0,good,-0.0,5.411,,,new,09:24:46,2026-07-07 09:24:46
SKWD,59.04,60.2,-0.0193,0.7819,964840,3,0.8253,2.3425,0.0389,78.4,yf_premarket,0.08768250835445308,0.8244926662648182,0.0557839107457428,0.6,3.0,good,0.0,5.4084,,,new,09:24:46,2026-07-07 09:24:46
CSTE,2.35,2.35,0.0,1.1667,251310,4,0.6707,0.238,0.1013,79.8,yf_premarket,0.13083409962545137,0.6691782198111311,0.1473869641808573,0.8,3.0,good,0.0,5.4083,,,new,09:24:46,2026-07-07 09:24:46
DGICA,19.07,19.07,0.0,0.4543,215070,4,0.7569,0.546,0.0286,74.7,yf_premarket,0.05094534281292753,0.7557765722322685,0.0406635349383441,0.8,3.0,good,0.0,5.4083,,,new,09:24:46,2026-07-07 09:24:46
ORIC,10.99,10.91,0.0073,1.3575,1931460,4,0.6608,0.6777,0.0621,78.7,yf_premarket,0.15223047076502116,0.6592324693590517,0.08984145625367,0.8,3.0,good,0.0073737373737373735,5.4028,,,new,09:24:46,2026-07-07 09:24:46
EIG,51.06,51.06,-0.0,0.6179,305530,3,0.8392,1.318,0.0258,75.5,yf_premarket,0.06929149752169915,0.8384569017480409,0.036553141514973575,0.6,3.0,good,-0.0,5.3991,,,new,09:24:46,2026-07-07 09:24:46
MPLT,35.04,35.04,-0.0,0.4293,546010,4,0.7331,2.6434,0.0754,72.7,yf_premarket,0.048141835064032114,0.731866586296966,0.10936582501467997,0.8,3.0,good,-0.0,5.3906,,,new,09:24:46,2026-07-07 09:24:46
SGMT,7.7,7.74,-0.0052,0.4532,1844070,3,0.8346,0.4572,0.0591,72.8,yf_premarket,0.05082198847197613,0.8338356439622262,0.08543746330005872,0.6,3.0,good,0.0,5.3866,,,new,09:24:46,2026-07-07 09:24:46
YOU,57.01,56.74,0.0048,0.9505,1705070,2,0.8928,2.6078,0.046,71.7,yf_premarket,0.10658936461300378,0.8923046011653607,0.06620669406928949,0.4,3.0,good,0.0048484848484848485,5.3849,,,new,09:24:46,2026-07-07 09:24:46
LTC,38.79,38.77,0.0005,0.675,561940,3,0.8244,0.644,0.0166,70.3,yf_premarket,0.07569470922017628,0.823588507132811,0.023047563123899,0.6,3.0,good,0.000505050505050505,5.373,,,new,09:24:46,2026-07-07 09:24:46
YELP,26.03,26.34,-0.0118,0.6626,1483020,3,0.8165,1.027,0.039,70.0,yf_premarket,0.07430416937672414,0.8156519991963029,0.05593071051086319,0.6,3.0,good,0.0,5.3707,,,new,09:24:46,2026-07-07 09:24:46
LIF,56.73,56.73,0.0,0.8088,866320,3,0.7946,3.2613,0.0575,71.4,yf_premarket,0.09069908269226455,0.7936507936507936,0.08308866705813271,0.6,3.0,good,0.0,5.3649,,,new,09:24:46,2026-07-07 09:24:46
CSTL,24.21,24.21,0.0,0.5176,403950,3,0.8226,0.9408,0.0389,76.8,yf_premarket,0.05804382443313073,0.8217801888687964,0.0557839107457428,0.6,3.0,good,0.0,5.3585,,,new,09:24:46,2026-07-07 09:24:46
LILAK,7.4,7.4,-0.0,0.4502,2847050,3,0.8024,0.4819,0.0651,70.7,yf_premarket,0.05048556754210868,0.801486839461523,0.09424544920728127,0.6,3.0,good,-0.0,5.3258,,,new,09:24:46,2026-07-07 09:24:46
NVO,50.1,49.26,0.0171,0.9034,13600890,3,0.7657,1.121,0.0228,76.9,yf_premarket,0.10130755601408481,0.7646172393007836,0.0321491485613623,0.6,3.0,good,0.017272727272727273,5.3232,,,new,09:24:46,2026-07-07 09:24:46
GEF,73.87,73.87,-0.0,0.7139,242610,3,0.7923,1.839,0.0249,74.7,yf_premarket,0.08005696727745755,0.7913401647578863,0.035231943628890185,0.6,3.0,good,-0.0,5.3204,,,new,09:24:46,2026-07-07 09:24:46
LEG,11.8,11.8,-0.0,0.8145,3258020,2,0.8784,0.37,0.0314,75.1,yf_premarket,0.09133828245901271,0.8778380550532449,0.044773928361714614,0.4,3.0,good,-0.0,5.3151,,,new,09:24:46,2026-07-07 09:24:46
PAYS,8.21,8.35,-0.0168,0.4734,725250,3,0.7919,0.431,0.0516,78.6,yf_premarket,0.05308722273308363,0.790938316254772,0.07442748091603053,0.6,3.0,good,0.0,5.2987,,,new,09:24:46,2026-07-07 09:24:46
XTLB,3.12,3.14,-0.0064,0.3823,393930,3,0.7734,0.382,0.1217,71.5,yf_premarket,0.04287124049610873,0.7723528229857344,0.17733411626541398,0.6,3.0,good,0.0,5.2977,,,new,09:24:46,2026-07-07 09:24:46
REYN,26.7365,26.46,0.0104,0.8065,1586960,3,0.7644,0.699,0.0264,75.2,yf_premarket,0.09044115997936618,0.763311231665662,0.037433940105695826,0.6,3.0,good,0.010505050505050505,5.2968,,,new,09:24:46,2026-07-07 09:24:46
ATEN,36.34,36.44,-0.0027,0.849,1301920,4,0.6638,1.439,0.0395,77.1,yf_premarket,0.09520712315248839,0.662246333132409,0.056664709336465065,0.8,3.0,good,0.0,5.2956,,,new,09:24:46,2026-07-07 09:24:46
ZLAB,19.35,19.08,0.0142,0.5511,959190,3,0.7773,0.702,0.0368,79.3,yf_premarket,0.06180052481665059,0.7762708458910991,0.052701115678214915,0.6,3.0,good,0.014343434343434344,5.2931,,,new,09:24:46,2026-07-07 09:24:46
HCSG,24.6,24.62,-0.0008,0.6461,823400,4,0.6715,0.851,0.0346,74.0,yf_premarket,0.07245385426245318,0.6699819168173599,0.04947152084556665,0.8,3.0,good,0.0,5.2734,,,new,09:24:46,2026-07-07 09:24:46
SION,43.87,43.12,0.0174,0.502,502000,3,0.7565,2.9207,0.0677,70.8,yf_premarket,0.05629443559781999,0.755374723729154,0.09806224310041103,0.6,3.0,good,0.017575757575757574,5.2706,,,new,09:24:46,2026-07-07 09:24:46
ENTA,14.51,14.51,-0.0,0.7111,340450,4,0.6503,0.7855,0.0541,71.9,yf_premarket,0.07974297440958125,0.6486839461523005,0.07809747504403994,0.8,3.0,good,-0.0,5.256,,,new,09:24:46,2026-07-07 09:24:46
ABEO,6.3,6.31,-0.0016,0.8847,1602960,3,0.7383,0.288,0.0456,73.2,yf_premarket,0.09921053221791105,0.7370906168374523,0.06561949500880798,0.6,3.0,good,0.0,5.2558,,,new,09:24:46,2026-07-07 09:24:46
CTNM,15.53,15.53,0.0,0.5396,726980,3,0.7509,1.2905,0.0831,71.6,yf_premarket,0.06051091125215869,0.7497488446855536,0.1206694069289489,0.6,3.0,good,0.0,5.2506,,,new,09:24:46,2026-07-07 09:24:46
UFCS,52.79,52.79,-0.0,0.6781,200560,3,0.7541,1.771,0.0335,70.8,yf_premarket,0.07604234418103932,0.7529636327104682,0.04785672342924252,0.6,3.0,good,-0.0,5.2439,,,new,09:24:46,2026-07-07 09:24:46
BKD,15.71,15.57,0.009,0.8246,5552570,3,0.7319,0.605,0.0389,77.9,yf_premarket,0.09247089958956646,0.7306610407876231,0.0557839107457428,0.6,3.0,good,0.00909090909090909,5.2416,,,new,09:24:46,2026-07-07 09:24:46
PRAA,18.27,18.33,-0.0033,0.608,690670,3,0.7516,0.901,0.0492,70.3,yf_premarket,0.06818130845313655,0.7504520795660037,0.07090428655314152,0.6,3.0,good,0.0,5.2386,,,new,09:24:46,2026-07-07 09:24:46
SMWB,6.29,6.26,0.0048,0.5782,978850,3,0.7379,0.449,0.0717,74.1,yf_premarket,0.06483952721645322,0.7366887683343379,0.10393423370522607,0.6,3.0,good,0.0048484848484848485,5.2299,,,new,09:24:46,2026-07-07 09:24:46
CART,47.17,47.35,-0.0038,0.8042,4360150,3,0.733,1.762,0.0372,70.4,yf_premarket,0.0901832372664678,0.7317661241711875,0.05328831473869641,0.6,3.0,good,0.0,5.2255,,,new,09:24:46,2026-07-07 09:24:46
CDNA,28.95,29.06,-0.0038,0.7809,926610,2,0.8291,1.3286,0.0457,75.5,yf_premarket,0.08757036804449728,0.8283102270444042,0.06576629477392835,0.4,3.0,good,0.0,5.2209,,,new,09:24:46,2026-07-07 09:24:46
ABCL,7.9884,7.87,0.015,0.6378,9879000,2,0.8136,0.687,0.0873,77.9,yf_premarket,0.07152308968981991,0.8127385975487241,0.1268349970640047,0.4,3.0,good,0.015151515151515152,5.2189,,,new,09:24:46,2026-07-07 09:24:46
JANX,15.6,15.41,0.0123,0.3117,1949190,3,0.7576,0.727,0.0472,71.8,yf_premarket,0.03495413461322806,0.7564798071127186,0.067968291250734,0.6,3.0,good,0.012424242424242424,5.218,,,new,09:24:46,2026-07-07 09:24:46
ENGS,2.65,2.65,-0.0,0.2363,978950,2,0.8557,0.248,0.0936,75.4,yf_premarket,0.02649875524255949,0.8550331525015069,0.13608338226658837,0.4,3.0,good,-0.0,5.2179,,,new,09:24:46,2026-07-07 09:24:46
GLUE,23.59,23.25,0.0146,0.4643,2145500,3,0.7305,1.6491,0.0709,79.7,yf_premarket,0.052066745912485696,0.729254571026723,0.10275983558426308,0.6,3.0,good,0.014747474747474747,5.2101,,,new,09:24:46,2026-07-07 09:24:46
IMMX,10.7,10.45,0.0239,0.5722,2311100,3,0.709,0.758,0.0725,70.9,yf_premarket,0.06416668535671832,0.7076552139843278,0.10510863182618907,0.6,3.0,good,0.024141414141414144,5.2003,,,new,09:24:46,2026-07-07 09:24:46
KNSA,60.0,62.77,-0.0441,0.4338,1470480,3,0.7473,2.8584,0.0455,74.9,yf_premarket,0.04864646645883329,0.7461322081575246,0.06547269524368761,0.6,3.0,good,0.0,5.198,,,new,09:24:46,2026-07-07 09:24:46
HAYW,16.82,16.82,0.0,0.9878,3111610,2,0.7916,0.5135,0.0305,77.1,yf_premarket,0.11077219817435574,0.7906369298774362,0.04345273047563123,0.4,3.0,good,0.0,5.1692,,,new,09:24:46,2026-07-07 09:24:46
CWT,49.47,49.47,-0.0,0.5983,684280,2,0.8226,1.096,0.0222,75.7,yf_premarket,0.06709354744656515,0.8217801888687964,0.03126834997064005,0.4,3.0,good,-0.0,5.1598,,,new,09:24:46,2026-07-07 09:24:46
FDMT,12.55,12.72,-0.0134,0.5794,1508910,3,0.6988,1.0699,0.0841,77.9,yf_premarket,0.0649740955884002,0.6974080771549126,0.12213740458015267,0.6,3.0,good,0.0,5.1533,,,new,09:24:46,2026-07-07 09:24:46
LBRX,33.41,33.41,0.0,0.5,465400,2,0.8147,1.7752,0.0531,78.3,yf_premarket,0.056070154977908356,0.8138436809322885,0.07662947739283617,0.4,3.0,good,0.0,5.1501,,,new,09:24:46,2026-07-07 09:24:46
ALGS,6.34,5.85,0.0838,8.2783,355280,3,0.7391,0.4321,0.0739,61.0,yf_premarket,0.9283311279072375,0.7378943138436809,0.10716382853787433,0.6,1.5,neutral,0.08464646464646465,5.1488,,,new,09:24:46,2026-07-07 09:24:46
USIO,2.37,2.37,0.0,0.4677,214880,3,0.7059,0.176,0.0743,73.7,yf_premarket,0.052448022966335474,0.7045408880851919,0.10775102759835585,0.6,3.0,good,0.0,5.1416,,,new,09:24:46,2026-07-07 09:24:46
TRIN,17.76,17.63,0.0074,1.1377,1143730,3,0.6617,0.3104,0.0176,72.6,yf_premarket,0.12758203063673265,0.6601366284910588,0.02451556077510276,0.6,3.0,good,0.007474747474747475,5.1351,,,new,09:24:46,2026-07-07 09:24:46
PCVX,57.01,56.96,0.0009,0.5283,2480660,3,0.7078,2.5228,0.0443,76.9,yf_premarket,0.059243725749657965,0.7064496684749849,0.0637110980622431,0.6,3.0,good,0.0009090909090909091,5.135,,,new,09:24:46,2026-07-07 09:24:46
GALT,4.7818,4.63,0.0328,0.2672,1940880,2,0.7742,0.577,0.1246,78.5,yf_premarket,0.029963890820194225,0.773156519991963,0.18159130945390486,0.4,3.0,good,0.033131313131313136,5.1318,,,new,09:24:46,2026-07-07 09:24:46
QTRX,4.29,4.29,0.0,0.3676,1296070,2,0.7986,0.3881,0.0905,71.6,yf_premarket,0.04122277793975822,0.7976692786819368,0.1315325895478567,0.4,3.0,good,0.0,5.1229,,,new,09:24:46,2026-07-07 09:24:46
SLM,25.25,25.53,-0.011,1.3544,3142140,1,0.8278,0.814,0.0319,78.1,yf_premarket,0.15188283580415815,0.8270042194092827,0.04550792718731649,0.2,3.0,good,0.0,5.1046,,,new,09:24:46,2026-07-07 09:24:46
AVBP,34.97,34.49,0.0139,0.5853,798330,3,0.6748,1.835,0.0532,72.7,yf_premarket,0.06563572341713952,0.673297166968053,0.07677627715795654,0.6,3.0,good,0.014040404040404039,5.1045,,,new,09:24:46,2026-07-07 09:24:46
SLS,14.16,13.94,0.0158,0.6488,14999530,2,0.7427,1.686,0.1209,73.2,yf_premarket,0.07275663309933389,0.7415109503717099,0.17615971814445094,0.4,3.0,good,0.015959595959595962,5.1042,,,new,09:24:46,2026-07-07 09:24:46
BCAL,20.91,20.91,0.0,0.4384,321850,3,0.7078,0.4778,0.0229,71.7,yf_premarket,0.04916231188463005,0.7064496684749849,0.03229594832648267,0.6,3.0,good,0.0,5.1028,,,new,09:24:46,2026-07-07 09:24:46
CLRO,6.95,7.0,-0.0071,0.7728,9485810,3,0.6203,1.236,0.1766,77.8,yf_premarket,0.08666203153385516,0.6185453084187261,0.2579271873165003,0.6,3.0,good,0.0,5.096,,,new,09:24:46,2026-07-07 09:24:46
GRAL,69.5,68.95,0.008,0.4117,584710,2,0.7844,3.5752,0.0519,73.1,yf_premarket,0.04616816560880974,0.7834036568213784,0.07486788021139167,0.4,3.0,good,0.00808080808080808,5.0856,,,new,09:24:46,2026-07-07 09:24:46
PLSE,29.0,29.11,-0.0038,0.4819,414220,3,0.6741,1.941,0.0667,73.1,yf_premarket,0.054040415367708074,0.672593932087603,0.09659424544920728,0.6,3.0,good,0.0,5.0745,,,new,09:24:46,2026-07-07 09:24:46
EIKN,12.03,12.03,0.0,0.7688,672050,3,0.6405,1.098,0.0913,73.8,yf_premarket,0.0862134702940319,0.6388386578259996,0.13270698766881975,0.6,3.0,good,0.0,5.0734,,,new,09:24:46,2026-07-07 09:24:46
EVC,12.5862,12.58,0.0005,0.7771,2446650,2,0.7321,0.973,0.0773,73.3,yf_premarket,0.08714423486666517,0.7308619650391802,0.1121550205519671,0.4,3.0,good,0.000505050505050505,5.0493,,,new,09:24:46,2026-07-07 09:24:46
VOR,20.08,20.1,-0.001,0.6957,2292410,2,0.735,1.5268,0.076,79.6,yf_premarket,0.07801601363626168,0.733775366686759,0.11024662360540223,0.4,3.0,good,0.0,5.0397,,,new,09:24:46,2026-07-07 09:24:46
RCUS,30.48,29.98,0.0167,0.3588,2123590,2,0.7544,1.898,0.0633,74.8,yf_premarket,0.04023594321214704,0.7532650190878039,0.09160305343511449,0.4,3.0,good,0.01686868686868687,5.038,,,new,09:24:46,2026-07-07 09:24:46
ORC,6.92,6.89,0.0044,0.8039,5768030,2,0.7425,0.1269,0.0184,75.2,yf_premarket,0.09014959517348105,0.7413100261201527,0.025689958896065762,0.4,3.0,good,0.0044444444444444444,5.0374,,,new,09:24:46,2026-07-07 09:24:46
BY,37.63,37.38,0.0067,1.1652,466030,3,0.606,0.804,0.0215,70.0,yf_premarket,0.13066588916051763,0.6041792244323889,0.03024075161479741,0.6,3.0,good,0.006767676767676768,5.0296,,,new,09:24:46,2026-07-07 09:24:46
ALT,3.05,3.08,-0.0097,0.7513,5772070,4,0.5152,0.1955,0.0635,74.2,yf_premarket,0.08425101486980509,0.512959614225437,0.09189665296535525,0.8,3.0,good,0.0,4.9982,,,new,09:24:46,2026-07-07 09:24:46
BMRC,28.08,28.5,-0.0147,0.936,239320,3,0.6017,1.035,0.0363,70.0,yf_premarket,0.10496333011864445,0.59985935302391,0.051967116852613036,0.6,3.0,good,0.0,4.9831,,,new,09:24:46,2026-07-07 09:24:46
BCRX,10.22,10.17,0.0049,0.5505,7944930,3,0.6207,0.57,0.056,71.4,yf_premarket,0.061733240630677096,0.6189471569218404,0.08088667058132708,0.6,3.0,good,0.004949494949494949,4.9784,,,new,09:24:46,2026-07-07 09:24:46
GENB,17.23,16.92,0.0183,0.7678,1357290,2,0.6786,1.356,0.0801,79.6,yf_premarket,0.08610132998407607,0.6771147277476391,0.11626541397533764,0.4,3.0,good,0.018484848484848486,4.9692,,,new,09:24:46,2026-07-07 09:24:46
CGEM,17.6499,17.81,-0.009,0.5872,1314310,3,0.6115,1.1991,0.0673,79.1,yf_premarket,0.06584879000605558,0.609704641350211,0.09747504403992953,0.6,3.0,good,0.0,4.9669,,,new,09:24:46,2026-07-07 09:24:46
FENC,10.69,10.69,0.0,0.4512,335980,2,0.7169,0.5815,0.0544,73.8,yf_premarket,0.0505977078520645,0.7155917219208359,0.07853787433940106,0.4,3.0,good,0.0,4.9463,,,new,09:24:46,2026-07-07 09:24:46
BEAM,35.85,35.32,0.015,0.8694,2764410,3,0.561,2.6704,0.0756,72.2,yf_premarket,0.09749478547558704,0.5589712678320273,0.10965942454492072,0.6,3.0,good,0.015151515151515152,4.9417,,,new,09:24:46,2026-07-07 09:24:46
STOK,33.0,32.43,0.0176,0.5134,1357290,2,0.688,1.4675,0.0453,70.4,yf_premarket,0.057572835131316294,0.6865581675708258,0.06517909571344686,0.4,3.0,good,0.017777777777777778,4.9187,,,new,09:24:46,2026-07-07 09:24:46
ACIC,11.35,11.35,-0.0,0.4576,431610,2,0.6935,0.317,0.0279,71.6,yf_premarket,0.05131540583578173,0.6920835844886478,0.03963593658250147,0.4,3.0,good,-0.0,4.881,,,new,09:24:46,2026-07-07 09:24:46
AMLX,18.2,17.97,0.0128,0.6345,2168590,2,0.657,1.0873,0.0605,79.3,yf_premarket,0.0711530266669657,0.6554149085794656,0.08749266001174398,0.4,3.0,good,0.01292929292929293,4.8807,,,new,09:24:46,2026-07-07 09:24:46
IP,38.44,38.58,-0.0036,0.7912,5231080,2,0.6649,1.057,0.0274,70.8,yf_premarket,0.08872541323704218,0.6633514165159735,0.03890193775689959,0.4,3.0,good,0.0,4.8792,,,new,09:24:46,2026-07-07 09:24:46
VCYT,57.5,57.995,-0.0085,0.6369,1404630,2,0.6591,2.839,0.049,75.9,yf_premarket,0.07142216341085966,0.6575246132208158,0.07061068702290077,0.4,3.0,good,0.0,4.8575,,,new,09:24:46,2026-07-07 09:24:46
LTM,57.44,57.44,0.0,1.0179,670690,1,0.7316,1.7713,0.0308,70.4,yf_premarket,0.11414762150402583,0.7303596544102874,0.04389312977099236,0.2,3.0,good,0.0,4.8539,,,new,09:24:46,2026-07-07 09:24:46
CARE,33.35,33.2,0.0045,0.7505,505950,3,0.547,0.967,0.0291,72.4,yf_premarket,0.08416130262184043,0.5449065702230259,0.041397533763945976,0.6,3.0,good,0.004545454545454545,4.8436,,,new,09:24:46,2026-07-07 09:24:46
CXW,30.8939,30.42,0.0156,1.6701,1651830,3,0.4523,1.401,0.0461,76.2,yf_premarket,0.1872855316572095,0.44976893711070925,0.06635349383440987,0.6,3.0,good,0.01575757575757576,4.8373,,,new,09:24:46,2026-07-07 09:24:46
PGEN,5.58,5.6,-0.0036,0.8047,6410300,2,0.6174,0.38,0.0679,70.9,yf_premarket,0.0902393074214457,0.6156319067711472,0.0983558426306518,0.4,3.0,good,0.0,4.8158,,,new,09:24:46,2026-07-07 09:24:46
FBRX,20.41,20.41,0.0,0.4079,594440,2,0.6406,1.6865,0.0826,70.7,yf_premarket,0.04574203243097764,0.6389391199517781,0.11993540810334705,0.4,3.0,good,0.0,4.8065,,,new,09:24:46,2026-07-07 09:24:46
OPRT,5.94,5.84,0.0171,0.5147,584980,1,0.7214,0.245,0.042,73.2,yf_premarket,0.057718617534258866,0.720112517580872,0.06033470346447446,0.2,3.0,good,0.017272727272727273,4.7829,,,new,09:24:46,2026-07-07 09:24:46
IMCR,31.96,31.94,0.0006,0.378,766100,2,0.6412,1.3603,0.0426,71.0,yf_premarket,0.04238903716329872,0.6395418927064497,0.06121550205519671,0.4,3.0,good,0.0006060606060606061,4.7742,,,new,09:24:46,2026-07-07 09:24:46
VLRS,9.15,9.33,-0.0193,0.6999,786840,2,0.6095,0.366,0.0392,79.7,yf_premarket,0.07848700293807612,0.6076953988346394,0.05622431004110393,0.4,3.0,good,0.0,4.7612,,,new,09:24:46,2026-07-07 09:24:46
REPL,11.56,11.47,0.0078,0.4453,3666430,2,0.6069,1.0085,0.0879,76.6,yf_premarket,0.049936080023325176,0.6050833835643962,0.12771579565472696,0.4,3.0,good,0.00787878787878788,4.7607,,,new,09:24:46,2026-07-07 09:24:46
TGTX,54.09,55.47,-0.0249,0.8492,3179630,1,0.6938,2.4337,0.0439,73.6,yf_premarket,0.09522955121447954,0.6923849708659835,0.0631238990017616,0.2,3.0,good,0.0,4.7592,,,new,09:24:46,2026-07-07 09:24:46
JCAP,18.55,18.55,0.0,0.566,472230,2,0.6065,0.7732,0.0417,70.5,yf_premarket,0.06347141543499225,0.604681535061282,0.05989430416911333,0.4,3.0,good,0.0,4.7345,,,new,09:24:46,2026-07-07 09:24:46
ZBIO,26.22,26.45,-0.0087,0.4322,1400490,1,0.6976,1.7812,0.0673,72.0,yf_premarket,0.04846704196290398,0.6962025316455696,0.09747504403992953,0.2,3.0,good,0.0,4.7138,,,new,09:24:46,2026-07-07 09:24:46
TKNO,5.55,5.53,0.0036,0.679,218400,2,0.5671,0.4535,0.082,71.9,yf_premarket,0.07614327045999955,0.5650994575045208,0.11905460951262478,0.4,3.0,good,0.0036363636363636364,4.7094,,,new,09:24:46,2026-07-07 09:24:46
TRVI,18.03,17.95,0.0045,0.7027,3371730,4,0.3762,0.8586,0.0478,78.9,yf_premarket,0.0788009958059524,0.37331725939320876,0.06884908984145625,0.8,3.0,good,0.004545454545454545,4.7061,,,new,09:24:46,2026-07-07 09:24:46
SLRC,12.6,12.85,-0.0195,4.0857,599460,3,0.9474,0.261,0.0203,53.5,yf_premarket,0.4581716643864803,0.9471569218404662,0.028479154433352902,0.6,1.5,neutral,0.0,4.6958,,,new,09:24:46,2026-07-07 09:24:46
ULCC,7.81,7.81,0.0,0.5978,3635950,2,0.5735,0.4667,0.0598,71.5,yf_premarket,0.06703747729158722,0.57152903355435,0.08646506165590134,0.4,3.0,good,0.0,4.6868,,,new,09:24:46,2026-07-07 09:24:46
IOT,38.06,37.51,0.0147,0.8412,5985030,5,0.9754,1.9301,0.0515,64.1,yf_premarket,0.09433242873483301,0.975286317058469,0.07428068115091016,1.0,1.5,neutral,0.014848484848484849,4.6515,,,new,09:24:46,2026-07-07 09:24:46
CGNT,9.3,9.31,-0.0011,1.1802,745370,5,0.9622,0.3379,0.0363,59.7,yf_premarket,0.13234799380985487,0.9620253164556962,0.051967116852613036,1.0,1.5,neutral,0.0,4.6486,,,new,09:24:46,2026-07-07 09:24:46
KLAR,19.87,19.88,-0.0005,0.7202,5180050,2,0.5405,1.1718,0.0589,74.8,yf_premarket,0.0807634512301792,0.5383765320474181,0.08514386376981797,0.4,3.0,good,0.0,4.6405,,,new,09:24:46,2026-07-07 09:24:46
PSN,57.17,57.45,-0.0049,0.9408,1379750,5,0.9724,2.3602,0.0411,51.7,yf_premarket,0.10550160360643236,0.9722724532851116,0.05901350557839107,1.0,1.5,neutral,0.0,4.6323,,,new,09:24:46,2026-07-07 09:24:46
APXT,10.07,10.08,-0.001,0.5967,226260,1,0.6667,0.0243,0.0024,75.0,yf_premarket,0.06691412295063583,0.6651597347799879,0.0022019964768056365,0.2,3.0,good,0.0,4.6318,,,new,09:24:46,2026-07-07 09:24:46
KBR,37.4,37.43,-0.0008,1.1351,2162100,5,0.9572,1.184,0.0316,57.8,yf_premarket,0.12729046583084755,0.9570022101667672,0.045067527891955374,1.0,1.5,neutral,0.0,4.6275,,,new,09:24:46,2026-07-07 09:24:46
AEYE,7.48,7.24,0.0331,1.1095,268950,5,0.9194,0.476,0.0657,57.5,yf_premarket,0.12441967389597863,0.9190275266224633,0.09512624779800351,1.0,1.5,neutral,0.033434343434343435,4.6224,,,new,09:24:46,2026-07-07 09:24:46
UBS,51.99,52.15,-0.0031,0.9888,1626260,5,0.9738,0.629,0.0121,66.2,yf_premarket,0.11088433848431156,0.9736789230460117,0.01644157369348209,1.0,1.5,neutral,0.0,4.6219,,,new,09:24:46,2026-07-07 09:24:46
LUV,50.14,50.81,-0.0132,0.9358,6989880,1,0.6068,1.71,0.0337,75.3,yf_premarket,0.10494090205665327,0.6049829214386176,0.048150322959483266,0.2,3.0,good,0.0,4.5915,,,new,09:24:46,2026-07-07 09:24:46
XNCR,14.89,14.89,-0.0,0.4709,1072190,2,0.5109,0.8957,0.0602,73.2,yf_premarket,0.052806871958194085,0.508639742816958,0.08705226071638285,0.4,3.0,good,-0.0,4.54,,,new,09:24:46,2026-07-07 09:24:46
CVNA,70.295,70.38,-0.0012,0.4872,12316430,5,0.9584,3.5297,0.0502,58.9,yf_premarket,0.054634759010473904,0.9582077556761102,0.07237228420434527,1.0,1.5,neutral,0.0,4.5346,,,new,09:24:46,2026-07-07 09:24:46
RIVN,18.56,20.14,-0.0785,1.1535,36111170,4,0.9897,1.1375,0.0565,68.5,yf_premarket,0.12935384753403456,0.9896524010448061,0.08162066940692896,0.8,1.5,neutral,0.0,4.5141,,,new,09:24:46,2026-07-07 09:24:46
IDT,60.28,60.28,0.0,1.0037,258930,4,0.9989,1.847,0.0306,67.0,yf_premarket,0.11255522910265324,0.9988949166164356,0.04359953024075161,0.8,1.5,neutral,0.0,4.4884,,,new,09:24:46,2026-07-07 09:24:46
WNC,12.99,13.0,-0.0008,0.5871,1003540,1,0.575,0.7661,0.0589,76.5,yf_premarket,0.06583757597505999,0.5730359654410286,0.08514386376981797,0.2,3.0,good,0.0,4.4874,,,new,09:24:46,2026-07-07 09:24:46
MDA,42.25,42.11,0.0033,1.5069,1395470,4,0.9424,2.34,0.0556,64.2,yf_premarket,0.1689842330724202,0.9421338155515371,0.08029947152084556,0.8,1.5,neutral,0.0033333333333333335,4.4829,,,new,09:24:46,2026-07-07 09:24:46
BRBS,3.53,3.53,0.0,0.3026,556880,1,0.6061,0.0819,0.0232,70.2,yf_premarket,0.033933657792630134,0.6042796865581676,0.0327363476218438,0.2,3.0,good,0.0,4.4758,,,new,09:24:46,2026-07-07 09:24:46
MRVI,5.8123,5.9,-0.0149,0.7446,3181800,1,0.5548,0.3295,0.0558,73.2,yf_premarket,0.08349967479310112,0.5527426160337552,0.08059307105108632,0.2,3.0,good,0.0,4.471,,,new,09:24:46,2026-07-07 09:24:46
FIVN,24.35,24.1,0.0104,0.8042,2624140,4,0.9917,1.1189,0.0464,68.3,yf_premarket,0.0901832372664678,0.9916616435603778,0.06679389312977099,0.8,1.5,neutral,0.010505050505050505,4.4678,,,new,09:24:46,2026-07-07 09:24:46
IXHL,3.8882,3.99,-0.0255,1.0611,295820,4,0.9634,0.32,0.0802,54.5,yf_premarket,0.1189920828941171,0.9632308619650393,0.116412213740458,0.8,1.5,neutral,0.0,4.4632,,,new,09:24:46,2026-07-07 09:24:46
TDC,36.6,36.44,0.0044,0.755,4618990,4,0.9973,1.631,0.0448,63.5,yf_premarket,0.08466593401664162,0.9972875226039782,0.06444509688784499,0.8,1.5,neutral,0.0044444444444444444,4.4605,,,new,09:24:46,2026-07-07 09:24:46
DB,37.66,37.04,0.0167,0.9194,2361020,4,0.981,0.514,0.0139,69.2,yf_premarket,0.10310180097337789,0.9809121961020695,0.019083969465648852,0.8,1.5,neutral,0.01686868686868687,4.4513,,,new,09:24:46,2026-07-07 09:24:46
PYPD,5.51,5.58,-0.0125,1.8037,279480,3,1.0,0.3265,0.0585,69.9,yf_premarket,0.2022674770673066,1.0,0.08455666470933647,0.6,1.5,neutral,0.0,4.4457,,,new,09:24:46,2026-07-07 09:24:46
MFG,10.38,10.35,0.0029,0.9115,3879260,4,0.9886,0.164,0.0158,63.9,yf_premarket,0.10221589252472693,0.9885473176612417,0.021873165002936,0.8,1.5,neutral,0.002929292929292929,4.4457,,,new,09:24:46,2026-07-07 09:24:46
BHF,64.88,64.88,0.0,1.2171,463960,4,0.9657,0.6334,0.0098,68.9,yf_premarket,0.13648597124722453,0.9655414908579466,0.013065179095713446,0.8,1.5,neutral,0.0,4.4423,,,new,09:24:46,2026-07-07 09:24:46
BYRN,7.09,7.08,0.0014,0.6424,773660,5,0.8936,0.448,0.0633,62.1,yf_premarket,0.07203893511561665,0.8931082981715892,0.09160305343511449,1.0,1.5,neutral,0.0014141414141414141,4.4422,,,new,09:24:46,2026-07-07 09:24:46
CLNE,2.16,2.13,0.0141,0.9689,2092360,4,0.9592,0.117,0.0549,66.7,yf_premarket,0.1086527463161908,0.9590114526823388,0.07927187316500293,0.8,1.5,neutral,0.014242424242424242,4.442,,,new,09:24:46,2026-07-07 09:24:46
OSPN,15.09,15.09,-0.0,0.7972,438150,4,0.9905,0.49,0.0325,60.8,yf_premarket,0.08939825509677708,0.9904560980510349,0.04638872577803876,0.8,1.5,neutral,-0.0,4.4382,,,new,09:24:46,2026-07-07 09:24:46
ETH,16.875,17.07,-0.0114,1.0959,2681720,4,0.9603,0.6196,0.0363,58.2,yf_premarket,0.12289456568057955,0.9601165360659032,0.051967116852613036,0.8,1.5,neutral,0.0,4.4306,,,new,09:24:46,2026-07-07 09:24:46
DAR,57.89,57.89,0.0,0.7249,2921870,4,0.9901,1.888,0.0326,54.2,yf_premarket,0.08129051068697153,0.9900542495479204,0.04653552554315913,0.8,1.5,neutral,0.0,4.4253,,,new,09:24:46,2026-07-07 09:24:46
BRZE,24.93,24.15,0.0323,0.7792,2462860,4,0.9565,1.0986,0.0455,66.3,yf_premarket,0.08737972951757238,0.956298975286317,0.06547269524368761,0.8,1.5,neutral,0.03262626262626263,4.4253,,,new,09:24:46,2026-07-07 09:24:46
WIX,50.8751,50.21,0.0132,0.618,1234080,4,0.9814,2.5994,0.0518,61.1,yf_premarket,0.06930271155269473,0.9813140446051839,0.07472108044627128,0.8,1.5,neutral,0.013333333333333334,4.4239,,,new,09:24:46,2026-07-07 09:24:46
PUK,27.82,28.13,-0.011,0.7322,919910,4,0.9953,0.402,0.0143,68.8,yf_premarket,0.08210913494964898,0.9952782800884067,0.019671168526130357,0.8,1.5,neutral,0.0,4.4236,,,new,09:24:46,2026-07-07 09:24:46
SPT,8.36,8.24,0.0146,0.6435,1617920,4,0.9737,0.4575,0.0555,64.7,yf_premarket,0.07216228945656805,0.973578460920233,0.08015267175572519,0.8,1.5,neutral,0.014747474747474747,4.4176,,,new,09:24:46,2026-07-07 09:24:46
VERA,41.7303,40.13,0.0399,1.0089,2841670,1,0.4686,2.496,0.0622,71.7,yf_premarket,0.11313835871442347,0.46614426361261807,0.08998825601879036,0.2,3.0,good,0.0403030303030303,4.4074,,,new,09:24:46,2026-07-07 09:24:46
NMR,9.43,9.31,0.0129,0.9399,1149720,4,0.9589,0.161,0.0173,67.3,yf_premarket,0.10540067732747212,0.958710066305003,0.02407516147974163,0.8,1.5,neutral,0.013030303030303031,4.4071,,,new,09:24:46,2026-07-07 09:24:46
DAIC,2.09,2.1,-0.0048,1.9567,239030,4,0.8525,0.1981,0.0943,57.1,yf_premarket,0.21942494449054656,0.8518183644765923,0.137110980622431,0.8,1.5,neutral,0.0,4.4013,,,new,09:24:46,2026-07-07 09:24:46
MICC,18.84,18.76,0.0043,0.711,1413410,4,0.9801,0.3478,0.0185,59.8,yf_premarket,0.07973176037858568,0.9800080369700622,0.02583675866118614,0.8,1.5,neutral,0.004343434343434344,4.399,,,new,09:24:46,2026-07-07 09:24:46
FIHL,25.56,25.56,0.0,0.6107,516880,4,0.987,0.6809,0.0266,69.8,prev_close,0.06848408729001727,0.9869399236487844,0.03772753963593658,0.8,1.5,neutral,0.0,4.3955,,,new,09:24:46,2026-07-07 09:24:46
SHG,70.95,70.49,0.0065,0.8209,348020,4,0.9657,1.419,0.0201,56.1,yf_premarket,0.09205598044272993,0.9655414908579466,0.028185554903112153,0.8,1.5,neutral,0.0065656565656565654,4.3931,,,new,09:24:46,2026-07-07 09:24:46
AEG,8.81,8.79,0.0023,1.201,5274010,4,0.9375,0.089,0.0101,64.3,yf_premarket,0.13468051225693586,0.9372111713883866,0.013505578391074573,0.8,1.5,neutral,0.002323232323232323,4.3867,,,new,09:24:46,2026-07-07 09:24:46
TTEK,31.15,31.15,0.0,0.834,3542270,4,0.961,0.853,0.0274,69.3,yf_premarket,0.09352501850315113,0.9608197709463532,0.03890193775689959,0.8,1.5,neutral,0.0,4.3814,,,new,09:24:46,2026-07-07 09:24:46
IFS,59.3866,59.03,0.006,0.6962,279930,4,0.9665,1.6925,0.0287,58.7,yf_premarket,0.0780720837912396,0.9663451878641752,0.04081033470346447,0.8,1.5,neutral,0.006060606060606061,4.3793,,,new,09:24:46,2026-07-07 09:24:46
PATH,11.97,11.83,0.0118,1.1474,60820960,5,0.8167,0.5675,0.048,68.9,yf_premarket,0.12866979164330408,0.8158529234478601,0.06914268937169701,1.0,1.5,neutral,0.01191919191919192,4.3772,,,new,09:24:46,2026-07-07 09:24:46
EQR,69.4932,69.93,-0.0062,0.8091,2896150,4,0.964,1.1353,0.0162,65.0,yf_premarket,0.09073272478525131,0.9638336347197106,0.022460364063417497,0.8,1.5,neutral,0.0,4.375,,,new,09:24:46,2026-07-07 09:24:46
BSY,32.45,32.6,-0.0046,0.7681,4069300,4,0.9577,1.1993,0.0368,63.6,yf_premarket,0.08613497207706282,0.9575045207956601,0.052701115678214915,0.8,1.5,neutral,0.0,4.3706,,,new,09:24:46,2026-07-07 09:24:46
TEVA,35.33,35.29,0.0011,0.7778,5291850,4,0.957,1.107,0.0314,53.3,yf_premarket,0.08722273308363424,0.95680128591521,0.044773928361714614,0.8,1.5,neutral,0.0011111111111111111,4.3685,,,new,09:24:46,2026-07-07 09:24:46
MAGS,66.6,66.28,0.0048,0.5557,6376350,4,0.9763,1.3364,0.0202,54.3,yf_premarket,0.06231637024244734,0.9761904761904762,0.028332354668232525,0.8,1.5,neutral,0.0048484848484848485,4.3673,,,new,09:24:46,2026-07-07 09:24:46
MC,71.84,71.94,-0.0014,0.7481,920270,4,0.9593,2.3308,0.0324,60.4,yf_premarket,0.08389216587794648,0.9591119148081174,0.04624192601291838,0.8,1.5,neutral,0.0,4.3672,,,new,09:24:46,2026-07-07 09:24:46
HNST,3.9301,3.94,-0.0025,0.9412,1510160,5,0.8374,0.1689,0.0429,61.9,yf_premarket,0.1055464597304147,0.8366485834840266,0.06165590135055784,1.0,1.5,neutral,0.0,4.3624,,,new,09:24:46,2026-07-07 09:24:46
INTA,28.0,27.6,0.0145,0.7204,895740,4,0.9409,1.4355,0.052,67.9,yf_premarket,0.08078587929217036,0.9406268836648582,0.07501467997651204,0.8,1.5,neutral,0.014646464646464647,4.3619,,,new,09:24:46,2026-07-07 09:24:46
ROOT,64.0,63.99,0.0002,0.9905,296910,4,0.9292,2.913,0.0455,63.5,yf_premarket,0.11107497701123646,0.9288728149487644,0.06547269524368761,0.8,1.5,neutral,0.00020202020202020202,4.3574,,,new,09:24:46,2026-07-07 09:24:46
KLRA,23.29,23.3,-0.0004,0.364,1325670,4,0.9716,1.668,0.0716,66.3,yf_premarket,0.04081907282391728,0.9714687562788829,0.10378743394010569,0.8,1.5,neutral,0.0,4.3561,,,new,09:24:46,2026-07-07 09:24:46
BSAC,32.9052,33.26,-0.0107,0.8426,364460,4,0.9492,0.768,0.0231,56.4,yf_premarket,0.09448942516877117,0.9489652401044807,0.032589547856723425,0.8,1.5,neutral,0.0,4.356,,,new,09:24:46,2026-07-07 09:24:46
YMM,8.69,8.67,0.0023,0.6875,6614550,4,0.9529,0.3023,0.0349,54.4,yf_premarket,0.077096463094624,0.9526823387582881,0.049911920140927775,0.8,1.5,neutral,0.002323232323232323,4.3495,,,new,09:24:46,2026-07-07 09:24:46
PAYP,15.08,15.17,-0.0059,0.5799,1366890,4,0.9509,1.031,0.068,57.6,yf_premarket,0.06503016574337811,0.9506730962427165,0.09850264239577217,0.8,1.5,neutral,0.0,4.3481,,,new,09:24:46,2026-07-07 09:24:46
BILI,17.5157,17.9,-0.0215,0.9062,2439900,4,0.9378,0.5037,0.0281,50.4,yf_premarket,0.10162154888196111,0.9375125577657223,0.03992953611274221,0.8,1.5,neutral,0.0,4.3474,,,new,09:24:46,2026-07-07 09:24:46
STVN,19.0001,19.28,-0.0145,0.7564,310270,4,0.9424,0.8695,0.0451,66.3,yf_premarket,0.08482293045057976,0.9421338155515371,0.0648854961832061,0.8,1.5,neutral,0.0,4.3439,,,new,09:24:46,2026-07-07 09:24:46
NOMD,11.0225,11.43,-0.0357,1.0572,1641010,4,0.9222,0.3532,0.0309,68.0,yf_premarket,0.11855473568528942,0.9218404661442636,0.044039929536112736,0.8,1.5,neutral,0.0,4.3435,,,new,09:24:46,2026-07-07 09:24:46
ALRM,49.87,49.87,0.0,0.5481,675110,4,0.9646,1.5286,0.0307,63.1,yf_premarket,0.06146410388678314,0.9644364074743822,0.04374633000587199,0.8,1.5,neutral,0.0,4.3429,,,new,09:24:46,2026-07-07 09:24:46
GOGO,3.81,3.83,-0.0052,0.7546,2118610,4,0.9364,0.2141,0.0559,55.9,yf_premarket,0.0846210778926593,0.9361060880048222,0.08073987081620669,0.8,1.5,neutral,0.0,4.3395,,,new,09:24:46,2026-07-07 09:24:46
TBI,8.18,8.17,0.0012,1.6419,365790,3,0.9581,0.511,0.0625,65.6,yf_premarket,0.18412317491645544,0.9579063692987743,0.0904286553141515,0.6,1.5,neutral,0.0012121212121212121,4.339,,,new,09:24:46,2026-07-07 09:24:46
DXC,10.09,10.04,0.005,1.0651,7724860,4,0.9095,0.46,0.0458,61.3,yf_premarket,0.11944064413394037,0.9090817761703838,0.06591309453904874,0.8,1.5,neutral,0.005050505050505051,4.3379,,,new,09:24:46,2026-07-07 09:24:46
NTNX,52.65,52.42,0.0044,1.059,4312980,4,0.9074,1.8155,0.0346,63.3,yf_premarket,0.11875658824320989,0.9069720715290336,0.04947152084556665,0.8,1.5,neutral,0.0044444444444444444,4.3235,,,new,09:24:46,2026-07-07 09:24:46
PINS,22.3545,22.25,0.0047,0.5409,15240990,4,0.9463,1.0095,0.0454,62.5,yf_premarket,0.06065669365510126,0.9460518384569018,0.06532589547856724,0.8,1.5,neutral,0.004747474747474748,4.3229,,,new,09:24:46,2026-07-07 09:24:46
HL,16.3,16.46,-0.0097,0.9894,38506330,4,0.9125,0.703,0.0427,59.9,yf_premarket,0.11095162267028505,0.9120956399437412,0.06136230182031709,0.8,1.5,neutral,0.0,4.3213,,,new,09:24:46,2026-07-07 09:24:46
CGON,70.63,69.26,0.0198,0.3543,1485170,1,0.4941,4.43,0.064,72.6,yf_premarket,0.03973131181734586,0.49176210568615636,0.09263065179095714,0.2,3.0,good,0.02,4.3194,,,new,09:24:46,2026-07-07 09:24:46
CBZ,35.6685,35.36,0.0087,0.4355,1025100,4,0.947,1.884,0.0533,50.3,yf_premarket,0.048837104985758176,0.9467550733373518,0.07692307692307693,0.8,1.5,neutral,0.008787878787878787,4.3184,,,new,09:24:46,2026-07-07 09:24:46
DERM,7.27,7.22,0.0069,0.4295,488660,4,0.9439,0.473,0.0655,64.4,yf_premarket,0.048164263126023274,0.9436407474382158,0.09483264826776278,0.8,1.5,neutral,0.0069696969696969695,4.3174,,,new,09:24:46,2026-07-07 09:24:46
DEI,12.57,12.57,0.0,0.9593,2248830,4,0.9147,0.3609,0.0287,59.3,yf_premarket,0.10757619934061498,0.9143058067108699,0.04081033470346447,0.8,1.5,neutral,0.0,4.3104,,,new,09:24:46,2026-07-07 09:24:46
RMNI,4.65,4.66,-0.0021,0.5156,662770,4,0.942,0.2144,0.046,69.8,yf_premarket,0.05781954381321909,0.9417319670484227,0.06620669406928949,0.8,1.5,neutral,0.0,4.3033,,,new,09:24:46,2026-07-07 09:24:46
VNO,40.99,40.7,0.0071,0.8181,1568610,4,0.9191,0.88,0.0216,67.2,yf_premarket,0.09174198757485366,0.9187261402451277,0.03038755137991779,0.8,1.5,neutral,0.007171717171717172,4.301,,,new,09:24:46,2026-07-07 09:24:46
NATL,44.61,44.96,-0.0078,0.2741,980710,4,0.9701,0.549,0.0122,57.9,yf_premarket,0.03073765895888936,0.9699618243922041,0.01658837345860247,0.8,1.5,neutral,0.0,4.2943,,,new,09:24:46,2026-07-07 09:24:46
MNRO,17.22,17.22,0.0,0.7948,915190,4,0.9123,0.634,0.0368,64.7,yf_premarket,0.08912911835288312,0.911894715692184,0.052701115678214915,0.8,1.5,neutral,0.0,4.2838,,,new,09:24:46,2026-07-07 09:24:46
MUFG,21.3537,21.17,0.0087,1.2845,3184270,3,0.973,0.258,0.0122,62.3,yf_premarket,0.14404422813824655,0.9728752260397829,0.01658837345860247,0.6,1.5,neutral,0.008787878787878787,4.2833,,,new,09:24:46,2026-07-07 09:24:46
PAHC,34.4,34.13,0.0079,0.9701,302870,4,0.8908,1.237,0.0362,64.1,yf_premarket,0.10878731468813778,0.890295358649789,0.051820317087492664,0.8,1.5,neutral,0.007979797979797981,4.2817,,,new,09:24:46,2026-07-07 09:24:46
UA,6.64,6.64,0.0,0.8376,5177549,4,0.9038,0.2859,0.0431,67.9,yf_premarket,0.09392872361899207,0.9033554350010047,0.06194950088079859,0.8,1.5,neutral,0.0,4.2786,,,new,09:24:46,2026-07-07 09:24:46
KD,12.35,12.28,0.0057,1.0065,4977240,4,0.8807,0.6085,0.0496,56.4,yf_premarket,0.11286922197052951,0.8801486839461523,0.07149148561362302,0.8,1.5,neutral,0.005757575757575758,4.274,,,new,09:24:46,2026-07-07 09:24:46
APPN,24.17,24.38,-0.0086,0.544,861010,4,0.9247,1.1325,0.0465,52.0,yf_premarket,0.0610043286159643,0.9243520192887281,0.06694069289489137,0.8,1.5,neutral,0.0,4.2737,,,new,09:24:46,2026-07-07 09:24:46
CLBK,21.41,21.41,0.0,0.8122,496540,4,0.9113,0.4475,0.0209,60.5,yf_premarket,0.09108035974611434,0.9108900944343983,0.029359953024075156,0.8,1.5,neutral,0.0,4.2731,,,new,09:24:46,2026-07-07 09:24:46
ZETA,22.23,21.82,0.0188,0.8324,9258420,3,0.9818,1.2318,0.0565,58.4,yf_premarket,0.09334559400722184,0.9817158931082982,0.08162066940692896,0.6,1.5,neutral,0.01898989898989899,4.2727,,,new,09:24:46,2026-07-07 09:24:46
VERX,12.85,12.85,-0.0,0.6865,2037250,4,0.9103,0.6165,0.048,56.1,yf_premarket,0.07698432278466817,0.9098854731766124,0.06914268937169701,0.8,1.5,neutral,-0.0,4.2698,,,new,09:24:46,2026-07-07 09:24:46
SMFG,25.4,25.51,-0.0043,0.9477,1984500,3,1.0,0.346,0.0136,60.5,yf_premarket,0.1062753717451275,1.0,0.018643570170287727,0.6,1.5,neutral,0.0,4.2687,,,new,09:24:46,2026-07-07 09:24:46
IFRX,2.1,2.11,-0.0047,0.6187,1595630,2,0.3416,0.2418,0.1146,70.7,yf_premarket,0.0693812097696638,0.33855736387381963,0.16691133294186727,0.4,3.0,good,0.0,4.2646,,,new,09:24:46,2026-07-07 09:24:46
HSHP,14.78,14.82,-0.0027,0.69,367830,4,0.913,0.442,0.0298,50.8,yf_premarket,0.07737681386951352,0.9125979505726342,0.04242513211978861,0.8,1.5,neutral,0.0,4.2625,,,new,09:24:46,2026-07-07 09:24:46
TAK,16.75,16.89,-0.0083,0.9676,2977680,4,0.8929,0.239,0.0142,67.4,yf_premarket,0.10850696391324825,0.8924050632911392,0.019524368761009984,0.8,1.5,neutral,0.0,4.2573,,,new,09:24:46,2026-07-07 09:24:46
TLS,4.94,4.94,-0.0,0.6722,880390,4,0.9022,0.265,0.0536,61.8,yf_premarket,0.0753807163523,0.9017480409885473,0.07736347621843806,0.8,1.5,neutral,-0.0,4.2552,,,new,09:24:46,2026-07-07 09:24:46
AVNT,38.3415,38.89,-0.0141,1.2712,1194950,3,0.9589,1.22,0.0314,57.3,yf_premarket,0.14255276201583422,0.958710066305003,0.044773928361714614,0.6,1.5,neutral,0.0,4.2536,,,new,09:24:46,2026-07-07 09:24:46
PRGO,11.13,11.09,0.0036,0.4738,5335320,4,0.9185,0.489,0.0441,51.4,yf_premarket,0.05313207885706596,0.9181233674904561,0.06341749853200235,0.8,1.5,neutral,0.0036363636363636364,4.2531,,,new,09:24:46,2026-07-07 09:24:46
SBGI,15.14,15.14,-0.0,1.2297,685110,4,0.8577,0.637,0.0421,60.1,yf_premarket,0.13789893915266782,0.8570423950170786,0.06048150322959483,0.8,1.5,neutral,-0.0,4.2512,,,new,09:24:46,2026-07-07 09:24:46
NKTX,3.41,3.3,0.0333,1.1791,838150,4,0.8221,0.2542,0.077,63.8,yf_premarket,0.13222463946890348,0.8212778782399036,0.11171462125660599,0.8,1.5,neutral,0.03363636363636364,4.2472,,,new,09:24:46,2026-07-07 09:24:46
DBX,28.6,28.51,0.0032,0.7421,3640270,4,0.8974,0.8984,0.0315,59.5,yf_premarket,0.08321932401821158,0.8969258589511754,0.044920728126834994,0.8,1.5,neutral,0.0032323232323232323,4.246,,,new,09:24:46,2026-07-07 09:24:46
HTGC,16.1,16.05,0.0031,1.3114,1308090,4,0.8522,0.299,0.0186,64.1,yf_premarket,0.14706080247605802,0.8515169780992565,0.02598355842630651,0.8,1.5,neutral,0.003131313131313131,4.2413,,,new,09:24:46,2026-07-07 09:24:46
POWW,2.4004,2.41,-0.004,0.6462,1639190,4,0.8889,0.174,0.0722,69.0,yf_premarket,0.07246506829344876,0.888386578259996,0.10466823253082795,0.8,1.5,neutral,0.0,4.2378,,,new,09:24:46,2026-07-07 09:24:46
OXLC,8.92,8.95,-0.0034,0.5693,940900,4,0.913,0.193,0.0216,52.0,yf_premarket,0.06384147845784646,0.9125979505726342,0.03038755137991779,0.8,1.5,neutral,0.0,4.2362,,,new,09:24:46,2026-07-07 09:24:46
HIW,31.98,31.98,0.0,0.4333,3014770,4,0.9223,0.739,0.0231,68.3,yf_premarket,0.04859039630385538,0.9219409282700421,0.032589547856723425,0.8,1.5,neutral,0.0,4.2331,,,new,09:24:46,2026-07-07 09:24:46
ZTO,22.88,23.03,-0.0065,1.2028,1529270,4,0.8595,0.4155,0.018,53.4,yf_premarket,0.13488236481485635,0.8588507132810931,0.025102759835584257,0.8,1.5,neutral,0.0,4.2326,,,new,09:24:46,2026-07-07 09:24:46
TRNO,68.19,68.39,-0.0029,0.8913,1332260,3,0.9838,1.3135,0.0192,57.2,yf_premarket,0.09995065826361943,0.9837251356238698,0.026864357017028766,0.6,1.5,neutral,0.0,4.2308,,,new,09:24:46,2026-07-07 09:24:46
CDZI,4.3775,4.28,0.0228,0.5289,871550,4,0.8795,0.274,0.064,57.7,yf_premarket,0.05931100993563146,0.8789431384368093,0.09263065179095714,0.8,1.5,neutral,0.023030303030303033,4.2277,,,new,09:24:46,2026-07-07 09:24:46
KRC,39.34,39.34,-0.0,0.7962,1440780,4,0.8889,0.8929,0.0227,60.5,yf_premarket,0.08928611478682126,0.888386578259996,0.032002348796241926,0.8,1.5,neutral,-0.0,4.2267,,,new,09:24:46,2026-07-07 09:24:46
ZH,3.19,3.23,-0.0124,0.9067,230400,3,0.9697,0.1295,0.0401,50.8,yf_premarket,0.101677619036939,0.9695599758890898,0.057545507927187316,0.6,1.5,neutral,0.0,4.2204,,,new,09:24:46,2026-07-07 09:24:46
USAU,16.345,16.59,-0.0148,0.9081,278160,4,0.8685,0.686,0.0414,62.7,yf_premarket,0.10183461547087716,0.8678923046011654,0.059453904873752204,0.8,1.5,neutral,0.0,4.2183,,,new,09:24:46,2026-07-07 09:24:46
LAUR,39.4,39.59,-0.0048,0.87,1499610,3,0.971,1.345,0.034,65.6,yf_premarket,0.09756206966156054,0.9708659835242114,0.0485907222548444,0.6,1.5,neutral,0.0,4.2124,,,new,09:24:46,2026-07-07 09:24:46
NKTR,73.26,73.15,0.0015,0.6299,1723710,4,0.8785,4.587,0.0627,69.3,yf_premarket,0.07063718124116895,0.8779385171790235,0.09072225484439225,0.8,1.5,neutral,0.0015151515151515152,4.2095,,,new,09:24:46,2026-07-07 09:24:46
ZCMD,1.7776,2.24,-0.2064,4.2053,8630626,3,0.6229,0.4797,0.2142,54.9,yf_premarket,0.47158364545719605,0.6211573236889693,0.3131238990017616,0.6,1.5,neutral,0.0,4.2063,,,new,09:24:46,2026-07-07 09:24:46
BXP,69.07,69.97,-0.0129,0.933,1471240,3,0.9652,1.5262,0.0218,66.8,yf_premarket,0.104626909188777,0.9650391802290536,0.03068115091015854,0.6,1.5,neutral,0.0,4.2024,,,new,09:24:46,2026-07-07 09:24:46
FTV,63.82,63.6,0.0035,1.2066,2764150,4,0.8404,1.323,0.0208,68.0,yf_premarket,0.13530849799268843,0.839662447257384,0.02921315325895478,0.8,1.5,neutral,0.0035353535353535356,4.2022,,,new,09:24:46,2026-07-07 09:24:46
MOMO,6.05,5.99,0.01,0.7907,684800,3,0.9571,0.1691,0.0282,60.1,yf_premarket,0.08866934308206427,0.9569017480409885,0.04007633587786259,0.6,1.5,neutral,0.010101010101010102,4.182,,,new,09:24:46,2026-07-07 09:24:46
CPRX,31.46,31.5,-0.0013,0.4776,1933970,3,1.0,0.042,0.0013,69.4,yf_premarket,0.053558212034898064,1.0,0.0005871990604815031,0.6,1.5,neutral,0.0,4.1806,,,new,09:24:46,2026-07-07 09:24:46
FIS,41.32,41.27,0.0012,0.7193,5517670,4,0.8691,1.115,0.027,61.8,yf_premarket,0.08066252495121896,0.8684950773558369,0.038314738696418084,0.8,1.5,neutral,0.0012121212121212121,4.179,,,new,09:24:46,2026-07-07 09:24:46
JRVR,4.49,4.49,0.0,0.9301,537580,3,0.9474,0.1685,0.0375,62.1,yf_premarket,0.10430170228990512,0.9471569218404662,0.053728714034057545,0.6,1.5,neutral,0.0,4.1776,,,new,09:24:46,2026-07-07 09:24:46
CPNG,19.2205,19.15,0.0037,1.1901,16972680,3,0.9202,0.744,0.0389,66.2,yf_premarket,0.13345818287841746,0.919831223628692,0.0557839107457428,0.6,1.5,neutral,0.0037373737373737376,4.1733,,,new,09:24:46,2026-07-07 09:24:46
ONB,26.45,26.45,-0.0,1.019,5020830,3,0.9432,0.477,0.018,68.9,yf_premarket,0.11427097584497721,0.9429375125577658,0.025102759835584257,0.6,1.5,neutral,-0.0,4.1698,,,new,09:24:46,2026-07-07 09:24:46
ATHM,18.44,18.63,-0.0102,0.5376,1000120,4,0.8761,0.6917,0.0371,66.7,yf_premarket,0.06028663063224706,0.8755274261603375,0.05314151497357605,0.8,1.5,neutral,0.0,4.1681,,,new,09:24:46,2026-07-07 09:24:46
NVRI,23.55,23.1,0.0195,1.6871,531570,3,0.8602,1.104,0.0478,60.7,yf_premarket,0.18919191692645837,0.8595539481615431,0.06884908984145625,0.6,1.5,neutral,0.019696969696969695,4.1669,,,new,09:24:46,2026-07-07 09:24:46
TNET,55.0,54.7,0.0055,0.8417,398740,3,0.9444,2.0814,0.0381,69.5,yf_premarket,0.09438849888981092,0.9441430580671087,0.0546095126247798,0.6,1.5,neutral,0.005555555555555555,4.1655,,,new,09:24:46,2026-07-07 09:24:46
PHI,18.71,18.12,0.0326,2.1056,240930,4,0.7245,0.395,0.0218,58.2,yf_premarket,0.23612263664296765,0.7232268434800081,0.03068115091015854,0.8,1.5,neutral,0.032929292929292926,4.1654,,,new,09:24:46,2026-07-07 09:24:46
ANGI,6.34,6.24,0.016,0.6008,965670,3,0.9387,0.427,0.0684,61.1,yf_premarket,0.06737389822145468,0.9384167168977295,0.09908984145625367,0.6,1.5,neutral,0.01616161616161616,4.1517,,,new,09:24:46,2026-07-07 09:24:46
ELAN,25.38,25.13,0.0099,0.9373,4509660,3,0.9279,0.826,0.0329,57.8,yf_premarket,0.105109112521587,0.9275668073136427,0.046975924838520255,0.6,1.5,neutral,0.01,4.1513,,,new,09:24:46,2026-07-07 09:24:46
GME,22.6145,22.76,-0.0064,0.9106,4480290,4,0.8394,0.559,0.0246,64.3,yf_premarket,0.10211496624576669,0.8386578259995981,0.034791544333529066,0.8,1.5,neutral,0.0,4.1479,,,new,09:24:46,2026-07-07 09:24:46
NPCE,17.3,17.33,-0.0017,0.7743,234670,3,0.942,0.768,0.0443,67.0,yf_premarket,0.08683024199878887,0.9417319670484227,0.0637110980622431,0.6,1.5,neutral,0.0,4.1456,,,new,09:24:46,2026-07-07 09:24:46
NMAX,9.24,9.05,0.021,0.4499,1634460,4,0.8419,0.6556,0.0724,57.4,yf_premarket,0.05045192544912194,0.8411693791440626,0.10496183206106871,0.8,1.5,neutral,0.021212121212121213,4.1423,,,new,09:24:46,2026-07-07 09:24:46
ATEC,9.27,9.33,-0.0064,0.7069,3857980,4,0.8367,0.595,0.0638,63.9,yf_premarket,0.07927198510776683,0.8359453486035764,0.09233705226071638,0.8,1.5,neutral,0.0,4.137,,,new,09:24:46,2026-07-07 09:24:46
EYE,19.91,19.97,-0.003,0.8072,1852990,3,0.9357,0.8185,0.041,60.4,yf_premarket,0.09051965819633526,0.9354028531243721,0.0588667058132707,0.6,1.5,neutral,0.0,4.136,,,new,09:24:46,2026-07-07 09:24:46
FITB,57.81,57.89,-0.0014,0.6795,7494830,3,0.9533,1.2222,0.0211,68.5,yf_premarket,0.07619934061497745,0.9530841872614025,0.029653552554315912,0.6,1.5,neutral,0.0,4.1353,,,new,09:24:46,2026-07-07 09:24:46
LYFT,15.42,15.39,0.0019,0.8517,13499940,4,0.8282,0.6795,0.0442,68.7,yf_premarket,0.0955099019893691,0.827406067912397,0.06356429829712273,0.8,1.5,neutral,0.0019191919191919192,4.1327,,,new,09:24:46,2026-07-07 09:24:46
RSKD,5.28,5.25,0.0057,0.7848,1464640,3,0.9344,0.172,0.0328,69.1,yf_premarket,0.08800771525332496,0.9340968454892505,0.04682912507339989,0.6,1.5,neutral,0.005757575757575758,4.1323,,,new,09:24:46,2026-07-07 09:24:46
UDR,40.96,40.96,0.0,0.606,3773010,3,0.9598,0.638,0.0156,63.2,yf_premarket,0.06795702783322492,0.9596142254370102,0.021579565472695243,0.6,1.5,neutral,0.0,4.132,,,new,09:24:46,2026-07-07 09:24:46
WVE,6.21,6.32,-0.0174,0.8552,3508180,4,0.8261,0.306,0.0484,60.7,yf_premarket,0.09590239307421444,0.8252963632710467,0.0697298884321785,0.8,1.5,neutral,0.0,4.1293,,,new,09:24:46,2026-07-07 09:24:46
IVA,3.9,3.9,-0.0,1.7882,1678230,3,0.8462,0.202,0.0518,51.5,yf_premarket,0.20052930226299145,0.8454892505525416,0.07472108044627128,0.6,1.5,neutral,-0.0,4.1291,,,new,09:24:46,2026-07-07 09:24:46
MFC,41.37,41.36,0.0002,0.7272,1871640,4,0.8468,0.666,0.0161,61.2,yf_premarket,0.0815484333998699,0.8460920233072132,0.02231356429829712,0.8,1.5,neutral,0.00020202020202020202,4.126,,,new,09:24:46,2026-07-07 09:24:46
AVD,3.06,3.11,-0.0161,0.373,691970,4,0.8537,0.221,0.0711,56.9,yf_premarket,0.04182833561351963,0.8530239099859354,0.10305343511450381,0.8,1.5,neutral,0.0,4.1203,,,new,09:24:46,2026-07-07 09:24:46
AADX,22.74,23.08,-0.0147,0.6128,1326560,4,0.8333,1.64,0.0711,59.8,yf_premarket,0.06871958194092448,0.8325296363271047,0.10305343511450381,0.8,1.5,neutral,0.0,4.1197,,,new,09:24:46,2026-07-07 09:24:46
GLBE,37.46,37.31,0.004,0.5591,1730580,3,0.9423,1.8381,0.0493,67.0,yf_premarket,0.06269764729629712,0.9420333534257586,0.07105108631826189,0.6,1.5,neutral,0.00404040404040404,4.1197,,,new,09:24:46,2026-07-07 09:24:46
PBF,49.97,49.26,0.0144,0.676,3153530,3,0.9237,2.552,0.0518,68.8,yf_premarket,0.0758068495301321,0.9233473980309423,0.07472108044627128,0.6,1.5,neutral,0.014545454545454545,4.1196,,,new,09:24:46,2026-07-07 09:24:46
CUZ,30.6,30.64,-0.0013,1.0229,1635600,3,0.9148,0.6388,0.0208,67.9,yf_premarket,0.1147083230538049,0.9144062688366486,0.02921315325895478,0.6,1.5,neutral,0.0,4.1155,,,new,09:24:46,2026-07-07 09:24:46
CDXS,2.57,2.66,-0.0338,0.7278,1109470,3,0.9231,0.165,0.062,60.7,yf_premarket,0.0816157175858434,0.9227446252762709,0.08969465648854962,0.6,1.5,neutral,0.0,4.1128,,,new,09:24:46,2026-07-07 09:24:46
DX,13.22,13.24,-0.0015,0.688,5705940,3,0.9434,0.184,0.0139,67.9,yf_premarket,0.07715253324960189,0.9431384368093229,0.019083969465648852,0.6,1.5,neutral,0.0,4.1115,,,new,09:24:46,2026-07-07 09:24:46
EXPO,61.18,61.18,-0.0,0.5912,644780,3,0.9442,1.967,0.0322,68.3,yf_premarket,0.06629735124587884,0.9439421338155516,0.045948326482677625,0.6,1.5,neutral,-0.0,4.1103,,,new,09:24:46,2026-07-07 09:24:46
LNC,38.39,38.39,0.0,1.1313,1804230,3,0.8988,1.169,0.0305,55.8,yf_premarket,0.12686433265301544,0.8983323287120756,0.04345273047563123,0.6,1.5,neutral,0.0,4.1087,,,new,09:24:46,2026-07-07 09:24:46
MMI,31.96,31.96,0.0,0.4962,206960,3,0.9529,0.77,0.0241,63.6,yf_premarket,0.05564402180007625,0.9526823387582881,0.03405754550792718,0.6,1.5,neutral,0.0,4.1059,,,new,09:24:46,2026-07-07 09:24:46
ESRT,5.66,5.68,-0.0035,0.6141,2287220,3,0.9385,0.145,0.0255,60.9,yf_premarket,0.06886536434386704,0.9382157926461724,0.03611274221961244,0.6,1.5,neutral,0.0,4.0978,,,new,09:24:46,2026-07-07 09:24:46
CRMD,8.74,8.79,-0.0057,0.6426,1837630,4,0.8269,0.448,0.051,50.8,yf_premarket,0.0720613631776078,0.8261000602772754,0.07354668232530827,0.8,1.5,neutral,0.0,4.0971,,,new,09:24:46,2026-07-07 09:24:46
STWD,16.8,16.71,0.0054,1.0351,4153630,3,0.9011,0.2379,0.0142,55.3,yf_premarket,0.11607643483526586,0.9006429576049829,0.019524368761009984,0.6,1.5,neutral,0.005454545454545455,4.0933,,,new,09:24:46,2026-07-07 09:24:46
VIV,14.15,13.47,0.0505,1.2048,1246940,2,0.9498,0.2537,0.0188,52.6,yf_premarket,0.13510664543476797,0.949568012859152,0.026277157956547267,0.4,1.5,neutral,0.05101010101010101,4.0914,,,new,09:24:46,2026-07-07 09:24:46
FHB,30.34,30.34,-0.0,0.8438,2121630,3,0.9176,0.6474,0.0213,67.0,yf_premarket,0.09462399354071814,0.9172192083584488,0.02994715208455666,0.6,1.5,neutral,-0.0,4.0913,,,new,09:24:46,2026-07-07 09:24:46
FBK,57.47,56.68,0.0139,0.8021,439000,3,0.9119,0.9713,0.0171,59.1,yf_premarket,0.08994774261556059,0.9114928671890697,0.023781561949500877,0.6,1.5,neutral,0.014040404040404039,4.0909,,,new,09:24:46,2026-07-07 09:24:46
KYTX,9.2,9.16,0.0044,0.5758,1651130,4,0.8239,0.5171,0.0565,66.5,yf_premarket,0.06457039047255926,0.823086196503918,0.08162066940692896,0.8,1.5,neutral,0.0044444444444444444,4.0905,,,new,09:24:46,2026-07-07 09:24:46
PCOR,45.36,44.04,0.03,0.6498,4167080,3,0.9024,1.9325,0.0439,56.7,yf_premarket,0.0728687734092897,0.9019489652401045,0.0631238990017616,0.6,1.5,neutral,0.030303030303030304,4.0902,,,new,09:24:46,2026-07-07 09:24:46
RYAN,41.03,41.21,-0.0044,0.8575,3059870,3,0.9064,1.7988,0.0436,68.7,yf_premarket,0.09616031578711283,0.9059674502712477,0.06268349970640047,0.6,1.5,neutral,0.0,4.0875,,,new,09:24:46,2026-07-07 09:24:46
PARR,60.7,60.74,-0.0007,1.0161,919080,3,0.8921,2.45,0.0403,64.2,yf_premarket,0.11394576894610536,0.8916013662849106,0.057839107457428075,0.6,1.5,neutral,0.0,4.083,,,new,09:24:46,2026-07-07 09:24:46
OOMA,20.2,19.8,0.0202,0.5679,372090,3,0.9129,0.7648,0.0386,68.3,yf_premarket,0.0636844820239083,0.9124974884468556,0.05534351145038168,0.6,1.5,neutral,0.020404040404040404,4.0788,,,new,09:24:46,2026-07-07 09:24:46
EDU,47.8675,48.52,-0.0134,1.1875,449100,2,0.9794,1.228,0.0253,59.5,yf_premarket,0.13316661807253236,0.9793048020896122,0.03581914268937169,0.4,1.5,neutral,0.0,4.0763,,,new,09:24:46,2026-07-07 09:24:46
WLTH,9.55,9.55,-0.0,0.5941,1921930,3,0.9215,0.446,0.0467,59.6,yf_premarket,0.0666225581447507,0.9211372312638135,0.06723429242513211,0.6,1.5,neutral,-0.0,4.0758,,,new,09:24:46,2026-07-07 09:24:46
FLO,8.63,8.61,0.0023,0.6025,9997510,3,0.9197,0.374,0.0434,63.5,yf_premarket,0.06756453674837958,0.919328912999799,0.06238990017615972,0.6,1.5,neutral,0.002323232323232323,4.0747,,,new,09:24:46,2026-07-07 09:24:46
ISSC,18.44,18.85,-0.0218,0.5319,550520,3,0.9228,0.98,0.052,52.9,yf_premarket,0.05964743086549891,0.9224432388989351,0.07501467997651204,0.6,1.5,neutral,0.0,4.0719,,,new,09:24:46,2026-07-07 09:24:46
FVR,20.73,20.73,0.0,1.0569,224050,4,0.7854,0.6934,0.0334,66.0,yf_premarket,0.11852109359230267,0.7844082780791641,0.04770992366412214,0.8,1.5,neutral,0.0,4.0705,,,new,09:24:46,2026-07-07 09:24:46
LOVE,17.92,18.04,-0.0067,1.0742,269980,2,0.9717,1.0414,0.0577,60.7,yf_premarket,0.12046112095453831,0.9715692184046615,0.08338226658837346,0.4,1.5,neutral,0.0,4.0655,,,new,09:24:46,2026-07-07 09:24:46
HLN,9.84,9.72,0.0123,0.7646,9482380,3,0.9048,0.125,0.0129,66.5,yf_premarket,0.08574248099221746,0.9043600562587905,0.017615971814445096,0.6,1.5,neutral,0.012424242424242424,4.0648,,,new,09:24:46,2026-07-07 09:24:46
TSN,58.86,58.75,0.0019,0.7813,3232320,3,0.9075,1.173,0.02,57.9,yf_premarket,0.0876152241684796,0.9070725336548121,0.028038755137991776,0.6,1.5,neutral,0.0019191919191919192,4.0625,,,new,09:24:46,2026-07-07 09:24:46
HMY,15.93,16.29,-0.0221,0.8709,3672610,3,0.8971,0.509,0.0312,52.8,yf_premarket,0.09766299594052077,0.8966244725738397,0.04448032883147386,0.6,1.5,neutral,0.0,4.062,,,new,09:24:46,2026-07-07 09:24:46
BBD,3.52,3.5,0.0057,0.9178,39241620,3,0.8912,0.0869,0.0248,50.4,yf_premarket,0.10292237647744858,0.8906972071529033,0.03508514386376981,0.6,1.5,neutral,0.005757575757575758,4.062,,,new,09:24:46,2026-07-07 09:24:46
GEN,26.69,26.6,0.0034,0.6377,7245370,3,0.9119,0.892,0.0335,66.7,yf_premarket,0.07151187565882432,0.9114928671890697,0.04785672342924252,0.6,1.5,neutral,0.0034343434343434343,4.0593,,,new,09:24:46,2026-07-07 09:24:46
DSGX,73.13,73.13,0.0,0.5128,655750,3,0.9242,2.562,0.035,50.4,yf_premarket,0.057505550945342813,0.9238497086598353,0.050058719906048155,0.6,1.5,neutral,0.0,4.059,,,new,09:24:46,2026-07-07 09:24:46
COO,72.0,72.61,-0.0084,0.7744,3387800,4,0.8055,1.93,0.0266,66.3,yf_premarket,0.08684145602978446,0.8046011653606591,0.03772753963593658,0.8,1.5,neutral,0.0,4.0583,,,new,09:24:46,2026-07-07 09:24:46
ARXS,47.24,46.66,0.0124,0.5337,1611230,4,0.7986,3.064,0.0657,67.4,yf_premarket,0.05984928342341937,0.7976692786819368,0.09512624779800351,0.8,1.5,neutral,0.012525252525252524,4.0515,,,new,09:24:46,2026-07-07 09:24:46
NLST,3.01,3.01,0.0,0.8776,1049920,3,0.8696,0.269,0.0894,62.6,yf_premarket,0.09841433601722475,0.8689973879847298,0.12991779213153257,0.6,1.5,neutral,0.0,4.0506,,,new,09:24:46,2026-07-07 09:24:46
DK,53.0,52.97,0.0006,0.9018,1298260,3,0.8805,2.556,0.0483,64.5,yf_premarket,0.10112813151815551,0.879947759694595,0.06958308866705813,0.6,1.5,neutral,0.0006060606060606061,4.0473,,,new,09:24:46,2026-07-07 09:24:46
DOCU,47.43,46.9,0.0113,0.8064,4303970,2,0.9831,1.7382,0.0371,56.5,yf_premarket,0.0904299459483706,0.9830219007434197,0.05314151497357605,0.4,1.5,neutral,0.011414141414141413,4.0454,,,new,09:24:46,2026-07-07 09:24:46
BDN,3.3497,3.28,0.0213,0.853,2034890,3,0.875,0.092,0.028,52.9,yf_premarket,0.09565568439231165,0.8744223427767731,0.03978273634762184,0.6,1.5,neutral,0.021515151515151515,4.0445,,,new,09:24:46,2026-07-07 09:24:46
MRX,66.34,66.34,0.0,0.708,1224160,3,0.892,3.8433,0.0579,58.0,yf_premarket,0.07939533944871822,0.891500904159132,0.0836758661186142,0.6,1.5,neutral,0.0,4.0439,,,new,09:24:46,2026-07-07 09:24:46
DOMO,3.5,3.49,0.0029,0.3905,2816450,3,0.901,0.3321,0.0952,55.5,yf_premarket,0.04379079103774643,0.9005424954792044,0.1384321785085144,0.6,1.5,neutral,0.002929292929292929,4.0404,,,new,09:24:46,2026-07-07 09:24:46
AUGO,67.8,67.73,0.001,0.9129,1247940,2,0.9747,3.301,0.0487,59.9,yf_premarket,0.10237288895866507,0.9745830821780189,0.07017028772753964,0.4,1.5,neutral,0.00101010101010101,4.0393,,,new,09:24:46,2026-07-07 09:24:46
BBNX,16.72,16.72,0.0,0.6831,1016850,3,0.8894,1.066,0.0638,63.6,yf_premarket,0.0766030457308184,0.8888888888888888,0.09233705226071638,0.6,1.5,neutral,0.0,4.0389,,,new,09:24:46,2026-07-07 09:24:46
PRDO,34.9,35.0,-0.0029,0.8811,669980,3,0.8828,1.141,0.0326,55.8,yf_premarket,0.0988068271020701,0.8822583885875025,0.04653552554315913,0.6,1.5,neutral,0.0,4.036,,,new,09:24:46,2026-07-07 09:24:46
TRMB,52.94,52.47,0.009,0.8051,3218960,4,0.7847,1.422,0.0271,63.6,yf_premarket,0.09028416354542804,0.783705043198714,0.03846153846153846,0.8,1.5,neutral,0.00909090909090909,4.0357,,,new,09:24:46,2026-07-07 09:24:46
COLL,37.5125,37.47,0.0011,1.1981,539770,3,0.8526,1.392,0.0371,64.9,yf_premarket,0.134355305358064,0.851918826602371,0.05314151497357605,0.6,1.5,neutral,0.0011111111111111111,4.0336,,,new,09:24:46,2026-07-07 09:24:46
APG,43.01,42.83,0.0042,0.8107,3331310,3,0.8848,1.2764,0.0298,52.8,yf_premarket,0.0909121492811806,0.8842676311030742,0.04242513211978861,0.6,1.5,neutral,0.004242424242424242,4.0325,,,new,09:24:46,2026-07-07 09:24:46
AVTR,10.42,10.37,0.0048,0.8518,8818720,3,0.8777,0.381,0.0367,68.1,yf_premarket,0.09552111602036467,0.8771348201727949,0.05255431591309454,0.6,1.5,neutral,0.0048484848484848485,4.0311,,,new,09:24:46,2026-07-07 09:24:46
ATRC,32.96,32.39,0.0176,0.6506,1286590,3,0.8803,1.525,0.0471,64.2,yf_premarket,0.07295848565725435,0.8797468354430379,0.06782149148561363,0.6,1.5,neutral,0.017777777777777778,4.0295,,,new,09:24:46,2026-07-07 09:24:46
EVTC,28.8,28.8,0.0,0.8059,576870,4,0.7823,1.22,0.0424,64.3,yf_premarket,0.09037387579339268,0.7812939521800281,0.06092190252495596,0.8,1.5,neutral,0.0,4.0286,,,new,09:24:46,2026-07-07 09:24:46
PYPL,45.069,45.09,-0.0005,0.6912,16637280,3,0.8958,1.3365,0.0296,65.2,yf_premarket,0.07751138224146051,0.8953184649387181,0.042131532589547854,0.6,1.5,neutral,0.0,4.028,,,new,09:24:46,2026-07-07 09:24:46
XNET,5.79,5.79,0.0,0.4986,306830,4,0.7984,0.382,0.066,61.3,yf_premarket,0.05591315854397021,0.7974683544303798,0.09556664709336465,0.8,1.5,neutral,0.0,4.0266,,,new,09:24:46,2026-07-07 09:24:46
ETOR,40.75,41.31,-0.0136,1.098,832300,3,0.8521,2.0289,0.0491,60.7,yf_premarket,0.12313006033148675,0.851416515973478,0.07075748678802114,0.6,1.5,neutral,0.0,4.0229,,,new,09:24:46,2026-07-07 09:24:46
AMTB,25.9,26.05,-0.0058,0.6524,428110,3,0.8964,0.724,0.0278,69.1,yf_premarket,0.07316033821517481,0.8959212376933896,0.03948913681738109,0.6,1.5,neutral,0.0,4.0213,,,new,09:24:46,2026-07-07 09:24:46
NSP,44.1201,44.24,-0.0027,0.6128,727610,3,0.8869,2.711,0.0613,67.3,yf_premarket,0.06871958194092448,0.8863773357444243,0.08866705813270699,0.6,1.5,neutral,0.0,4.0202,,,new,09:24:46,2026-07-07 09:24:46
TTD,19.49,19.31,0.0093,0.717,18944350,3,0.8759,0.9275,0.048,50.3,yf_premarket,0.08040460223832058,0.8753265019087804,0.06914268937169701,0.6,1.5,neutral,0.009393939393939394,4.0199,,,new,09:24:46,2026-07-07 09:24:46
DRVN,14.8485,15.08,-0.0154,1.1902,1170590,3,0.8467,0.5785,0.0384,68.1,yf_premarket,0.13346939690941304,0.8459915611814346,0.05504991192014092,0.6,1.5,neutral,0.0,4.0197,,,new,09:24:46,2026-07-07 09:24:46
CBSH,58.3983,58.74,-0.0058,0.7185,1313200,3,0.892,0.957,0.0163,67.6,yf_premarket,0.08057281270325431,0.891500904159132,0.022607163828537873,0.6,1.5,neutral,0.0,4.0152,,,new,09:24:46,2026-07-07 09:24:46
REX,45.5,45.5,0.0,0.4534,246370,4,0.8094,1.257,0.0276,61.5,yf_premarket,0.0508444165339673,0.8085191882660238,0.039195537287140335,0.8,1.5,neutral,0.0,4.0129,,,new,09:24:46,2026-07-07 09:24:46
GOOD,12.72,12.72,-0.0,0.8942,604780,3,0.875,0.2358,0.0185,56.8,yf_premarket,0.1002758651624913,0.8744223427767731,0.02583675866118614,0.6,1.5,neutral,-0.0,4.0122,,,new,09:24:46,2026-07-07 09:24:46
FAST,48.5,48.31,0.0039,1.1564,8351320,3,0.848,1.108,0.0229,61.9,yf_premarket,0.12967905443290645,0.8472975688165562,0.03229594832648267,0.6,1.5,neutral,0.00393939393939394,4.0112,,,new,09:24:46,2026-07-07 09:24:46
AVIR,4.87,4.87,0.0,0.78,448610,4,0.7755,0.1994,0.0409,64.4,yf_premarket,0.08746944176553703,0.7744625276270846,0.05871990604815032,0.8,1.5,neutral,0.0,4.0095,,,new,09:24:46,2026-07-07 09:24:46
AYA,20.25,19.95,0.015,0.4944,496530,4,0.78,1.207,0.0605,55.5,yf_premarket,0.05544216924215578,0.7789833232871207,0.08749266001174398,0.8,1.5,neutral,0.015151515151515152,4.0076,,,new,09:24:46,2026-07-07 09:24:46
FUBO,10.25,10.23,0.002,0.6271,1562150,3,0.8702,0.768,0.0751,53.2,yf_premarket,0.07032318837329266,0.8696001607394012,0.10892542571931885,0.6,1.5,neutral,0.00202020202020202,4.0022,,,new,09:24:46,2026-07-07 09:24:46
ZNTL,4.8,4.72,0.0169,0.586,1880750,4,0.7562,0.4396,0.0931,66.7,yf_premarket,0.06571422163410859,0.7550733373518184,0.1353493834409865,0.8,1.5,neutral,0.01707070707070707,4.002,,,new,09:24:46,2026-07-07 09:24:46
ZION,70.0,70.6,-0.0085,0.8511,1598590,3,0.8706,1.492,0.0211,65.8,yf_premarket,0.0954426178033956,0.8700020092425156,0.029653552554315912,0.6,1.5,neutral,0.0,3.998,,,new,09:24:46,2026-07-07 09:24:46
CSX,48.99,48.81,0.0037,0.7999,12297510,3,0.873,0.853,0.0175,59.3,yf_premarket,0.08970103393365779,0.8724131002612016,0.024368761009982382,0.6,1.5,neutral,0.0037373737373737376,3.9972,,,new,09:24:46,2026-07-07 09:24:46
MAIN,52.53,52.29,0.0046,1.3434,649420,4,0.7259,0.998,0.0191,55.2,yf_premarket,0.15064929239464417,0.7246333132409082,0.026717557251908393,0.8,1.5,neutral,0.004646464646464646,3.9956,,,new,09:24:46,2026-07-07 09:24:46
EZPW,35.2682,35.27,-0.0001,0.8469,1270770,4,0.7597,1.708,0.0484,69.7,yf_premarket,0.09497162850158117,0.7585895117540687,0.0697298884321785,0.8,1.5,neutral,0.0,3.9945,,,new,09:24:46,2026-07-07 09:24:46
APEI,57.405,57.41,-0.0001,0.7926,337370,4,0.7668,2.328,0.0406,69.6,yf_premarket,0.08888240967098032,0.765722322684348,0.058279506752789194,0.8,1.5,neutral,0.0,3.9939,,,new,09:24:46,2026-07-07 09:24:46
AXGN,46.8,45.97,0.0181,0.9688,1684380,3,0.825,2.776,0.0604,61.2,yf_premarket,0.10864153228519523,0.8241912798874824,0.08734586024662361,0.6,1.5,neutral,0.018282828282828286,3.9824,,,new,09:24:46,2026-07-07 09:24:46
LXP,56.04,55.64,0.0072,0.4145,650420,3,0.8943,1.0307,0.0185,67.1,yf_premarket,0.04648215847668603,0.8938115330520393,0.02583675866118614,0.6,1.5,neutral,0.007272727272727273,3.9812,,,new,09:24:46,2026-07-07 09:24:46
GNK,24.94,24.98,-0.0016,0.5913,362900,3,0.8761,0.785,0.0314,57.7,yf_premarket,0.06630856527687443,0.8755274261603375,0.044773928361714614,0.6,1.5,neutral,0.0,3.9729,,,new,09:24:46,2026-07-07 09:24:46
BWB,21.58,21.58,0.0,0.5199,350250,3,0.8831,0.511,0.0237,69.5,yf_premarket,0.05830174714602911,0.8825597749648383,0.033470346447445676,0.6,1.5,neutral,0.0,3.9693,,,new,09:24:46,2026-07-07 09:24:46
VIRT,62.9,62.97,-0.0011,0.6475,1348360,4,0.7633,2.9772,0.0473,65.0,yf_premarket,0.07261085069639131,0.7622061482820977,0.06811509101585438,0.8,1.5,neutral,0.0,3.9674,,,new,09:24:46,2026-07-07 09:24:46
LAKE,12.05,12.13,-0.0066,0.4189,236790,3,0.8763,0.751,0.0619,61.3,yf_premarket,0.04697557584049162,0.8757283504118947,0.08954785672342924,0.6,1.5,neutral,0.0,3.9667,,,new,09:24:46,2026-07-07 09:24:46
NSSC,38.8,39.18,-0.0097,0.5115,442420,2,0.9795,1.099,0.0281,67.0,yf_premarket,0.05735976854240024,0.9794052642153909,0.03992953611274221,0.4,1.5,neutral,0.0,3.9648,,,new,09:24:46,2026-07-07 09:24:46
NWSA,26.64,26.64,0.0,0.6471,6795780,2,0.9662,0.866,0.0325,59.1,yf_premarket,0.07256599457240899,0.9660438014868394,0.04638872577803876,0.4,1.5,neutral,0.0,3.9641,,,new,09:24:46,2026-07-07 09:24:46
MPB,35.35,35.35,0.0,0.6002,263750,3,0.8709,1.11,0.0314,58.8,yf_premarket,0.06730661403548119,0.8703033956198514,0.044773928361714614,0.6,1.5,neutral,0.0,3.964,,,new,09:24:46,2026-07-07 09:24:46
ZG,33.2,32.95,0.0076,0.8466,1512840,3,0.8394,1.47,0.0446,53.3,yf_premarket,0.09493798640859442,0.8386578259995981,0.06415149735760423,0.6,1.5,neutral,0.007676767676767677,3.9633,,,new,09:24:46,2026-07-07 09:24:46
YALA,5.59,5.59,-0.0,0.9015,373840,3,0.8406,0.2056,0.0368,59.1,yf_premarket,0.10109448942516876,0.8398633715089411,0.052701115678214915,0.6,1.5,neutral,-0.0,3.9577,,,new,09:24:46,2026-07-07 09:24:46
FIG,21.33,21.08,0.0119,0.6151,19895310,3,0.8425,1.521,0.0722,61.9,yf_premarket,0.06897750465382285,0.8417721518987342,0.10466823253082795,0.6,1.5,neutral,0.012020202020202021,3.9574,,,new,09:24:46,2026-07-07 09:24:46
LW,46.52,46.09,0.0093,0.9223,1620370,3,0.8325,1.5575,0.0338,52.9,yf_premarket,0.10342700787224975,0.831725939320876,0.04829712272460364,0.6,1.5,neutral,0.009393939393939394,3.9568,,,new,09:24:46,2026-07-07 09:24:46
GPRE,15.8,15.75,0.0032,0.6562,1245000,4,0.7555,0.696,0.0442,58.3,yf_premarket,0.07358647139300692,0.7543701024713683,0.06356429829712273,0.8,1.5,neutral,0.0032323232323232323,3.9558,,,new,09:24:46,2026-07-07 09:24:46
SUNC,67.61,67.86,-0.0037,1.4042,432980,3,0.7976,2.12,0.0312,54.0,yf_premarket,0.1574674232399578,0.796664657424151,0.04448032883147386,0.6,1.5,neutral,0.0,3.9518,,,new,09:24:46,2026-07-07 09:24:46
FAF,70.14,70.09,0.0007,0.6361,1211360,3,0.8608,2.014,0.0287,64.0,yf_premarket,0.07133245116289501,0.8601567209162145,0.04081033470346447,0.6,1.5,neutral,0.0007070707070707071,3.9488,,,new,09:24:46,2026-07-07 09:24:46
SHLS,10.58,10.58,0.0,0.8235,6193980,4,0.7264,0.8475,0.0801,51.2,yf_premarket,0.09234754524861506,0.7251356238698011,0.11626541397533764,0.8,1.5,neutral,0.0,3.9469,,,new,09:24:46,2026-07-07 09:24:46
PD,10.0,9.95,0.005,0.7761,2056550,3,0.8379,0.4589,0.0461,65.3,yf_premarket,0.08703209455670935,0.8371508941129194,0.06635349383440987,0.6,1.5,neutral,0.005050505050505051,3.9456,,,new,09:24:46,2026-07-07 09:24:46
IMTX,10.0947,9.99,0.0105,1.7708,472770,4,0.6486,0.5235,0.0524,60.7,yf_premarket,0.1985780608697602,0.6469760900140646,0.07560187903699354,0.8,1.5,neutral,0.010606060606060607,3.9455,,,new,09:24:46,2026-07-07 09:24:46
MBI,6.78,6.78,-0.0,0.7756,402640,3,0.8435,0.253,0.0373,67.0,yf_premarket,0.08697602440173144,0.84277677315652,0.05343511450381679,0.6,1.5,neutral,-0.0,3.9427,,,new,09:24:46,2026-07-07 09:24:46
TARS,67.05,67.05,-0.0,1.0288,1417800,3,0.8126,4.111,0.0613,61.0,yf_premarket,0.11536995088254422,0.8117339762909382,0.08866705813270699,0.6,1.5,neutral,-0.0,3.9409,,,new,09:24:46,2026-07-07 09:24:46
PICS,10.93,11.41,-0.0421,0.6979,336720,3,0.8375,0.748,0.0656,59.2,yf_premarket,0.07826272231816447,0.8367490456098051,0.09497944803288315,0.6,1.5,neutral,0.0,3.9384,,,new,09:24:46,2026-07-07 09:24:46
MMED,15.12,15.29,-0.0111,0.7491,1376550,4,0.7358,0.881,0.0576,51.4,yf_premarket,0.08400430618790229,0.7345790636929878,0.08323546682325308,0.8,1.5,neutral,0.0,3.9368,,,new,09:24:46,2026-07-07 09:24:46
FNF,48.68,48.71,-0.0006,0.5708,2007900,3,0.8602,1.3,0.0267,58.4,yf_premarket,0.06400968892278018,0.8595539481615431,0.03787433940105696,0.6,1.5,neutral,0.0,3.9341,,,new,09:24:46,2026-07-07 09:24:46
TAL,9.91,9.91,0.0,0.5578,3300180,3,0.8583,0.34,0.0343,63.6,yf_premarket,0.06255186489335456,0.85764516777175,0.04903112155020552,0.6,1.5,neutral,0.0,3.9336,,,new,09:24:46,2026-07-07 09:24:46
HRB,39.31,39.22,0.0023,0.6246,2006310,3,0.8524,1.142,0.0291,62.6,yf_premarket,0.07004283759840312,0.8517179023508138,0.041397533763945976,0.6,1.5,neutral,0.002323232323232323,3.9327,,,new,09:24:46,2026-07-07 09:24:46
CSWC,24.23,23.78,0.0189,0.9437,781960,4,0.7177,0.376,0.0158,57.7,yf_premarket,0.10582681050530422,0.7163954189270645,0.021873165002936,0.8,1.5,neutral,0.019090909090909092,3.9311,,,new,09:24:46,2026-07-07 09:24:46
LIFE,18.9,19.42,-0.0268,1.6515,478230,2,0.8501,1.433,0.0738,69.6,yf_premarket,0.1851997218920313,0.8494072734579063,0.10701702877275397,0.4,1.5,neutral,0.0,3.9301,,,new,09:24:46,2026-07-07 09:24:46
BOBS,16.07,16.07,0.0,0.4233,1363700,3,0.8561,0.975,0.0607,68.2,yf_premarket,0.04746899320429721,0.8554350010046212,0.08778625954198473,0.6,1.5,neutral,0.0,3.926,,,new,09:24:46,2026-07-07 09:24:46
PTON,5.91,5.87,0.0068,1.1484,9950480,3,0.7959,0.2641,0.045,58.4,yf_premarket,0.12878193195325993,0.7949568012859153,0.06473869641808573,0.6,1.5,neutral,0.006868686868686869,3.9258,,,new,09:24:46,2026-07-07 09:24:46
OFG,50.01,49.69,0.0064,0.406,491410,4,0.7664,0.9302,0.0187,63.5,yf_premarket,0.045528965842061585,0.7653204741812336,0.02613035819142689,0.8,1.5,neutral,0.006464646464646465,3.9217,,,new,09:24:46,2026-07-07 09:24:46
BAX,22.86,22.58,0.0124,0.7653,6335710,2,0.9267,0.645,0.0286,62.8,yf_premarket,0.08582097920918652,0.9263612618042998,0.0406635349383441,0.4,1.5,neutral,0.012525252525252524,3.9206,,,new,09:24:46,2026-07-07 09:24:46
ICFI,74.85,74.85,0.0,0.5064,322640,2,0.9503,3.371,0.045,53.5,yf_premarket,0.05678785296162558,0.950070323488045,0.06473869641808573,0.4,1.5,neutral,0.0,3.9177,,,new,09:24:46,2026-07-07 09:24:46
JMIA,7.2,7.13,0.0098,0.358,2020180,4,0.7519,0.3989,0.0559,50.8,yf_premarket,0.04014623096418238,0.7507534659433394,0.08073987081620669,0.8,1.5,neutral,0.009898989898989899,3.9169,,,new,09:24:46,2026-07-07 09:24:46
NEOG,9.3,9.51,-0.0221,0.7494,2194080,3,0.8283,0.427,0.0449,56.2,yf_premarket,0.08403794828088904,0.8275065300381756,0.06459189665296536,0.6,1.5,neutral,0.0,3.9134,,,new,09:24:46,2026-07-07 09:24:46
BCYC,4.4,4.35,0.0115,0.4793,488450,3,0.8431,0.154,0.0354,68.3,yf_premarket,0.05374885056182295,0.8423749246534056,0.05064591896652965,0.6,1.5,neutral,0.011616161616161616,3.9081,,,new,09:24:46,2026-07-07 09:24:46
KHC,25.0,24.82,0.0073,0.9946,15163570,3,0.802,0.681,0.0274,52.9,yf_premarket,0.11153475228205531,0.8010849909584087,0.03890193775689959,0.6,1.5,neutral,0.0073737373737373735,3.9,,,new,09:24:46,2026-07-07 09:24:46
AUNA,5.3,5.3,-0.0,1.3391,234030,4,0.6724,0.2282,0.0431,61.2,yf_premarket,0.15016708906183415,0.6708860759493671,0.06194950088079859,0.8,1.5,neutral,-0.0,3.898,,,new,09:24:46,2026-07-07 09:24:46
PDM,9.52,9.62,-0.0104,0.6595,1599180,3,0.8333,0.285,0.0296,60.3,yf_premarket,0.07395653441586111,0.8325296363271047,0.042131532589547854,0.6,1.5,neutral,0.0,3.8971,,,new,09:24:46,2026-07-07 09:24:46
LB,74.9,74.9,-0.0,0.7123,551340,4,0.7151,4.9509,0.0661,56.9,yf_premarket,0.07987754278152824,0.7137834036568214,0.09571344685848504,0.8,1.5,neutral,-0.0,3.8952,,,new,09:24:46,2026-07-07 09:24:46
STAG,38.96,39.1,-0.0036,0.6957,1554200,2,0.9321,0.637,0.0163,56.1,yf_premarket,0.07801601363626168,0.9317862165963432,0.022607163828537873,0.4,1.5,neutral,0.0,3.8919,,,new,09:24:46,2026-07-07 09:24:46
CALX,40.5,38.47,0.0528,0.6993,1571970,3,0.7831,1.445,0.0376,50.5,yf_premarket,0.07841971875210263,0.7820976491862568,0.053875513799177925,0.6,1.5,neutral,0.05333333333333334,3.8888,,,new,09:24:46,2026-07-07 09:24:46
IX,39.85,39.85,0.0,0.7827,274940,4,0.7244,0.589,0.0148,58.6,yf_premarket,0.08777222060241774,0.7231263813542295,0.02040516735173224,0.8,1.5,neutral,0.0,3.8881,,,new,09:24:46,2026-07-07 09:24:46
SOUN,7.0,6.96,0.0057,1.1122,25325020,3,0.7759,0.4085,0.0587,51.0,yf_premarket,0.12472245273285935,0.774864376130199,0.08485026423957721,0.6,1.5,neutral,0.005757575757575758,3.8879,,,new,09:24:46,2026-07-07 09:24:46
FVRR,11.12,11.12,0.0,0.8894,684810,2,0.9008,0.559,0.0503,60.5,yf_premarket,0.09973759167470338,0.9003415712276472,0.07251908396946564,0.4,1.5,neutral,0.0,3.8865,,,new,09:24:46,2026-07-07 09:24:46
FIBK,39.72,39.38,0.0086,0.7358,1084460,2,0.9187,0.701,0.0178,69.7,yf_premarket,0.08251284006548994,0.9183242917420132,0.024809160305343508,0.4,1.5,neutral,0.008686868686868687,3.8859,,,new,09:24:46,2026-07-07 09:24:46
EXEL,57.2,55.53,0.0301,1.0227,3073560,2,0.8743,1.606,0.0289,63.1,yf_premarket,0.11468589499181374,0.873719107896323,0.041103934233705224,0.4,1.5,neutral,0.030404040404040402,3.8856,,,new,09:24:46,2026-07-07 09:24:46
ASH,66.57,66.7,-0.0019,0.4378,1362430,4,0.7463,1.936,0.029,56.0,yf_premarket,0.049095027698656556,0.7451275868997388,0.0412507339988256,0.8,1.5,neutral,0.0,3.8845,,,new,09:24:46,2026-07-07 09:24:46
MSDL,15.42,15.38,0.0026,0.771,540070,3,0.8191,0.3067,0.0199,55.2,yf_premarket,0.08646017897593468,0.8182640144665462,0.0278919553728714,0.6,1.5,neutral,0.0026262626262626263,3.8841,,,new,09:24:46,2026-07-07 09:24:46
CNMD,35.44,35.11,0.0094,1.148,602690,3,0.7726,1.617,0.0461,51.2,yf_premarket,0.12873707582927757,0.7715491259795056,0.06635349383440987,0.6,1.5,neutral,0.009494949494949495,3.8836,,,new,09:24:46,2026-07-07 09:24:46
CVRX,5.63,5.63,-0.0,0.7725,359370,4,0.696,0.4473,0.0794,60.8,yf_premarket,0.0866283894408684,0.6945951376331122,0.115237815619495,0.8,1.5,neutral,-0.0,3.8768,,,new,09:24:46,2026-07-07 09:24:46
SPSC,59.9477,60.05,-0.0017,0.3302,1024620,3,0.8434,2.956,0.0492,68.3,yf_premarket,0.03702873034741068,0.8426763110307415,0.07090428655314152,0.6,1.5,neutral,0.0,3.8763,,,new,09:24:46,2026-07-07 09:24:46
FULT,24.33,24.33,0.0,0.7875,2245360,3,0.8155,0.4966,0.0204,65.0,yf_premarket,0.08831049409020565,0.8146473779385172,0.02862595419847328,0.6,1.5,neutral,0.0,3.8761,,,new,09:24:46,2026-07-07 09:24:46
CNTB,2.58,2.36,0.0932,0.5452,671300,3,0.7458,0.1735,0.0735,62.2,yf_premarket,0.06113889698791127,0.7446252762708458,0.10657662947739283,0.6,1.5,neutral,0.09414141414141415,3.8755,,,new,09:24:46,2026-07-07 09:24:46
LSPD,10.73,10.63,0.0094,0.5751,1304910,3,0.8191,0.412,0.0388,67.0,yf_premarket,0.06449189225559018,0.8182640144665462,0.055637110980622434,0.6,1.5,neutral,0.009494949494949495,3.8753,,,new,09:24:46,2026-07-07 09:24:46
BRKR,59.67,61.34,-0.0272,0.9959,2451740,3,0.7912,2.333,0.038,69.8,yf_premarket,0.11168053468499786,0.7902350813743219,0.05446271285965942,0.6,1.5,neutral,0.0,3.8752,,,new,09:24:46,2026-07-07 09:24:46
GO,10.45,10.38,0.0067,0.7225,2555800,2,0.9084,0.3972,0.0383,63.3,yf_premarket,0.08102137394307758,0.9079766927868194,0.054903112155020556,0.4,1.5,neutral,0.006767676767676768,3.8751,,,new,09:24:46,2026-07-07 09:24:46
IIPR,63.091,61.86,0.0199,0.5418,427680,4,0.7185,1.5949,0.0258,65.4,yf_premarket,0.06075761993406149,0.7171991159332931,0.036553141514973575,0.8,1.5,neutral,0.020101010101010102,3.874,,,new,09:24:46,2026-07-07 09:24:46
STEP,43.95,43.95,-0.0,1.1909,2127350,4,0.6662,2.5035,0.057,51.0,yf_premarket,0.13354789512638213,0.6646574241510951,0.08235466823253083,0.8,1.5,neutral,-0.0,3.8708,,,new,09:24:46,2026-07-07 09:24:46
OTEX,22.77,22.57,0.0089,0.783,1745840,3,0.7994,0.732,0.0324,52.9,yf_premarket,0.08780586269540448,0.7984729756881656,0.04624192601291838,0.6,1.5,neutral,0.00898989898989899,3.8653,,,new,09:24:46,2026-07-07 09:24:46
LYEL,14.04,14.04,0.0,0.6192,345310,3,0.7957,1.2985,0.0925,52.9,yf_premarket,0.0694372799246417,0.794755877034358,0.13446858485026422,0.6,1.5,neutral,0.0,3.8609,,,new,09:24:46,2026-07-07 09:24:46
CWK,13.8,13.79,0.0007,0.6022,2848630,3,0.8175,0.44,0.0319,54.9,yf_premarket,0.06753089465539282,0.8166566204540888,0.04550792718731649,0.6,1.5,neutral,0.0007070707070707071,3.8584,,,new,09:24:46,2026-07-07 09:24:46
TRIP,13.89,13.88,0.0007,0.653,3364500,3,0.808,0.618,0.0445,65.0,yf_premarket,0.07322762240114832,0.8071127185051236,0.06400469759248385,0.6,1.5,neutral,0.0007070707070707071,3.8571,,,new,09:24:46,2026-07-07 09:24:46
CNO,53.1,52.64,0.0087,0.6529,1091710,3,0.8107,1.029,0.0195,64.4,yf_premarket,0.07321640837015274,0.8098251959011452,0.027304756312389898,0.6,1.5,neutral,0.008787878787878787,3.8563,,,new,09:24:46,2026-07-07 09:24:46
PHAT,11.47,11.38,0.0079,0.808,1034420,3,0.7861,0.5695,0.05,62.9,yf_premarket,0.09060937044429991,0.7851115129596142,0.07207868467410453,0.6,1.5,neutral,0.007979797979797981,3.8541,,,new,09:24:46,2026-07-07 09:24:46
AOS,62.8,62.45,0.0056,0.7825,1842430,2,0.8986,1.533,0.0245,63.6,yf_premarket,0.08774979254042657,0.8981314044605183,0.034644744568408686,0.4,1.5,neutral,0.0056565656565656566,3.8537,,,new,09:24:46,2026-07-07 09:24:46
CTGO,16.8,17.19,-0.0227,0.7255,618170,3,0.7982,0.838,0.0487,56.0,yf_premarket,0.08135779487294503,0.7972674301788226,0.07017028772753964,0.6,1.5,neutral,0.0,3.8517,,,new,09:24:46,2026-07-07 09:24:46
CXM,5.42,5.4,0.0037,0.6467,4145770,3,0.8069,0.184,0.0341,52.7,yf_premarket,0.07252113844842667,0.8060076351215592,0.048737522019964764,0.6,1.5,neutral,0.0037373737373737376,3.8508,,,new,09:24:46,2026-07-07 09:24:46
TARA,4.3,4.08,0.0539,0.4599,890320,4,0.6774,0.2175,0.0533,55.7,yf_premarket,0.0515733285486801,0.6759091822382961,0.07692307692307693,0.8,1.5,neutral,0.05444444444444445,3.8493,,,new,09:24:46,2026-07-07 09:24:46
RDCM,14.16,14.16,0.0,0.7703,210690,4,0.694,0.632,0.0446,68.1,yf_premarket,0.08638168075896561,0.6925858951175407,0.06415149735760423,0.8,1.5,neutral,0.0,3.8468,,,new,09:24:46,2026-07-07 09:24:46
ANL,11.12,10.92,0.0183,1.4063,212550,3,0.6879,1.619,0.1483,53.2,yf_premarket,0.15770291789086505,0.6864577054450471,0.21638285378743388,0.6,1.5,neutral,0.018484848484848486,3.8454,,,new,09:24:46,2026-07-07 09:24:46
SBS,5.96,5.81,0.0258,0.636,7326610,2,0.8909,0.145,0.025,65.8,yf_premarket,0.07132123713189943,0.8903958207755677,0.03537874339401057,0.4,1.5,neutral,0.026060606060606062,3.8446,,,new,09:24:46,2026-07-07 09:24:46
BUR,4.38,4.35,0.0069,0.8573,2493250,4,0.6769,0.2301,0.0529,52.6,yf_premarket,0.09613788772512166,0.6754068716094032,0.07633587786259542,0.8,1.5,neutral,0.0069696969696969695,3.8436,,,new,09:24:46,2026-07-07 09:24:46
ALDX,2.2,2.28,-0.0351,0.4753,2524140,4,0.6951,0.2262,0.0992,69.4,yf_premarket,0.053300289321999685,0.6936909785011052,0.1443041691133294,0.8,1.5,neutral,0.0,3.8395,,,new,09:24:46,2026-07-07 09:24:46
CIG,2.1,2.1,0.0,0.7116,7066580,2,0.9025,0.0423,0.0201,57.7,yf_premarket,0.07979904456455918,0.902049427365883,0.028185554903112153,0.4,1.5,neutral,0.0,3.8379,,,new,09:24:46,2026-07-07 09:24:46
PEBO,38.55,38.79,-0.0062,0.46,336310,3,0.823,0.75,0.0193,66.9,yf_premarket,0.051584542579675687,0.8221820373719108,0.027011156782149146,0.6,1.5,neutral,0.0,3.8352,,,new,09:24:46,2026-07-07 09:24:46
AGEN,3.4,3.41,-0.0029,0.5159,1062050,3,0.8,0.207,0.0607,53.6,yf_premarket,0.05785318590620584,0.7990757484428371,0.08778625954198473,0.6,1.5,neutral,0.0,3.8288,,,new,09:24:46,2026-07-07 09:24:46
MMSI,71.45,71.45,0.0,0.7258,921440,3,0.7936,1.989,0.0278,65.4,yf_premarket,0.08139143696593176,0.7926461723930078,0.03948913681738109,0.6,1.5,neutral,0.0,3.8271,,,new,09:24:46,2026-07-07 09:24:46
GXO,51.03,51.16,-0.0025,0.6224,1355710,4,0.7002,1.6712,0.0327,56.7,yf_premarket,0.06979612891650032,0.6988145469158128,0.04668232530827951,0.8,1.5,neutral,0.0,3.8257,,,new,09:24:46,2026-07-07 09:24:46
BL,29.25,29.1,0.0052,0.6141,1210900,3,0.7923,1.257,0.0432,52.0,yf_premarket,0.06886536434386704,0.7913401647578863,0.06209630064591897,0.6,1.5,neutral,0.0052525252525252525,3.8249,,,new,09:24:46,2026-07-07 09:24:46
EFC,13.5807,13.58,0.0001,0.7003,1623880,3,0.7986,0.2137,0.0157,51.1,yf_premarket,0.07853185906205845,0.7976692786819368,0.021726365237815615,0.6,1.5,neutral,0.00010101010101010101,3.8242,,,new,09:24:46,2026-07-07 09:24:46
VSTM,4.47,4.46,0.0022,0.5448,3323690,3,0.7863,0.355,0.0796,57.7,yf_premarket,0.06109404086392894,0.7853124372111714,0.11553141514973576,0.6,1.5,neutral,0.0022222222222222222,3.8234,,,new,09:24:46,2026-07-07 09:24:46
VNDA,6.18,6.23,-0.008,0.7295,813390,3,0.7885,0.194,0.0311,62.3,yf_premarket,0.08180635611276829,0.7875226039783001,0.04433352906635349,0.6,1.5,neutral,0.0,3.8199,,,new,09:24:46,2026-07-07 09:24:46
NBTB,50.16,50.16,0.0,0.7311,414570,3,0.7915,1.124,0.0224,64.5,yf_premarket,0.08198578060869759,0.7905364677516576,0.031561949500880794,0.6,1.5,neutral,0.0,3.8198,,,new,09:24:46,2026-07-07 09:24:46
AGBK,7.23,7.23,-0.0,0.7969,298140,3,0.7778,0.304,0.042,52.1,yf_premarket,0.08936461300379034,0.776773156519992,0.06033470346447446,0.6,1.5,neutral,-0.0,3.8178,,,new,09:24:46,2026-07-07 09:24:46
RHI,33.13,33.28,-0.0045,0.7038,2181860,2,0.8814,1.563,0.047,53.1,yf_premarket,0.0789243501469038,0.8808519188266023,0.06767469172049324,0.4,1.5,neutral,0.0,3.8139,,,new,09:24:46,2026-07-07 09:24:46
TIPT,18.23,18.23,0.0,0.4253,321890,4,0.7143,0.422,0.0231,61.3,yf_premarket,0.04769327382420885,0.7129797066505927,0.032589547856723425,0.8,1.5,neutral,0.0,3.8138,,,new,09:24:46,2026-07-07 09:24:46
DEA,25.0,25.08,-0.0032,0.7247,494240,3,0.7878,0.636,0.0254,61.2,yf_premarket,0.08126808262498036,0.78681936909785,0.03596594245449207,0.6,1.5,neutral,0.0,3.8135,,,new,09:24:46,2026-07-07 09:24:46
NTST,21.57,21.47,0.0047,0.3857,4623830,2,0.9131,0.4775,0.0222,62.1,yf_premarket,0.04325251754995851,0.9126984126984127,0.03126834997064005,0.4,1.5,neutral,0.004747474747474748,3.813,,,new,09:24:46,2026-07-07 09:24:46
TSLX,17.2,17.2,-0.0,0.9505,863170,3,0.7682,0.441,0.0256,62.0,yf_premarket,0.10658936461300378,0.7671287924452481,0.03625954198473282,0.6,1.5,neutral,-0.0,3.8123,,,new,09:24:46,2026-07-07 09:24:46
MKC,51.9,51.78,0.0023,0.5152,6068750,3,0.8001,1.6944,0.0327,60.5,yf_premarket,0.05777468768923677,0.7991762105686157,0.04668232530827951,0.6,1.5,neutral,0.002323232323232323,3.8118,,,new,09:24:46,2026-07-07 09:24:46
KRMN,53.44,53.36,0.0015,1.3142,3203550,4,0.6238,3.0057,0.0563,60.7,yf_premarket,0.14737479534393433,0.6220614828209765,0.0813270698766882,0.8,1.5,neutral,0.0015151515151515152,3.8081,,,new,09:24:46,2026-07-07 09:24:46
NTB,60.61,60.61,-0.0,0.4049,270460,2,0.9122,1.067,0.0176,61.1,yf_premarket,0.04540561150111019,0.9117942535664054,0.02451556077510276,0.4,1.5,neutral,-0.0,3.804,,,new,09:24:46,2026-07-07 09:24:46
MAN,38.44,38.44,0.0,0.6495,1741760,2,0.8772,2.046,0.0532,62.9,yf_premarket,0.07283513131630295,0.8766325095439019,0.07677627715795654,0.4,1.5,neutral,0.0,3.8009,,,new,09:24:46,2026-07-07 09:24:46
OMER,10.4562,10.34,0.0112,0.6913,2524700,2,0.8576,0.764,0.0739,61.5,yf_premarket,0.0775225962724561,0.8569419328913,0.10716382853787433,0.4,1.5,neutral,0.011313131313131313,3.8007,,,new,09:24:46,2026-07-07 09:24:46
ALRS,31.12,31.12,-0.0,0.626,390870,4,0.6908,0.6962,0.0224,65.2,yf_premarket,0.07019983403234126,0.6893711070926261,0.031561949500880794,0.8,1.5,neutral,-0.0,3.7998,,,new,09:24:46,2026-07-07 09:24:46
GBCI,52.56,52.54,0.0004,0.7634,1640150,2,0.8758,1.137,0.0216,64.1,yf_premarket,0.08560791262027047,0.8752260397830018,0.03038755137991779,0.4,1.5,neutral,0.00040404040404040404,3.7947,,,new,09:24:46,2026-07-07 09:24:46
FMBH,48.66,48.66,0.0,0.7405,222960,3,0.7768,1.179,0.0242,64.0,yf_premarket,0.08303989952228227,0.7757685352622062,0.03420434527304756,0.6,1.5,neutral,0.0,3.7932,,,new,09:24:46,2026-07-07 09:24:46
COLB,32.45,32.24,0.0065,0.878,3000880,3,0.7602,0.654,0.0203,58.7,yf_premarket,0.09845919214120707,0.7590918223829616,0.028479154433352902,0.6,1.5,neutral,0.0065656565656565654,3.79,,,new,09:24:46,2026-07-07 09:24:46
KELYA,12.96,12.96,-0.0,0.7767,481040,2,0.8618,0.571,0.0441,60.4,yf_premarket,0.08709937874268284,0.8611613421740004,0.06341749853200235,0.4,1.5,neutral,-0.0,3.7847,,,new,09:24:46,2026-07-07 09:24:46
INVH,30.28,30.02,0.0087,0.6117,6026630,3,0.7797,0.4731,0.0158,56.5,yf_premarket,0.06859622759997308,0.7786819369097849,0.021873165002936,0.6,1.5,neutral,0.008787878787878787,3.7844,,,new,09:24:46,2026-07-07 09:24:46
RF,30.48,30.48,0.0,0.709,9982280,3,0.776,0.622,0.0204,63.5,yf_premarket,0.07950747975867405,0.7749648382559775,0.02862595419847328,0.6,1.5,neutral,0.0,3.7835,,,new,09:24:46,2026-07-07 09:24:46
ITUB,8.3049,8.29,0.0018,0.8459,21680450,1,0.9602,0.1829,0.0221,66.4,yf_premarket,0.09485948819162535,0.9600160739401247,0.03112155020551967,0.2,1.5,neutral,0.0018181818181818182,3.7806,,,new,09:24:46,2026-07-07 09:24:46
QDEL,17.61,18.0,-0.0217,0.5014,2113550,3,0.7739,1.249,0.0694,66.0,yf_premarket,0.05622715141184649,0.7728551336146273,0.10055783910745743,0.6,1.5,neutral,0.0,3.7803,,,new,09:24:46,2026-07-07 09:24:46
TWO,12.06,12.09,-0.0025,0.9874,2972970,2,0.8549,0.0928,0.0077,57.1,yf_premarket,0.11072734205037342,0.8542294554952783,0.009982384028185555,0.4,1.5,neutral,0.0,3.7795,,,new,09:24:46,2026-07-07 09:24:46
IRT,17.25,17.15,0.0058,0.551,3460980,2,0.8829,0.3215,0.0187,56.9,yf_premarket,0.06178931078565501,0.8823588507132811,0.02613035819142689,0.4,1.5,neutral,0.005858585858585858,3.7793,,,new,09:24:46,2026-07-07 09:24:46
HUYA,2.4007,2.41,-0.0039,0.7667,678970,3,0.7647,0.076,0.0315,56.0,yf_premarket,0.08597797564312468,0.7636126180429978,0.044920728126834994,0.6,1.5,neutral,0.0,3.7787,,,new,09:24:46,2026-07-07 09:24:46
APAM,36.22,36.18,0.0011,0.8176,940080,2,0.8605,0.994,0.0275,52.2,yf_premarket,0.09168591741987574,0.8598553345388789,0.03904873752201996,0.4,1.5,neutral,0.0011111111111111111,3.7784,,,new,09:24:46,2026-07-07 09:24:46
WK,52.13,51.54,0.0114,0.5842,1088570,2,0.8682,1.9849,0.0385,59.5,yf_premarket,0.06551236907618813,0.8675909182238296,0.0551967116852613,0.4,1.5,neutral,0.011515151515151516,3.7783,,,new,09:24:46,2026-07-07 09:24:46
ALMS,27.16,27.27,-0.004,0.7267,1933470,3,0.7575,1.6222,0.0595,65.2,yf_premarket,0.08149236324489201,0.7563793449869398,0.08602466236054022,0.6,1.5,neutral,0.0,3.778,,,new,09:24:46,2026-07-07 09:24:46
LOB,41.62,41.8,-0.0043,0.5131,379090,2,0.8878,1.0175,0.0243,67.2,yf_premarket,0.05753919303832956,0.8872814948764316,0.034351145038167934,0.4,1.5,neutral,0.0,3.778,,,new,09:24:46,2026-07-07 09:24:46
CXDO,7.7,7.85,-0.0191,0.7013,595890,3,0.7552,0.533,0.0679,58.8,yf_premarket,0.07864399937201426,0.7540687160940325,0.0983558426306518,0.6,1.5,neutral,0.0,3.7753,,,new,09:24:46,2026-07-07 09:24:46
RERE,3.99,4.0,-0.0025,0.3996,1149020,3,0.7864,0.2014,0.0504,52.3,yf_premarket,0.044811267858344356,0.7854128993369499,0.07266588373458603,0.6,1.5,neutral,0.0,3.7744,,,new,09:24:46,2026-07-07 09:24:46
CYH,3.6001,3.68,-0.0217,0.9438,1843040,3,0.7447,0.143,0.0389,68.9,yf_premarket,0.10583802453629981,0.7435201928872816,0.0557839107457428,0.6,1.5,neutral,0.0,3.7737,,,new,09:24:46,2026-07-07 09:24:46
BANR,67.9,67.6,0.0044,0.6205,300710,3,0.7753,1.228,0.0182,51.7,yf_premarket,0.06958306232758428,0.7742616033755274,0.025396359365825013,0.6,1.5,neutral,0.0044444444444444444,3.7723,,,new,09:24:46,2026-07-07 09:24:46
JFB,5.26,5.23,0.0057,1.1538,408660,3,0.7049,0.4229,0.0809,53.6,yf_premarket,0.12938748962702132,0.703536266827406,0.11743981209630064,0.6,1.5,neutral,0.005757575757575758,3.7685,,,new,09:24:46,2026-07-07 09:24:46
BBSI,37.61,37.61,-0.0,0.6397,290590,2,0.8667,1.478,0.0393,67.9,yf_premarket,0.07173615627873596,0.8660839863371509,0.05637110980622431,0.4,1.5,neutral,-0.0,3.768,,,new,09:24:46,2026-07-07 09:24:46
CELH,33.29,33.04,0.0076,1.1084,8366120,2,0.8175,1.561,0.0472,66.1,yf_premarket,0.12429631955502725,0.8166566204540888,0.067968291250734,0.4,1.5,neutral,0.007676767676767677,3.7653,,,new,09:24:46,2026-07-07 09:24:46
SSRM,30.64,30.64,0.0,0.6383,4053570,3,0.764,1.325,0.0432,63.6,yf_premarket,0.0715791598447978,0.7629093831625477,0.06209630064591897,0.6,1.5,neutral,0.0,3.7642,,,new,09:24:46,2026-07-07 09:24:46
ALLT,8.5,8.58,-0.0093,0.5053,480140,3,0.7686,0.45,0.0524,68.3,yf_premarket,0.05666449862067418,0.7675306409483624,0.07560187903699354,0.6,1.5,neutral,0.0,3.7579,,,new,09:24:46,2026-07-07 09:24:46
FMS,23.18,23.61,-0.0182,0.7456,709480,3,0.7622,0.344,0.0146,57.7,yf_premarket,0.08361181510305694,0.7611010648985332,0.020111567821491486,0.6,1.5,neutral,0.0,3.7577,,,new,09:24:46,2026-07-07 09:24:46
OCSL,12.31,12.03,0.0233,0.8215,602050,3,0.7353,0.251,0.0209,55.7,yf_premarket,0.09212326462870343,0.7340767530640948,0.029359953024075156,0.6,1.5,neutral,0.023535353535353538,3.7563,,,new,09:24:46,2026-07-07 09:24:46
AMH,33.76,33.76,0.0,0.6915,2565930,2,0.8642,0.516,0.0153,57.7,yf_premarket,0.07754502433444725,0.8635724331926863,0.021139166177334114,0.4,1.5,neutral,0.0,3.754,,,new,09:24:46,2026-07-07 09:24:46
UHT,44.37,43.97,0.0091,0.7755,251570,3,0.7394,1.518,0.0345,67.2,yf_premarket,0.08696481037073585,0.7381957002210167,0.04932472108044628,0.6,1.5,neutral,0.009191919191919192,3.7453,,,new,09:24:46,2026-07-07 09:24:46
BFST,30.89,30.89,0.0,0.6074,355780,3,0.7636,0.69,0.0223,66.6,yf_premarket,0.06811402426716308,0.7625075346594333,0.03141514973576042,0.6,1.5,neutral,0.0,3.7429,,,new,09:24:46,2026-07-07 09:24:46
CCAP,11.18,11.0,0.0164,1.0395,257240,4,0.6161,0.2155,0.0196,52.6,yf_premarket,0.11656985219907148,0.6143258991360256,0.02745155607751027,0.8,1.5,neutral,0.016565656565656568,3.7421,,,new,09:24:46,2026-07-07 09:24:46
RXST,5.54,5.6,-0.0107,0.5424,1991910,2,0.8498,0.401,0.0716,66.2,yf_premarket,0.06082490412003498,0.8491058870805707,0.10378743394010569,0.4,1.5,neutral,0.0,3.7413,,,new,09:24:46,2026-07-07 09:24:46
NWS,30.02,30.02,-0.0,0.6451,2150350,2,0.855,0.87,0.029,56.2,yf_premarket,0.07234171395249736,0.8543299176210568,0.0412507339988256,0.4,1.5,neutral,-0.0,3.7378,,,new,09:24:46,2026-07-07 09:24:46
BBDC,8.63,8.53,0.0117,0.8168,729650,3,0.7361,0.157,0.0184,55.8,yf_premarket,0.09159620517191108,0.7348804500703234,0.025689958896065762,0.6,1.5,neutral,0.011818181818181818,3.7377,,,new,09:24:46,2026-07-07 09:24:46
ORGO,2.51,2.48,0.0121,0.7636,848600,3,0.7292,0.119,0.048,64.0,yf_premarket,0.08563034068226164,0.7279485633916013,0.06914268937169701,0.6,1.5,neutral,0.012222222222222221,3.7372,,,new,09:24:46,2026-07-07 09:24:46
DNN,3.21,3.24,-0.0093,0.9027,23706270,4,0.625,0.163,0.0503,60.0,yf_premarket,0.10122905779711573,0.6232670283303194,0.07251908396946564,0.8,1.5,neutral,0.0,3.7346,,,new,09:24:46,2026-07-07 09:24:46
STC,68.17,67.87,0.0044,0.7076,351040,2,0.843,2.29,0.0337,59.1,yf_premarket,0.0793504833247359,0.842274462527627,0.048150322959483266,0.4,1.5,neutral,0.0044444444444444444,3.7343,,,new,09:24:46,2026-07-07 09:24:46
NPB,19.02,19.02,-0.0,0.4795,296360,4,0.6683,0.5089,0.0268,64.0,yf_premarket,0.05377127862381411,0.6667671287924453,0.03802113916617733,0.8,1.5,neutral,-0.0,3.7332,,,new,09:24:46,2026-07-07 09:24:46
RKT,15.48,15.55,-0.0045,0.6035,39445360,3,0.7466,0.85,0.0547,68.7,yf_premarket,0.06767667705833538,0.7454289732770746,0.07897827363476219,0.6,1.5,neutral,0.0,3.7319,,,new,09:24:46,2026-07-07 09:24:46
NHP,15.21,15.21,-0.0,0.3982,1481600,2,0.8644,0.759,0.0499,62.8,yf_premarket,0.044654271424406214,0.8637733574442434,0.07193188490898414,0.4,1.5,neutral,-0.0,3.7305,,,new,09:24:46,2026-07-07 09:24:46
HPP,16.27,16.27,-0.0,0.8437,1032250,3,0.7249,0.823,0.0506,56.9,yf_premarket,0.09461277950972256,0.7236286919831223,0.07295948326482678,0.6,1.5,neutral,-0.0,3.7257,,,new,09:24:46,2026-07-07 09:24:46
PKE,37.75,37.72,0.0008,0.5463,400150,3,0.7483,1.9247,0.051,57.9,yf_premarket,0.06126225132886267,0.7471368294153103,0.07354668232530827,0.6,1.5,neutral,0.0008080808080808081,3.7242,,,new,09:24:46,2026-07-07 09:24:46
QGEN,39.3,39.15,0.0038,0.804,2779580,3,0.7359,0.727,0.0186,62.9,yf_premarket,0.09016080920447664,0.7346795258187663,0.02598355842630651,0.6,1.5,neutral,0.0038383838383838384,3.7233,,,new,09:24:46,2026-07-07 09:24:46
ELS,64.32,64.98,-0.0102,0.7564,1543300,3,0.7409,1.3499,0.0208,53.5,yf_premarket,0.08482293045057976,0.7397026321076954,0.02921315325895478,0.6,1.5,neutral,0.0,3.7212,,,new,09:24:46,2026-07-07 09:24:46
FTRE,17.85,17.85,-0.0,0.5411,1707190,2,0.8442,0.9683,0.0542,63.1,yf_premarket,0.06067912171709242,0.84348000803697,0.0782442748091603,0.4,1.5,neutral,-0.0,3.7171,,,new,09:24:46,2026-07-07 09:24:46
NFBK,14.81,14.81,-0.0,1.0623,397740,3,0.7143,0.246,0.0166,50.7,yf_premarket,0.11912665126606409,0.7129797066505927,0.023047563123899,0.6,1.5,neutral,-0.0,3.7162,,,new,09:24:46,2026-07-07 09:24:46
SBH,14.16,14.16,0.0,1.1314,1645720,2,0.8,0.541,0.0382,53.3,yf_premarket,0.12687554668401102,0.7990757484428371,0.054756312389900176,0.4,1.5,neutral,0.0,3.7158,,,new,09:24:46,2026-07-07 09:24:46
FHN,26.0425,25.85,0.0074,0.9862,3997440,3,0.7143,0.463,0.0179,63.3,yf_premarket,0.11059277367842643,0.7129797066505927,0.024955960070463884,0.6,1.5,neutral,0.007474747474747475,3.7155,,,new,09:24:46,2026-07-07 09:24:46
FCF,20.49,20.49,0.0,0.5639,768230,3,0.7548,0.375,0.0183,60.7,yf_premarket,0.06323592078408503,0.7536668675909183,0.02554315913094539,0.6,1.5,neutral,0.0,3.715,,,new,09:24:46,2026-07-07 09:24:46
ASX,40.7,43.32,-0.0605,0.7254,14244320,3,0.727,2.3635,0.0546,60.7,yf_premarket,0.08134658084194944,0.7257383966244726,0.07883147386964182,0.6,1.5,neutral,0.0,3.7129,,,new,09:24:46,2026-07-07 09:24:46
BIVI,2.26,2.1,0.0762,0.6174,260620,3,0.6545,0.2479,0.118,66.2,yf_premarket,0.06923542736672122,0.652903355435001,0.17190252495596006,0.6,1.5,neutral,0.07696969696969698,3.7111,,,new,09:24:46,2026-07-07 09:24:46
INDO,2.79,2.79,0.0,0.4899,233920,3,0.75,0.1095,0.0392,59.8,yf_premarket,0.054937537847354605,0.7488446855535463,0.05622431004110393,0.6,1.5,neutral,0.0,3.7082,,,new,09:24:46,2026-07-07 09:24:46
CPB,22.76,22.66,0.0044,0.6134,8724930,3,0.7379,0.7609,0.0336,51.5,yf_premarket,0.06878686612689797,0.7366887683343379,0.048003523194362886,0.6,1.5,neutral,0.0044444444444444444,3.7072,,,new,09:24:46,2026-07-07 09:24:46
VLY,14.85,14.79,0.0041,0.7705,6857220,2,0.8295,0.289,0.0195,56.2,yf_premarket,0.08640410882095677,0.8287120755475186,0.027304756312389898,0.4,1.5,neutral,0.004141414141414142,3.7069,,,new,09:24:46,2026-07-07 09:24:46
ARMK,56.07,56.0,0.0013,0.8639,2672740,3,0.7217,1.123,0.0201,64.1,yf_premarket,0.09687801377083005,0.7204139039582077,0.028185554903112153,0.6,1.5,neutral,0.0013131313131313131,3.7022,,,new,09:24:46,2026-07-07 09:24:46
PLTK,3.88,3.88,-0.0,0.53,1597280,4,0.6349,0.2348,0.0605,69.9,yf_premarket,0.05943436427658286,0.633212778782399,0.08749266001174398,0.8,1.5,neutral,-0.0,3.6993,,,new,09:24:46,2026-07-07 09:24:46
ACHV,6.75,6.45,0.0465,0.3735,3484480,3,0.7067,0.482,0.0747,66.2,yf_premarket,0.04188440576849754,0.7053445850914205,0.10833822665883734,0.6,1.5,neutral,0.04696969696969697,3.6981,,,new,09:24:46,2026-07-07 09:24:46
UPWK,8.92,8.86,0.0068,0.7292,3230430,3,0.7152,0.385,0.0435,56.1,yf_premarket,0.08177271401978153,0.7138838657825999,0.0625366999412801,0.6,1.5,neutral,0.006868686868686869,3.692,,,new,09:24:46,2026-07-07 09:24:46
WSR,18.9894,18.97,0.001,0.456,1154230,2,0.8571,0.022,0.0012,64.1,yf_premarket,0.05113598133985242,0.856439622262407,0.0004403992953611273,0.4,1.5,neutral,0.00101010101010101,3.6913,,,new,09:24:46,2026-07-07 09:24:46
SI,21.39,21.39,0.0,0.6733,211790,3,0.7105,1.7116,0.08,61.4,yf_premarket,0.0755040706932514,0.7091621458710067,0.11611861421021727,0.6,1.5,neutral,0.0,3.6896,,,new,09:24:46,2026-07-07 09:24:46
DGII,73.4943,73.22,0.0037,0.7461,552440,3,0.7147,2.978,0.0407,64.2,yf_premarket,0.08366788525803484,0.713381555153707,0.058426306517909574,0.6,1.5,neutral,0.0037373737373737376,3.6871,,,new,09:24:46,2026-07-07 09:24:46
BMRN,60.1347,58.79,0.0229,0.8408,2127930,2,0.7963,1.586,0.027,65.2,yf_premarket,0.09428757261085069,0.7953586497890295,0.038314738696418084,0.4,1.5,neutral,0.02313131313131313,3.686,,,new,09:24:46,2026-07-07 09:24:46
PESI,14.4922,14.06,0.0307,0.43,517630,4,0.6015,1.256,0.0893,69.3,yf_premarket,0.048220333281001185,0.5996584287723529,0.1297709923664122,0.8,1.5,neutral,0.031010101010101012,3.683,,,new,09:24:46,2026-07-07 09:24:46
BKV,27.0,27.05,-0.0018,0.5996,1070300,3,0.7275,0.992,0.0367,68.6,yf_premarket,0.0672393298495077,0.7262407072533655,0.05255431591309454,0.6,1.5,neutral,0.0,3.6796,,,new,09:24:46,2026-07-07 09:24:46
SVC,8.7435,8.75,-0.0007,0.7296,2248317,2,0.8125,0.4025,0.046,64.4,yf_premarket,0.08181757014376387,0.8116335141651597,0.06620669406928949,0.4,1.5,neutral,0.0,3.6791,,,new,09:24:46,2026-07-07 09:24:46
SCSC,50.98,51.39,-0.008,0.7359,236860,4,0.6212,1.167,0.0227,58.6,yf_premarket,0.08252405409648551,0.6194494675507334,0.032002348796241926,0.8,1.5,neutral,0.0,3.6787,,,new,09:24:46,2026-07-07 09:24:46
GT,6.93,6.93,0.0,0.8139,15636820,2,0.8045,0.316,0.0456,59.7,yf_premarket,0.09127099827303921,0.8035965441028732,0.06561949500880798,0.4,1.5,neutral,0.0,3.6769,,,new,09:24:46,2026-07-07 09:24:46
GTY,34.0,34.0,0.0,0.4548,666610,2,0.8442,0.4939,0.0145,60.7,yf_premarket,0.05100141296790544,0.84348000803697,0.01996476805637111,0.4,1.5,neutral,0.0,3.6734,,,new,09:24:46,2026-07-07 09:24:46
STBA,49.43,49.36,0.0014,0.7305,284890,3,0.7174,1.129,0.0229,62.1,yf_premarket,0.08191849642272411,0.7160940325497288,0.03229594832648267,0.6,1.5,neutral,0.0014141414141414141,3.6733,,,new,09:24:46,2026-07-07 09:24:46
GTN,4.04,4.01,0.0075,0.8286,1448260,4,0.5897,0.227,0.0566,55.6,yf_premarket,0.09291946082938973,0.5878038979304802,0.08176746917204931,0.8,1.5,neutral,0.007575757575757576,3.6672,,,new,09:24:46,2026-07-07 09:24:46
IRDM,52.26,52.59,-0.0063,0.4985,4053530,3,0.7232,2.863,0.0544,59.9,yf_premarket,0.05590194451297463,0.7219208358448864,0.07853787433940106,0.6,1.5,neutral,0.0,3.667,,,new,09:24:46,2026-07-07 09:24:46
GNLX,3.02,3.02,0.0,0.8909,210800,4,0.5897,0.1723,0.0571,53.2,yf_premarket,0.09990580213963711,0.5878038979304802,0.0825014679976512,0.8,1.5,neutral,0.0,3.6667,,,new,09:24:46,2026-07-07 09:24:46
UBSI,46.27,46.49,-0.0047,0.6208,1265000,3,0.7266,0.715,0.0154,56.7,yf_premarket,0.06961670442057101,0.7253365481213583,0.021285965942454493,0.6,1.5,neutral,0.0,3.6657,,,new,09:24:46,2026-07-07 09:24:46
HBAN,17.77,17.89,-0.0067,0.9281,19465840,3,0.6972,0.405,0.0226,59.9,yf_premarket,0.1040774216699935,0.6958006831424554,0.03185554903112155,0.6,1.5,neutral,0.0,3.6636,,,new,09:24:46,2026-07-07 09:24:46
CMG,34.06,33.98,0.0024,0.7889,21460200,3,0.7032,1.08,0.0318,58.0,yf_premarket,0.08846749052414381,0.7018284106891702,0.045361127422196126,0.6,1.5,neutral,0.0024242424242424242,3.6627,,,new,09:24:46,2026-07-07 09:24:46
XP,16.43,16.4,0.0018,1.5493,4931450,2,0.7398,0.478,0.0291,56.4,yf_premarket,0.1737389822145468,0.738597548724131,0.041397533763945976,0.4,1.5,neutral,0.0018181818181818182,3.6612,,,new,09:24:46,2026-07-07 09:24:46
BNL,21.09,21.09,-0.0,0.8893,2397830,2,0.7989,0.3458,0.0164,55.3,yf_premarket,0.0997263776437078,0.7979706650592727,0.022753963593658253,0.4,1.5,neutral,-0.0,3.6569,,,new,09:24:46,2026-07-07 09:24:46
REZI,31.89,32.09,-0.0062,0.6324,1432720,3,0.711,1.325,0.0413,51.8,yf_premarket,0.07091753201605848,0.7096644564998995,0.05930710510863183,0.6,1.5,neutral,0.0,3.6554,,,new,09:24:46,2026-07-07 09:24:46
ZIP,3.91,3.9,0.0026,0.4011,1097210,2,0.8128,0.2825,0.0724,56.9,yf_premarket,0.04497947832327808,0.8119349005424954,0.10496183206106871,0.4,1.5,neutral,0.0026262626262626263,3.6478,,,new,09:24:46,2026-07-07 09:24:46
PBH,48.64,48.86,-0.0045,0.5659,782350,2,0.8143,1.613,0.033,53.5,yf_premarket,0.06346020140399668,0.8134418324291742,0.047122724603640635,0.4,1.5,neutral,0.0,3.6456,,,new,09:24:46,2026-07-07 09:24:46
UHAL,68.08,66.75,0.0199,0.9306,262960,2,0.771,1.59,0.0238,68.2,yf_premarket,0.10435777244488303,0.7699417319670484,0.033617146212566056,0.4,1.5,neutral,0.020101010101010102,3.6434,,,new,09:24:46,2026-07-07 09:24:46
HLF,13.0,12.87,0.0101,0.6214,1911510,3,0.6974,0.555,0.0431,61.1,yf_premarket,0.0696839886065445,0.6960016073940125,0.06194950088079859,0.6,1.5,neutral,0.010202020202020202,3.6428,,,new,09:24:46,2026-07-07 09:24:46
HRZN,4.7,4.64,0.0129,1.0377,570210,2,0.7647,0.131,0.0282,64.6,yf_premarket,0.11636799964115101,0.7636126180429978,0.04007633587786259,0.4,1.5,neutral,0.013030303030303031,3.6414,,,new,09:24:46,2026-07-07 09:24:46
RPRX,56.4043,56.92,-0.0091,0.847,3666830,2,0.7902,1.466,0.0258,58.3,yf_premarket,0.09498284253257674,0.7892304601165361,0.036553141514973575,0.4,1.5,neutral,0.0,3.6392,,,new,09:24:46,2026-07-07 09:24:46
PBYI,8.42,8.22,0.0243,1.0218,434520,2,0.75,0.368,0.0448,66.9,yf_premarket,0.11458496871285352,0.7488446855535463,0.06444509688784499,0.4,1.5,neutral,0.024545454545454544,3.6386,,,new,09:24:46,2026-07-07 09:24:46
HFWA,29.81,29.81,0.0,0.4678,393550,3,0.7179,0.703,0.0236,57.5,yf_premarket,0.05245923699733106,0.7165963431786216,0.0333235466823253,0.6,1.5,neutral,0.0,3.6285,,,new,09:24:46,2026-07-07 09:24:46
GSK,53.31,53.09,0.0041,1.0161,3717020,2,0.7692,1.036,0.0195,50.2,yf_premarket,0.11394576894610536,0.7681334137030339,0.027304756312389898,0.4,1.5,neutral,0.004141414141414142,3.627,,,new,09:24:46,2026-07-07 09:24:46
AZ,6.21,6.21,-0.0,0.6974,377820,3,0.6791,0.4505,0.0725,53.1,yf_premarket,0.07820665216318658,0.6776170383765321,0.10510863182618907,0.6,1.5,neutral,-0.0,3.6251,,,new,09:24:46,2026-07-07 09:24:46
SUPN,47.06,47.24,-0.0038,0.8191,1072470,2,0.7816,1.296,0.0274,68.7,yf_premarket,0.09185412788480947,0.780590717299578,0.03890193775689959,0.4,1.5,neutral,0.0,3.6184,,,new,09:24:46,2026-07-07 09:24:46
NVAX,9.2526,9.35,-0.0104,0.6625,4461060,4,0.5838,0.533,0.057,57.5,yf_premarket,0.07429295534572856,0.5818766325095439,0.08235466823253083,0.8,1.5,neutral,0.0,3.6164,,,new,09:24:46,2026-07-07 09:24:46
KEY,23.46,23.43,0.0013,1.0659,11604060,2,0.7623,0.425,0.0181,63.1,yf_premarket,0.11953035638190504,0.7612015270243118,0.025249559600704637,0.4,1.5,neutral,0.0013131313131313131,3.6163,,,new,09:24:46,2026-07-07 09:24:46
ANIX,3.26,3.05,0.0689,0.6984,389770,3,0.6161,0.27,0.0885,67.1,yf_premarket,0.0783187924731424,0.6143258991360256,0.1285965942454492,0.6,1.5,neutral,0.0695959595959596,3.6148,,,new,09:24:46,2026-07-07 09:24:46
PMT,10.9,10.9,0.0,1.0933,2085720,3,0.6533,0.381,0.035,65.0,yf_premarket,0.1226030008746944,0.651697809925658,0.050058719906048155,0.6,1.5,neutral,0.0,3.6123,,,new,09:24:46,2026-07-07 09:24:46
AOMR,8.98,9.02,-0.0044,0.4471,204430,2,0.8088,0.2255,0.025,66.5,yf_premarket,0.05013793258124565,0.8079164155113522,0.03537874339401057,0.4,1.5,neutral,0.0,3.6087,,,new,09:24:46,2026-07-07 09:24:46
VTEX,4.11,4.13,-0.0048,0.3463,2483950,2,0.8072,0.208,0.0504,68.3,yf_premarket,0.038834189337699325,0.8063090214988949,0.07266588373458603,0.4,1.5,neutral,0.0,3.6072,,,new,09:24:46,2026-07-07 09:24:46
AXTA,35.01,35.01,0.0,0.6923,1782180,2,0.7889,0.7275,0.0208,64.1,yf_premarket,0.0776347365824119,0.7879244524814145,0.02921315325895478,0.4,1.5,neutral,0.0,3.6069,,,new,09:24:46,2026-07-07 09:24:46
EPRT,30.57,30.88,-0.01,0.7729,2589690,2,0.7809,0.5801,0.0188,53.1,yf_premarket,0.08667324556485073,0.779887482419128,0.026277157956547267,0.4,1.5,neutral,0.0,3.6029,,,new,09:24:46,2026-07-07 09:24:46
SMPL,12.96,12.96,-0.0,0.9313,2433900,4,0.5586,0.5636,0.0435,53.8,yf_premarket,0.1044362706618521,0.5565601768133414,0.0625366999412801,0.8,1.5,neutral,-0.0,3.601,,,new,09:24:46,2026-07-07 09:24:46
NXRT,28.83,28.47,0.0126,0.3696,303840,2,0.8009,0.736,0.0259,52.2,yf_premarket,0.041447058559669854,0.7999799075748443,0.03669994128009395,0.4,1.5,neutral,0.012727272727272728,3.5996,,,new,09:24:46,2026-07-07 09:24:46
JBGS,15.31,15.31,-0.0,0.8196,672270,2,0.7702,0.468,0.0306,57.7,yf_premarket,0.09191019803978738,0.7691380349608198,0.04359953024075161,0.4,1.5,neutral,-0.0,3.5979,,,new,09:24:46,2026-07-07 09:24:46
BMBL,3.1047,3.17,-0.0206,0.3457,5427480,3,0.6923,0.2444,0.0771,66.4,yf_premarket,0.03876690515172584,0.6908780389793048,0.11186142102172637,0.6,1.5,neutral,0.0,3.5958,,,new,09:24:46,2026-07-07 09:24:46
SBRA,20.01,19.73,0.0142,0.6019,3916520,2,0.7788,0.464,0.0235,65.2,yf_premarket,0.06749725256240607,0.7777777777777778,0.03317674691720493,0.4,1.5,neutral,0.014343434343434344,3.5949,,,new,09:24:46,2026-07-07 09:24:46
EPC,26.68,26.67,0.0004,0.4739,1435240,2,0.7886,1.423,0.0534,66.8,yf_premarket,0.053143292888061536,0.7876230661040787,0.0770698766881973,0.4,1.5,neutral,0.00040404040404040404,3.5941,,,new,09:24:46,2026-07-07 09:24:46
INMD,14.6,14.6,-0.0,0.4552,1026240,3,0.702,0.31,0.0212,69.5,yf_premarket,0.051046269091887767,0.7006228651798272,0.029800352319436285,0.6,1.5,neutral,-0.0,3.5927,,,new,09:24:46,2026-07-07 09:24:46
LAW,3.87,3.87,0.0,0.6734,261050,2,0.7722,0.1847,0.0477,62.0,yf_premarket,0.07551528472424697,0.7711472774763913,0.06870229007633588,0.4,1.5,neutral,0.0,3.5899,,,new,09:24:46,2026-07-07 09:24:46
INFU,9.9,9.97,-0.007,0.5207,424210,2,0.784,0.479,0.048,60.4,yf_premarket,0.05839145939399377,0.783001808318264,0.06914268937169701,0.4,1.5,neutral,0.0,3.5882,,,new,09:24:46,2026-07-07 09:24:46
TMCI,4.6,4.56,0.0088,0.4242,1561440,2,0.766,0.4469,0.098,58.1,yf_premarket,0.04756991948325745,0.7649186256781193,0.1425425719318849,0.4,1.5,neutral,0.008888888888888889,3.5858,,,new,09:24:46,2026-07-07 09:24:46
EGO,32.9,33.41,-0.0153,0.5555,2856640,2,0.7826,1.284,0.0384,60.1,yf_premarket,0.06229394218045618,0.7815953385573639,0.05504991192014092,0.4,1.5,neutral,0.0,3.5842,,,new,09:24:46,2026-07-07 09:24:46
CGNX,69.39,69.49,-0.0014,0.7222,2800570,3,0.665,3.341,0.0481,61.6,yf_premarket,0.08098773185009082,0.663451878641752,0.06928948913681737,0.6,1.5,neutral,0.0,3.583,,,new,09:24:46,2026-07-07 09:24:46
ARHS,8.05,8.15,-0.0123,0.7632,1493270,3,0.6563,0.4305,0.0528,63.3,yf_premarket,0.08558548455827932,0.6547116736990154,0.07618907809747505,0.6,1.5,neutral,0.0,3.5759,,,new,09:24:46,2026-07-07 09:24:46
WRB,71.0,70.92,0.0011,0.7749,2050150,2,0.7648,1.5671,0.0221,64.2,yf_premarket,0.08689752618476237,0.7637130801687764,0.03112155020551967,0.4,1.5,neutral,0.0011111111111111111,3.575,,,new,09:24:46,2026-07-07 09:24:46
SGHT,5.48,5.48,-0.0,0.7453,252790,4,0.5519,0.3755,0.0685,61.0,yf_premarket,0.08357817301007019,0.5498292143861764,0.09923664122137406,0.8,1.5,neutral,-0.0,3.5746,,,new,09:24:46,2026-07-07 09:24:46
AAT,25.16,25.16,0.0,0.7168,464280,2,0.7706,0.5,0.0199,59.9,yf_premarket,0.08038217417632941,0.769539883463934,0.0278919553728714,0.4,1.5,neutral,0.0,3.5736,,,new,09:24:46,2026-07-07 09:24:46
BBAR,20.51,20.76,-0.012,1.1532,625050,3,0.6223,1.094,0.0527,51.7,yf_premarket,0.12932020544104783,0.6205545509342977,0.07604227833235466,0.6,1.5,neutral,0.0,3.5731,,,new,09:24:46,2026-07-07 09:24:46
CRBP,9.2,9.0,0.0222,0.4488,585390,3,0.6597,0.486,0.054,62.0,yf_premarket,0.05032857110817054,0.6581273859754871,0.07795067527891955,0.6,1.5,neutral,0.022424242424242426,3.5644,,,new,09:24:46,2026-07-07 09:24:46
PSTL,25.16,24.35,0.0333,0.517,502490,3,0.6548,0.6532,0.0268,54.6,yf_premarket,0.05797654024715724,0.6532047418123368,0.03802113916617733,0.6,1.5,neutral,0.03363636363636364,3.5628,,,new,09:24:46,2026-07-07 09:24:46
AUB,42.2,42.2,-0.0,0.5357,1557280,3,0.6795,0.894,0.0212,63.1,yf_premarket,0.06007356404333101,0.6780188868796464,0.029800352319436285,0.6,1.5,neutral,-0.0,3.561,,,new,09:24:46,2026-07-07 09:24:46
WASH,36.07,36.07,0.0,0.5989,216550,3,0.674,0.7308,0.0203,55.8,yf_premarket,0.06716083163253862,0.6724934699618245,0.028479154433352902,0.6,1.5,neutral,0.0,3.56,,,new,09:24:46,2026-07-07 09:24:46
MNKD,4.3,4.27,0.007,0.7738,5274890,3,0.641,0.236,0.0553,64.7,yf_premarket,0.08677417184381098,0.6393409684548925,0.07985907222548444,0.6,1.5,neutral,0.007070707070707071,3.5594,,,new,09:24:46,2026-07-07 09:24:46
ES,73.86,73.23,0.0086,0.851,2776320,2,0.7464,1.289,0.0176,69.6,yf_premarket,0.09543140377240002,0.7452280490255173,0.02451556077510276,0.4,1.5,neutral,0.008686868686868687,3.5589,,,new,09:24:46,2026-07-07 09:24:46
UPST,34.4249,34.33,0.0028,1.2722,4439020,3,0.5984,2.0383,0.0594,65.1,yf_premarket,0.14266490232579002,0.5965441028732168,0.08587786259541985,0.6,1.5,neutral,0.0028282828282828283,3.5543,,,new,09:24:46,2026-07-07 09:24:46
TFPM,29.85,30.08,-0.0076,1.0759,944090,3,0.6239,1.1846,0.0394,54.4,yf_premarket,0.1206517594814632,0.622161944946755,0.056517909571344685,0.6,1.5,neutral,0.0,3.5536,,,new,09:24:46,2026-07-07 09:24:46
CRNC,10.9899,10.98,0.0009,0.6495,871810,4,0.5484,0.729,0.0664,53.2,yf_premarket,0.07283513131630295,0.546313039983926,0.09615384615384616,0.8,1.5,neutral,0.0009090909090909091,3.5513,,,new,09:24:46,2026-07-07 09:24:46
EXPI,5.32,5.32,0.0,0.8516,1772445,3,0.6342,0.31,0.0583,61.4,prev_close,0.09549868795837352,0.6325095439019489,0.08426306517909571,0.6,1.5,neutral,0.0,3.5504,,,new,09:24:46,2026-07-07 09:24:46
FRSH,10.23,10.17,0.0059,0.4356,33221370,2,0.7711,0.3908,0.0384,61.8,yf_premarket,0.04884831901675376,0.770042194092827,0.05504991192014092,0.4,1.5,neutral,0.00595959595959596,3.5498,,,new,09:24:46,2026-07-07 09:24:46
TRN,35.56,35.56,-0.0,0.9559,883680,2,0.7344,1.094,0.0308,55.1,yf_premarket,0.10719492228676519,0.7331725939320877,0.04389312977099236,0.4,1.5,neutral,-0.0,3.5491,,,new,09:24:46,2026-07-07 09:24:46
WGO,31.28,30.67,0.0199,0.5959,1236810,2,0.7371,1.608,0.0524,57.8,yf_premarket,0.06682441070267117,0.7358850713281093,0.07560187903699354,0.4,1.5,neutral,0.020101010101010102,3.54,,,new,09:24:46,2026-07-07 09:24:46
NNN,47.2,46.97,0.0049,0.6254,1852720,2,0.7599,0.674,0.0143,52.6,yf_premarket,0.07013254984636777,0.7587904360056259,0.019671168526130357,0.4,1.5,neutral,0.004949494949494949,3.54,,,new,09:24:46,2026-07-07 09:24:46
DLX,24.14,24.14,0.0,0.8202,507530,2,0.7397,0.819,0.0339,52.7,yf_premarket,0.09197748222576087,0.7384970865983524,0.04844392248972402,0.4,1.5,neutral,0.0,3.5392,,,new,09:24:46,2026-07-07 09:24:46
CBU,67.98,67.61,0.0055,0.3251,454310,2,0.7805,1.539,0.0228,56.6,yf_premarket,0.036456814766636016,0.7794856339160137,0.0321491485613623,0.4,1.5,neutral,0.005555555555555555,3.5381,,,new,09:24:46,2026-07-07 09:24:46
BRCB,8.24,8.1,0.0173,0.5514,490930,3,0.6339,0.599,0.074,58.7,yf_premarket,0.061834166909637334,0.6322081575246132,0.1073106283029947,0.6,1.5,neutral,0.017474747474747473,3.537,,,new,09:24:46,2026-07-07 09:24:46
ARLO,13.02,13.19,-0.0129,0.9373,1389580,4,0.5233,0.675,0.0512,53.2,yf_premarket,0.105109112521587,0.5210970464135021,0.07384028185554903,0.8,1.5,neutral,0.0,3.5368,,,new,09:24:46,2026-07-07 09:24:46
BLKB,29.27,29.27,-0.0,0.6468,825790,3,0.6451,1.497,0.0511,57.5,yf_premarket,0.07253235247942225,0.6434599156118144,0.07369348209042866,0.6,1.5,neutral,-0.0,3.5326,,,new,09:24:46,2026-07-07 09:24:46
SLG,51.7868,51.54,0.0048,0.901,1241850,3,0.6269,1.3838,0.0268,53.6,yf_premarket,0.10103841927019086,0.6251758087201125,0.03802113916617733,0.6,1.5,neutral,0.0048484848484848485,3.5282,,,new,09:24:46,2026-07-07 09:24:46
NEOV,2.67,2.72,-0.0184,0.623,3840640,3,0.6084,0.405,0.1489,61.4,yf_premarket,0.0698634131024738,0.606590315451075,0.21726365237815617,0.6,1.5,neutral,0.0,3.5266,,,new,09:24:46,2026-07-07 09:24:46
NCDL,12.61,12.61,0.0,0.4296,230430,2,0.7674,0.3721,0.0295,54.3,yf_premarket,0.04817547715701886,0.7663250954390195,0.041984732824427475,0.4,1.5,neutral,0.0,3.5259,,,new,09:24:46,2026-07-07 09:24:46
NMRK,15.6,15.6,-0.0,0.5904,1567770,2,0.7541,0.414,0.0265,58.0,yf_premarket,0.0662076389979142,0.7529636327104682,0.0375807398708162,0.4,1.5,neutral,-0.0,3.524,,,new,09:24:46,2026-07-07 09:24:46
EYPT,14.7,14.44,0.018,0.9226,1722540,4,0.4914,1.155,0.08,60.1,yf_premarket,0.10346064996523649,0.48904962829013465,0.11611861421021727,0.8,1.5,neutral,0.01818181818181818,3.5186,,,new,09:24:46,2026-07-07 09:24:46
IHRT,4.26,4.22,0.0095,0.4405,1009940,3,0.6411,0.2733,0.0648,56.6,yf_premarket,0.04939780653553726,0.639441430580671,0.09380504991192014,0.6,1.5,neutral,0.009595959595959595,3.5143,,,new,09:24:46,2026-07-07 09:24:46
PGC,48.05,47.84,0.0044,0.6975,221950,2,0.7352,1.371,0.0287,57.9,yf_premarket,0.07821786619418215,0.7339762909383162,0.04081033470346447,0.4,1.5,neutral,0.0044444444444444444,3.5124,,,new,09:24:46,2026-07-07 09:24:46
SSTI,9.26,9.08,0.0198,0.1669,256430,3,0.6527,0.648,0.0714,62.0,yf_premarket,0.01871621773162581,0.6510950371709865,0.10349383440986495,0.6,1.5,neutral,0.02,3.512,,,new,09:24:46,2026-07-07 09:24:46
NTCT,42.01,42.11,-0.0024,1.0574,724880,3,0.6061,1.489,0.0354,53.1,yf_premarket,0.11857716374728057,0.6042796865581676,0.05064591896652965,0.6,1.5,neutral,0.0,3.5117,,,new,09:24:46,2026-07-07 09:24:46
MQ,16.6,16.83,-0.0137,0.9542,1305447,2,0.7082,0.783,0.0465,65.4,yf_premarket,0.10700428375984031,0.7068515169780993,0.06694069289489137,0.4,1.5,neutral,0.0,3.5077,,,new,09:24:46,2026-07-07 09:24:46
ECO,54.06,53.35,0.0133,1.2233,548830,3,0.5765,2.2605,0.0424,51.6,yf_premarket,0.13718124116895059,0.5745428973277075,0.06092190252495596,0.6,1.5,neutral,0.013434343434343434,3.5055,,,new,09:24:46,2026-07-07 09:24:46
WNW,3.76,4.0,-0.06,0.4153,507590,2,0.7368,0.3344,0.0836,65.1,yf_premarket,0.04657187072465068,0.7355836849507735,0.12140340575455077,0.4,1.5,neutral,0.0,3.5017,,,new,09:24:46,2026-07-07 09:24:46
IIIV,21.71,21.71,0.0,0.5361,578790,3,0.6405,1.019,0.0469,61.0,yf_premarket,0.06011842016731334,0.6388386578259996,0.06752789195537287,0.6,1.5,neutral,0.0,3.5016,,,new,09:24:46,2026-07-07 09:24:46
OSUR,4.42,4.37,0.0114,0.7887,622660,3,0.6136,0.17,0.0389,58.0,yf_premarket,0.08844506246215264,0.6118143459915611,0.0557839107457428,0.6,1.5,neutral,0.011515151515151516,3.5015,,,new,09:24:46,2026-07-07 09:24:46
FNB,19.17,19.17,-0.0,0.9788,4400670,2,0.7123,0.359,0.0187,59.1,yf_premarket,0.1097629353847534,0.7109704641350211,0.02613035819142689,0.4,1.5,neutral,-0.0,3.4997,,,new,09:24:46,2026-07-07 09:24:46
ROCK,43.23,43.23,0.0,0.8607,380730,3,0.6135,1.835,0.0424,62.1,yf_premarket,0.09651916477897145,0.6117138838657826,0.06092190252495596,0.6,1.5,neutral,0.0,3.4987,,,new,09:24:46,2026-07-07 09:24:46
NGEN,2.1161,2.11,0.0029,0.5722,742010,4,0.5253,0.1435,0.068,59.6,yf_premarket,0.06416668535671832,0.5231062889290737,0.09850264239577217,0.8,1.5,neutral,0.002929292929292929,3.4961,,,new,09:24:46,2026-07-07 09:24:46
ACIU,2.502,2.51,-0.0032,0.7814,344490,2,0.7087,0.168,0.0669,59.1,yf_premarket,0.08762643819947517,0.7073538276069922,0.09688784497944804,0.4,1.5,neutral,0.0,3.4946,,,new,09:24:46,2026-07-07 09:24:46
COUR,5.99,5.93,0.0101,0.5844,8962150,2,0.7215,0.3318,0.056,65.8,yf_premarket,0.0655347971381793,0.7202129797066507,0.08088667058132708,0.4,1.5,neutral,0.010202020202020202,3.4945,,,new,09:24:46,2026-07-07 09:24:46
JACK,15.81,15.82,-0.0006,0.8306,1845120,2,0.6848,1.885,0.1192,59.4,yf_premarket,0.09314374144930136,0.6833433795459112,0.17366412213740456,0.4,1.5,neutral,0.0,3.4932,,,new,09:24:46,2026-07-07 09:24:46
DSP,12.6803,12.78,-0.0078,0.5318,277940,2,0.7308,0.759,0.0594,64.4,yf_premarket,0.05963621683450333,0.7295559574040587,0.08587786259541985,0.4,1.5,neutral,0.0,3.4915,,,new,09:24:46,2026-07-07 09:24:46
TRMK,46.55,46.55,0.0,0.5705,569690,2,0.7398,0.892,0.0192,54.9,yf_premarket,0.06397604682979344,0.738597548724131,0.026864357017028766,0.4,1.5,neutral,0.0,3.4866,,,new,09:24:46,2026-07-07 09:24:46
GLRE,16.32,16.32,0.0,0.7133,213650,2,0.7219,0.561,0.0344,53.6,yf_premarket,0.07998968309148406,0.7206148282097649,0.0491779213153259,0.4,1.5,neutral,0.0,3.4858,,,new,09:24:46,2026-07-07 09:24:46
FCEL,29.709,29.73,-0.0007,0.5625,16717650,3,0.5816,5.206,0.1751,66.8,yf_premarket,0.0630789243501469,0.5796664657424151,0.25572519083969464,0.6,1.5,neutral,0.0,3.4818,,,new,09:24:46,2026-07-07 09:24:46
MTCH,37.33,37.67,-0.009,0.6562,4301170,2,0.7257,1.1737,0.0312,65.5,yf_premarket,0.07358647139300692,0.724432388989351,0.04448032883147386,0.4,1.5,neutral,0.0,3.4815,,,new,09:24:46,2026-07-07 09:24:46
RNG,39.5722,39.24,0.0085,0.8065,1650630,2,0.7021,1.715,0.0437,52.1,yf_premarket,0.09044115997936618,0.7007233273056057,0.06283029947152086,0.4,1.5,neutral,0.008585858585858587,3.4814,,,new,09:24:46,2026-07-07 09:24:46
ABOS,2.61,2.67,-0.0225,0.234,962010,2,0.746,0.1829,0.0685,60.4,yf_premarket,0.026240832529661112,0.744826200522403,0.09923664122137406,0.4,1.5,neutral,0.0,3.4786,,,new,09:24:46,2026-07-07 09:24:46
GRRR,18.63,18.53,0.0054,0.4678,1664470,4,0.5142,1.5642,0.0844,57.9,yf_premarket,0.05245923699733106,0.5119549929676511,0.1225778038755138,0.8,1.5,neutral,0.005454545454545455,3.4721,,,new,09:24:46,2026-07-07 09:24:46
UMH,15.54,15.41,0.0084,0.5111,812150,2,0.7313,0.246,0.016,52.6,yf_premarket,0.05731491241841792,0.7300582680329515,0.022166764533176748,0.4,1.5,neutral,0.008484848484848484,3.4699,,,new,09:24:46,2026-07-07 09:24:46
CRVL,63.92,63.89,0.0005,0.6464,268710,2,0.7186,2.109,0.033,61.4,yf_premarket,0.07248749635543991,0.7172995780590717,0.047122724603640635,0.4,1.5,neutral,0.000505050505050505,3.4676,,,new,09:24:46,2026-07-07 09:24:46
CIM,13.41,13.15,0.0198,0.9159,908090,3,0.5857,0.2796,0.0213,57.2,yf_premarket,0.10270930988853252,0.5837854128993369,0.02994715208455666,0.6,1.5,neutral,0.02,3.4666,,,new,09:24:46,2026-07-07 09:24:46
FWRG,12.93,12.93,-0.0,0.6006,1423520,2,0.716,0.6429,0.0497,55.8,yf_premarket,0.06735147015946352,0.7146875627888286,0.0716382853787434,0.4,1.5,neutral,-0.0,3.4662,,,new,09:24:46,2026-07-07 09:24:46
ARR,17.24,17.18,0.0035,0.8841,3879510,3,0.6017,0.299,0.0174,57.6,yf_premarket,0.09914324803193755,0.59985935302391,0.024221961244862002,0.6,1.5,neutral,0.0035353535353535356,3.4658,,,new,09:24:46,2026-07-07 09:24:46
OSCR,31.46,31.44,0.0006,0.8693,7287580,2,0.688,1.8034,0.0574,63.9,yf_premarket,0.09748357144459147,0.6865581675708258,0.08294186729301233,0.4,1.5,neutral,0.0006060606060606061,3.4617,,,new,09:24:46,2026-07-07 09:24:46
FBP,26.67,26.5,0.0064,0.4738,1792280,2,0.7301,0.511,0.0193,62.4,yf_premarket,0.05313207885706596,0.7288527225236086,0.027011156782149146,0.4,1.5,neutral,0.006464646464646465,3.4606,,,new,09:24:46,2026-07-07 09:24:46
BCAT,15.99,15.99,0.0,0.9406,649270,2,0.6984,0.1888,0.0118,56.1,yf_premarket,0.1054791755444412,0.6970062286517983,0.016001174398120963,0.4,1.5,neutral,0.0,3.4602,,,new,09:24:46,2026-07-07 09:24:46
DIN,36.27,35.65,0.0174,0.8319,372870,2,0.681,1.5055,0.0422,58.5,yf_premarket,0.09328952385224391,0.6795258187663251,0.06062830299471521,0.4,1.5,neutral,0.017575757575757574,3.4557,,,new,09:24:46,2026-07-07 09:24:46
HDSN,6.04,6.02,0.0033,1.4272,584640,3,0.5391,0.287,0.0477,57.2,yf_premarket,0.1600466503689416,0.536970062286518,0.06870229007633588,0.6,1.5,neutral,0.0033333333333333335,3.4534,,,new,09:24:46,2026-07-07 09:24:46
KRUS,54.63,56.11,-0.0264,0.7745,373000,2,0.6898,3.4745,0.0619,64.5,yf_premarket,0.08685267006078004,0.6883664858348402,0.08954785672342924,0.4,1.5,neutral,0.0,3.4518,,,new,09:24:46,2026-07-07 09:24:46
FCPT,25.01,25.01,-0.0,0.69,1127470,1,0.8123,0.4183,0.0167,51.4,yf_premarket,0.07737681386951352,0.8114325899136026,0.023194362889019375,0.2,1.5,neutral,-0.0,3.4505,,,new,09:24:46,2026-07-07 09:24:46
MTA,7.24,7.38,-0.019,0.6727,471560,3,0.6021,0.3611,0.0489,51.2,yf_premarket,0.07543678650727789,0.6002612015270242,0.07046388725778038,0.6,1.5,neutral,0.0,3.4489,,,new,09:24:46,2026-07-07 09:24:46
FRME,43.65,43.43,0.0051,0.602,563120,2,0.7122,1.049,0.0242,59.9,yf_premarket,0.06750846659340165,0.7108700020092426,0.03420434527304756,0.4,1.5,neutral,0.005151515151515152,3.4478,,,new,09:24:46,2026-07-07 09:24:46
KULR,3.95,3.92,0.0077,0.6465,2108430,3,0.5789,0.388,0.099,52.7,yf_premarket,0.0724987103864355,0.5769539883463933,0.14401056958308867,0.6,1.5,neutral,0.007777777777777778,3.4463,,,new,09:24:46,2026-07-07 09:24:46
CBLL,19.79,19.79,-0.0,0.7742,465770,2,0.693,0.8527,0.0431,61.2,yf_premarket,0.0868190279677933,0.6915812738597548,0.06194950088079859,0.4,1.5,neutral,-0.0,3.4444,,,new,09:24:46,2026-07-07 09:24:46
TYRA,30.62,30.86,-0.0078,0.4547,1079270,3,0.614,1.852,0.06,66.7,yf_premarket,0.050990198936909856,0.6122161944946755,0.0867586611861421,0.6,1.5,neutral,0.0,3.4443,,,new,09:24:46,2026-07-07 09:24:46
CFFN,8.46,8.46,-0.0,0.7148,866360,3,0.6034,0.167,0.0197,59.0,yf_premarket,0.08015789355641778,0.6015672091621459,0.027598355842630647,0.6,1.5,neutral,-0.0,3.4372,,,new,09:24:46,2026-07-07 09:24:46
SCHL,46.2,46.2,-0.0,0.9168,358860,2,0.6803,1.466,0.0317,63.1,yf_premarket,0.10281023616749276,0.678822583885875,0.04521432765707575,0.4,1.5,neutral,-0.0,3.4345,,,new,09:24:46,2026-07-07 09:24:46
BNTC,13.2,13.2,0.0,0.6875,221970,3,0.5744,1.112,0.0842,65.7,yf_premarket,0.077096463094624,0.5724331926863573,0.12228420434527304,0.6,1.5,neutral,0.0,3.4217,,,new,09:24:46,2026-07-07 09:24:46
NNBR,3.5448,3.7,-0.0419,0.2561,12886210,3,0.5934,0.475,0.1284,62.2,yf_premarket,0.02871913337968466,0.5915209965842877,0.18716970052847912,0.6,1.5,neutral,0.0,3.4197,,,new,09:24:46,2026-07-07 09:24:46
IPSC,2.41,2.4,0.0042,0.3229,3177880,3,0.6,0.2036,0.0848,59.3,yf_premarket,0.03621010608473322,0.598151496885674,0.1231650029359953,0.6,1.5,neutral,0.004242424242424242,3.4186,,,new,09:24:46,2026-07-07 09:24:46
SSP,2.5074,3.12,-0.1963,0.5665,820530,1,0.7903,0.192,0.0615,54.5,yf_premarket,0.06352748558997016,0.7893309222423146,0.08896065766294774,0.2,1.5,neutral,0.0,3.4184,,,new,09:24:46,2026-07-07 09:24:46
FLX,2.24,2.28,-0.0175,0.85,218240,2,0.6667,0.141,0.0618,56.6,yf_premarket,0.0953192634624442,0.6651597347799879,0.08940105695830887,0.4,1.5,neutral,0.0,3.418,,,new,09:24:46,2026-07-07 09:24:46
TCBK,54.13,54.13,-0.0,0.5267,249090,2,0.709,1.043,0.0193,59.4,yf_premarket,0.059064301253728656,0.7076552139843278,0.027011156782149146,0.4,1.5,neutral,-0.0,3.4174,,,new,09:24:46,2026-07-07 09:24:46
IVT,35.15,35.31,-0.0045,0.7759,1078340,2,0.6879,0.6261,0.0177,55.7,yf_premarket,0.08700966649471818,0.6864577054450471,0.024662360540223135,0.4,1.5,neutral,0.0,3.4158,,,new,09:24:46,2026-07-07 09:24:46
GRO,2.16,2.22,-0.027,0.415,312540,2,0.7027,0.1217,0.0548,50.6,yf_premarket,0.04653822863166393,0.7013261000602773,0.07912507339988256,0.4,1.5,neutral,0.0,3.412,,,new,09:24:46,2026-07-07 09:24:46
PFS,23.61,23.61,-0.0,0.5148,1173070,3,0.6063,0.474,0.0201,51.4,yf_premarket,0.05772983156525444,0.6044806108097247,0.028185554903112153,0.6,1.5,neutral,-0.0,3.4096,,,new,09:24:46,2026-07-07 09:24:46
ANDG,37.91,37.91,0.0,0.4861,529780,2,0.6936,2.28,0.0601,50.5,yf_premarket,0.0545114046695225,0.6921840466144263,0.08690546095126248,0.4,1.5,neutral,0.0,3.4096,,,new,09:24:46,2026-07-07 09:24:46
TATT,47.73,47.79,-0.0013,0.4676,335560,2,0.6966,2.592,0.0542,56.7,yf_premarket,0.0524368089353399,0.6951979103877838,0.0782442748091603,0.4,1.5,neutral,0.0,3.4082,,,new,09:24:46,2026-07-07 09:24:46
MAC,25.28,25.28,-0.0,0.4414,4619880,2,0.7089,0.62,0.0245,50.0,yf_premarket,0.049498732814497494,0.7075547518585493,0.034644744568408686,0.4,1.5,neutral,-0.0,3.4067,,,new,09:24:46,2026-07-07 09:24:46
LEVI,24.85,24.68,0.0069,0.9635,2741650,2,0.6565,0.8315,0.0337,59.3,yf_premarket,0.1080471886424294,0.6549125979505726,0.048150322959483266,0.4,1.5,neutral,0.0069696969696969695,3.4064,,,new,09:24:46,2026-07-07 09:24:46
BB,11.05,11.38,-0.029,0.4988,42299620,3,0.5774,1.092,0.096,65.3,yf_premarket,0.055935586605961374,0.5754470564597147,0.1396065766294774,0.6,1.5,neutral,0.0,3.4046,,,new,09:24:46,2026-07-07 09:24:46
ZYME,25.4,25.33,0.0028,0.9044,688750,2,0.6539,1.3095,0.0517,65.4,yf_premarket,0.10141969632404063,0.6523005826803295,0.07457428068115092,0.4,1.5,neutral,0.0028282828282828283,3.3983,,,new,09:24:46,2026-07-07 09:24:46
BMY,56.7993,56.7,0.0018,0.6569,14172360,2,0.6844,1.4672,0.0259,50.7,yf_premarket,0.073664969609976,0.6829415310427969,0.03669994128009395,0.4,1.5,neutral,0.0018181818181818182,3.3975,,,new,09:24:46,2026-07-07 09:24:46
WAFD,38.33,38.16,0.0045,0.7751,701560,3,0.575,0.768,0.0201,60.0,yf_premarket,0.08691995424675353,0.5730359654410286,0.028185554903112153,0.6,1.5,neutral,0.004545454545454545,3.3974,,,new,09:24:46,2026-07-07 09:24:46
OM,5.08,5.08,0.0,0.326,452520,2,0.6853,0.5056,0.0995,57.5,yf_premarket,0.03655774104559625,0.6838456901748041,0.14474456840869054,0.4,1.5,neutral,0.0,3.3949,,,new,09:24:46,2026-07-07 09:24:46
ANRO,26.22,26.22,0.0,0.8018,845110,2,0.6522,2.1202,0.0809,69.4,yf_premarket,0.08991410052257383,0.6505927265420937,0.11743981209630064,0.4,1.5,neutral,0.0,3.3948,,,new,09:24:46,2026-07-07 09:24:46
RLJ,11.72,11.63,0.0077,0.7866,2336380,2,0.6636,0.3155,0.0271,66.3,yf_premarket,0.08820956781124542,0.6620454088808518,0.03846153846153846,0.4,1.5,neutral,0.007777777777777778,3.3873,,,new,09:24:46,2026-07-07 09:24:46
ATAI,4.96,4.96,-0.0,0.8327,13859550,2,0.641,0.4439,0.0895,68.6,yf_premarket,0.09337923610020857,0.6393409684548925,0.13006459189665295,0.4,1.5,neutral,-0.0,3.3838,,,new,09:24:46,2026-07-07 09:24:46
COYA,5.79,5.76,0.0052,0.7848,214950,2,0.6457,0.4074,0.0707,67.5,yf_premarket,0.08800771525332496,0.6440626883664858,0.10246623605402232,0.4,1.5,neutral,0.0052525252525252525,3.3792,,,new,09:24:46,2026-07-07 09:24:46
EPRX,6.52,6.52,0.0,0.5049,551240,2,0.6732,0.4568,0.0701,61.8,yf_premarket,0.05661964249669186,0.6716897729555957,0.10158543746330005,0.4,1.5,neutral,0.0,3.3791,,,new,09:24:46,2026-07-07 09:24:46
PRLD,4.84,4.99,-0.0301,0.3225,748110,3,0.5808,0.4453,0.0892,59.8,yf_premarket,0.03616524996075089,0.5788627687361865,0.12962419260129185,0.6,1.5,neutral,0.0,3.3768,,,new,09:24:46,2026-07-07 09:24:46
PTLO,4.72,4.72,0.0,0.8337,1507100,2,0.6495,0.2575,0.0546,58.1,yf_premarket,0.09349137641016439,0.6478802491460719,0.07883147386964182,0.4,1.5,neutral,0.0,3.3754,,,new,09:24:46,2026-07-07 09:24:46
SMG,67.18,67.08,0.0015,0.8675,851830,3,0.5516,2.619,0.039,64.8,yf_premarket,0.097281718886671,0.5495278280088406,0.05593071051086319,0.6,1.5,neutral,0.0015151515151515152,3.3752,,,new,09:24:46,2026-07-07 09:24:46
PLX,2.26,2.3,-0.0174,0.5148,712290,2,0.68,0.095,0.0413,66.2,yf_premarket,0.05772983156525444,0.6785211975085393,0.05930710510863183,0.4,1.5,neutral,0.0,3.3733,,,new,09:24:46,2026-07-07 09:24:46
NVCT,20.11,19.63,0.0245,0.586,976850,4,0.4066,3.414,0.1739,64.6,yf_premarket,0.06571422163410859,0.40385774562989757,0.2539635936582501,0.8,1.5,neutral,0.024747474747474747,3.3704,,,new,09:24:46,2026-07-07 09:24:46
BJRI,59.19,59.19,0.0,0.4603,708630,2,0.6825,2.383,0.0403,69.7,yf_premarket,0.05161818467266243,0.6810327506530038,0.057839107457428075,0.4,1.5,neutral,0.0,3.3684,,,new,09:24:46,2026-07-07 09:24:46
CBL,52.9,52.9,-0.0,0.77,454150,2,0.6587,1.7842,0.0337,60.8,yf_premarket,0.08634803866597887,0.6571227647177014,0.048150322959483266,0.4,1.5,neutral,-0.0,3.3678,,,new,09:24:46,2026-07-07 09:24:46
OSBC,23.22,23.22,0.0,0.8533,462780,2,0.6557,0.506,0.0218,59.9,yf_premarket,0.09568932648529839,0.6541089009443439,0.03068115091015854,0.4,1.5,neutral,0.0,3.3671,,,new,09:24:46,2026-07-07 09:24:46
BWEN,4.8698,4.77,0.0209,0.872,346320,3,0.5154,0.405,0.0849,59.9,yf_premarket,0.09778635028147217,0.5131605384769942,0.12331180270111568,0.6,1.5,neutral,0.02111111111111111,3.3663,,,new,09:24:46,2026-07-07 09:24:46
TFC,51.42,51.42,0.0,0.6446,9286320,4,0.9718,1.009,0.0196,48.8,yf_premarket,0.07228564379751945,0.97166968053044,0.02745155607751027,0.8,0.5,weak,0.0,3.3655,,,new,09:24:46,2026-07-07 09:24:46
PURR,8.76,8.82,-0.0068,0.6394,13521700,2,0.648,0.7339,0.0832,50.9,yf_premarket,0.0717025141857492,0.6463733172593932,0.12081620669406928,0.4,1.5,neutral,0.0,3.3607,,,new,09:24:46,2026-07-07 09:24:46
KBH,59.92,59.78,0.0023,0.5993,1970830,2,0.6643,2.492,0.0417,63.2,yf_premarket,0.06720568775652096,0.6627486437613019,0.05989430416911333,0.4,1.5,neutral,0.002323232323232323,3.3597,,,new,09:24:46,2026-07-07 09:24:46
UVSP,44.04,44.21,-0.0038,0.478,315480,2,0.6803,1.174,0.0266,61.3,yf_premarket,0.053603068158880385,0.678822583885875,0.03772753963593658,0.4,1.5,neutral,0.0,3.3569,,,new,09:24:46,2026-07-07 09:24:46
BKU,49.7,49.46,0.0049,0.5889,1354990,3,0.5674,1.33,0.0269,52.8,yf_premarket,0.06603942853298046,0.5654008438818565,0.038167938931297704,0.6,1.5,neutral,0.004949494949494949,3.3564,,,new,09:24:46,2026-07-07 09:24:46
ARX,13.26,13.25,0.0008,0.3661,2768300,2,0.6709,0.9108,0.0687,51.6,yf_premarket,0.04105456747482449,0.6693791440626884,0.09953024075161479,0.4,1.5,neutral,0.0008080808080808081,3.3513,,,new,09:24:46,2026-07-07 09:24:46
NSA,44.6,45.32,-0.0159,1.133,789680,2,0.6223,1.0042,0.0222,51.1,yf_premarket,0.12705497117994033,0.6205545509342977,0.03126834997064005,0.4,1.5,neutral,0.0,3.3473,,,new,09:24:46,2026-07-07 09:24:46
EOLS,6.91,6.99,-0.0114,0.9017,713740,2,0.6333,0.2815,0.0403,58.0,yf_premarket,0.10111691748715992,0.6316053847699417,0.057839107457428075,0.4,1.5,neutral,0.0,3.3438,,,new,09:24:46,2026-07-07 09:24:46
PINE,20.53,20.53,-0.0,0.5949,228600,2,0.6594,0.6411,0.0312,54.2,yf_premarket,0.06671227039271536,0.6578259995981515,0.04448032883147386,0.4,1.5,neutral,-0.0,3.338,,,new,09:24:46,2026-07-07 09:24:46
NWBI,15.11,15.11,0.0,0.7445,1515060,2,0.6505,0.277,0.0183,57.9,yf_premarket,0.08348846076210555,0.6488848704038577,0.02554315913094539,0.4,1.5,neutral,0.0,3.3358,,,new,09:24:46,2026-07-07 09:24:46
ASB,30.01,30.65,-0.0209,0.8394,2464040,2,0.6414,0.589,0.0192,61.2,yf_premarket,0.09413057617691255,0.6397428169580068,0.026864357017028766,0.4,1.5,neutral,0.0,3.3341,,,new,09:24:46,2026-07-07 09:24:46
NCMI,3.82,3.81,0.0026,0.4992,603990,2,0.6571,0.165,0.0433,56.8,yf_premarket,0.0559804427299437,0.6555153707052441,0.06224310041103934,0.4,1.5,neutral,0.0026262626262626263,3.3301,,,new,09:24:46,2026-07-07 09:24:46
AMAL,48.3967,46.38,0.0435,0.5001,212550,2,0.6326,1.183,0.0255,59.2,yf_premarket,0.05608136900890393,0.6309021498894917,0.03611274221961244,0.4,1.5,neutral,0.04393939393939394,3.3299,,,new,09:24:46,2026-07-07 09:24:46
GHRS,26.69,26.17,0.0199,0.457,260200,2,0.6378,1.8007,0.0688,68.8,yf_premarket,0.051248121649808236,0.6361261804299779,0.09967704051673518,0.4,1.5,neutral,0.020101010101010102,3.3291,,,new,09:24:46,2026-07-07 09:24:46
WEN,7.87,7.9,-0.0038,0.3544,56714250,3,0.5414,0.948,0.12,59.1,yf_premarket,0.03974252584834144,0.5392806911794253,0.17483852025836757,0.6,1.5,neutral,0.0,3.3256,,,new,09:24:46,2026-07-07 09:24:46
OTIS,74.34,73.49,0.0116,0.9588,3512760,2,0.6154,1.6016,0.0218,60.3,yf_premarket,0.10752012918563705,0.6136226642555755,0.03068115091015854,0.4,1.5,neutral,0.011717171717171716,3.3214,,,new,09:24:46,2026-07-07 09:24:46
BHR,2.3,2.21,0.0407,0.7957,1178730,2,0.5893,0.149,0.0674,52.4,yf_premarket,0.08923004463184335,0.587402049427366,0.09762184380504992,0.4,1.5,neutral,0.04111111111111111,3.3191,,,new,09:24:46,2026-07-07 09:24:46
GABC,47.69,47.48,0.0044,0.4748,265610,2,0.6581,1.117,0.0235,61.0,yf_premarket,0.053244219167021774,0.6565199919630299,0.03317674691720493,0.4,1.5,neutral,0.0044444444444444444,3.3162,,,new,09:24:46,2026-07-07 09:24:46
OVID,2.64,2.61,0.0115,0.2787,4146100,2,0.6512,0.1825,0.0699,63.7,yf_premarket,0.03125350438468612,0.6495881052843078,0.1012918379330593,0.4,1.5,neutral,0.011616161616161616,3.3141,,,new,09:24:46,2026-07-07 09:24:46
ALC,68.67,68.33,0.005,1.0718,1893160,1,0.7079,1.2063,0.0177,56.1,yf_premarket,0.12019198421064436,0.7065501306007634,0.024662360540223135,0.2,1.5,neutral,0.005050505050505051,3.3133,,,new,09:24:46,2026-07-07 09:24:46
FBNC,63.64,63.64,0.0,0.4263,363380,3,0.563,1.4603,0.0229,61.7,yf_premarket,0.04780541413416466,0.5609805103475989,0.03229594832648267,0.6,1.5,neutral,0.0,3.3098,,,new,09:24:46,2026-07-07 09:24:46
BZUN,2.79,2.79,0.0,0.5971,283390,3,0.5366,0.156,0.0559,52.7,yf_premarket,0.06695897907461815,0.5344585091420534,0.08073987081620669,0.6,1.5,neutral,0.0,3.3097,,,new,09:24:46,2026-07-07 09:24:46
FFIN,34.67,34.75,-0.0023,0.4469,1315720,2,0.66,0.806,0.0232,58.8,yf_premarket,0.05011550451925449,0.658428772352823,0.0327363476218438,0.4,1.5,neutral,0.0,3.3084,,,new,09:24:46,2026-07-07 09:24:46
GOOS,9.6945,9.72,-0.0026,0.8736,508380,4,0.9174,0.2979,0.0306,43.0,yf_premarket,0.09796577477740148,0.9170182841068917,0.04359953024075161,0.8,0.5,weak,0.0,3.3028,,,new,09:24:46,2026-07-07 09:24:46
EIX,74.34,74.84,-0.0067,1.0927,2394950,1,0.7046,1.328,0.0177,57.9,yf_premarket,0.12253571668872092,0.7032348804500703,0.024662360540223135,0.2,1.5,neutral,0.0,3.3026,,,new,09:24:46,2026-07-07 09:24:46
EXTR,31.88,31.33,0.0176,0.572,2346700,3,0.5216,1.531,0.0489,51.2,yf_premarket,0.06414425729472716,0.5193891902752662,0.07046388725778038,0.6,1.5,neutral,0.017777777777777778,3.2969,,,new,09:24:46,2026-07-07 09:24:46
NVCR,17.5,17.32,0.0104,0.9847,1737730,4,0.8902,0.862,0.0498,47.5,yf_premarket,0.11042456321349271,0.8896925858951176,0.07178508514386377,0.8,0.5,weak,0.010505050505050505,3.2967,,,new,09:24:46,2026-07-07 09:24:46
VIR,10.0,10.02,-0.002,0.6588,2382710,2,0.6245,0.5082,0.0507,67.9,yf_premarket,0.07387803619889205,0.6227647177014266,0.07310628302994715,0.4,1.5,neutral,0.0,3.2929,,,new,09:24:46,2026-07-07 09:24:46
TOWN,36.3,36.3,0.0,0.9167,760760,1,0.7136,0.6421,0.0177,60.5,yf_premarket,0.10279902213649718,0.7122764717701426,0.024662360540223135,0.2,1.5,neutral,0.0,3.2911,,,new,09:24:46,2026-07-07 09:24:46
MIAX,42.02,41.86,0.0038,0.5404,3370390,4,0.9299,1.9802,0.0473,45.9,yf_premarket,0.06060062350012335,0.9295760498292144,0.06811509101585438,0.8,0.5,weak,0.0038383838383838384,3.2899,,,new,09:24:46,2026-07-07 09:24:46
BGS,3.98,3.96,0.0051,0.8929,1947290,2,0.6062,0.1252,0.0316,51.3,yf_premarket,0.10013008275954874,0.6043801486839461,0.045067527891955374,0.4,1.5,neutral,0.005151515151515152,3.2892,,,new,09:24:46,2026-07-07 09:24:46
DRUG,66.65,66.65,-0.0,1.0102,317550,3,0.4857,4.65,0.0698,61.8,yf_premarket,0.11328414111736604,0.4833232871207555,0.10114503816793893,0.6,1.5,neutral,-0.0,3.2871,,,new,09:24:46,2026-07-07 09:24:46
BESS,5.04,5.1,-0.0118,0.424,284660,3,0.5,0.831,0.1629,61.7,yf_premarket,0.04754749142126628,0.49768937110709266,0.23781561949500876,0.6,1.5,neutral,0.0,3.2856,,,new,09:24:46,2026-07-07 09:24:46
GPK,10.66,10.61,0.0047,0.8792,4828830,2,0.6036,0.398,0.0375,50.3,yf_premarket,0.09859376051315405,0.601768133413703,0.053728714034057545,0.4,1.5,neutral,0.004747474747474748,3.2854,,,new,09:24:46,2026-07-07 09:24:46
KOD,36.58,37.02,-0.0119,0.4307,1013110,3,0.5298,2.891,0.0781,58.4,yf_premarket,0.04829883149797026,0.5276270845891099,0.11332941867293013,0.6,1.5,neutral,0.0,3.2844,,,new,09:24:46,2026-07-07 09:24:46
AMTM,22.26,22.25,0.0004,1.0394,2275940,3,0.9919,0.7629,0.0343,45.1,yf_premarket,0.11655863816807589,0.9918625678119349,0.04903112155020552,0.6,0.5,weak,0.00040404040404040404,3.2837,,,new,09:24:46,2026-07-07 09:24:46
SWIM,6.39,6.2,0.0306,0.5974,887230,3,0.5049,0.2695,0.0435,67.0,yf_premarket,0.0669926211676049,0.5026120152702431,0.0625366999412801,0.6,1.5,neutral,0.030909090909090907,3.2833,,,new,09:24:46,2026-07-07 09:24:46
RVLV,22.3,22.65,-0.0155,0.7247,838960,2,0.6155,1.0201,0.045,61.9,yf_premarket,0.08126808262498036,0.6137231263813543,0.06473869641808573,0.4,1.5,neutral,0.0,3.2817,,,new,09:24:46,2026-07-07 09:24:46
ARTV,9.3,9.44,-0.0148,1.473,570080,2,0.5385,0.781,0.0827,58.4,yf_premarket,0.16518267656491803,0.5363672895318464,0.1200822078684674,0.4,1.5,neutral,0.0,3.2805,,,new,09:24:46,2026-07-07 09:24:46
DFH,16.4818,16.38,0.0062,0.9442,722970,2,0.5847,1.036,0.0632,58.7,yf_premarket,0.10588288066028215,0.5827807916415512,0.09145625366999413,0.4,1.5,neutral,0.006262626262626262,3.2795,,,new,09:24:46,2026-07-07 09:24:46
TILE,34.63,34.81,-0.0052,0.7615,618740,2,0.617,1.009,0.029,68.4,yf_premarket,0.08539484603135442,0.6152300582680329,0.0412507339988256,0.4,1.5,neutral,0.0,3.2792,,,new,09:24:46,2026-07-07 09:24:46
CSHR,4.06,4.06,0.0,0.7456,252820,4,0.9016,0.268,0.066,43.7,yf_premarket,0.08361181510305694,0.9011452682338758,0.09556664709336465,0.8,0.5,weak,0.0,3.2755,,,new,09:24:46,2026-07-07 09:24:46
KROS,10.7,11.03,-0.0299,0.5241,398770,2,0.6239,0.532,0.0482,62.5,yf_premarket,0.05877273644784354,0.622161944946755,0.06943628890193776,0.4,1.5,neutral,0.0,3.2672,,,new,09:24:46,2026-07-07 09:24:46
CRSR,9.01,9.07,-0.0066,0.7849,1960020,3,0.4958,0.5793,0.0639,58.0,yf_premarket,0.08801892928432054,0.49346996182439223,0.09248385202583675,0.6,1.5,neutral,0.0,3.2652,,,new,09:24:46,2026-07-07 09:24:46
HBNC,19.94,19.94,-0.0,0.5149,1173500,2,0.6337,0.3867,0.0194,55.2,yf_premarket,0.057741045596250026,0.6320072332730561,0.027157956547269522,0.4,1.5,neutral,-0.0,3.2642,,,new,09:24:46,2026-07-07 09:24:46
AMRX,17.028,16.92,0.0064,0.6451,2609580,3,0.513,0.551,0.0326,65.1,yf_premarket,0.07234171395249736,0.5107494474583082,0.04653552554315913,0.6,1.5,neutral,0.006464646464646465,3.263,,,new,09:24:46,2026-07-07 09:24:46
MSBI,30.44,30.44,-0.0,0.8496,236470,3,0.5,0.8813,0.029,52.9,yf_premarket,0.09527440733846188,0.49768937110709266,0.0412507339988256,0.6,1.5,neutral,-0.0,3.2589,,,new,09:24:46,2026-07-07 09:24:46
IBCP,36.23,35.9,0.0092,0.7177,210670,2,0.6063,0.754,0.021,54.0,yf_premarket,0.08048310045528966,0.6044806108097247,0.029506752789195536,0.4,1.5,neutral,0.009292929292929292,3.2584,,,new,09:24:46,2026-07-07 09:24:46
NJR,56.26,56.26,0.0,0.5376,950050,2,0.6274,1.328,0.0236,56.7,yf_premarket,0.06028663063224706,0.6256781193490054,0.0333235466823253,0.4,1.5,neutral,0.0,3.2584,,,new,09:24:46,2026-07-07 09:24:46
CTO,21.43,21.43,-0.0,0.5619,510190,2,0.6258,0.421,0.0196,57.4,yf_premarket,0.0630116401641734,0.6240707253365482,0.02745155607751027,0.4,1.5,neutral,-0.0,3.2564,,,new,09:24:46,2026-07-07 09:24:46
FSUN,38.75,38.75,0.0,0.5771,451740,2,0.6195,1.26,0.0325,61.8,yf_premarket,0.06471617287550181,0.6177416114124975,0.04638872577803876,0.4,1.5,neutral,0.0,3.2558,,,new,09:24:46,2026-07-07 09:24:46
AHCO,10.1771,10.27,-0.009,0.6317,1911060,3,0.5125,0.3802,0.037,51.9,yf_premarket,0.07083903379908942,0.5102471368294152,0.05299471520845567,0.6,1.5,neutral,0.0,3.2533,,,new,09:24:46,2026-07-07 09:24:46
POR,52.0,52.0,0.0,0.5656,1493930,1,0.7246,0.8504,0.0164,61.5,yf_premarket,0.06342655931100993,0.7233273056057866,0.022753963593658253,0.2,1.5,neutral,0.0,3.2532,,,new,09:24:46,2026-07-07 09:24:46
HCKT,10.89,10.89,-0.0,0.9875,314830,2,0.5767,0.543,0.0499,50.3,yf_premarket,0.11073855608136901,0.5747438215792646,0.07193188490898414,0.4,1.5,neutral,-0.0,3.2516,,,new,09:24:46,2026-07-07 09:24:46
IART,18.18,18.18,-0.0,0.9074,972040,2,0.5843,0.7,0.0385,55.4,yf_premarket,0.10175611725390808,0.5823789431384369,0.0551967116852613,0.4,1.5,neutral,-0.0,3.245,,,new,09:24:46,2026-07-07 09:24:46
BLSH,26.74,26.57,0.0064,0.739,1740540,4,0.8818,1.7165,0.0646,48.0,yf_premarket,0.08287168905734854,0.8812537673297167,0.09351145038167939,0.8,0.5,weak,0.006464646464646465,3.2433,,,new,09:24:46,2026-07-07 09:24:46
ONL,2.84,2.84,0.0,0.2787,1043590,2,0.634,0.1254,0.0442,54.7,yf_premarket,0.03125350438468612,0.6323086196503918,0.06356429829712273,0.4,1.5,neutral,0.0,3.2433,,,new,09:24:46,2026-07-07 09:24:46
PSBD,10.51,10.51,-0.0,1.4642,267720,2,0.5404,0.2571,0.0245,55.6,yf_premarket,0.16419584183730682,0.5382760699216396,0.034644744568408686,0.4,1.5,neutral,-0.0,3.2402,,,new,09:24:46,2026-07-07 09:24:46
WTRG,36.8647,38.66,-0.0464,0.786,2546250,1,0.6965,0.841,0.0218,59.1,yf_premarket,0.08814228362527193,0.6950974482620053,0.03068115091015854,0.2,1.5,neutral,0.0,3.2377,,,new,09:24:46,2026-07-07 09:24:46
INTR,5.75,5.69,0.0105,1.1791,6021810,3,0.9464,0.2326,0.0409,46.8,yf_premarket,0.13222463946890348,0.9461523005826803,0.05871990604815032,0.6,0.5,weak,0.010606060606060607,3.2359,,,new,09:24:46,2026-07-07 09:24:46
NESR,27.75,27.63,0.0043,0.7224,3029820,2,0.5845,1.5255,0.0552,55.3,yf_premarket,0.08101015991208199,0.582579867389994,0.07971227246036407,0.4,1.5,neutral,0.004343434343434344,3.233,,,new,09:24:46,2026-07-07 09:24:46
HOMB,28.5825,28.74,-0.0055,0.5557,2360110,2,0.6145,0.511,0.0178,55.6,yf_premarket,0.06231637024244734,0.6127185051235684,0.024809160305343508,0.4,1.5,neutral,0.0,3.2313,,,new,09:24:46,2026-07-07 09:24:46
BATRK,52.0,52.0,0.0,0.5381,834940,2,0.6106,1.456,0.028,57.5,yf_premarket,0.06034270078722497,0.6088004822182037,0.03978273634762184,0.4,1.5,neutral,0.0,3.228,,,new,09:24:46,2026-07-07 09:24:46
FND,57.272,56.84,0.0076,0.9997,2817660,1,0.6604,2.3861,0.042,58.1,yf_premarket,0.11210666786282997,0.6588306208559372,0.06033470346447446,0.2,1.5,neutral,0.007676767676767677,3.2275,,,new,09:24:46,2026-07-07 09:24:46
HE,13.42,13.42,-0.0,0.6764,1991570,1,0.7,0.305,0.0227,51.0,yf_premarket,0.07585170565411442,0.6986136226642555,0.032002348796241926,0.2,1.5,neutral,-0.0,3.227,,,new,09:24:46,2026-07-07 09:24:46
PLNT,52.96,52.42,0.0103,0.7296,1695980,3,0.4836,1.6595,0.0317,54.5,yf_premarket,0.08181757014376387,0.48121358247940527,0.04521432765707575,0.6,1.5,neutral,0.010404040404040405,3.2234,,,new,09:24:46,2026-07-07 09:24:46
NRIM,27.27,27.27,-0.0,0.5978,238210,1,0.7009,0.827,0.0303,64.5,yf_premarket,0.06703747729158722,0.6995177817962628,0.043159130945390485,0.2,1.5,neutral,-0.0,3.2212,,,new,09:24:46,2026-07-07 09:24:46
HUBG,45.86,45.86,-0.0,0.8467,820380,4,0.8794,1.342,0.0293,46.9,yf_premarket,0.09494920043959001,0.8788426763110307,0.04169113329418672,0.8,0.5,weak,-0.0,3.221,,,new,09:24:46,2026-07-07 09:24:46
LC,19.73,19.73,0.0,0.9884,2999550,3,0.4638,0.8265,0.0419,65.6,prev_close,0.11083948236032923,0.4613220815752462,0.06018790369935408,0.6,1.5,neutral,0.0,3.219,,,new,09:24:46,2026-07-07 09:24:46
PERI,9.27,9.27,-0.0,0.507,611580,2,0.6053,0.33,0.0356,66.3,yf_premarket,0.05685513714759907,0.6034759895519388,0.050939518496770406,0.4,1.5,neutral,-0.0,3.2177,,,new,09:24:46,2026-07-07 09:24:46
PRTH,7.1476,7.07,0.011,0.6445,773970,2,0.5793,0.3705,0.0524,66.3,yf_premarket,0.07227442976652386,0.5773558368495078,0.07560187903699354,0.4,1.5,neutral,0.01111111111111111,3.2176,,,new,09:24:46,2026-07-07 09:24:46
CNNE,14.44,14.38,0.0042,0.5178,545940,1,0.7006,0.5051,0.0351,51.7,yf_premarket,0.058066252495121894,0.6992163954189271,0.05020551967116853,0.2,1.5,neutral,0.004242424242424242,3.217,,,new,09:24:46,2026-07-07 09:24:46
GIS,36.35,36.12,0.0064,0.9025,13595740,2,0.568,1.12,0.031,57.5,yf_premarket,0.10120662973512458,0.566003616636528,0.044186729301233116,0.4,1.5,neutral,0.006464646464646465,3.2156,,,new,09:24:46,2026-07-07 09:24:46
ANGO,13.2,12.98,0.0169,1.3555,409970,2,0.5179,0.505,0.0389,62.6,yf_premarket,0.15200619014510955,0.5156720916214587,0.0557839107457428,0.4,1.5,neutral,0.01707070707070707,3.2129,,,new,09:24:46,2026-07-07 09:24:46
APPS,11.123,11.18,-0.0051,1.0487,5996250,2,0.5328,1.138,0.1018,58.7,yf_premarket,0.11760154305066498,0.5306409483624673,0.1481209630064592,0.4,1.5,neutral,0.0,3.2117,,,new,09:24:46,2026-07-07 09:24:46
ATMU,51.84,52.0,-0.0031,0.5929,927300,2,0.591,1.951,0.0375,56.5,yf_premarket,0.06648798977280372,0.5891099055656017,0.053728714034057545,0.4,1.5,neutral,0.0,3.2048,,,new,09:24:46,2026-07-07 09:24:46
CNP,44.21,44.0,0.0048,0.9533,8654440,1,0.663,0.86,0.0195,58.6,yf_premarket,0.10690335748088008,0.6614426361261805,0.027304756312389898,0.2,1.5,neutral,0.0048484848484848485,3.2042,,,new,09:24:46,2026-07-07 09:24:46
BIRK,45.98,46.16,-0.0039,0.7729,1935610,3,0.9708,1.9693,0.0427,42.1,yf_premarket,0.08667324556485073,0.9706650592726542,0.06136230182031709,0.6,0.5,weak,0.0,3.202,,,new,09:24:46,2026-07-07 09:24:46
OLPX,2.07,2.07,0.0,0.9764,13437810,1,0.6667,0.0191,0.0092,66.7,yf_premarket,0.10949379864085944,0.6651597347799879,0.012184380504991191,0.2,1.5,neutral,0.0,3.2007,,,new,09:24:46,2026-07-07 09:24:46
IONR,4.29,4.29,0.0,0.1543,276670,2,0.6133,0.2982,0.0695,59.4,yf_premarket,0.017303249826182518,0.6115129596142254,0.10070463887257781,0.4,1.5,neutral,0.0,3.1993,,,new,09:24:46,2026-07-07 09:24:46
CGAU,16.51,16.51,-0.0,0.7314,1405940,1,0.6754,0.643,0.0389,53.0,yf_premarket,0.08201942270168434,0.6738999397227246,0.0557839107457428,0.2,1.5,neutral,-0.0,3.1987,,,new,09:24:46,2026-07-07 09:24:46
TPG,42.75,42.59,0.0038,0.7288,2883940,3,0.9695,1.6025,0.0376,48.4,yf_premarket,0.08172785789579921,0.9693590516375327,0.053875513799177925,0.6,0.5,weak,0.0038383838383838384,3.194,,,new,09:24:46,2026-07-07 09:24:46
STN,70.25,70.69,-0.0062,1.141,616100,3,0.9423,1.7344,0.0245,45.6,yf_premarket,0.12795209365958687,0.9420333534257586,0.034644744568408686,0.6,0.5,weak,0.0,3.1933,,,new,09:24:46,2026-07-07 09:24:46
ODV,2.5,2.58,-0.031,0.9206,2990750,5,0.7534,0.118,0.0457,48.8,yf_premarket,0.10323636934532486,0.7522603978300181,0.06576629477392835,1.0,0.5,weak,0.0,3.1923,,,new,09:24:46,2026-07-07 09:24:46
CING,5.31,5.3,0.0019,0.731,297400,3,0.4582,0.3857,0.0728,57.8,yf_premarket,0.08197456657770201,0.4556962025316456,0.10554903112155022,0.6,1.5,neutral,0.0019191919191919192,3.19,,,new,09:24:46,2026-07-07 09:24:46
AMCX,10.14,10.14,-0.0,0.7876,484360,1,0.6643,0.444,0.0438,50.9,yf_premarket,0.08832170812120124,0.6627486437613019,0.06297709923664122,0.2,1.5,neutral,-0.0,3.1895,,,new,09:24:46,2026-07-07 09:24:46
EQX,10.17,10.31,-0.0136,0.8336,13008540,4,0.8589,0.4071,0.0395,47.2,yf_premarket,0.09348016237916881,0.8582479405264215,0.056664709336465065,0.8,0.5,weak,0.0,3.185,,,new,09:24:46,2026-07-07 09:24:46
WB,7.59,7.57,0.0026,0.6442,1293450,3,0.9796,0.14,0.0185,46.8,yf_premarket,0.07224078767353713,0.9795057263411694,0.02583675866118614,0.6,0.5,weak,0.0026262626262626263,3.1842,,,new,09:24:46,2026-07-07 09:24:46
CDRE,30.8,30.28,0.0172,0.9962,443380,4,0.8311,1.1398,0.0376,49.0,yf_premarket,0.1117141767779846,0.8303194695599758,0.053875513799177925,0.8,0.5,weak,0.017373737373737375,3.1812,,,new,09:24:46,2026-07-07 09:24:46
RNST,43.49,42.99,0.0116,0.8225,860760,2,0.5531,0.94,0.0219,53.4,yf_premarket,0.09223540493865924,0.5510347598955194,0.030827950675278916,0.4,1.5,neutral,0.011717171717171716,3.1734,,,new,09:24:46,2026-07-07 09:24:46
GBX,48.09,48.33,-0.005,1.2401,675040,2,0.5221,1.583,0.0328,51.2,yf_premarket,0.1390651983762083,0.5198915009041591,0.04682912507339989,0.4,1.5,neutral,0.0,3.1718,,,new,09:24:46,2026-07-07 09:24:46
QUAD,8.07,8.18,-0.0134,0.7891,259780,2,0.5574,0.321,0.0392,65.8,yf_premarket,0.08848991858613497,0.5553546313039984,0.05622431004110393,0.4,1.5,neutral,0.0,3.1716,,,new,09:24:46,2026-07-07 09:24:46
WYHG,4.39,4.53,-0.0309,0.1418,377260,5,0.2161,1.3542,0.2989,52.0,yf_premarket,0.01590149595173481,0.21247739602169982,0.43746330005871986,1.0,1.5,neutral,0.0,3.1675,,,new,09:24:46,2026-07-07 09:24:46
NWL,5.63,5.57,0.0108,0.6303,19100720,2,0.55,0.377,0.0677,63.6,yf_premarket,0.07068203736515127,0.5479204339963833,0.09806224310041103,0.4,1.5,neutral,0.01090909090909091,3.1673,,,new,09:24:46,2026-07-07 09:24:46
SNN,30.7231,30.55,0.0057,0.7808,1663040,3,0.9567,0.586,0.0192,49.8,yf_premarket,0.08755915401350169,0.9564998995378742,0.026864357017028766,0.6,0.5,weak,0.005757575757575758,3.1664,,,new,09:24:46,2026-07-07 09:24:46
CCNE,33.74,33.74,-0.0,0.5768,211000,2,0.5755,0.924,0.0274,60.4,yf_premarket,0.06468253078251508,0.5735382760699216,0.03890193775689959,0.4,1.5,neutral,-0.0,3.1636,,,new,09:24:46,2026-07-07 09:24:46
NBHC,44.36,44.36,-0.0,0.5327,532230,2,0.5795,0.879,0.0198,54.3,yf_premarket,0.05973714311346356,0.5775567611010649,0.027745155607751027,0.4,1.5,neutral,-0.0,3.1586,,,new,09:24:46,2026-07-07 09:24:46
MO,72.18,71.88,0.0042,0.745,8116720,2,0.5584,1.448,0.0201,53.9,yf_premarket,0.08354453091708344,0.5563592525617842,0.028185554903112153,0.4,1.5,neutral,0.004242424242424242,3.1585,,,new,09:24:46,2026-07-07 09:24:46
WF,61.87,61.87,0.0,0.8715,247720,3,0.9484,1.31,0.0212,49.0,yf_premarket,0.09773028012649426,0.948161543098252,0.029800352319436285,0.6,0.5,weak,0.0,3.1578,,,new,09:24:46,2026-07-07 09:24:46
HOPE,13.53,13.53,0.0,0.6618,1445590,2,0.5667,0.282,0.0208,57.9,yf_premarket,0.0742144571287595,0.5646976090014064,0.02921315325895478,0.4,1.5,neutral,0.0,3.1553,,,new,09:24:46,2026-07-07 09:24:46
WABC,59.06,59.31,-0.0042,0.732,247690,2,0.5623,0.985,0.0166,60.5,yf_premarket,0.08208670688765783,0.5602772754671489,0.023047563123899,0.4,1.5,neutral,0.0,3.1552,,,new,09:24:46,2026-07-07 09:24:46
TRDA,7.53,7.53,-0.0,0.6792,381930,2,0.5458,0.5557,0.0738,66.8,yf_premarket,0.07616569852199072,0.5437010247136829,0.10701702877275397,0.4,1.5,neutral,-0.0,3.1552,,,new,09:24:46,2026-07-07 09:24:46
ELPC,11.61,11.61,0.0,0.8861,361920,2,0.5481,0.2274,0.0196,50.0,yf_premarket,0.09936752865184918,0.5460116536065903,0.02745155607751027,0.4,1.5,neutral,0.0,3.1548,,,new,09:24:46,2026-07-07 09:24:46
NTR,64.49,64.54,-0.0008,0.8563,3368040,4,0.848,1.3261,0.0205,40.4,yf_premarket,0.09602574741516584,0.8472975688165562,0.028772753963593658,0.8,0.5,weak,0.0,3.153,,,new,09:24:46,2026-07-07 09:24:46
LIXT,7.34,7.34,0.0,0.601,564730,3,0.4348,0.877,0.1195,61.0,prev_close,0.06739632628344584,0.43218806509945756,0.1741045214327657,0.6,1.5,neutral,0.0,3.1525,,,new,09:24:46,2026-07-07 09:24:46
DXCM,72.76,72.38,0.0053,0.9683,4772740,3,0.9287,2.391,0.033,42.6,yf_premarket,0.10858546213021733,0.9283705043198713,0.047122724603640635,0.6,0.5,weak,0.005353535353535353,3.1512,,,new,09:24:46,2026-07-07 09:24:46
SPFI,42.49,42.49,-0.0,0.6846,238550,2,0.56,1.141,0.0269,50.8,yf_premarket,0.07677125619575212,0.5579666465742416,0.038167938931297704,0.4,1.5,neutral,-0.0,3.1502,,,new,09:24:46,2026-07-07 09:24:46
EBF,21.4776,21.23,0.0117,0.7653,229450,1,0.6425,0.629,0.0296,54.9,yf_premarket,0.08582097920918652,0.6408479003415711,0.042131532589547854,0.2,1.5,neutral,0.011818181818181818,3.1492,,,new,09:24:46,2026-07-07 09:24:46
OCFC,19.05,19.05,0.0,0.5551,1434490,2,0.5699,0.467,0.0245,57.2,yf_premarket,0.06224908605647386,0.567912397026321,0.034644744568408686,0.4,1.5,neutral,0.0,3.1465,,,new,09:24:46,2026-07-07 09:24:46
ORLA,10.39,10.3,0.0087,0.6265,3113070,4,0.8494,0.4045,0.0393,45.7,yf_premarket,0.07025590418731917,0.8487040385774564,0.05637110980622431,0.8,0.5,weak,0.008787878787878787,3.1442,,,new,09:24:46,2026-07-07 09:24:46
MGNX,4.73,4.57,0.035,0.4216,1976920,2,0.5278,0.4045,0.0885,64.5,yf_premarket,0.04727835467737232,0.5256178420735383,0.1285965942454492,0.4,1.5,neutral,0.03535353535353536,3.1395,,,new,09:24:46,2026-07-07 09:24:46
CADL,10.03,10.03,0.0,0.5326,2018490,2,0.5522,0.6845,0.0682,69.1,yf_premarket,0.059725929082467974,0.5501306007635122,0.09879624192601291,0.4,1.5,neutral,0.0,3.1392,,,new,09:24:46,2026-07-07 09:24:46
MBC,9.44,9.44,0.0,0.6954,2974370,2,0.5425,0.5285,0.056,55.9,yf_premarket,0.07798237154327495,0.5403857745629898,0.08088667058132708,0.4,1.5,neutral,0.0,3.1382,,,new,09:24:46,2026-07-07 09:24:46
GCT,34.18,34.08,0.0029,1.0127,695980,4,0.8162,1.523,0.0447,49.9,yf_premarket,0.11356449189225558,0.8153506128189673,0.0642982971227246,0.8,0.5,weak,0.002929292929292929,3.1376,,,new,09:24:46,2026-07-07 09:24:46
TNXP,12.71,12.71,-0.0,0.3609,522840,2,0.5657,0.862,0.0678,66.0,yf_premarket,0.04047143786305425,0.5636929877436206,0.0982090428655314,0.4,1.5,neutral,-0.0,3.1372,,,new,09:24:46,2026-07-07 09:24:46
CAG,13.8673,13.79,0.0056,0.5112,32315650,2,0.5607,0.465,0.0337,50.6,yf_premarket,0.0573261264494135,0.5586698814546915,0.048150322959483266,0.4,1.5,neutral,0.0056565656565656566,3.1359,,,new,09:24:46,2026-07-07 09:24:46
OGE,48.01,48.26,-0.0052,0.7057,1475890,1,0.6546,0.7551,0.0156,57.0,yf_premarket,0.07913741673581985,0.6530038175607795,0.021579565472695243,0.2,1.5,neutral,0.0,3.1355,,,new,09:24:46,2026-07-07 09:24:46
BXSL,23.21,23.21,0.0,1.9079,2005300,2,0.452,0.4986,0.0215,51.7,yf_premarket,0.2139524973647027,0.4494675507333736,0.03024075161479741,0.4,1.5,neutral,0.0,3.135,,,new,09:24:46,2026-07-07 09:24:46
ATOS,2.28,2.28,0.0,0.8857,257430,4,0.8169,0.16,0.0702,44.1,yf_premarket,0.09932267252786686,0.8160538476994172,0.10173223722842042,0.8,0.5,weak,0.0,3.132,,,new,09:24:46,2026-07-07 09:24:46
ARCT,7.27,7.35,-0.0109,0.8765,626890,3,0.4188,0.472,0.0642,57.6,yf_premarket,0.09829098167627334,0.4161141249748845,0.09292425132119787,0.6,1.5,neutral,0.0,3.1261,,,new,09:24:46,2026-07-07 09:24:46
CBRL,50.35,50.57,-0.0044,0.7869,1177960,2,0.5256,2.793,0.0552,58.4,yf_premarket,0.08824320990423218,0.5234076753064094,0.07971227246036407,0.4,1.5,neutral,0.0,3.119,,,new,09:24:46,2026-07-07 09:24:46
GMRS,14.38,14.38,-0.0,0.2903,874040,2,0.5589,0.893,0.0621,67.2,yf_premarket,0.032554331980173594,0.556861563190677,0.08984145625367,0.4,1.5,neutral,-0.0,3.1075,,,new,09:24:46,2026-07-07 09:24:46
FER,67.27,68.22,-0.0139,1.0682,1633050,4,0.3114,1.104,0.0162,51.3,yf_premarket,0.11978827909480341,0.30821780188868797,0.022460364063417497,0.8,1.5,neutral,0.0,3.1073,,,new,09:24:46,2026-07-07 09:24:46
BOXL,5.04,5.05,-0.002,0.0107,2897060,4,0.33,1.0295,0.2039,59.7,yf_premarket,0.0011999013165272386,0.3269037572835042,0.29800352319436285,0.8,1.5,neutral,0.0,3.1046,,,new,09:24:46,2026-07-07 09:24:46
ACCO,4.0606,4.1,-0.0096,0.8789,1040500,2,0.5185,0.138,0.0337,52.2,yf_premarket,0.0985601184201673,0.5162748643761301,0.048150322959483266,0.4,1.5,neutral,0.0,3.1045,,,new,09:24:46,2026-07-07 09:24:46
WSHP,7.3106,7.3,0.0015,0.0606,1345610,3,0.4207,1.5573,0.2133,60.4,yf_premarket,0.006795702783322493,0.41802290536467757,0.31180270111567815,0.6,1.5,neutral,0.0015151515151515152,3.1044,,,new,09:24:46,2026-07-07 09:24:46
AMRZ,54.31,54.01,0.0056,0.659,2565570,3,0.4354,1.423,0.0263,52.7,yf_premarket,0.07390046426088322,0.43279083785412903,0.03728714034057545,0.6,1.5,neutral,0.0056565656565656566,3.1036,,,new,09:24:46,2026-07-07 09:24:46
BZ,13.94,13.67,0.0198,1.0801,3573540,2,0.9821,0.5024,0.0368,49.7,yf_premarket,0.12112274878327764,0.9820172794856339,0.052701115678214915,0.4,0.5,weak,0.02,3.1021,,,new,09:24:46,2026-07-07 09:24:46
CLPT,18.0,18.0,0.0,0.6409,859710,2,0.5178,1.536,0.0853,68.8,yf_premarket,0.07187072465068294,0.5155716294956801,0.12389900176159718,0.4,1.5,neutral,0.0,3.1009,,,new,09:24:46,2026-07-07 09:24:46
MESO,14.3125,14.33,-0.0012,0.4747,225630,3,0.4523,0.419,0.0292,53.3,yf_premarket,0.05323300513602619,0.44976893711070925,0.04154433352906635,0.6,1.5,neutral,0.0,3.1002,,,new,09:24:46,2026-07-07 09:24:46
FVCB,17.37,17.37,-0.0,0.4106,241110,2,0.5588,0.408,0.0235,59.9,yf_premarket,0.046044811267858345,0.5567611010648985,0.03317674691720493,0.4,1.5,neutral,-0.0,3.0992,,,new,09:24:46,2026-07-07 09:24:46
EXLS,27.13,27.13,0.0,0.743,3758080,4,0.8231,0.951,0.0351,40.1,yf_premarket,0.08332025029717181,0.8222824994976894,0.05020551967116853,0.8,0.5,weak,0.0,3.0946,,,new,09:24:46,2026-07-07 09:24:46
FE,47.76,47.71,0.001,0.9554,3728670,1,0.6111,0.736,0.0154,54.1,yf_premarket,0.10713885213178728,0.6093027928470967,0.021285965942454493,0.2,1.5,neutral,0.00101010101010101,3.0915,,,new,09:24:46,2026-07-07 09:24:46
XPEV,13.35,13.56,-0.0155,0.8564,8374650,4,0.8118,0.4744,0.035,41.0,yf_premarket,0.09603696144616143,0.8109302792847096,0.050058719906048155,0.8,0.5,weak,0.0,3.0909,,,new,09:24:46,2026-07-07 09:24:46
BAM,47.01,47.0,0.0002,0.8082,3007900,4,0.8171,1.1995,0.0255,49.3,yf_premarket,0.09063179850629106,0.8162547719509745,0.03611274221961244,0.8,0.5,weak,0.00020202020202020202,3.0868,,,new,09:24:46,2026-07-07 09:24:46
MCFT,24.31,24.31,0.0,0.5184,210260,3,0.4311,1.229,0.0506,57.5,yf_premarket,0.05813353668109538,0.42847096644565,0.07295948326482678,0.6,1.5,neutral,0.0,3.0806,,,new,09:24:46,2026-07-07 09:24:46
CHMI,2.29,2.29,0.0,0.989,283120,2,0.4961,0.0776,0.0339,51.1,yf_premarket,0.11090676654630273,0.49377134820172797,0.04844392248972402,0.4,1.5,neutral,0.0,3.0781,,,new,09:24:46,2026-07-07 09:24:46
CHCT,18.05,18.05,0.0,1.0143,219660,2,0.498,0.3645,0.0202,52.8,yf_premarket,0.11374391638818489,0.49568012859152105,0.028332354668232525,0.4,1.5,neutral,0.0,3.0761,,,new,09:24:46,2026-07-07 09:24:46
RRGB,6.76,6.98,-0.0315,0.4253,403260,2,0.5206,0.632,0.0905,67.0,yf_premarket,0.04769327382420885,0.5183845690174803,0.1315325895478567,0.4,1.5,neutral,0.0,3.0741,,,new,09:24:46,2026-07-07 09:24:46
BCH,40.04,40.04,-0.0,1.2483,344300,4,0.7715,0.934,0.0233,49.1,yf_premarket,0.13998474891784599,0.7704440425959412,0.03288314738696418,0.8,0.5,weak,-0.0,3.0673,,,new,09:24:46,2026-07-07 09:24:46
FISI,38.92,38.92,0.0,0.4673,286100,2,0.5379,0.94,0.0242,59.7,yf_premarket,0.05240316684235315,0.5357645167771751,0.03420434527304756,0.4,1.5,neutral,0.0,3.0672,,,new,09:24:46,2026-07-07 09:24:46
SAFE,15.96,15.96,-0.0,0.7006,429230,1,0.6166,0.4363,0.0273,53.5,yf_premarket,0.07856550115504518,0.6148282097649187,0.03875513799177921,0.2,1.5,neutral,-0.0,3.0669,,,new,09:24:46,2026-07-07 09:24:46
IVR,7.87,7.87,0.0,0.6907,3093090,2,0.5217,0.1187,0.0151,53.2,yf_premarket,0.0774553120864826,0.5194896524010448,0.020845566647093364,0.4,1.5,neutral,0.0,3.0656,,,new,09:24:46,2026-07-07 09:24:46
HASI,37.1212,38.28,-0.0303,0.6053,1032570,3,0.4253,0.9816,0.0256,54.2,yf_premarket,0.06787852961625584,0.4226441631504923,0.03625954198473282,0.6,1.5,neutral,0.0,3.0652,,,new,09:24:46,2026-07-07 09:24:46
RRR,64.53,65.04,-0.0078,0.7503,840470,1,0.6083,2.0757,0.0319,55.9,yf_premarket,0.08413887455984928,0.6064898533252963,0.04550792718731649,0.2,1.5,neutral,0.0,3.0619,,,new,09:24:46,2026-07-07 09:24:46
ERII,9.05,9.0,0.0056,0.4751,874740,2,0.5227,0.347,0.0386,62.4,yf_premarket,0.053277861260008524,0.5204942736588306,0.05534351145038168,0.4,1.5,neutral,0.0056565656565656566,3.0571,,,new,09:24:46,2026-07-07 09:24:46
AVXL,2.7599,2.66,0.0376,0.5111,1246220,1,0.5882,0.1515,0.057,57.6,yf_premarket,0.05731491241841792,0.5862969660438014,0.08235466823253083,0.2,1.5,neutral,0.03797979797979798,3.0567,,,new,09:24:46,2026-07-07 09:24:46
EFSC,65.68,65.68,-0.0,0.3984,317520,1,0.6387,1.389,0.0211,59.1,yf_premarket,0.044676699486397374,0.6370303395619852,0.029653552554315912,0.2,1.5,neutral,-0.0,3.0559,,,new,09:24:46,2026-07-07 09:24:46
WAVE,8.97,9.36,-0.0417,0.0661,323880,3,0.4366,0.9753,0.1042,67.4,yf_premarket,0.007412474488079485,0.43399638336347196,0.15164415736934822,0.6,1.5,neutral,0.0,3.0549,,,new,09:24:46,2026-07-07 09:24:46
AVBC,20.77,20.77,-0.0,0.1573,324770,2,0.553,0.6425,0.0309,53.1,yf_premarket,0.01763967075604997,0.5509342977697408,0.044039929536112736,0.4,1.5,neutral,-0.0,3.0503,,,new,09:24:46,2026-07-07 09:24:46
OUT,32.55,32.51,0.0012,0.4866,2270320,1,0.6235,0.933,0.0287,63.8,yf_premarket,0.05456747482450041,0.6217600964436408,0.04081033470346447,0.2,1.5,neutral,0.0012121212121212121,3.0476,,,new,09:24:46,2026-07-07 09:24:46
EWTX,39.33,40.1,-0.0192,0.4036,1266700,2,0.5194,2.4,0.0599,67.9,yf_premarket,0.04525982909816763,0.5171790235081374,0.08661186142102173,0.4,1.5,neutral,0.0,3.0456,,,new,09:24:46,2026-07-07 09:24:46
UGI,34.92,34.92,0.0,0.6698,1539350,1,0.6104,0.704,0.0202,52.7,yf_premarket,0.07511157960840603,0.6085995579666466,0.028332354668232525,0.2,1.5,neutral,0.0,3.044,,,new,09:24:46,2026-07-07 09:24:46
EXC,47.02,47.05,-0.0006,0.7633,10068860,1,0.6035,0.809,0.0172,55.8,yf_premarket,0.08559669858927489,0.6016676712879244,0.023928361714621253,0.2,1.5,neutral,0.0,3.0437,,,new,09:24:46,2026-07-07 09:24:46
NERV,4.92,4.92,-0.0,0.4165,575300,2,0.5,0.512,0.1041,56.0,yf_premarket,0.046706439096597656,0.49768937110709266,0.15149735760422783,0.4,1.5,neutral,-0.0,3.0412,,,new,09:24:46,2026-07-07 09:24:46
BHRB,69.69,69.69,-0.0,0.4821,241230,2,0.5227,1.758,0.0252,59.7,yf_premarket,0.054062843429699234,0.5204942736588306,0.03567234292425132,0.4,1.5,neutral,-0.0,3.0399,,,new,09:24:46,2026-07-07 09:24:46
AURA,7.07,7.09,-0.0028,0.8987,754430,2,0.4658,0.5925,0.0836,59.3,yf_premarket,0.10078049655729249,0.4633313240908178,0.12140340575455077,0.4,1.5,neutral,0.0,3.0385,,,new,09:24:46,2026-07-07 09:24:46
DAVA,2.94,2.93,0.0034,0.3434,448110,2,0.5135,0.197,0.0672,51.0,yf_premarket,0.03850898243882746,0.511251758087201,0.09732824427480916,0.4,1.5,neutral,0.0034343434343434343,3.0341,,,new,09:24:46,2026-07-07 09:24:46
FG,28.38,28.38,0.0,0.7435,531640,3,0.8931,0.9058,0.0319,48.1,yf_premarket,0.08337632045214972,0.8926059875426964,0.04550792718731649,0.6,0.5,weak,0.0,3.033,,,new,09:24:46,2026-07-07 09:24:46
TREX,48.3,48.3,0.0,0.6046,1817610,1,0.6031,1.853,0.0384,60.1,yf_premarket,0.06780003139928678,0.6012658227848101,0.05504991192014092,0.2,1.5,neutral,0.0,3.0318,,,new,09:24:46,2026-07-07 09:24:46
SNAP,4.76,4.75,0.0021,0.668,44297960,4,0.7934,0.2065,0.0435,40.0,yf_premarket,0.07490972705048557,0.7924452481414507,0.0625366999412801,0.8,0.5,weak,0.002121212121212121,3.0317,,,new,09:24:46,2026-07-07 09:24:46
FBIO,2.95,2.95,-0.0,0.6966,593290,3,0.3846,0.206,0.0698,56.3,yf_premarket,0.07811693991522192,0.3817560779586096,0.10114503816793893,0.6,1.5,neutral,-0.0,3.0313,,,new,09:24:46,2026-07-07 09:24:46
CNC,66.24,66.05,0.0029,0.9103,5166100,1,0.572,2.018,0.0306,52.3,yf_premarket,0.10208132415277996,0.5700221016676712,0.04359953024075161,0.2,1.5,neutral,0.002929292929292929,3.0194,,,new,09:24:46,2026-07-07 09:24:46
KEP,12.46,12.74,-0.022,0.6454,1128530,3,0.8972,0.241,0.0189,49.8,yf_premarket,0.0723753560454841,0.8967249346996182,0.026423957721667644,0.6,0.5,weak,0.0,3.0152,,,new,09:24:46,2026-07-07 09:24:46
IVZ,27.75,27.83,-0.0029,0.5247,5451420,5,0.7022,0.98,0.0352,42.0,yf_premarket,0.05884002063381703,0.7008237894313843,0.05035231943628891,1.0,0.5,weak,0.0,3.0151,,,new,09:24:46,2026-07-07 09:24:46
INGN,6.67,6.67,-0.0,0.6049,260690,2,0.4938,0.2765,0.0415,58.8,yf_premarket,0.06783367349227352,0.4914607193088206,0.059600704638872584,0.4,1.5,neutral,-0.0,3.0145,,,new,09:24:46,2026-07-07 09:24:46
CLAR,3.16,3.16,-0.0,0.1736,573130,2,0.5278,0.138,0.0437,54.5,yf_premarket,0.01946755780832978,0.5256178420735383,0.06283029947152086,0.4,1.5,neutral,-0.0,3.0119,,,new,09:24:46,2026-07-07 09:24:46
OMF,60.08,60.08,-0.0,0.5586,1264480,2,0.501,1.633,0.0272,67.4,yf_premarket,0.06264157714131921,0.4986939923648785,0.03860833822665883,0.4,1.5,neutral,-0.0,3.0107,,,new,09:24:46,2026-07-07 09:24:46
IHS,8.2,8.26,-0.0073,0.6863,1491870,3,0.8947,0.08,0.0097,42.6,yf_premarket,0.076961894722677,0.8942133815551537,0.012918379330593071,0.6,0.5,weak,0.0,3.0103,,,new,09:24:46,2026-07-07 09:24:46
JHX,25.62,25.62,-0.0,0.591,6992800,1,0.594,0.861,0.0336,60.7,yf_premarket,0.06627492318388767,0.5921237693389592,0.048003523194362886,0.2,1.5,neutral,-0.0,3.0077,,,new,09:24:46,2026-07-07 09:24:46
CG,44.1,44.04,0.0014,0.6523,4836290,4,0.7831,1.803,0.0409,43.2,yf_premarket,0.07314912418417924,0.7820976491862568,0.05871990604815032,0.8,0.5,weak,0.0014141414141414141,3.0054,,,new,09:24:46,2026-07-07 09:24:46
FNKO,5.5,5.54,-0.0072,0.876,736880,2,0.4598,0.328,0.0592,53.9,yf_premarket,0.09823491152129543,0.4573035965441029,0.0855842630651791,0.4,1.5,neutral,0.0,3.0048,,,new,09:24:46,2026-07-07 09:24:46
KPTI,9.37,9.62,-0.026,0.4061,709400,2,0.4941,0.6984,0.0726,51.4,yf_premarket,0.04554017987305717,0.49176210568615636,0.10525543159130946,0.4,1.5,neutral,0.0,3.0045,,,new,09:24:46,2026-07-07 09:24:46
AIN,73.01,73.98,-0.0131,0.6115,275710,1,0.5911,2.268,0.0307,61.3,yf_premarket,0.06857379953798193,0.5892103676913802,0.04374633000587199,0.2,1.5,neutral,0.0,3.0032,,,new,09:24:46,2026-07-07 09:24:46
CMCO,13.79,14.0,-0.015,1.0226,588420,2,0.448,0.777,0.0555,51.1,yf_premarket,0.11467468096081816,0.4454490657022303,0.08015267175572519,0.4,1.5,neutral,0.0,3.003,,,new,09:24:46,2026-07-07 09:24:46
KVHI,9.11,9.11,0.0,0.3703,467940,4,0.2937,0.713,0.0783,56.6,yf_premarket,0.04152555677663893,0.29043600562587907,0.11362301820317086,0.8,1.5,neutral,0.0,3.0,,,new,09:24:46,2026-07-07 09:24:46
PK,14.3,14.3,-0.0,0.58,7195470,1,0.5908,0.3789,0.0265,51.1,yf_premarket,0.06504137977437369,0.5889089813140446,0.0375807398708162,0.2,1.5,neutral,-0.0,2.9942,,,new,09:24:46,2026-07-07 09:24:46
SFNC,22.77,22.77,-0.0,0.6679,1687640,1,0.5855,0.444,0.0195,57.2,yf_premarket,0.07489851301948998,0.5835844886477798,0.027304756312389898,0.2,1.5,neutral,-0.0,2.9932,,,new,09:24:46,2026-07-07 09:24:46
BBCP,11.2,11.2,0.0,1.2144,359180,3,0.3297,0.548,0.0489,51.2,yf_premarket,0.1361831924103438,0.3266023709061684,0.07046388725778038,0.6,1.5,neutral,0.0,2.9927,,,new,09:24:46,2026-07-07 09:24:46
BANC,20.52,20.56,-0.0019,0.6149,3345350,2,0.49,0.409,0.0199,57.9,yf_premarket,0.0689550765918317,0.4876431585292345,0.0278919553728714,0.4,1.5,neutral,0.0,2.9927,,,new,09:24:46,2026-07-07 09:24:46
IDN,4.25,4.22,0.0071,0.3234,447080,2,0.5,0.188,0.0445,55.6,yf_premarket,0.03626617623971112,0.49768937110709266,0.06400469759248385,0.4,1.5,neutral,0.007171717171717172,2.9925,,,new,09:24:46,2026-07-07 09:24:46
LOCO,16.3,16.3,0.0,0.5929,394990,2,0.486,0.576,0.0353,57.6,yf_premarket,0.06648798977280372,0.48362467349809124,0.05049911920140927,0.4,1.5,neutral,0.0,2.9922,,,new,09:24:46,2026-07-07 09:24:46
BZH,27.74,27.74,0.0,1.0977,343820,2,0.4402,1.121,0.0404,52.4,yf_premarket,0.1230964182385,0.4376130198915009,0.05798590722254844,0.4,1.5,neutral,0.0,2.9889,,,new,09:24:46,2026-07-07 09:24:46
GOLD,43.41,44.05,-0.0145,0.9533,449380,4,0.7515,1.5875,0.036,48.9,yf_premarket,0.10690335748088008,0.7503516174402249,0.051526717557251904,0.8,0.5,weak,0.0,2.9868,,,new,09:24:46,2026-07-07 09:24:46
ALMR,25.66,25.66,0.0,0.4807,563730,1,0.5746,2.011,0.0784,65.0,yf_premarket,0.05390584699576109,0.5726341169379144,0.11376981796829125,0.2,1.5,neutral,0.0,2.983,,,new,09:24:46,2026-07-07 09:24:46
RAL,69.18,69.26,-0.0012,0.8473,1822910,3,0.3587,2.6925,0.0389,57.8,yf_premarket,0.0950164846255635,0.35573638738195706,0.0557839107457428,0.6,1.5,neutral,0.0,2.9819,,,new,09:24:46,2026-07-07 09:24:46
CCS,66.26,66.99,-0.0109,0.8548,407700,2,0.4539,2.9652,0.0443,65.7,yf_premarket,0.09585753695023212,0.4513763311231666,0.0637110980622431,0.4,1.5,neutral,0.0,2.9784,,,new,09:24:46,2026-07-07 09:24:46
ASTE,59.07,58.73,0.0058,0.9538,235800,2,0.442,2.288,0.039,69.7,yf_premarket,0.10695942763585797,0.43942133815551543,0.05593071051086319,0.4,1.5,neutral,0.005858585858585858,2.976,,,new,09:24:46,2026-07-07 09:24:46
BLFS,28.28,27.79,0.0176,0.366,1504730,1,0.5774,1.424,0.0512,59.7,yf_premarket,0.041043353443828916,0.5754470564597147,0.07384028185554903,0.2,1.5,neutral,0.017777777777777778,2.976,,,new,09:24:46,2026-07-07 09:24:46
EQBK,48.93,48.93,-0.0,0.4815,200610,2,0.4901,1.2607,0.0258,54.4,yf_premarket,0.053995559243725746,0.4877436206550131,0.036553141514973575,0.4,1.5,neutral,-0.0,2.9748,,,new,09:24:46,2026-07-07 09:24:46
GSBD,9.21,9.18,0.0033,1.0961,999150,3,0.3351,0.2348,0.0256,56.8,yf_premarket,0.1229169937425707,0.3320273256982118,0.03625954198473282,0.6,1.5,neutral,0.0033333333333333335,2.9716,,,new,09:24:46,2026-07-07 09:24:46
MITT,7.65,7.75,-0.0129,0.7339,229320,2,0.4672,0.1882,0.0243,58.0,yf_premarket,0.08229977347657388,0.46473779385171793,0.034351145038167934,0.4,1.5,neutral,0.0,2.9701,,,new,09:24:46,2026-07-07 09:24:46
STRO,30.63,30.63,0.0,0.6164,620530,3,0.3547,2.64,0.0862,55.1,yf_premarket,0.06912328705676542,0.3517179023508138,0.12522019964768055,0.6,1.5,neutral,0.0,2.9697,,,new,09:24:46,2026-07-07 09:24:46
ALLO,2.104,2.09,0.0067,0.8956,12182060,3,0.3333,0.135,0.0646,63.4,yf_premarket,0.10043286159642945,0.3302190074341973,0.09351145038167939,0.6,1.5,neutral,0.006767676767676768,2.968,,,new,09:24:46,2026-07-07 09:24:46
GIB,66.99,66.35,0.0096,0.6371,618620,3,0.8628,2.013,0.0303,48.9,yf_premarket,0.07144459147285083,0.8621659634317862,0.043159130945390485,0.6,0.5,weak,0.009696969696969697,2.9676,,,new,09:24:46,2026-07-07 09:24:46
SHBI,22.88,22.88,0.0,0.7075,278740,1,0.5679,0.52,0.0227,50.9,yf_premarket,0.07933926929374033,0.5659031545107494,0.032002348796241926,0.2,1.5,neutral,0.0,2.9668,,,new,09:24:46,2026-07-07 09:24:46
NEWT,14.31,14.31,-0.0,0.5481,381500,2,0.4724,0.6105,0.0427,55.8,yf_premarket,0.06146410388678314,0.46996182439220413,0.06136230182031709,0.4,1.5,neutral,-0.0,2.9628,,,new,09:24:46,2026-07-07 09:24:46
REXR,34.48,34.26,0.0064,0.8041,2743900,3,0.8501,0.7334,0.0214,46.8,yf_premarket,0.09017202323547222,0.8494072734579063,0.030093951849677034,0.6,0.5,weak,0.006464646464646465,2.9588,,,new,09:24:46,2026-07-07 09:24:46
HAFC,32.48,32.48,0.0,0.6257,278230,1,0.5714,0.658,0.0203,57.3,yf_premarket,0.07016619193935451,0.5694193289129998,0.028479154433352902,0.2,1.5,neutral,0.0,2.9583,,,new,09:24:46,2026-07-07 09:24:46
XPER,7.9,8.08,-0.0223,0.5719,526870,2,0.4661,0.3895,0.0482,57.3,yf_premarket,0.06413304326373158,0.4636327104681536,0.06943628890193776,0.4,1.5,neutral,0.0,2.9582,,,new,09:24:46,2026-07-07 09:24:46
TASK,5.19,5.18,0.0019,0.6289,707420,3,0.8512,0.313,0.0604,43.4,yf_premarket,0.07052504093121313,0.8505123568414708,0.08734586024662361,0.6,0.5,weak,0.0019191919191919192,2.9534,,,new,09:24:46,2026-07-07 09:24:46
BUSE,29.49,29.49,0.0,0.6377,990410,1,0.5672,0.564,0.0191,57.9,yf_premarket,0.07151187565882432,0.5651999196302994,0.026717557251908393,0.2,1.5,neutral,0.0,2.951,,,new,09:24:46,2026-07-07 09:24:46
RGP,4.68,4.61,0.0152,0.3036,963560,3,0.8667,0.281,0.061,49.0,yf_premarket,0.03404579810258595,0.8660839863371509,0.08822665883734586,0.6,0.5,weak,0.015353535353535354,2.9504,,,new,09:24:46,2026-07-07 09:24:46
UMC,24.32,25.83,-0.0585,0.6681,19712910,3,0.3493,1.488,0.0576,60.5,yf_premarket,0.07492094108148115,0.3462929475587704,0.08323546682325308,0.6,1.5,neutral,0.0,2.9466,,,new,09:24:46,2026-07-07 09:24:46
FTI,67.53,67.26,0.004,0.7862,5775330,4,0.7455,1.839,0.0273,41.8,yf_premarket,0.0881647116872631,0.7443238898935102,0.03875513799177921,0.8,0.5,weak,0.00404040404040404,2.9463,,,new,09:24:46,2026-07-07 09:24:46
HESM,38.18,38.18,-0.0,0.7878,709340,4,0.7516,0.5985,0.0157,47.3,yf_premarket,0.0883441361831924,0.7504520795660037,0.021726365237815615,0.8,0.5,weak,-0.0,2.9443,,,new,09:24:46,2026-07-07 09:24:46
ADAG,3.9,3.93,-0.0076,0.8621,440460,2,0.3987,0.5651,0.1438,56.3,yf_premarket,0.09667616121290959,0.3959212376933896,0.209776864357017,0.4,1.5,neutral,0.0,2.9417,,,new,09:24:46,2026-07-07 09:24:46
EMBC,3.29,3.28,0.003,0.5664,2324720,1,0.551,0.182,0.0555,58.2,yf_premarket,0.06351627155897459,0.5489250552541692,0.08015267175572519,0.2,1.5,neutral,0.0030303030303030303,2.9377,,,new,09:24:46,2026-07-07 09:24:46
ESTC,59.0,58.54,0.0079,0.6613,1993400,4,0.7402,2.381,0.0407,44.9,yf_premarket,0.07415838697378159,0.7389993972272453,0.058426306517909574,0.8,0.5,weak,0.007979797979797981,2.9304,,,new,09:24:46,2026-07-07 09:24:46
ADT,6.76,6.75,0.0015,1.1247,9332810,3,0.8095,0.177,0.0262,48.2,yf_premarket,0.12612420660730705,0.8086196503918023,0.03714034057545508,0.6,0.5,weak,0.0015151515151515152,2.9273,,,new,09:24:46,2026-07-07 09:24:46
CRON,2.76,2.76,0.0,0.7868,1036240,2,0.4375,0.091,0.033,55.7,yf_premarket,0.08823199587323659,0.4349005424954792,0.047122724603640635,0.4,1.5,neutral,0.0,2.9257,,,new,09:24:46,2026-07-07 09:24:46
GDOT,13.26,13.26,-0.0,0.9205,638100,1,0.5263,0.284,0.0214,54.2,yf_premarket,0.10322515531432928,0.5241109101868595,0.030093951849677034,0.2,1.5,neutral,-0.0,2.9181,,,new,09:24:46,2026-07-07 09:24:46
GSL,39.2525,38.99,0.0067,0.9778,274180,3,0.812,0.962,0.0247,41.2,yf_premarket,0.10965079507479758,0.8111312035362669,0.03493834409864944,0.6,0.5,weak,0.006767676767676768,2.9144,,,new,09:24:46,2026-07-07 09:24:46
ORMP,4.57,4.57,-0.0,0.3268,860180,1,0.5441,0.402,0.088,66.7,yf_premarket,0.0366474532935609,0.5419931685754471,0.12786259541984732,0.2,1.5,neutral,-0.0,2.9029,,,new,09:24:46,2026-07-07 09:24:46
FLR,51.46,51.46,0.0,0.7522,2410860,2,0.4249,2.083,0.0405,52.8,yf_premarket,0.08435194114876533,0.422242314647378,0.05813270698766882,0.4,1.5,neutral,0.0,2.9001,,,new,09:24:46,2026-07-07 09:24:46
CRK,14.328,14.16,0.0119,0.6972,2748140,1,0.516,0.607,0.0429,58.4,yf_premarket,0.07818422410119541,0.5137633112316656,0.06165590135055784,0.2,1.5,neutral,0.012020202020202021,2.8937,,,new,09:24:46,2026-07-07 09:24:46
SBC,3.12,3.08,0.013,0.9038,208560,2,0.3953,0.1577,0.0512,58.5,yf_premarket,0.10135241213806714,0.39250552541691786,0.07384028185554903,0.4,1.5,neutral,0.013131313131313131,2.8937,,,new,09:24:46,2026-07-07 09:24:46
SWBI,15.25,15.36,-0.0072,0.6109,1058930,3,0.3268,0.8817,0.0574,55.7,yf_premarket,0.06850651535200843,0.32368896925858953,0.08294186729301233,0.6,1.5,neutral,0.0,2.8916,,,new,09:24:46,2026-07-07 09:24:46
RXT,6.4554,6.425,0.0047,0.9491,13143510,2,0.3664,0.8578,0.1335,57.4,yf_premarket,0.10643236817906565,0.3634719710669078,0.1946564885496183,0.4,1.5,neutral,0.004747474747474748,2.891,,,new,09:24:46,2026-07-07 09:24:46
NX,17.18,17.18,-0.0,0.8156,443470,3,0.3122,0.842,0.049,52.1,yf_premarket,0.09146163679996411,0.3090214988949166,0.07061068702290077,0.6,1.5,neutral,-0.0,2.8905,,,new,09:24:46,2026-07-07 09:24:46
PPC,28.72,28.65,0.0024,0.9122,1699490,3,0.8052,0.984,0.0343,42.4,yf_premarket,0.10229439074169601,0.8042997789833233,0.04903112155020552,0.6,0.5,weak,0.0024242424242424242,2.8902,,,new,09:24:46,2026-07-07 09:24:46
FISV,55.5146,51.78,0.0721,0.6373,8099410,3,0.7758,1.708,0.033,44.7,yf_premarket,0.07146701953484198,0.7747639140044204,0.047122724603640635,0.6,0.5,weak,0.07282828282828283,2.8895,,,new,09:24:46,2026-07-07 09:24:46
OSW,27.59,27.68,-0.0033,0.5751,1169480,2,0.4315,1.3418,0.0485,62.9,yf_premarket,0.06449189225559018,0.42887281494876434,0.06987668819729889,0.4,1.5,neutral,0.0,2.8894,,,new,09:24:46,2026-07-07 09:24:46
TAC,13.5736,13.61,-0.0027,1.0365,1584860,2,0.4,0.376,0.0276,56.2,yf_premarket,0.11623343126920402,0.3972272453285112,0.039195537287140335,0.4,1.5,neutral,0.0,2.8884,,,new,09:24:46,2026-07-07 09:24:46
AKTS,26.86,26.56,0.0113,1.228,722080,3,0.2408,3.2741,0.1233,59.8,yf_premarket,0.1377083006257429,0.23729154108900946,0.17968291250734,0.6,1.5,neutral,0.011414141414141413,2.8881,,,new,09:24:46,2026-07-07 09:24:46
MFA,9.37,9.33,0.0043,0.7943,2031230,2,0.4182,0.2184,0.0234,58.8,yf_premarket,0.08907304819790521,0.415511352220213,0.03302994715208456,0.4,1.5,neutral,0.004343434343434344,2.8877,,,new,09:24:46,2026-07-07 09:24:46
NAVI,8.36,8.39,-0.0036,0.6657,1138530,1,0.5264,0.3148,0.0375,58.5,yf_premarket,0.07465180433758718,0.5242113723126381,0.053728714034057545,0.2,1.5,neutral,0.0,2.8873,,,new,09:24:46,2026-07-07 09:24:46
SBLK,26.3,26.12,0.0069,1.005,1428520,4,0.6911,0.88,0.0337,43.0,yf_premarket,0.11270101150559578,0.6896724934699618,0.048150322959483266,0.8,0.5,weak,0.0069696969696969695,2.8829,,,new,09:24:46,2026-07-07 09:24:46
CABA,3.03,3.01,0.0066,1.0695,7290870,2,0.3711,0.2223,0.0739,50.0,yf_premarket,0.11993406149774596,0.36819369097850113,0.10716382853787433,0.4,1.5,neutral,0.006666666666666667,2.8799,,,new,09:24:46,2026-07-07 09:24:46
ANAB,62.34,62.31,0.0005,0.7849,712960,2,0.4066,3.2884,0.0528,62.4,yf_premarket,0.08801892928432054,0.40385774562989757,0.07618907809747505,0.4,1.5,neutral,0.000505050505050505,2.8786,,,new,09:24:46,2026-07-07 09:24:46
ARCC,18.55,18.56,-0.0005,0.7895,5587670,4,0.7179,0.302,0.0163,44.7,yf_premarket,0.0885347747101173,0.7165963431786216,0.022607163828537873,0.8,0.5,weak,0.0,2.8773,,,new,09:24:46,2026-07-07 09:24:46
LQDT,38.375,38.38,-0.0001,0.656,271480,2,0.4216,1.1,0.0287,53.1,yf_premarket,0.07356404333101577,0.41892706449668476,0.04081033470346447,0.4,1.5,neutral,0.0,2.8686,,,new,09:24:46,2026-07-07 09:24:46
AIV,2.9001,2.94,-0.0136,0.5508,1550540,1,0.5333,0.05,0.017,61.5,yf_premarket,0.06176688272366384,0.5311432589913603,0.023634762184380504,0.2,1.5,neutral,0.0,2.8668,,,new,09:24:46,2026-07-07 09:24:46
BSBR,5.39,5.29,0.0189,1.2289,1979820,3,0.76,0.101,0.0191,41.8,yf_premarket,0.13780922690470315,0.7588908981314044,0.026717557251908393,0.6,0.5,weak,0.019090909090909092,2.8665,,,new,09:24:46,2026-07-07 09:24:46
VVV,38.59,38.59,-0.0,0.9588,2094430,1,0.4929,1.1873,0.0308,55.8,yf_premarket,0.10752012918563705,0.49055656017681337,0.04389312977099236,0.2,1.5,neutral,-0.0,2.8643,,,new,09:24:46,2026-07-07 09:24:46
SMA,33.0,32.8,0.0061,0.6147,789760,2,0.4167,0.8195,0.025,56.3,yf_premarket,0.06893264852984053,0.4140044203335343,0.03537874339401057,0.4,1.5,neutral,0.006161616161616162,2.8583,,,new,09:24:46,2026-07-07 09:24:46
ESPR,3.16,3.15,0.0032,0.9158,7928410,1,0.5,0.018,0.0057,50.0,yf_premarket,0.10269809585753693,0.49768937110709266,0.007046388725778039,0.2,1.5,neutral,0.0032323232323232323,2.8578,,,new,09:24:46,2026-07-07 09:24:46
PYXS,2.5197,2.46,0.0243,0.6057,2016960,2,0.3517,0.3982,0.1619,68.4,yf_premarket,0.06792338574023818,0.34870403857745635,0.236347621843805,0.4,1.5,neutral,0.024545454545454544,2.8543,,,new,09:24:46,2026-07-07 09:24:46
LGIH,59.75,59.74,0.0002,0.4637,451760,2,0.4203,3.108,0.052,60.1,yf_premarket,0.05199946172651221,0.4176210568615632,0.07501467997651204,0.4,1.5,neutral,0.00020202020202020202,2.8511,,,new,09:24:46,2026-07-07 09:24:46
NGVT,73.86,73.86,-0.0,0.4591,365950,2,0.4271,2.492,0.0337,55.7,yf_premarket,0.051483616300715455,0.42445248141450675,0.048150322959483266,0.4,1.5,neutral,-0.0,2.8502,,,new,09:24:46,2026-07-07 09:24:46
NBBK,21.33,21.03,0.0143,0.7393,323000,1,0.4944,0.514,0.0244,56.5,yf_premarket,0.08290533115033528,0.4920634920634921,0.034497944803288313,0.2,1.5,neutral,0.014444444444444446,2.8474,,,new,09:24:46,2026-07-07 09:24:46
VYGR,3.76,3.62,0.0387,0.7129,780160,2,0.3696,0.169,0.0467,55.2,yf_premarket,0.07994482696750173,0.3666867590918224,0.06723429242513211,0.4,1.5,neutral,0.03909090909090909,2.8455,,,new,09:24:46,2026-07-07 09:24:46
GLIBK,22.4,22.4,0.0,0.5326,1234030,4,0.7094,1.2163,0.0543,47.8,yf_premarket,0.059725929082467974,0.7080570624874423,0.07839107457428068,0.8,0.5,weak,0.0,2.8449,,,new,09:24:46,2026-07-07 09:24:46
CCO,2.41,2.41,-0.0,0.8588,12263720,1,0.5,0.018,0.0075,50.0,yf_premarket,0.0963060981900554,0.49768937110709266,0.009688784497944802,0.2,1.5,neutral,-0.0,2.8447,,,new,09:24:46,2026-07-07 09:24:46
PEB,18.72,18.65,0.0038,0.6058,2999500,3,0.3079,0.5308,0.0285,54.1,yf_premarket,0.06793459977123377,0.30470162748643764,0.04051673517322372,0.6,1.5,neutral,0.0038383838383838384,2.8373,,,new,09:24:46,2026-07-07 09:24:46
PCAP,10.28,10.28,0.0,0.8395,306150,2,0.4,0.0095,0.0009,54.5,yf_premarket,0.09414179020790812,0.3972272453285112,0.0,0.4,1.5,neutral,0.0,2.8357,,,new,09:24:46,2026-07-07 09:24:46
SW,46.2866,45.64,0.0142,0.9226,6664070,1,0.4675,1.6691,0.0366,62.3,yf_premarket,0.10346064996523649,0.4650391802290537,0.05240751614797416,0.2,1.5,neutral,0.014343434343434344,2.833,,,new,09:24:46,2026-07-07 09:24:46
CIVB,27.93,27.93,-0.0,0.5958,204080,1,0.5068,0.841,0.0301,55.8,yf_premarket,0.0668131966716756,0.5045207956600362,0.04286553141514973,0.2,1.5,neutral,-0.0,2.8307,,,new,09:24:46,2026-07-07 09:24:46
LINE,43.49,43.49,-0.0,0.8225,1093030,3,0.7843,1.2055,0.0277,48.2,yf_premarket,0.09223540493865924,0.7833031946955997,0.03934233705226071,0.6,0.5,weak,-0.0,2.8246,,,new,09:24:46,2026-07-07 09:24:46
TTAM,18.55,18.45,0.0054,0.386,313750,2,0.4167,0.6047,0.0328,68.2,yf_premarket,0.04328615964294525,0.4140044203335343,0.04682912507339989,0.4,1.5,neutral,0.005454545454545455,2.8245,,,new,09:24:46,2026-07-07 09:24:46
TEX,69.1,69.58,-0.0069,0.4784,1964670,2,0.4065,3.254,0.0468,61.0,yf_premarket,0.05364792428286271,0.40375728350411894,0.0673810921902525,0.4,1.5,neutral,0.0,2.8217,,,new,09:24:46,2026-07-07 09:24:46
LYTS,25.67,25.67,-0.0,0.4726,421950,2,0.4091,1.03,0.0401,50.8,yf_premarket,0.05299751048511898,0.4063692987743621,0.057545507927187316,0.4,1.5,neutral,-0.0,2.821,,,new,09:24:46,2026-07-07 09:24:46
FR,63.04,63.04,-0.0,0.9801,1330100,3,0.7722,1.2165,0.0193,49.9,yf_premarket,0.10990871778769595,0.7711472774763913,0.027011156782149146,0.6,0.5,weak,-0.0,2.8207,,,new,09:24:46,2026-07-07 09:24:46
IMMR,6.75,6.78,-0.0044,0.5444,769800,1,0.5,0.298,0.044,57.2,yf_premarket,0.06104918473994662,0.49768937110709266,0.06327069876688197,0.2,1.5,neutral,0.0,2.8186,,,new,09:24:46,2026-07-07 09:24:46
GBDC,12.87,12.87,0.0,1.0444,1408410,3,0.7647,0.225,0.0175,47.3,yf_premarket,0.11711933971785497,0.7636126180429978,0.024368761009982382,0.6,0.5,weak,0.0,2.8151,,,new,09:24:46,2026-07-07 09:24:46
PRTA,9.55,9.5,0.0053,0.6219,649090,1,0.4841,0.4952,0.0521,69.1,yf_premarket,0.06974005876152241,0.48171589310829815,0.07516147974163241,0.2,1.5,neutral,0.005353535353535353,2.8137,,,new,09:24:46,2026-07-07 09:24:46
ROLR,6.17,6.17,-0.0,0.3869,237780,3,0.7888,0.583,0.0945,47.2,yf_premarket,0.04338708592190549,0.7878239903556359,0.13740458015267176,0.6,0.5,weak,-0.0,2.8094,,,new,09:24:46,2026-07-07 09:24:46
CRMT,3.0432,2.97,0.0246,0.0539,6964720,2,0.352,0.66,0.2222,59.6,yf_premarket,0.006044362706618521,0.34900542495479203,0.3248678802113916,0.4,1.5,neutral,0.02484848484848485,2.8068,,,new,09:24:46,2026-07-07 09:24:46
BMNR,15.5332,15.55,-0.0011,1.0883,42635070,4,0.6351,1.1067,0.0712,46.8,yf_premarket,0.12204229932491532,0.6334137030339562,0.1032002348796242,0.8,0.5,weak,0.0,2.8015,,,new,09:24:46,2026-07-07 09:24:46
NYT,73.862,73.27,0.0081,0.782,1922060,2,0.8684,2.008,0.0274,49.7,yf_premarket,0.08769372238544867,0.8677918424753868,0.03890193775689959,0.4,0.5,weak,0.00818181818181818,2.7988,,,new,09:24:46,2026-07-07 09:24:46
RFL,2.69,2.76,-0.0254,1.2949,376620,3,0.1837,0.4282,0.1551,58.6,yf_premarket,0.14521048736178704,0.17992766726943943,0.22636523781561946,0.6,1.5,neutral,0.0,2.7909,,,new,09:24:46,2026-07-07 09:24:46
HSCS,2.63,2.7,-0.0259,0.0059,14051900,1,0.4828,0.4762,0.1764,65.7,yf_premarket,0.0006616278287393186,0.48040988547317665,0.2576335877862595,0.2,1.5,neutral,0.0,2.7906,,,new,09:24:46,2026-07-07 09:24:46
LE,10.93,11.62,-0.0594,1.0215,320790,3,0.7384,0.7077,0.0609,43.6,yf_premarket,0.11455132661986678,0.7371910789632308,0.08807985907222549,0.6,0.5,weak,0.0,2.7902,,,new,09:24:46,2026-07-07 09:24:46
VREX,10.74,10.74,0.0,0.6224,585800,3,0.7752,0.528,0.0492,45.0,yf_premarket,0.06979612891650032,0.7741611412497489,0.07090428655314152,0.6,0.5,weak,0.0,2.7885,,,new,09:24:46,2026-07-07 09:24:46
INDV,39.99,39.99,-0.0,0.9105,2136210,1,0.4545,1.613,0.0403,60.7,yf_premarket,0.10210375221477111,0.4519791038778381,0.057839107457428075,0.2,1.5,neutral,-0.0,2.786,,,new,09:24:46,2026-07-07 09:24:46
BROS,68.3456,68.09,0.0038,1.0176,3330870,2,0.3395,3.4067,0.05,54.7,yf_premarket,0.1141139794110391,0.3364476592324694,0.07207868467410453,0.4,1.5,neutral,0.0038383838383838384,2.7859,,,new,09:24:46,2026-07-07 09:24:46
FRPT,54.39,54.09,0.0055,0.8061,1823710,2,0.3492,3.696,0.0683,52.5,yf_premarket,0.09039630385538386,0.3461924854329918,0.0989430416911333,0.4,1.5,neutral,0.005555555555555555,2.7858,,,new,09:24:46,2026-07-07 09:24:46
LXRX,2.3544,2.32,0.0148,0.3236,6857330,1,0.4783,0.174,0.075,67.9,yf_premarket,0.03628860430170229,0.4758890898131405,0.10877862595419847,0.2,1.5,neutral,0.01494949494949495,2.783,,,new,09:24:46,2026-07-07 09:24:46
CYRX,15.0282,15.23,-0.0133,0.5893,913630,2,0.3772,0.734,0.0482,57.5,yf_premarket,0.0660842846569628,0.3743218806509946,0.06943628890193776,0.4,1.5,neutral,0.0,2.7825,,,new,09:24:46,2026-07-07 09:24:46
NAT,5.83,5.83,0.0,0.4906,6470560,3,0.281,0.348,0.0597,55.7,yf_premarket,0.055016036064323676,0.27767731565199927,0.08631826189078098,0.6,1.5,neutral,0.0,2.781,,,new,09:24:46,2026-07-07 09:24:46
CNX,33.05,33.38,-0.0099,0.6858,2192790,2,0.375,0.858,0.0257,52.4,yf_premarket,0.0769058245676991,0.3721117138838658,0.036406341749853195,0.4,1.5,neutral,0.0,2.7778,,,new,09:24:46,2026-07-07 09:24:46
TWIN,22.34,22.34,-0.0,0.4914,311530,1,0.4757,1.408,0.063,66.7,yf_premarket,0.05510574831228833,0.47327707454289736,0.09116265413975337,0.2,1.5,neutral,-0.0,2.7748,,,new,09:24:46,2026-07-07 09:24:46
CCRN,13.2,13.2,0.0,0.7989,588050,0,0.5714,0.025,0.0019,63.6,yf_premarket,0.08958889362370198,0.5694193289129998,0.001467997651203758,0.0,1.5,neutral,0.0,2.774,,,new,09:24:46,2026-07-07 09:24:46
EHGO,2.0024,2.16,-0.073,0.0502,23046350,2,0.1847,1.4734,0.6821,53.8,yf_premarket,0.005629443559781999,0.18093228852722526,1.0,0.4,1.5,neutral,0.0,2.7703,,,new,09:24:46,2026-07-07 09:24:46
KE,25.67,25.67,-0.0,0.8446,234560,4,0.6472,1.1569,0.0451,48.2,yf_premarket,0.0947137057886828,0.6455696202531646,0.0648854961832061,0.8,0.5,weak,-0.0,2.7657,,,new,09:24:46,2026-07-07 09:24:46
DIBS,4.72,4.72,0.0,0.1632,511060,2,0.3891,0.4209,0.0892,60.1,yf_premarket,0.018301298584789287,0.3862768736186458,0.12962419260129185,0.4,1.5,neutral,0.0,2.7648,,,new,09:24:46,2026-07-07 09:24:46
VSTS,13.59,13.59,-0.0,0.7373,1562960,2,0.3581,0.5561,0.0409,55.0,yf_premarket,0.08268105053042366,0.3551336146272855,0.05871990604815032,0.4,1.5,neutral,-0.0,2.7636,,,new,09:24:46,2026-07-07 09:24:46
HSAI,17.27,17.47,-0.0114,0.6589,2306280,4,0.6574,0.9104,0.0521,46.4,yf_premarket,0.07388925022988764,0.6558167570825798,0.07516147974163241,0.8,0.5,weak,0.0,2.76,,,new,09:24:46,2026-07-07 09:24:46
MEI,14.81,15.32,-0.0333,0.4515,1384180,2,0.3496,1.91,0.1247,61.5,yf_premarket,0.050631349945051245,0.3465943339361061,0.18173810921902525,0.4,1.5,neutral,0.0,2.76,,,new,09:24:46,2026-07-07 09:24:46
XHR,20.19,20.18,0.0005,0.6581,1040790,1,0.4609,0.4418,0.0219,61.8,yf_premarket,0.07379953798192297,0.45840867992766726,0.030827950675278916,0.2,1.5,neutral,0.000505050505050505,2.7437,,,new,09:24:46,2026-07-07 09:24:46
WRN,2.3,2.28,0.0088,0.8665,2054230,3,0.7273,0.095,0.0417,42.2,yf_premarket,0.09716957857671518,0.7260397830018083,0.05989430416911333,0.6,0.5,weak,0.008888888888888889,2.7411,,,new,09:24:46,2026-07-07 09:24:46
AVBH,32.78,32.78,0.0,0.445,253260,2,0.375,0.855,0.0261,53.5,yf_premarket,0.04990243793033844,0.3721117138838658,0.0369935408103347,0.4,1.5,neutral,0.0,2.7376,,,new,09:24:46,2026-07-07 09:24:46
FF,4.6,4.55,0.011,0.6891,321020,3,0.7368,0.196,0.0431,48.5,yf_premarket,0.0772758875905533,0.7355836849507735,0.06194950088079859,0.6,0.5,weak,0.01111111111111111,2.7347,,,new,09:24:46,2026-07-07 09:24:46
ASAN,7.27,7.21,0.0083,0.7876,5847070,3,0.7273,0.3625,0.0503,45.8,yf_premarket,0.08832170812120124,0.7260397830018083,0.07251908396946564,0.6,0.5,weak,0.008383838383838384,2.7334,,,new,09:24:46,2026-07-07 09:24:46
HTH,38.86,38.6,0.0067,0.7856,311870,1,0.437,1.012,0.0262,51.2,yf_premarket,0.0880974275012896,0.4343982318665863,0.03714034057545508,0.2,1.5,neutral,0.006767676767676768,2.7297,,,new,09:24:46,2026-07-07 09:24:46
UBER,72.62,72.42,0.0028,0.6228,25324200,2,0.3484,2.98,0.0411,56.5,yf_premarket,0.06984098504048265,0.3453887884267631,0.05901350557839107,0.4,1.5,neutral,0.0028282828282828283,2.7293,,,new,09:24:46,2026-07-07 09:24:46
ROC,4.98,4.98,-0.0,0.0862,254050,0,0.5619,0.646,0.1297,57.8,yf_premarket,0.0096664947181914,0.5598754269640345,0.18907809747504403,0.0,1.5,neutral,-0.0,2.7288,,,new,09:24:46,2026-07-07 09:24:46
MGA,65.17,65.68,-0.0078,1.1984,1309320,3,0.7037,1.844,0.0281,46.4,yf_premarket,0.13438894745105073,0.7023307213180631,0.03992953611274221,0.6,0.5,weak,0.0,2.7262,,,new,09:24:46,2026-07-07 09:24:46
WYFI,34.84,35.54,-0.0197,0.6462,3368530,2,0.2941,6.4228,0.1807,60.8,yf_premarket,0.07246506829344876,0.2908378541289934,0.2639459776864357,0.4,1.5,neutral,0.0,2.7223,,,new,09:24:46,2026-07-07 09:24:46
BIPC,39.4,39.37,0.0008,0.6714,1136840,2,0.8431,1.0165,0.0258,42.9,yf_premarket,0.07529100410433534,0.8423749246534056,0.036553141514973575,0.4,0.5,weak,0.0008080808080808081,2.7172,,,new,09:24:46,2026-07-07 09:24:46
UTL,52.26,52.26,0.0,0.4314,230880,1,0.465,1.269,0.0243,52.0,yf_premarket,0.04837732971493933,0.46252762708458917,0.034351145038167934,0.2,1.5,neutral,0.0,2.7148,,,new,09:24:46,2026-07-07 09:24:46
ALK,50.5,50.41,0.0018,0.844,3225220,1,0.4207,2.264,0.0449,61.8,yf_premarket,0.0946464216027093,0.41802290536467757,0.06459189665296536,0.2,1.5,neutral,0.0018181818181818182,2.713,,,new,09:24:46,2026-07-07 09:24:46
APLE,16.54,16.58,-0.0024,0.6594,3275060,1,0.4453,0.3386,0.0204,61.4,yf_premarket,0.07394532038486554,0.44273658830620854,0.02862595419847328,0.2,1.5,neutral,0.0,2.7107,,,new,09:24:46,2026-07-07 09:24:46
GFI,34.34,34.61,-0.0078,0.8044,4089160,3,0.7277,1.077,0.0311,44.0,yf_premarket,0.09020566532845896,0.7264416315049227,0.04433352906635349,0.6,0.5,weak,0.0,2.7104,,,new,09:24:46,2026-07-07 09:24:46
ALGM,54.5,56.56,-0.0364,0.9184,4973130,3,0.1948,5.6874,0.1006,55.6,yf_premarket,0.10298966066342206,0.191078963230862,0.14635936582501466,0.6,1.5,neutral,0.0,2.7098,,,new,09:24:46,2026-07-07 09:24:46
SEDG,56.42,56.91,-0.0086,1.0582,2629750,3,0.6856,4.9122,0.0863,44.8,yf_premarket,0.11866687599524525,0.6841470765521398,0.12536699941280094,0.6,0.5,weak,0.0,2.709,,,new,09:24:46,2026-07-07 09:24:46
PAGP,24.64,24.17,0.0194,0.7316,1104920,3,0.7226,0.445,0.0184,47.1,yf_premarket,0.08204185076367551,0.721318063090215,0.025689958896065762,0.6,0.5,weak,0.019595959595959597,2.7079,,,new,09:24:46,2026-07-07 09:24:46
TECK,59.74,61.45,-0.0278,0.825,2845370,3,0.716,1.672,0.0272,40.4,yf_premarket,0.09251575571354878,0.7146875627888286,0.03860833822665883,0.6,0.5,weak,0.0,2.6875,,,new,09:24:46,2026-07-07 09:24:46
KFY,71.0,71.1,-0.0014,0.4982,980950,3,0.7365,2.9201,0.0411,46.8,yf_premarket,0.05586830241998788,0.7352822985734379,0.05901350557839107,0.6,0.5,weak,0.0,2.6839,,,new,09:24:46,2026-07-07 09:24:46
BAND,59.74,60.67,-0.0153,0.5188,1270090,3,0.7247,4.0169,0.0662,42.8,yf_premarket,0.058178392805077715,0.7234277677315653,0.0958602466236054,0.6,0.5,weak,0.0,2.6821,,,new,09:24:46,2026-07-07 09:24:46
CUPR,5.4879,5.66,-0.0304,0.0154,5359360,1,0.4222,1.0862,0.1919,55.6,yf_premarket,0.0017269607733195775,0.4195298372513563,0.2803875513799177,0.2,1.5,neutral,0.0,2.6818,,,new,09:24:46,2026-07-07 09:24:46
GEO,29.95,29.72,0.0077,1.3878,2528670,2,0.2559,1.247,0.042,61.5,yf_premarket,0.15562832215668243,0.2524613220815753,0.06033470346447446,0.4,1.5,neutral,0.007777777777777778,2.6802,,,new,09:24:46,2026-07-07 09:24:46
PEGA,31.28,31.28,-0.0,1.2981,2438720,2,0.7636,1.328,0.0425,42.3,yf_premarket,0.14556933635364566,0.7625075346594333,0.06106870229007634,0.4,0.5,weak,-0.0,2.6739,,,new,09:24:46,2026-07-07 09:24:46
OCUL,9.66,9.66,0.0,0.7529,3198010,3,0.2075,0.5285,0.0547,62.8,yf_premarket,0.0844304393657344,0.20383765320474181,0.07897827363476219,0.6,1.5,neutral,0.0,2.6738,,,new,09:24:46,2026-07-07 09:24:46
TBPH,17.0,17.0,0.0,0.4646,1284990,1,0.4436,0.3272,0.0192,56.7,yf_premarket,0.052100388005472446,0.44102873216797267,0.026864357017028766,0.2,1.5,neutral,0.0,2.6736,,,new,09:24:46,2026-07-07 09:24:46
ALH,25.51,26.02,-0.0196,0.4398,795900,2,0.3412,0.766,0.0294,57.1,yf_premarket,0.04931930831856819,0.33815551537070526,0.0418379330593071,0.4,1.5,neutral,0.0,2.6712,,,new,09:24:46,2026-07-07 09:24:46
OPCH,21.3216,21.36,-0.0018,0.8358,2730580,2,0.3051,0.734,0.0344,55.2,yf_premarket,0.09372687106107161,0.30188868796463736,0.0491779213153259,0.4,1.5,neutral,0.0,2.669,,,new,09:24:46,2026-07-07 09:24:46
GDS,30.72,30.89,-0.0055,0.9546,2911250,4,0.5823,1.7465,0.0565,42.5,yf_premarket,0.10704913988382263,0.5803697006228652,0.08162066940692896,0.8,0.5,weak,0.0,2.6621,,,new,09:24:46,2026-07-07 09:24:46
BTGO,5.19,5.27,-0.0152,0.5935,1257390,2,0.3008,0.4871,0.0924,54.4,yf_premarket,0.06655527395877722,0.29756881655615836,0.13432178508514386,0.4,1.5,neutral,0.0,2.6621,,,new,09:24:46,2026-07-07 09:24:46
EPR,59.61,59.21,0.0068,0.767,592850,2,0.8042,1.0157,0.0172,48.3,yf_premarket,0.08601161773611142,0.8032951577255375,0.023928361714621253,0.4,0.5,weak,0.006868686868686869,2.6579,,,new,09:24:46,2026-07-07 09:24:46
IOVA,4.2,4.19,0.0024,0.8305,15351470,1,0.3736,0.356,0.085,52.8,yf_premarket,0.09313252741830579,0.3707052441229656,0.12345860246623606,0.2,1.5,neutral,0.0024242424242424242,2.6465,,,new,09:24:46,2026-07-07 09:24:46
SUJA,10.35,10.13,0.0217,1.4647,314200,3,0.6017,0.92,0.0908,47.4,yf_premarket,0.16425191199228473,0.59985935302391,0.13197298884321787,0.6,0.5,weak,0.02191919191919192,2.645,,,new,09:24:46,2026-07-07 09:24:46
NIO,4.97,5.02,-0.01,0.9419,28861730,3,0.6792,0.206,0.041,43.8,yf_premarket,0.10562495794738376,0.6777175005023106,0.0588667058132707,0.6,0.5,weak,0.0,2.6433,,,new,09:24:46,2026-07-07 09:24:46
IAG,16.48,16.56,-0.0048,0.8287,5103350,2,0.786,0.67,0.0405,49.3,yf_premarket,0.09293067486038531,0.7850110508338357,0.05813270698766882,0.4,0.5,weak,0.0,2.6385,,,new,09:24:46,2026-07-07 09:24:46
API,4.17,4.13,0.0097,0.6238,420350,3,0.6911,0.224,0.0542,43.4,yf_premarket,0.06995312535043846,0.6896724934699618,0.0782442748091603,0.6,0.5,weak,0.009797979797979799,2.6381,,,new,09:24:46,2026-07-07 09:24:46
TGB,7.0,6.97,0.0043,0.666,4589770,3,0.6923,0.359,0.0515,40.9,yf_premarket,0.07468544643057393,0.6908780389793048,0.07428068115091016,0.6,0.5,weak,0.004343434343434344,2.6374,,,new,09:24:46,2026-07-07 09:24:46
LXEO,4.46,4.6,-0.0304,0.6648,1047190,2,0.2935,0.2769,0.0602,56.0,yf_premarket,0.07455087805862694,0.29023508137432186,0.08705226071638285,0.4,1.5,neutral,0.0,2.6358,,,new,09:24:46,2026-07-07 09:24:46
FTK,23.23,23.23,0.0,0.6471,290680,4,0.5924,1.358,0.0585,43.6,yf_premarket,0.07256599457240899,0.5905163753265019,0.08455666470933647,0.8,0.5,weak,0.0,2.6322,,,new,09:24:46,2026-07-07 09:24:46
IIIN,29.82,29.66,0.0054,0.4436,316710,1,0.4153,0.86,0.029,56.0,yf_premarket,0.04974544149640029,0.41259795057263415,0.0412507339988256,0.2,1.5,neutral,0.005454545454545455,2.6286,,,new,09:24:46,2026-07-07 09:24:46
RGNT,3.95,3.93,0.0051,0.2394,377560,1,0.392,0.5482,0.1395,57.8,yf_premarket,0.02684639020342252,0.3891902752662247,0.20346447445684085,0.2,1.5,neutral,0.005151515151515152,2.6281,,,new,09:24:46,2026-07-07 09:24:46
BXMT,17.23,17.46,-0.0132,0.8416,1941460,3,0.6863,0.3615,0.0207,42.7,yf_premarket,0.09437728485881534,0.6848503114325899,0.029066353493834407,0.6,0.5,weak,0.0,2.6258,,,new,09:24:46,2026-07-07 09:24:46
TGLS,43.81,44.55,-0.0166,0.5817,338000,3,0.2006,1.9751,0.0443,54.5,yf_premarket,0.06523201830129859,0.1969057665260197,0.0637110980622431,0.6,1.5,neutral,0.0,2.6235,,,new,09:24:46,2026-07-07 09:24:46
FINV,4.7,4.86,-0.0329,0.9048,646250,3,0.6731,0.1751,0.036,42.9,yf_premarket,0.10146455244802297,0.6715893108298172,0.051526717557251904,0.6,0.5,weak,0.0,2.6211,,,new,09:24:46,2026-07-07 09:24:46
TSHA,6.45,6.38,0.011,0.3557,4905070,2,0.3019,0.414,0.0649,60.4,yf_premarket,0.039888308251284005,0.29867389993972276,0.09395184967704051,0.4,1.5,neutral,0.01111111111111111,2.6208,,,new,09:24:46,2026-07-07 09:24:46
RR,2.07,2.09,-0.0096,0.9563,9816700,3,0.6512,0.172,0.0823,47.8,yf_premarket,0.10723977841074753,0.6495881052843078,0.1194950088079859,0.6,0.5,weak,0.0,2.6198,,,new,09:24:46,2026-07-07 09:24:46
GGAL,53.7,53.02,0.0128,1.3949,978760,3,0.6123,2.2,0.0415,44.4,yf_premarket,0.15642451835736873,0.6105083383564396,0.059600704638872584,0.6,0.5,weak,0.01292929292929293,2.6048,,,new,09:24:46,2026-07-07 09:24:46
SCZM,6.67,6.81,-0.0206,1.1158,403120,3,0.6413,0.3423,0.0503,47.5,yf_premarket,0.12512615784870026,0.6396423548322282,0.07251908396946564,0.6,0.5,weak,0.0,2.6032,,,new,09:24:46,2026-07-07 09:24:46
MYE,30.6,30.6,-0.0,0.5059,850000,1,0.3913,1.692,0.0553,61.1,yf_premarket,0.056731782806647674,0.3884870403857746,0.07985907222548444,0.2,1.5,neutral,-0.0,2.602,,,new,09:24:46,2026-07-07 09:24:46
PPL,36.24,36.11,0.0036,0.5345,11660490,1,0.3961,0.765,0.0212,51.9,yf_premarket,0.05993899567138403,0.39330922242314653,0.029800352319436285,0.2,1.5,neutral,0.0036363636363636364,2.5969,,,new,09:24:46,2026-07-07 09:24:46
RDY,14.36,14.36,0.0,0.3367,3544310,1,0.4099,0.414,0.0288,62.5,yf_premarket,0.037757642362123485,0.40717299578059074,0.040957134468584844,0.2,1.5,neutral,0.0,2.5915,,,new,09:24:46,2026-07-07 09:24:46
PLCE,3.19,3.2,-0.0031,0.9626,358080,3,0.6377,0.219,0.0684,41.9,yf_premarket,0.10794626236346917,0.6360257183041993,0.09908984145625367,0.6,0.5,weak,0.0,2.5835,,,new,09:24:46,2026-07-07 09:24:46
EXK,8.36,8.51,-0.0176,0.6801,5184730,3,0.6667,0.421,0.0495,48.8,yf_premarket,0.07626662480095095,0.6651597347799879,0.07134468584850265,0.6,0.5,weak,0.0,2.5804,,,new,09:24:46,2026-07-07 09:24:46
FLNG,30.0,29.91,0.003,0.6411,487310,3,0.6741,0.864,0.0289,40.7,yf_premarket,0.07189315271267409,0.672593932087603,0.041103934233705224,0.6,0.5,weak,0.0030303030303030303,2.5781,,,new,09:24:46,2026-07-07 09:24:46
GEHC,64.9,64.84,0.0009,0.9402,5246420,2,0.7508,1.6823,0.0259,48.8,yf_premarket,0.10543431942045887,0.749648382559775,0.03669994128009395,0.4,0.5,weak,0.0009090909090909091,2.5772,,,new,09:24:46,2026-07-07 09:24:46
FULC,3.6961,3.72,-0.0064,0.5695,2616690,1,0.3656,0.241,0.0648,59.6,yf_premarket,0.06386390651983762,0.36266827406067914,0.09380504991192014,0.2,1.5,neutral,0.0,2.568,,,new,09:24:46,2026-07-07 09:24:46
PHVS,33.22,33.22,-0.0,1.3871,542940,1,0.3026,1.5725,0.0473,68.2,yf_premarket,0.15554982393971337,0.2993771348201728,0.06811509101585438,0.2,1.5,neutral,-0.0,2.5661,,,new,09:24:46,2026-07-07 09:24:46
COAG,29.97,29.97,0.0,2.0089,307680,1,0.2193,3.807,0.127,59.4,yf_premarket,0.2252786686702402,0.21569218404661444,0.18511450381679387,0.2,1.5,neutral,0.0,2.5619,,,new,09:24:46,2026-07-07 09:24:46
MUX,18.79,18.84,-0.0027,0.4961,1906820,2,0.7702,0.8165,0.0433,49.5,yf_premarket,0.05563280776908067,0.7691380349608198,0.06224310041103934,0.4,0.5,weak,0.0,2.5528,,,new,09:24:46,2026-07-07 09:24:46
SOPH,5.25,5.34,-0.0169,1.3154,382690,1,0.2889,0.4368,0.0818,59.7,yf_premarket,0.14750936371588128,0.2856138235885071,0.11876100998238402,0.2,1.5,neutral,0.0,2.5519,,,new,09:24:46,2026-07-07 09:24:46
AG,17.0966,17.31,-0.0123,0.9406,10559620,3,0.6284,0.835,0.0482,47.8,yf_premarket,0.1054791755444412,0.6266827406067912,0.06943628890193776,0.6,0.5,weak,0.0,2.5463,,,new,09:24:46,2026-07-07 09:24:46
NKE,43.37,43.34,0.0007,0.5585,39305350,3,0.6627,1.51,0.0348,43.2,yf_premarket,0.06263036311032363,0.6611412497488446,0.049765120375807395,0.6,0.5,weak,0.0007070707070707071,2.5422,,,new,09:24:46,2026-07-07 09:24:46
UPC,5.4518,6.0,-0.0914,0.082,8149890,2,0.2214,1.571,0.2618,57.7,yf_premarket,0.00919550541637697,0.21780188868796466,0.38300058719906044,0.4,1.5,neutral,0.0,2.5409,,,new,09:24:46,2026-07-07 09:24:46
WWW,17.01,17.0,0.0006,0.7131,1030310,3,0.6441,0.7229,0.0425,43.2,yf_premarket,0.0799672550294929,0.6424552943540285,0.06106870229007634,0.6,0.5,weak,0.0006060606060606061,2.5363,,,new,09:24:46,2026-07-07 09:24:46
SUZ,7.91,7.98,-0.0088,1.0058,3527400,4,0.528,0.168,0.0211,42.5,yf_premarket,0.11279072375356045,0.5258187663250954,0.029653552554315912,0.8,0.5,weak,0.0,2.5357,,,new,09:24:46,2026-07-07 09:24:46
RYN,20.794,21.6,-0.0373,0.5635,2742230,3,0.6617,0.494,0.0229,49.2,yf_premarket,0.06319106466010271,0.6601366284910588,0.03229594832648267,0.6,0.5,weak,0.0,2.5312,,,new,09:24:46,2026-07-07 09:24:46
CMPS,13.1,12.84,0.0202,0.8527,3752670,2,0.2,1.0816,0.0842,55.3,yf_premarket,0.09562204229932492,0.19630299377134822,0.12228420434527304,0.4,1.5,neutral,0.020404040404040404,2.5278,,,new,09:24:46,2026-07-07 09:24:46
CDE,16.8797,16.99,-0.0065,0.479,48144640,3,0.6571,0.81,0.0477,48.5,yf_premarket,0.0537152084688362,0.6555153707052441,0.06870229007633588,0.6,0.5,weak,0.0,2.526,,,new,09:24:46,2026-07-07 09:24:46
ACM,69.61,69.61,-0.0,0.7152,2114740,3,0.6426,2.0185,0.029,49.3,yf_premarket,0.0802027496804001,0.6409483624673498,0.0412507339988256,0.6,0.5,weak,-0.0,2.5228,,,new,09:24:46,2026-07-07 09:24:46
AVNS,24.97,24.92,0.002,0.4741,861930,1,0.8679,0.1,0.004,48.0,yf_premarket,0.0531657209500527,0.8672895318464938,0.00455079271873165,0.2,0.5,weak,0.00202020202020202,2.5196,,,new,09:24:46,2026-07-07 09:24:46
AVEX,19.98,19.6,0.0194,0.5499,2891440,3,0.6138,1.968,0.1004,47.2,yf_premarket,0.061665956444703615,0.6120152702431183,0.14606576629477394,0.6,0.5,weak,0.019595959595959597,2.519,,,new,09:24:46,2026-07-07 09:24:46
DRD,21.75,21.94,-0.0087,0.8703,378030,3,0.622,0.879,0.0401,40.9,yf_premarket,0.09759571175454727,0.620253164556962,0.057545507927187316,0.6,0.5,weak,0.0,2.5157,,,new,09:24:46,2026-07-07 09:24:46
DHC,9.2,9.08,0.0132,0.4637,2009220,1,0.3483,0.331,0.0365,51.3,yf_premarket,0.05199946172651221,0.34528832630098455,0.05226071638285378,0.2,1.5,neutral,0.013333333333333334,2.5147,,,new,09:24:46,2026-07-07 09:24:46
SPTX,19.37,19.37,-0.0,0.5708,248600,1,0.3302,1.675,0.0865,56.3,yf_premarket,0.06400968892278018,0.3271046815350613,0.12566059894304168,0.2,1.5,neutral,-0.0,2.5131,,,new,09:24:46,2026-07-07 09:24:46
FHI,58.27,57.91,0.0062,1.0204,605660,3,0.6056,1.772,0.0306,48.6,yf_premarket,0.11442797227891537,0.6037773759292747,0.04359953024075161,0.6,0.5,weak,0.006262626262626262,2.5104,,,new,09:24:46,2026-07-07 09:24:46
WBI,31.76,32.16,-0.0124,0.5815,2103820,3,0.6323,2.0216,0.0629,49.3,yf_premarket,0.06520959023930742,0.6306007635121559,0.091015854374633,0.6,0.5,weak,0.0,2.5045,,,new,09:24:46,2026-07-07 09:24:46
XFOR,4.03,4.03,-0.0,0.3325,1631410,3,0.141,0.3075,0.0763,50.7,yf_premarket,0.03728665306030906,0.13703033956198513,0.11068702290076336,0.6,1.5,neutral,-0.0,2.4853,,,new,09:24:46,2026-07-07 09:24:46
BORR,4.5,4.47,0.0067,0.7627,6172300,2,0.7091,0.1836,0.0411,46.0,yf_premarket,0.0855294144033014,0.7077556761101065,0.05901350557839107,0.4,0.5,weak,0.006767676767676768,2.4835,,,new,09:24:46,2026-07-07 09:24:46
WYY,14.91,15.24,-0.0217,0.2245,1049140,2,0.2101,2.64,0.1732,61.2,yf_premarket,0.025175499585080852,0.20644966847498494,0.25293599530240746,0.4,1.5,neutral,0.0,2.4771,,,new,09:24:46,2026-07-07 09:24:46
RAPP,38.51,38.57,-0.0016,0.5377,496580,2,0.2231,2.3801,0.0617,50.7,yf_premarket,0.06029784466324264,0.21950974482620053,0.08925425719318848,0.4,1.5,neutral,0.0,2.4741,,,new,09:24:46,2026-07-07 09:24:46
SA,27.94,27.4,0.0197,0.7334,630230,3,0.5915,1.478,0.0539,47.8,yf_premarket,0.08224370332159599,0.5896122161944947,0.07780387551379918,0.6,0.5,weak,0.0198989898989899,2.4713,,,new,09:24:46,2026-07-07 09:24:46
WMG,27.4,27.4,0.0,1.0855,2129320,3,0.5779,0.894,0.0326,42.0,yf_premarket,0.12172830645703903,0.5759493670886076,0.04653552554315913,0.6,0.5,weak,0.0,2.4578,,,new,09:24:46,2026-07-07 09:24:46
PZZA,34.9,34.64,0.0075,0.903,877100,1,0.2848,1.506,0.0435,57.6,yf_premarket,0.10126269989010249,0.28149487643158533,0.0625366999412801,0.2,1.5,neutral,0.007575757575757576,2.4575,,,new,09:24:46,2026-07-07 09:24:46
GTES,27.0,27.15,-0.0055,0.8195,2495240,1,0.301,0.876,0.0323,50.1,yf_premarket,0.09189898400879179,0.2977697408077155,0.046095126247798004,0.2,1.5,neutral,0.0,2.4564,,,new,09:24:46,2026-07-07 09:24:46
NEXA,13.24,13.21,0.0023,0.8918,838000,3,0.5801,0.8065,0.0611,45.8,yf_premarket,0.10000672841859734,0.5781595338557363,0.08837345860246623,0.6,0.5,weak,0.002323232323232323,2.454,,,new,09:24:46,2026-07-07 09:24:46
LASR,63.995,65.3,-0.02,0.511,1511990,3,0.6032,5.1599,0.079,42.4,yf_premarket,0.05730369838742234,0.6013662849105886,0.1146506165590135,0.6,0.5,weak,0.0,2.446,,,new,09:24:46,2026-07-07 09:24:46
SBMT,7.59,7.7,-0.0143,0.3781,212090,3,0.6037,0.795,0.1032,40.6,yf_premarket,0.042400251194294296,0.6018685955394816,0.15017615971814444,0.6,0.5,weak,0.0,2.4424,,,new,09:24:46,2026-07-07 09:24:46
HZO,35.33,35.33,-0.0,0.7738,295170,1,0.294,1.395,0.0395,56.2,yf_premarket,0.08677417184381098,0.2907373920032148,0.056664709336465065,0.2,1.5,neutral,-0.0,2.44,,,new,09:24:46,2026-07-07 09:24:46
BEPC,36.8,36.62,0.0049,1.0939,1427750,1,0.2566,1.1793,0.0322,51.4,yf_premarket,0.1226702850606679,0.25316455696202533,0.045948326482677625,0.2,1.5,neutral,0.004949494949494949,2.4207,,,new,09:24:46,2026-07-07 09:24:46
CIA,5.8,5.8,-0.0,0.4853,200710,1,0.2952,0.432,0.0745,56.4,yf_premarket,0.05442169242155785,0.2919429375125578,0.10804462712859658,0.2,1.5,neutral,-0.0,2.4195,,,new,09:24:46,2026-07-07 09:24:46
HNRG,16.09,16.48,-0.0237,0.8408,923500,2,0.1669,1.1174,0.0678,50.2,yf_premarket,0.09428757261085069,0.16305003013863775,0.0982090428655314,0.4,1.5,neutral,0.0,2.4166,,,new,09:24:46,2026-07-07 09:24:46
AM,22.08,22.08,0.0,0.694,2651290,1,0.2937,0.5449,0.0247,55.7,yf_premarket,0.07782537510933679,0.29043600562587907,0.03493834409864944,0.2,1.5,neutral,0.0,2.4151,,,new,09:24:46,2026-07-07 09:24:46
INIO,36.08,36.17,-0.0025,0.8474,5714930,2,0.1472,3.522,0.0974,58.4,yf_premarket,0.09502769865655908,0.1432589913602572,0.14166177334116264,0.4,1.5,neutral,0.0,2.3999,,,new,09:24:46,2026-07-07 09:24:46
SNY,42.8184,42.61,0.0049,0.8962,5428740,2,0.6641,0.882,0.0207,41.3,yf_premarket,0.10050014578240293,0.6625477195097448,0.029066353493834407,0.4,0.5,weak,0.004949494949494949,2.3978,,,new,09:24:46,2026-07-07 09:24:46
KTOS,53.72,53.54,0.0034,0.5022,7554050,3,0.5851,3.062,0.0572,40.8,yf_premarket,0.05631686365981115,0.5831826401446654,0.08264826776277158,0.6,0.5,weak,0.0034343434343434343,2.3973,,,new,09:24:46,2026-07-07 09:24:46
BNED,11.47,11.47,-0.0,1.1953,504910,1,0.2227,0.8715,0.076,52.1,yf_premarket,0.13404131249018772,0.21910789632308622,0.11024662360540223,0.2,1.5,neutral,-0.0,2.3944,,,new,09:24:46,2026-07-07 09:24:46
ARQT,26.4,26.07,0.0127,0.7541,1711200,1,0.262,1.073,0.0412,63.6,yf_premarket,0.08456500773768139,0.25858951175406875,0.05916030534351145,0.2,1.5,neutral,0.012828282828282828,2.3928,,,new,09:24:46,2026-07-07 09:24:46
TR,38.5,38.4,0.0026,0.4095,518240,4,0.499,1.254,0.0327,48.4,yf_premarket,0.04592145692690694,0.49668474984930683,0.04668232530827951,0.8,0.5,weak,0.0026262626262626263,2.3895,,,new,09:24:46,2026-07-07 09:24:46
AIRO,7.5,7.61,-0.0145,0.6569,507870,3,0.565,0.5489,0.0721,44.2,yf_premarket,0.073664969609976,0.5629897528631705,0.10452143276570756,0.6,0.5,weak,0.0,2.3887,,,new,09:24:46,2026-07-07 09:24:46
CNXC,23.52,23.42,0.0043,0.6742,3214060,2,0.6535,2.042,0.0872,40.0,yf_premarket,0.07560499697221162,0.6518987341772151,0.1266881972988843,0.4,0.5,weak,0.004343434343434344,2.3871,,,new,09:24:46,2026-07-07 09:24:46
OFRM,20.09,20.09,-0.0,0.5481,786220,1,0.2707,1.487,0.074,50.2,yf_premarket,0.06146410388678314,0.26732971669680533,0.1073106283029947,0.2,1.5,neutral,-0.0,2.3805,,,new,09:24:46,2026-07-07 09:24:46
HGV,51.34,51.34,-0.0,0.9853,1474020,1,0.2468,1.974,0.0384,52.2,yf_premarket,0.1104918473994662,0.24331926863572434,0.05504991192014092,0.2,1.5,neutral,-0.0,2.3799,,,new,09:24:46,2026-07-07 09:24:46
ABM,44.4,44.4,-0.0,0.5318,714180,3,0.5867,1.1161,0.0251,40.8,yf_premarket,0.05963621683450333,0.5847900341571227,0.035525543159130944,0.6,0.5,weak,-0.0,2.3768,,,new,09:24:46,2026-07-07 09:24:46
WERN,42.99,42.99,-0.0,0.5331,1115900,2,0.6797,1.2883,0.03,45.4,yf_premarket,0.05978199923744589,0.6782198111312034,0.04271873165002935,0.4,0.5,weak,-0.0,2.3675,,,new,09:24:46,2026-07-07 09:24:46
SFL,10.81,10.93,-0.011,0.5243,2110120,3,0.5772,0.387,0.0354,41.7,yf_premarket,0.0587951645098347,0.5752461322081576,0.05064591896652965,0.6,0.5,weak,0.0,2.364,,,new,09:24:46,2026-07-07 09:24:46
GEMI,4.4258,4.41,0.0036,0.6999,2104700,4,0.4394,0.405,0.0918,45.2,yf_premarket,0.07848700293807612,0.4368093228852723,0.13344098649442163,0.8,0.5,weak,0.0036363636363636364,2.3635,,,new,09:24:46,2026-07-07 09:24:46
ONON,36.79,36.87,-0.0022,0.7465,5659590,3,0.5486,1.6615,0.0451,42.7,yf_premarket,0.08371274138201718,0.5465139642354832,0.0648854961832061,0.6,0.5,weak,0.0,2.351,,,new,09:24:46,2026-07-07 09:24:46
RRC,37.69,37.3,0.0105,0.7168,3552660,2,0.6493,0.846,0.0227,42.0,yf_premarket,0.08038217417632941,0.6476793248945147,0.032002348796241926,0.4,0.5,weak,0.010606060606060607,2.3478,,,new,09:24:46,2026-07-07 09:24:46
SGP,19.09,19.09,-0.0,0.5356,238070,2,0.1491,1.561,0.0818,52.8,yf_premarket,0.060062350012335425,0.14516777175005025,0.11876100998238402,0.4,1.5,neutral,-0.0,2.3398,,,new,09:24:46,2026-07-07 09:24:46
SPPL,3.7997,3.59,0.0584,0.0678,691380,1,0.2469,0.253,0.0705,52.6,yf_premarket,0.007603113015004373,0.24341973076150294,0.10217263652378156,0.2,1.5,neutral,0.05898989898989899,2.3378,,,new,09:24:46,2026-07-07 09:24:46
CYD,46.24,46.24,-0.0,0.6993,260560,3,0.5344,3.195,0.0691,41.8,yf_premarket,0.07841971875210263,0.5322483423749246,0.1001174398120963,0.6,0.5,weak,-0.0,2.3322,,,new,09:24:46,2026-07-07 09:24:46
ENR,21.4545,21.34,0.0054,0.6585,1014290,1,0.2421,0.8299,0.0389,57.8,yf_premarket,0.0738443941059053,0.23859754872413103,0.0557839107457428,0.2,1.5,neutral,0.005454545454545455,2.324,,,new,09:24:46,2026-07-07 09:24:46
OII,38.99,38.88,0.0028,0.6358,1460310,2,0.6425,1.677,0.0431,47.9,yf_premarket,0.07129880906990826,0.6408479003415711,0.06194950088079859,0.4,0.5,weak,0.0028282828282828283,2.3239,,,new,09:24:46,2026-07-07 09:24:46
AQST,4.35,4.24,0.0259,0.5072,2895290,2,0.1296,0.2675,0.0631,51.8,yf_premarket,0.05687756520959023,0.12557765722322686,0.09130945390487376,0.4,1.5,neutral,0.02616161616161616,2.3214,,,new,09:24:46,2026-07-07 09:24:46
ATAT,31.925,32.41,-0.015,0.9525,999150,3,0.5184,1.0882,0.0336,42.0,yf_premarket,0.10681364523291542,0.5161744022503516,0.048003523194362886,0.6,0.5,weak,0.0,2.3166,,,new,09:24:46,2026-07-07 09:24:46
SSNC,64.1078,65.32,-0.0186,0.6401,1927610,2,0.6426,1.683,0.0258,41.7,yf_premarket,0.07178101240271828,0.6409483624673498,0.036553141514973575,0.4,0.5,weak,0.0,2.3078,,,new,09:24:46,2026-07-07 09:24:46
CNOB,32.72,32.72,-0.0,0.5639,613560,3,0.5487,0.827,0.0253,49.3,yf_premarket,0.06323592078408503,0.5466144263612618,0.03581914268937169,0.6,0.5,weak,-0.0,2.306,,,new,09:24:46,2026-07-07 09:24:46
CCCC,4.21,4.14,0.0169,0.3738,5094280,2,0.1271,0.3984,0.0962,56.7,yf_premarket,0.04191804786148429,0.12306610407876231,0.13990017615971814,0.4,1.5,neutral,0.01707070707070707,2.3046,,,new,09:24:46,2026-07-07 09:24:46
FRMI,8.16,8.21,-0.0061,0.6349,16694450,1,0.2112,0.9143,0.1114,57.7,yf_premarket,0.07119788279094803,0.20755475185854935,0.16221374045801526,0.2,1.5,neutral,0.0,2.303,,,new,09:24:46,2026-07-07 09:24:46
CEPT,11.78,11.78,0.0,0.7603,1265476,3,0.5094,0.9177,0.0779,49.9,prev_close,0.08526027765940744,0.5071328109302792,0.11303581914268937,0.6,0.5,weak,0.0,2.2987,,,new,09:24:46,2026-07-07 09:24:46
HOG,25.32,25.32,0.0,0.5968,3635850,3,0.5299,0.922,0.0364,47.5,yf_premarket,0.06692533698163142,0.5277275467148885,0.052113916617733416,0.6,0.5,weak,0.0,2.2819,,,new,09:24:46,2026-07-07 09:24:46
DRH,11.92,11.92,-0.0,0.7927,2979600,2,0.1171,0.2837,0.0238,52.2,yf_premarket,0.0888936237019759,0.11301989150090415,0.033617146212566056,0.4,1.5,neutral,-0.0,2.2762,,,new,09:24:46,2026-07-07 09:24:46
AR,34.79,34.68,0.0032,0.8305,4940610,2,0.6078,0.939,0.0271,48.9,yf_premarket,0.09313252741830579,0.6059875426964034,0.03846153846153846,0.4,0.5,weak,0.0032323232323232323,2.2758,,,new,09:24:46,2026-07-07 09:24:46
DEC,13.43,13.44,-0.0007,0.7011,1459000,3,0.5189,0.4546,0.0338,45.9,yf_premarket,0.07862157131002309,0.5166767128792445,0.04829712272460364,0.6,0.5,weak,0.0,2.2754,,,new,09:24:46,2026-07-07 09:24:46
TBBB,41.8472,41.92,-0.0017,0.9506,609300,2,0.597,1.3215,0.0315,47.3,yf_premarket,0.10660057864399937,0.5951376331123166,0.044920728126834994,0.4,0.5,weak,0.0,2.2726,,,new,09:24:46,2026-07-07 09:24:46
LZB,39.4,39.4,-0.0,0.4357,807740,2,0.1404,1.249,0.0317,53.1,yf_premarket,0.048859533047749336,0.13642756680731366,0.04521432765707575,0.4,1.5,neutral,-0.0,2.2688,,,new,09:24:46,2026-07-07 09:24:46
BTG,4.0,4.05,-0.0123,0.7295,24324960,2,0.6034,0.159,0.0393,45.3,yf_premarket,0.08180635611276829,0.6015672091621459,0.05637110980622431,0.4,0.5,weak,0.0,2.254,,,new,09:24:46,2026-07-07 09:24:46
SUPV,10.19,10.14,0.0049,0.7685,720380,3,0.487,0.6501,0.0641,40.7,yf_premarket,0.08617982820104514,0.48462929475587707,0.09277745155607751,0.6,0.5,weak,0.004949494949494949,2.2523,,,new,09:24:46,2026-07-07 09:24:46
PENN,20.98,21.15,-0.008,0.7324,4772090,3,0.5021,0.815,0.0385,45.4,yf_premarket,0.08213156301164017,0.49979907574844284,0.0551967116852613,0.6,0.5,weak,0.0,2.2504,,,new,09:24:46,2026-07-07 09:24:46
JYNT,9.05,9.05,-0.0,0.2688,278600,3,0.531,0.5691,0.0629,41.0,yf_premarket,0.03014331531612353,0.5288326300984529,0.091015854374633,0.6,0.5,weak,-0.0,2.2484,,,new,09:24:46,2026-07-07 09:24:46
ORN,14.89,14.89,-0.0,0.3457,624470,2,0.1224,0.977,0.0656,53.3,yf_premarket,0.03876690515172584,0.11834438416716897,0.09497944803288315,0.4,1.5,neutral,-0.0,2.2423,,,new,09:24:46,2026-07-07 09:24:46
MTW,12.88,12.88,-0.0,0.5813,313100,1,0.2067,0.592,0.046,54.3,yf_premarket,0.06518716217731625,0.20303395619851317,0.06620669406928949,0.2,1.5,neutral,-0.0,2.237,,,new,09:24:46,2026-07-07 09:24:46
PBA,46.7,46.66,0.0009,1.2557,1095440,2,0.5577,0.831,0.0178,40.8,yf_premarket,0.14081458721151904,0.5556560176813341,0.024809160305343508,0.4,0.5,weak,0.0009090909090909091,2.2363,,,new,09:24:46,2026-07-07 09:24:46
SB,6.67,6.68,-0.0015,0.3984,1152380,3,0.5194,0.2633,0.0394,46.7,yf_premarket,0.044676699486397374,0.5171790235081374,0.056517909571344685,0.6,0.5,weak,0.0,2.2296,,,new,09:24:46,2026-07-07 09:24:46
TNDM,15.69,15.42,0.0175,0.6386,2070620,2,0.5765,0.8569,0.0556,41.3,yf_premarket,0.07161280193778455,0.5745428973277075,0.08029947152084556,0.4,0.5,weak,0.01767676767676768,2.2232,,,new,09:24:46,2026-07-07 09:24:46
STNE,10.74,10.95,-0.0192,1.3633,4196670,2,0.5333,0.389,0.0355,41.7,yf_premarket,0.1528808845627649,0.5311432589913603,0.050792718731650026,0.4,0.5,weak,0.0,2.217,,,new,09:24:46,2026-07-07 09:24:46
III,4.1,4.1,0.0,0.4828,355820,2,0.6053,0.14,0.0341,44.2,yf_premarket,0.054141341646668305,0.6034759895519388,0.048737522019964764,0.4,0.5,weak,0.0,2.2125,,,new,09:24:46,2026-07-07 09:24:46
MANU,22.362,22.26,0.0046,0.5454,315000,3,0.4961,0.773,0.0347,42.8,yf_premarket,0.06116132504990243,0.49377134820172797,0.04961832061068703,0.6,0.5,weak,0.004646464646464646,2.2111,,,new,09:24:46,2026-07-07 09:24:46
MRBK,19.66,19.66,0.0,0.4166,217470,3,0.5098,0.6685,0.034,44.5,yf_premarket,0.046717653127593246,0.5075346594333936,0.0485907222548444,0.6,0.5,weak,0.0,2.2094,,,new,09:24:46,2026-07-07 09:24:46
ICCM,4.6,4.61,-0.0022,0.3946,4394050,2,0.0203,1.3052,0.2831,57.3,yf_premarket,0.044250566308565276,0.01577255374723729,0.41426893716970054,0.4,1.5,neutral,0.0,2.2051,,,new,09:24:46,2026-07-07 09:24:46
AKR,21.41,21.31,0.0047,0.6559,2091670,3,0.4886,0.3997,0.0188,40.9,yf_premarket,0.07355282930002019,0.48623668876833437,0.026277157956547267,0.6,0.5,weak,0.004747474747474748,2.2031,,,new,09:24:46,2026-07-07 09:24:46
AMRC,26.68,27.05,-0.0137,0.8591,562240,2,0.5576,1.635,0.0604,45.1,yf_premarket,0.09633974028304214,0.5555555555555555,0.08734586024662361,0.4,0.5,weak,0.0,2.1993,,,new,09:24:46,2026-07-07 09:24:46
GRDN,41.11,41.38,-0.0065,0.4152,580160,2,0.5959,2.2892,0.0553,44.3,yf_premarket,0.0465606566936551,0.5940325497287522,0.07985907222548444,0.4,0.5,weak,0.0,2.1978,,,new,09:24:46,2026-07-07 09:24:46
SMHI,7.23,7.37,-0.019,0.5295,245890,2,0.5687,0.7119,0.0966,49.4,yf_premarket,0.059378294121604946,0.5667068515169781,0.14048737522019966,0.4,0.5,weak,0.0,2.1927,,,new,09:24:46,2026-07-07 09:24:46
AS,34.84,34.84,-0.0,0.6997,4025870,3,0.4749,1.2001,0.0344,46.6,yf_premarket,0.07846457487608495,0.4724733775366687,0.0491779213153259,0.6,0.5,weak,-0.0,2.1872,,,new,09:24:46,2026-07-07 09:24:46
UMAC,21.3,21.65,-0.0162,0.5684,5209630,3,0.4538,2.5122,0.116,40.2,yf_premarket,0.06374055217888622,0.451275868997388,0.16896652965355255,0.6,0.5,weak,0.0,2.1826,,,new,09:24:46,2026-07-07 09:24:46
CEVA,44.1525,44.64,-0.0109,1.2011,738970,3,0.4092,3.887,0.0871,48.0,yf_premarket,0.13469172628793147,0.4064697609001407,0.12654139753376395,0.6,0.5,weak,0.0,2.1782,,,new,09:24:46,2026-07-07 09:24:46
CPRT,29.39,29.24,0.0051,0.8593,15198230,3,0.4513,1.064,0.0364,42.8,yf_premarket,0.09636216834503329,0.4487643158529235,0.052113916617733416,0.6,0.5,weak,0.005151515151515152,2.1759,,,new,09:24:46,2026-07-07 09:24:46
VNCE,6.4,6.28,0.0191,0.8901,247840,2,0.0052,0.807,0.1285,63.4,yf_premarket,0.09981608989167245,0.0006027727546714887,0.1873165002935995,0.4,1.5,neutral,0.019292929292929292,2.1735,,,new,09:24:46,2026-07-07 09:24:46
UIS,3.6,3.6,0.0,0.8115,987450,3,0.449,0.199,0.0553,40.3,yf_premarket,0.09100186152914526,0.44645368696001614,0.07985907222548444,0.6,0.5,weak,0.0,2.1693,,,new,09:24:46,2026-07-07 09:24:46
WBTN,11.49,11.54,-0.0043,0.6588,383700,2,0.5638,0.5095,0.0442,44.0,yf_premarket,0.07387803619889205,0.5617842073538275,0.06356429829712273,0.4,0.5,weak,0.0,2.1662,,,new,09:24:46,2026-07-07 09:24:46
ENIC,4.4295,4.43,-0.0001,0.9668,580890,4,0.3448,0.1124,0.0254,48.1,yf_premarket,0.1084172516652836,0.3417721518987342,0.03596594245449207,0.8,0.5,weak,0.0,2.1642,,,new,09:24:46,2026-07-07 09:24:46
SHMD,5.55,5.51,0.0073,0.5146,692610,2,0.0503,0.5206,0.0945,51.5,yf_premarket,0.057707403503263276,0.045911191480811735,0.13740458015267176,0.4,1.5,neutral,0.0073737373737373735,2.1581,,,new,09:24:46,2026-07-07 09:24:46
CUBE,39.92,40.23,-0.0077,0.8288,2084600,2,0.5543,0.7454,0.0185,42.8,yf_premarket,0.09294188889138089,0.5522403054048624,0.02583675866118614,0.4,0.5,weak,0.0,2.1568,,,new,09:24:46,2026-07-07 09:24:46
DAKT,20.27,19.92,0.0176,0.5186,822610,4,0.3545,1.03,0.0517,46.4,yf_premarket,0.05815596474308654,0.3515169780992566,0.07457428068115092,0.8,0.5,weak,0.017777777777777778,2.1542,,,new,09:24:46,2026-07-07 09:24:46
QSR,73.22,73.25,-0.0004,1.2796,3594110,1,0.6076,1.8938,0.0259,47.2,yf_premarket,0.14349474061946307,0.6057866184448463,0.03669994128009395,0.2,0.5,weak,0.0,2.1452,,,new,09:24:46,2026-07-07 09:24:46
CPS,27.5927,27.99,-0.0142,1.153,200520,2,0.5079,1.419,0.0507,43.9,yf_premarket,0.12929777737905668,0.5056258790436006,0.07310628302994715,0.4,0.5,weak,0.0,2.1418,,,new,09:24:46,2026-07-07 09:24:46
RAMP,37.96,37.54,0.0112,0.397,1217090,3,0.4754,0.211,0.0056,47.4,yf_premarket,0.04451970305245924,0.4729756881655616,0.006899588960657663,0.6,0.5,weak,0.011313131313131313,2.1332,,,new,09:24:46,2026-07-07 09:24:46
RUN,12.97,12.97,-0.0,0.5879,14547910,1,0.1377,1.1025,0.085,50.6,yf_premarket,0.06592728822302464,0.13371508941129195,0.12345860246623606,0.2,1.5,neutral,-0.0,2.1281,,,new,09:24:46,2026-07-07 09:24:46
CARR,69.55,70.1,-0.0078,0.977,5557780,1,0.1248,1.9858,0.0283,50.5,yf_premarket,0.10956108282683293,0.12075547518585494,0.040223135642982966,0.2,1.5,neutral,0.0,2.126,,,new,09:24:46,2026-07-07 09:24:46
FMC,11.36,11.38,-0.0018,0.7015,6345060,3,0.4337,0.7056,0.062,44.8,yf_premarket,0.07866642743400543,0.4310829817158931,0.08969465648854962,0.6,0.5,weak,0.0,2.125,,,new,09:24:46,2026-07-07 09:24:46
BTI,61.95,61.46,0.008,0.5653,4950820,1,0.6536,0.949,0.0154,46.3,yf_premarket,0.06339291721802319,0.6519991963029937,0.021285965942454493,0.2,0.5,weak,0.00808080808080808,2.1219,,,new,09:24:46,2026-07-07 09:24:46
PAGS,8.83,8.93,-0.0112,1.2108,3365890,2,0.5,0.2816,0.0315,48.6,yf_premarket,0.13577948729450287,0.49768937110709266,0.044920728126834994,0.4,0.5,weak,0.0,2.1215,,,new,09:24:46,2026-07-07 09:24:46
REAL,11.42,11.46,-0.0035,0.6624,3734340,2,0.0349,0.6858,0.0598,61.0,yf_premarket,0.07428174131473299,0.03044002411091019,0.08646506165590134,0.4,1.5,neutral,0.0,2.1155,,,new,09:24:46,2026-07-07 09:24:46
SILC,43.57,43.57,0.0,0.674,209060,3,0.4082,4.967,0.114,45.3,yf_premarket,0.07558256891022047,0.40546513964235487,0.16603053435114504,0.6,0.5,weak,0.0,2.1073,,,new,09:24:46,2026-07-07 09:24:46
CGBD,10.55,10.53,0.0019,0.9446,545520,3,0.4135,0.2714,0.0258,47.5,yf_premarket,0.10592773678426447,0.41078963230861965,0.036553141514973575,0.6,0.5,weak,0.0019191919191919192,2.1016,,,new,09:24:46,2026-07-07 09:24:46
SSYS,8.31,8.47,-0.0189,0.9611,642070,3,0.4068,0.348,0.0411,40.2,yf_premarket,0.10777805189853544,0.4040586698814547,0.05901350557839107,0.6,0.5,weak,0.0,2.0993,,,new,09:24:46,2026-07-07 09:24:46
TMDX,71.53,71.23,0.0042,0.7418,1275010,3,0.4145,3.862,0.0542,47.7,yf_premarket,0.08318568192522484,0.4117942535664055,0.0782442748091603,0.6,0.5,weak,0.004242424242424242,2.0939,,,new,09:24:46,2026-07-07 09:24:46
GDYN,5.92,5.92,-0.0,0.4069,3865180,2,0.54,0.403,0.0681,42.4,yf_premarket,0.045629892121021816,0.5378742214185253,0.09864944216089254,0.4,0.5,weak,-0.0,2.0935,,,new,09:24:46,2026-07-07 09:24:46
CAST,3.88,4.05,-0.042,0.2289,3485400,1,0.0264,1.673,0.4131,57.3,yf_premarket,0.025668916948886445,0.02190074341973076,0.605108631826189,0.2,1.5,neutral,0.0,2.0849,,,new,09:24:46,2026-07-07 09:24:46
CTRN,55.28,55.28,0.0,0.409,318850,1,0.1348,3.767,0.0681,56.8,yf_premarket,0.04586538677192903,0.1308016877637131,0.09864944216089254,0.2,1.5,neutral,0.0,2.0797,,,new,09:24:46,2026-07-07 09:24:46
MASS,8.42,8.42,-0.0,0.5906,370780,2,0.0231,0.4717,0.056,53.4,yf_premarket,0.06623006705990535,0.01858549326903757,0.08088667058132708,0.4,1.5,neutral,-0.0,2.077,,,new,09:24:46,2026-07-07 09:24:46
HYMC,22.95,23.49,-0.023,0.3706,2754690,2,0.5298,1.5187,0.0647,40.9,yf_premarket,0.04155919886962567,0.5276270845891099,0.09365825014679975,0.4,0.5,weak,0.0,2.0644,,,new,09:24:46,2026-07-07 09:24:46
FSM,8.56,8.68,-0.0138,0.7673,3928900,2,0.5051,0.317,0.0365,45.9,yf_premarket,0.08604525982909816,0.5028129395218003,0.05226071638285378,0.4,0.5,weak,0.0,2.0608,,,new,09:24:46,2026-07-07 09:24:46
INN,6.5,6.55,-0.0076,0.4182,2240820,1,0.1304,0.233,0.0356,59.1,yf_premarket,0.04689707762352255,0.12638135422945548,0.050939518496770406,0.2,1.5,neutral,0.0,2.0486,,,new,09:24:46,2026-07-07 09:24:46
CSIQ,15.1,15.15,-0.0033,0.6674,2752300,2,0.4906,1.115,0.0736,40.7,yf_premarket,0.07484244286451207,0.488245931283906,0.10672342924251321,0.4,0.5,weak,0.0,2.0421,,,new,09:24:46,2026-07-07 09:24:46
TUSK,3.16,3.1,0.0194,0.1187,678940,1,0.619,0.2403,0.0775,44.1,yf_premarket,0.013311054791755443,0.6172393007836046,0.11244862008220786,0.2,0.5,weak,0.019595959595959597,2.0401,,,new,09:24:46,2026-07-07 09:24:46
PLOW,47.42,46.91,0.0109,1.1942,363330,1,0.0471,2.355,0.0502,50.0,yf_premarket,0.1339179581492363,0.04269640345589713,0.07237228420434527,0.2,1.5,neutral,0.01101010101010101,2.039,,,new,09:24:46,2026-07-07 09:24:46
TIGR,4.6,4.63,-0.0065,0.4858,2394520,2,0.5149,0.1883,0.0407,43.4,yf_premarket,0.054477762576535756,0.5126582278481012,0.058426306517909574,0.4,0.5,weak,0.0,2.0362,,,new,09:24:46,2026-07-07 09:24:46
ILPT,8.84,8.71,0.0149,0.5842,639880,2,0.4923,0.3885,0.0446,45.3,yf_premarket,0.06551236907618813,0.4899537874221419,0.06415149735760423,0.4,0.5,weak,0.01505050505050505,2.0328,,,new,09:24:46,2026-07-07 09:24:46
WMB,73.28,72.82,0.0063,0.6134,9285900,1,0.103,2.228,0.0306,52.8,yf_premarket,0.06878686612689797,0.09885473176612417,0.04359953024075161,0.2,1.5,neutral,0.006363636363636364,2.0322,,,new,09:24:46,2026-07-07 09:24:46
GIII,33.6,33.6,0.0,0.8812,717310,2,0.4815,1.08,0.0321,40.3,yf_premarket,0.09881804113306568,0.4791038778380551,0.045801526717557245,0.4,0.5,weak,0.0,2.0293,,,new,09:24:46,2026-07-07 09:24:46
ZUMZ,17.47,17.73,-0.0147,0.629,249940,3,0.3966,0.709,0.04,44.1,yf_premarket,0.07053625496220871,0.3938115330520394,0.05739870816206694,0.6,0.5,weak,0.0,2.0221,,,new,09:24:46,2026-07-07 09:24:46
HAFN,7.1,7.11,-0.0014,0.5037,2407020,2,0.5083,0.2394,0.0337,42.0,yf_premarket,0.05648507412474488,0.5060277275467149,0.048150322959483266,0.4,0.5,weak,0.0,2.0209,,,new,09:24:46,2026-07-07 09:24:46
LCUT,8.56,8.38,0.0215,0.5475,482010,2,0.4663,0.727,0.0868,44.6,yf_premarket,0.061396819700809645,0.4638336347197107,0.12610099823840282,0.4,0.5,weak,0.021717171717171715,2.0154,,,new,09:24:46,2026-07-07 09:24:46
LRMR,3.25,3.29,-0.0122,0.4408,3971420,3,0.3949,0.2541,0.0772,44.9,yf_premarket,0.049431448628524007,0.3921036769138035,0.11200822078684675,0.6,0.5,weak,0.0,2.0144,,,new,09:24:46,2026-07-07 09:24:46
LKQ,25.99,25.99,0.0,0.8434,2700290,2,0.4709,0.709,0.0273,48.4,yf_premarket,0.09457913741673582,0.4684548925055254,0.03875513799177921,0.4,0.5,weak,0.0,1.9982,,,new,09:24:46,2026-07-07 09:24:46
KGC,24.58,24.72,-0.0057,0.8391,9293810,2,0.469,0.764,0.0309,45.4,yf_premarket,0.09409693408392579,0.4665461121157324,0.044039929536112736,0.4,0.5,weak,0.0,1.9963,,,new,09:24:46,2026-07-07 09:24:46
RAIL,8.63,8.57,0.007,0.7722,438980,0,0.1569,0.581,0.0678,55.6,yf_premarket,0.08659474734788167,0.1530038175607796,0.0982090428655314,0.0,1.5,neutral,0.007070707070707071,1.9956,,,new,09:24:46,2026-07-07 09:24:46
LTBR,8.99,8.92,0.0078,0.6223,971650,4,0.2688,0.591,0.0663,44.0,yf_premarket,0.06978491488550473,0.26542093630701225,0.09600704638872577,0.8,0.5,weak,0.00787878787878788,1.9953,,,new,09:24:46,2026-07-07 09:24:46
DOLE,13.95,13.95,0.0,0.7781,1433070,2,0.475,0.352,0.0252,43.4,yf_premarket,0.08725637517662098,0.47257383966244726,0.03567234292425132,0.4,0.5,weak,0.0,1.9939,,,new,09:24:46,2026-07-07 09:24:46
SRI,7.18,7.18,0.0,0.2755,568430,2,0.5,0.374,0.0521,42.0,yf_premarket,0.030894655392827507,0.49768937110709266,0.07516147974163241,0.4,0.5,weak,0.0,1.9793,,,new,09:24:46,2026-07-07 09:24:46
VRRM,4.34,4.34,-0.0,0.6997,6282570,2,0.4615,0.2476,0.0571,41.5,yf_premarket,0.07846457487608495,0.4590114526823388,0.0825014679976512,0.4,0.5,weak,-0.0,1.977,,,new,09:24:46,2026-07-07 09:24:46
LIND,25.67,25.48,0.0075,0.4839,1460000,0,0.1722,1.276,0.0501,59.4,yf_premarket,0.0542646959876197,0.16837452280490256,0.0722254844392249,0.0,1.5,neutral,0.007575757575757576,1.9656,,,new,09:24:46,2026-07-07 09:24:46
RCAT,10.068,10.11,-0.0042,0.9707,11773670,2,0.4228,0.8482,0.0839,42.6,yf_premarket,0.10885459887411128,0.42013261000602775,0.12184380504991192,0.4,0.5,weak,0.0,1.9645,,,new,09:24:46,2026-07-07 09:24:46
PPIH,25.57,25.57,0.0,0.3861,202810,1,0.0822,1.136,0.0444,51.2,yf_premarket,0.043297373673940834,0.07795860960417923,0.06385789782736348,0.2,1.5,neutral,0.0,1.9528,,,new,09:24:46,2026-07-07 09:24:46
BRSP,5.39,5.38,0.0019,0.723,2911290,2,0.4579,0.1281,0.0238,46.1,yf_premarket,0.08107744409805548,0.4553948161543098,0.033617146212566056,0.4,0.5,weak,0.0019191919191919192,1.9521,,,new,09:24:46,2026-07-07 09:24:46
TIC,8.18,8.18,-0.0,1.1669,1642270,2,0.4158,0.3065,0.0375,43.1,yf_premarket,0.13085652768744252,0.41310026120152704,0.053728714034057545,0.4,0.5,weak,-0.0,1.9493,,,new,09:24:46,2026-07-07 09:24:46
FSK,10.28,10.33,-0.0048,1.2994,3053770,2,0.4057,0.2759,0.0267,42.6,yf_premarket,0.14571511875658824,0.4029535864978903,0.03787433940105696,0.4,0.5,weak,0.0,1.9434,,,new,09:24:46,2026-07-07 09:24:46
LKFN,61.72,61.72,-0.0,0.6962,313970,2,0.4547,1.503,0.0244,49.5,yf_premarket,0.0780720837912396,0.45218002812939523,0.034497944803288313,0.4,0.5,weak,-0.0,1.9387,,,new,09:24:46,2026-07-07 09:24:46
LCLN,23.32,23.47,-0.0064,0.7516,471770,2,0.4365,1.313,0.0559,40.4,yf_premarket,0.08428465696279185,0.43389592123769344,0.08073987081620669,0.4,0.5,weak,0.0,1.9346,,,new,09:24:46,2026-07-07 09:24:46
QH,7.0,7.0,0.0,0.0825,299240,3,0.3511,1.1768,0.1681,48.5,yf_premarket,0.00925157557135488,0.34810126582278483,0.24544920728126832,0.6,0.5,weak,0.0,1.9328,,,new,09:24:46,2026-07-07 09:24:46
TRS,41.33,41.33,-0.0,0.7301,479770,1,0.0443,1.538,0.0372,50.0,yf_premarket,0.08187364029874178,0.03988346393409685,0.05328831473869641,0.2,1.5,neutral,-0.0,1.9292,,,new,09:24:46,2026-07-07 09:24:46
BBW,30.01,31.02,-0.0326,1.2633,405360,2,0.394,1.3598,0.0438,45.3,yf_premarket,0.14166685356718325,0.3911995177817963,0.06297709923664122,0.4,0.5,weak,0.0,1.9264,,,new,09:24:46,2026-07-07 09:24:46
PECO,41.79,41.79,-0.0,0.3868,1460780,1,0.5748,0.5585,0.0134,49.2,yf_premarket,0.0433758718909099,0.5728350411894715,0.018349970640046977,0.2,0.5,weak,-0.0,1.9199,,,new,09:24:46,2026-07-07 09:24:46
SWMR,41.09,42.37,-0.0302,0.6693,485710,2,0.4082,5.351,0.1263,46.4,yf_premarket,0.07505550945342812,0.40546513964235487,0.18408690546095124,0.4,0.5,weak,0.0,1.9156,,,new,09:24:46,2026-07-07 09:24:46
EROK,20.76,21.03,-0.0128,0.8142,308020,2,0.4199,1.162,0.0553,48.3,yf_premarket,0.09130464036602597,0.4172192083584489,0.07985907222548444,0.4,0.5,weak,0.0,1.9113,,,new,09:24:46,2026-07-07 09:24:46
FDP,27.98,27.98,0.0,0.7061,644064,1,0.5336,0.9765,0.0349,42.9,prev_close,0.07918227285980217,0.531444645368696,0.049911920140927775,0.2,0.5,weak,0.0,1.9066,,,new,09:24:46,2026-07-07 09:24:46
BIRD,3.76,3.74,0.0053,0.2127,2024460,1,0.0147,0.7158,0.1914,50.8,yf_premarket,0.023852243927602212,0.010146674703636728,0.27965355255431584,0.2,1.5,neutral,0.005353535353535353,1.9039,,,new,09:24:46,2026-07-07 09:24:46
CAAP,25.67,25.67,-0.0,0.8984,232870,3,0.3162,0.8735,0.034,43.9,yf_premarket,0.10074685446430573,0.31303998392605986,0.0485907222548444,0.6,0.5,weak,-0.0,1.9015,,,new,09:24:46,2026-07-07 09:24:46
MLCO,5.23,5.23,-0.0,1.59,3050870,2,0.3556,0.206,0.0394,41.3,yf_premarket,0.17830309282974857,0.35262206148282105,0.056517909571344685,0.4,0.5,weak,-0.0,1.901,,,new,09:24:46,2026-07-07 09:24:46
CMCSA,23.55,23.38,0.0073,0.7973,53264110,3,0.3156,0.914,0.0391,43.0,yf_premarket,0.08940946912777266,0.3124372111713884,0.056077510275983566,0.6,0.5,weak,0.0073737373737373735,1.8981,,,new,09:24:46,2026-07-07 09:24:46
CRCL,68.33,68.65,-0.0047,0.8248,15783980,3,0.2979,5.762,0.0839,40.8,yf_premarket,0.09249332765155761,0.2946554149085795,0.12184380504991192,0.6,0.5,weak,0.0,1.889,,,new,09:24:46,2026-07-07 09:24:46
STM,68.59,71.39,-0.0392,0.6736,11094920,3,0.3224,3.2878,0.0461,43.0,yf_premarket,0.07553771278623814,0.31926863572433195,0.06635349383440987,0.6,0.5,weak,0.0,1.885,,,new,09:24:46,2026-07-07 09:24:46
VLN,2.1,2.11,-0.0047,0.6133,1729230,3,0.3091,0.1872,0.0887,46.9,yf_premarket,0.06877565209590239,0.3059071729957806,0.12889019377568997,0.6,0.5,weak,0.0,1.8794,,,new,09:24:46,2026-07-07 09:24:46
PLUG,2.6105,2.64,-0.0112,0.8674,53852080,2,0.3864,0.184,0.0697,43.6,yf_premarket,0.09727050485567541,0.3835643962226241,0.10099823840281855,0.4,0.5,weak,0.0,1.8635,,,new,09:24:46,2026-07-07 09:24:46
TRP,67.29,66.95,0.0051,0.9207,2723920,2,0.3953,1.4956,0.0223,40.5,yf_premarket,0.10324758337632044,0.39250552541691786,0.03141514973576042,0.4,0.5,weak,0.005151515151515152,1.8633,,,new,09:24:46,2026-07-07 09:24:46
CRCT,4.45,4.42,0.0068,0.8647,669460,2,0.3882,0.1512,0.0342,46.2,yf_premarket,0.0969677260187947,0.38537271448663857,0.048884321785085144,0.4,0.5,weak,0.006868686868686869,1.8509,,,new,09:24:46,2026-07-07 09:24:46
QFIN,15.27,15.27,-0.0,1.6285,1221130,2,0.3207,0.7786,0.051,48.4,yf_premarket,0.1826204947630475,0.3175607795860961,0.07354668232530827,0.4,0.5,weak,-0.0,1.8458,,,new,09:24:46,2026-07-07 09:24:46
NXE,9.6866,9.68,0.0007,0.6388,4310960,3,0.302,0.4732,0.0489,47.0,yf_premarket,0.07163522999977572,0.29877436206550134,0.07046388725778038,0.6,0.5,weak,0.0007070707070707071,1.8413,,,new,09:24:46,2026-07-07 09:24:46
ITRG,2.36,2.35,0.0043,0.7012,3781590,2,0.383,0.1535,0.0653,43.0,yf_premarket,0.07863278534101868,0.3801486839461523,0.09453904873752202,0.4,0.5,weak,0.004343434343434344,1.832,,,new,09:24:46,2026-07-07 09:24:46
TSSI,11.67,11.67,-0.0,0.6397,893790,3,0.2897,0.824,0.0706,42.7,yf_premarket,0.07173615627873596,0.2864175205947358,0.10231943628890193,0.6,0.5,weak,-0.0,1.8316,,,new,09:24:46,2026-07-07 09:24:46
GTX,33.19,33.19,0.0,0.8234,3584050,2,0.378,1.4409,0.0434,48.5,yf_premarket,0.09233633121761949,0.37512557765722326,0.06238990017615972,0.4,0.5,weak,0.0,1.82,,,new,09:24:46,2026-07-07 09:24:46
CABO,47.19,46.96,0.0049,0.4784,300770,2,0.3765,5.4435,0.1159,49.9,yf_premarket,0.05364792428286271,0.37361864577054454,0.1688197298884322,0.4,0.5,weak,0.004949494949494949,1.8195,,,new,09:24:46,2026-07-07 09:24:46
FTS,58.02,56.9,0.0197,1.0879,693810,1,0.4508,0.812,0.0143,49.9,yf_premarket,0.121997443200933,0.44826200522403054,0.019671168526130357,0.2,0.5,weak,0.0198989898989899,1.8192,,,new,09:24:46,2026-07-07 09:24:46
CBAN,20.71,20.41,0.0147,0.7088,540240,2,0.3766,0.554,0.0271,42.6,yf_premarket,0.07948505169668288,0.3737191078963231,0.03846153846153846,0.4,0.5,weak,0.014848484848484849,1.8082,,,new,09:24:46,2026-07-07 09:24:46
LION,14.79,14.39,0.0278,0.5614,3070050,0,0.071,0.631,0.0438,50.5,yf_premarket,0.06295557000919551,0.06670685151697808,0.06297709923664122,0.0,1.5,neutral,0.028080808080808078,1.8015,,,new,09:24:46,2026-07-07 09:24:46
VNT,28.64,29.07,-0.0148,0.9589,1761680,3,0.2576,0.8845,0.0304,48.4,yf_premarket,0.10753134321663264,0.25416917821981116,0.04330593071051086,0.6,0.5,weak,0.0,1.7913,,,new,09:24:46,2026-07-07 09:24:46
VIRC,6.35,6.35,0.0,0.1939,209950,2,0.4118,0.343,0.054,47.6,yf_premarket,0.02174400610043286,0.40908177617038377,0.07795067527891955,0.4,0.5,weak,0.0,1.7898,,,new,09:24:46,2026-07-07 09:24:46
EQT,52.51,51.71,0.0155,0.7958,8605070,2,0.3596,1.165,0.0225,48.7,yf_premarket,0.08924125866283893,0.35664054651396426,0.03170874926600117,0.4,0.5,weak,0.015656565656565657,1.7865,,,new,09:24:46,2026-07-07 09:24:46
SVCO,11.2,11.2,0.0,0.8521,629740,3,0.2276,1.447,0.1292,43.9,yf_premarket,0.09555475811335142,0.2240305404862367,0.18834409864944215,0.6,0.5,weak,0.0,1.7856,,,new,09:24:46,2026-07-07 09:24:46
ESI,42.63,42.32,0.0073,3.1145,5929540,2,0.1528,2.387,0.0564,46.7,yf_premarket,0.34926099535739114,0.14888487040385776,0.08147386964180857,0.4,0.5,weak,0.0073737373737373735,1.7735,,,new,09:24:46,2026-07-07 09:24:46
FLS,74.34,74.71,-0.005,0.4206,2136750,3,0.2907,2.8479,0.0381,43.9,yf_premarket,0.047166214367416505,0.28742214185252163,0.0546095126247798,0.6,0.5,weak,0.0,1.7729,,,new,09:24:46,2026-07-07 09:24:46
ARDX,5.26,5.34,-0.015,0.6131,5891570,3,0.2638,0.3505,0.0656,42.2,yf_premarket,0.06875322403391122,0.2603978300180832,0.09497944803288315,0.6,0.5,weak,0.0,1.7714,,,new,09:24:46,2026-07-07 09:24:46
LPTH,13.99,14.1,-0.0078,0.4491,3567690,2,0.3594,1.435,0.1018,49.3,yf_premarket,0.05036221320115728,0.3564396222624071,0.1481209630064592,0.4,0.5,weak,0.0,1.7625,,,new,09:24:46,2026-07-07 09:24:46
WD,52.64,52.64,0.0,0.5981,364670,2,0.3679,1.885,0.0358,47.6,yf_premarket,0.06707111938457397,0.36497890295358654,0.05123311802701116,0.4,0.5,weak,0.0,1.7562,,,new,09:24:46,2026-07-07 09:24:46
VERU,2.7306,2.83,-0.0351,1.2568,302670,3,0.2,0.2,0.0707,41.9,yf_premarket,0.14093794155247044,0.19630299377134822,0.10246623605402232,0.6,0.5,weak,0.0,1.7552,,,new,09:24:46,2026-07-07 09:24:46
CBRG,4.22,4.33,-0.0254,0.8679,10083260,2,0.2527,1.2,0.2771,40.5,yf_premarket,0.09732657501065332,0.24924653405666064,0.40546095126247794,0.4,0.5,weak,0.0,1.7472,,,new,09:24:46,2026-07-07 09:24:46
MATW,26.3519,26.51,-0.006,0.4544,461880,2,0.375,0.808,0.0305,47.3,yf_premarket,0.05095655684392312,0.3721117138838658,0.04345273047563123,0.4,0.5,weak,0.0,1.7424,,,new,09:24:46,2026-07-07 09:24:46
KRG,28.48,28.48,0.0,1.3196,2774290,1,0.4056,0.43,0.0151,41.0,yf_premarket,0.14798035301769574,0.40285312437211174,0.020845566647093364,0.2,0.5,weak,0.0,1.7381,,,new,09:24:46,2026-07-07 09:24:46
TMHC,71.99,71.85,0.0019,1.0472,2955560,1,0.431,0.19,0.0026,47.9,yf_premarket,0.11743333258573124,0.42837050431987145,0.0024955960070463883,0.2,0.5,weak,0.0019191919191919192,1.737,,,new,09:24:46,2026-07-07 09:24:46
MODD,4.54,4.64,-0.0216,0.138,217450,2,0.343,0.8212,0.177,48.6,yf_premarket,0.015475362773902707,0.33996383363471977,0.25851438637698176,0.4,0.5,weak,0.0,1.7324,,,new,09:24:46,2026-07-07 09:24:46
PB,70.8167,71.08,-0.0037,1.4522,2074990,2,0.2817,1.37,0.0193,45.1,yf_premarket,0.162850158117837,0.2783805505324493,0.027011156782149146,0.4,0.5,weak,0.0,1.7145,,,new,09:24:46,2026-07-07 09:24:46
QURE,42.75,41.36,0.0336,0.4209,2643390,0,0.0225,3.1715,0.0767,67.7,yf_premarket,0.047199856460403256,0.017982720514366085,0.11127422196124487,0.0,1.5,neutral,0.033939393939393936,1.7133,,,new,09:24:46,2026-07-07 09:24:46
PCG,16.91,16.82,0.0054,0.9311,19045220,1,0.4173,0.3155,0.0188,48.8,yf_premarket,0.10441384259986095,0.41460719308820576,0.026277157956547267,0.2,0.5,weak,0.005454545454545455,1.7072,,,new,09:24:46,2026-07-07 09:24:46
TKC,5.88,5.85,0.0051,0.9194,2735910,2,0.3158,0.112,0.0191,42.5,yf_premarket,0.10310180097337789,0.3126381354229456,0.026717557251908393,0.4,0.5,weak,0.005151515151515152,1.701,,,new,09:24:46,2026-07-07 09:24:46
MAIR,37.89,37.91,-0.0005,0.7462,2468550,2,0.322,1.871,0.0494,45.5,yf_premarket,0.08367909928903043,0.31886678722121764,0.07119788608338226,0.4,0.5,weak,0.0,1.6989,,,new,09:24:46,2026-07-07 09:24:46
AMSC,37.66,38.13,-0.0123,0.8668,975880,3,0.2022,2.711,0.0711,45.3,yf_premarket,0.09720322066970193,0.198513160538477,0.10305343511450381,0.6,0.5,weak,0.0,1.6944,,,new,09:24:46,2026-07-07 09:24:46
KMT,34.04,34.22,-0.0053,0.5864,1186050,2,0.3333,1.313,0.0384,46.2,yf_premarket,0.06575907775809092,0.3302190074341973,0.05504991192014092,0.4,0.5,weak,0.0,1.6866,,,new,09:24:46,2026-07-07 09:24:46
EMA,52.3444,52.35,-0.0001,1.7059,358230,1,0.3409,0.792,0.0151,48.5,yf_premarket,0.19130015475362772,0.33785412899336953,0.020845566647093364,0.2,0.5,weak,0.0,1.6731,,,new,09:24:46,2026-07-07 09:24:46
AAP,56.78,56.33,0.008,1.3415,1798400,2,0.2524,2.915,0.0517,41.6,yf_premarket,0.1504362258057281,0.24894514767932494,0.07457428068115092,0.4,0.5,weak,0.00808080808080808,1.673,,,new,09:24:46,2026-07-07 09:24:46
FOSL,4.1,4.15,-0.012,0.4178,1303350,1,0.4375,0.189,0.0455,42.4,yf_premarket,0.04685222149954022,0.4349005424954792,0.06547269524368761,0.2,0.5,weak,0.0,1.6728,,,new,09:24:46,2026-07-07 09:24:46
EARN,4.3969,4.39,0.0016,1.0302,430320,1,0.3935,0.094,0.0214,40.4,yf_premarket,0.11552694731648237,0.3906972071529034,0.030093951849677034,0.2,0.5,weak,0.0016161616161616162,1.6722,,,new,09:24:46,2026-07-07 09:24:46
YETI,48.0818,48.42,-0.007,1.0436,1103080,1,0.3825,1.569,0.0324,42.3,yf_premarket,0.11702962746989033,0.3796463733172594,0.04624192601291838,0.2,0.5,weak,0.0,1.658,,,new,09:24:46,2026-07-07 09:24:46
FCUV,2.9,2.96,-0.0203,0.0089,10795000,2,0.2014,1.4406,0.4867,47.1,yf_premarket,0.0009980487586067686,0.19770946353224836,0.7131532589547857,0.4,0.5,weak,0.0,1.6535,,,new,09:24:46,2026-07-07 09:24:46
FRO,37.24,36.87,0.01,0.5672,3511010,2,0.3055,1.851,0.0502,42.8,yf_premarket,0.06360598380693924,0.30229053646775167,0.07237228420434527,0.4,0.5,weak,0.010101010101010102,1.6513,,,new,09:24:46,2026-07-07 09:24:46
REFI,10.61,10.61,0.0,0.7891,256490,2,0.2992,0.314,0.0296,44.8,yf_premarket,0.08848991858613497,0.29596142254370106,0.042131532589547854,0.4,0.5,weak,0.0,1.6457,,,new,09:24:46,2026-07-07 09:24:46
CNM,46.26,45.98,0.0061,0.7935,3083340,2,0.2908,1.6349,0.0356,42.1,yf_premarket,0.08898333594994055,0.2875226039783002,0.050939518496770406,0.4,0.5,weak,0.006161616161616162,1.6432,,,new,09:24:46,2026-07-07 09:24:46
ATLX,3.6,3.545,0.0155,0.7761,428700,2,0.2685,0.2404,0.0678,43.8,yf_premarket,0.08703209455670935,0.26511954992967657,0.0982090428655314,0.4,0.5,weak,0.015656565656565657,1.6334,,,new,09:24:46,2026-07-07 09:24:46
XE,18.0764,18.32,-0.0133,0.9653,4598440,2,0.251,1.644,0.0897,49.0,yf_premarket,0.10824904120034988,0.24753867791842477,0.13035819142689373,0.4,0.5,weak,0.0,1.6226,,,new,09:24:46,2026-07-07 09:24:46
SPOK,10.44,10.44,0.0,0.6219,220950,1,0.4,0.284,0.0272,41.6,yf_premarket,0.06974005876152241,0.3972272453285112,0.03860833822665883,0.2,0.5,weak,0.0,1.6184,,,new,09:24:46,2026-07-07 09:24:46
PLAB,28.95,29.2,-0.0086,1.0091,1620830,3,0.1526,1.648,0.0564,43.1,yf_premarket,0.11316078677641465,0.1486839461523006,0.08147386964180857,0.6,0.5,weak,0.0,1.6078,,,new,09:24:46,2026-07-07 09:24:46
PAAS,44.6,45.02,-0.0093,1.1376,4551240,2,0.2333,1.66,0.0369,40.8,yf_premarket,0.12757081660573708,0.22975688165561586,0.052847915443335294,0.4,0.5,weak,0.0,1.5773,,,new,09:24:46,2026-07-07 09:24:46
BHC,4.8,4.81,-0.0021,0.7076,3920100,3,0.1493,0.321,0.0667,44.0,yf_premarket,0.0793504833247359,0.1453686960016074,0.09659424544920728,0.6,0.5,weak,0.0,1.5581,,,new,09:24:46,2026-07-07 09:24:46
EBS,8.18,8.18,-0.0,0.6397,954650,0,0.4578,0.388,0.0474,47.8,yf_premarket,0.07173615627873596,0.45529435402853125,0.06826189078097475,0.0,0.5,weak,-0.0,1.5523,,,new,09:24:46,2026-07-07 09:24:46
MEC,34.61,34.41,0.0058,0.6936,605350,2,0.2448,1.796,0.0522,46.3,yf_premarket,0.07778051898535447,0.2413100261201527,0.0753082795067528,0.4,0.5,weak,0.005858585858585858,1.5457,,,new,09:24:46,2026-07-07 09:24:46
KIM,24.88,25.05,-0.0068,0.6777,4806550,1,0.3609,0.341,0.0136,40.1,yf_premarket,0.07599748805705699,0.3579465541490858,0.018643570170287727,0.2,0.5,weak,0.0,1.5392,,,new,09:24:46,2026-07-07 09:24:46
CODI,10.31,10.21,0.0098,0.859,935910,2,0.2188,0.661,0.0647,49.3,yf_premarket,0.09632852625204655,0.21518987341772153,0.09365825014679975,0.4,0.5,weak,0.009898989898989899,1.5366,,,new,09:24:46,2026-07-07 09:24:46
TWI,7.45,7.45,0.0,0.6478,702500,1,0.3516,0.313,0.042,44.9,yf_premarket,0.07264449278937807,0.3486035764516778,0.06033470346447446,0.2,0.5,weak,0.0,1.5363,,,new,09:24:46,2026-07-07 09:24:46
TSCO,30.43,30.22,0.0069,0.6442,13751920,2,0.2484,1.042,0.0345,42.8,yf_premarket,0.07224078767353713,0.24492666264818166,0.04932472108044628,0.4,0.5,weak,0.0069696969696969695,1.5333,,,new,09:24:46,2026-07-07 09:24:46
SEVN,8.31,8.4,-0.0107,0.6859,210530,2,0.25,0.265,0.0315,49.8,yf_premarket,0.07691703859869467,0.24653405666063896,0.044920728126834994,0.4,0.5,weak,0.0,1.5309,,,new,09:24:46,2026-07-07 09:24:46
ALTG,6.33,6.48,-0.0231,0.7272,236670,2,0.2265,0.5014,0.0774,42.1,yf_premarket,0.0815484333998699,0.2229254571026723,0.11230182031708749,0.4,0.5,weak,0.0,1.5243,,,new,09:24:46,2026-07-07 09:24:46
RNGR,15.35,15.35,-0.0,0.8239,225870,1,0.328,0.4901,0.0319,42.1,yf_premarket,0.09239240137259738,0.3248945147679325,0.04550792718731649,0.2,0.5,weak,-0.0,1.5111,,,new,09:24:46,2026-07-07 09:24:46
MRP,28.6871,28.37,0.0112,0.8262,1790610,1,0.3169,0.7439,0.0262,49.9,yf_premarket,0.09265032408549577,0.31374321880650996,0.03714034057545508,0.2,0.5,weak,0.011313131313131313,1.502,,,new,09:24:46,2026-07-07 09:24:46
AOSL,36.12,38.24,-0.0554,0.7645,698980,3,0.1032,3.844,0.1005,41.3,yf_premarket,0.08573126696122187,0.09905565601768133,0.1462125660598943,0.6,0.5,weak,0.0,1.4998,,,new,09:24:46,2026-07-07 09:24:46
MBUU,26.0,25.86,0.0054,0.7466,385480,1,0.3112,1.395,0.0539,40.7,yf_premarket,0.08372395541301277,0.3080168776371308,0.07780387551379918,0.2,0.5,weak,0.005454545454545455,1.4887,,,new,09:24:46,2026-07-07 09:24:46
QUBT,9.3,9.37,-0.0075,0.5679,15124050,2,0.2186,0.7843,0.0837,46.1,yf_premarket,0.0636844820239083,0.21498894916616437,0.12155020551967116,0.4,0.5,weak,0.0,1.4863,,,new,09:24:46,2026-07-07 09:24:46
UEC,10.53,10.59,-0.0057,0.7149,9142930,2,0.1989,0.605,0.0571,44.5,yf_premarket,0.08016910758741336,0.1951979103877838,0.0825014679976512,0.4,0.5,weak,0.0,1.4519,,,new,09:24:46,2026-07-07 09:24:46
CMCL,19.42,19.32,0.0052,0.8691,266250,2,0.1875,0.778,0.0403,43.5,yf_premarket,0.0974611433826003,0.18374522804902554,0.057839107457428075,0.4,0.5,weak,0.0052525252525252525,1.4505,,,new,09:24:46,2026-07-07 09:24:46
BXDC,21.0,21.15,-0.0071,1.5871,956370,2,0.1287,0.863,0.0408,44.7,yf_premarket,0.17797788593087668,0.12467349809121964,0.05857310628302995,0.4,0.5,weak,0.0,1.4456,,,new,09:24:46,2026-07-07 09:24:46
MTRX,13.0,13.0,0.0,0.6625,302950,1,0.2994,0.522,0.0402,40.6,yf_premarket,0.07429295534572856,0.2961623467952582,0.057692307692307696,0.2,0.5,weak,0.0,1.4326,,,new,09:24:46,2026-07-07 09:24:46
GVH,3.3383,3.67,-0.0904,0.9668,2154880,2,0.1107,0.7735,0.2108,49.5,yf_premarket,0.1084172516652836,0.10659031545107495,0.30813270698766876,0.4,0.5,weak,0.0,1.4299,,,new,09:24:46,2026-07-07 09:24:46
CV,6.61,6.61,-0.0,0.5873,298660,2,0.1888,0.5254,0.0795,41.2,yf_premarket,0.06586000403705115,0.18505123568414708,0.11538461538461539,0.4,0.5,weak,-0.0,1.4266,,,new,09:24:46,2026-07-07 09:24:46
TRTX,8.26,8.34,-0.0096,0.6367,841580,1,0.3051,0.145,0.0174,49.6,yf_premarket,0.07139973534886851,0.30188868796463736,0.024221961244862002,0.2,0.5,weak,0.0,1.423,,,new,09:24:46,2026-07-07 09:24:46
MGPI,16.45,16.45,-0.0,0.962,289610,1,0.2644,0.864,0.0525,49.6,yf_premarket,0.10787897817749567,0.2610006027727547,0.07574867880211392,0.2,0.5,weak,-0.0,1.4217,,,new,09:24:46,2026-07-07 09:24:46
SHPH,3.49,3.5,-0.0029,0.0198,4323460,2,0.1846,0.6715,0.1919,44.5,yf_premarket,0.002220378137125171,0.18083182640144665,0.2803875513799177,0.4,0.5,weak,0.0,1.4052,,,new,09:24:46,2026-07-07 09:24:46
NI,45.7115,47.05,-0.0284,0.6964,5647580,1,0.2895,0.979,0.0208,49.1,yf_premarket,0.07809451185323076,0.28621659634317864,0.02921315325895478,0.2,0.5,weak,0.0,1.4042,,,new,09:24:46,2026-07-07 09:24:46
PSEC,2.2225,2.2,0.0102,0.7851,6233520,2,0.1663,0.0735,0.0334,42.6,yf_premarket,0.0880413573463117,0.16244725738396626,0.04770992366412214,0.4,0.5,weak,0.010303030303030303,1.3963,,,new,09:24:46,2026-07-07 09:24:46
SVV,9.83,9.79,0.0041,0.7346,859430,1,0.2692,0.416,0.0425,47.2,yf_premarket,0.08237827169354296,0.2658227848101266,0.06106870229007634,0.2,0.5,weak,0.004141414141414142,1.392,,,new,09:24:46,2026-07-07 09:24:46
ANY,2.5799,2.59,-0.0039,0.2062,432570,2,0.187,0.3023,0.1167,46.4,yf_premarket,0.023123331912889403,0.18324291742013263,0.16999412800939517,0.4,0.5,weak,0.0,1.3862,,,new,09:24:46,2026-07-07 09:24:46
HRL,24.6666,24.28,0.0159,1.0783,4955580,2,0.1311,0.669,0.0276,45.9,yf_premarket,0.12092089622535716,0.12708458910990558,0.039195537287140335,0.4,0.5,weak,0.016060606060606063,1.3792,,,new,09:24:46,2026-07-07 09:24:46
WTTR,18.1,18.1,-0.0,0.5226,2528670,2,0.1833,0.811,0.0448,43.2,yf_premarket,0.05860452598290981,0.1795258187663251,0.06444509688784499,0.4,0.5,weak,-0.0,1.3792,,,new,09:24:46,2026-07-07 09:24:46
LBRDA,31.73,31.73,0.0,0.8471,301850,1,0.2498,1.7935,0.0565,41.0,yf_premarket,0.09499405656357233,0.24633313240908178,0.08162066940692896,0.2,0.5,weak,0.0,1.376,,,new,09:24:46,2026-07-07 09:24:46
LBRDK,31.75,31.75,0.0,0.7624,1919390,1,0.2538,1.8615,0.0586,40.8,yf_premarket,0.08549577231031466,0.2503516174402251,0.08470346447445684,0.2,0.5,weak,0.0,1.3713,,,new,09:24:46,2026-07-07 09:24:46
AMPH,19.61,19.61,-0.0,0.5796,541380,0,0.3677,0.993,0.0506,47.0,yf_premarket,0.06499652365039137,0.3647779787020294,0.07295948326482678,0.0,0.5,weak,-0.0,1.3635,,,new,09:24:46,2026-07-07 09:24:46
LZM,3.86,3.86,0.0,0.738,654080,2,0.1441,0.307,0.0795,48.5,yf_premarket,0.08275954874739273,0.14014466546112117,0.11538461538461539,0.4,0.5,weak,0.0,1.3621,,,new,09:24:46,2026-07-07 09:24:46
SEPN,33.47,33.47,-0.0,0.7102,654320,1,0.2454,2.4718,0.0739,42.2,yf_premarket,0.07964204813062103,0.24191279887482423,0.10716382853787433,0.2,0.5,weak,-0.0,1.3569,,,new,09:24:46,2026-07-07 09:24:46
MOV,37.45,37.77,-0.0085,0.6252,284410,1,0.2676,1.036,0.0274,44.7,yf_premarket,0.0701101217843766,0.2642153907976693,0.03890193775689959,0.2,0.5,weak,0.0,1.353,,,new,09:24:46,2026-07-07 09:24:46
DUOT,10.2,10.235,-0.0034,0.569,864390,3,0.0463,0.9526,0.0931,41.4,yf_premarket,0.0638078363648597,0.04189270644966848,0.1353493834409865,0.6,0.5,weak,0.0,1.3472,,,new,09:24:46,2026-07-07 09:24:46
FMCC,5.67,5.67,-0.0,0.5912,2324690,1,0.245,0.484,0.0854,47.3,yf_premarket,0.06629735124587884,0.2415109503717099,0.12404580152671756,0.2,0.5,weak,-0.0,1.3445,,,new,09:24:46,2026-07-07 09:24:46
FMNB,14.42,14.35,0.0049,0.6312,635500,1,0.2619,0.249,0.0174,46.3,yf_premarket,0.0707829636441115,0.25848904962829017,0.024221961244862002,0.2,0.5,weak,0.004949494949494949,1.3427,,,new,09:24:46,2026-07-07 09:24:46
QNC,2.85,2.85,0.0,1.4368,865440,2,0.075,0.232,0.0814,46.8,yf_premarket,0.16112319734451747,0.07072533654812135,0.11817381092190252,0.4,0.5,weak,0.0,1.3422,,,new,09:24:46,2026-07-07 09:24:46
MWA,25.39,25.35,0.0016,0.9448,1435260,1,0.2256,0.689,0.0272,45.9,yf_premarket,0.10595016484625562,0.22202129797066508,0.03860833822665883,0.2,0.5,weak,0.0016161616161616162,1.3247,,,new,09:24:46,2026-07-07 09:24:46
MARA,12.88,12.95,-0.0054,0.6366,48040140,1,0.218,1.488,0.1149,41.3,yf_premarket,0.07138852131787292,0.21438617641149288,0.1673517322372284,0.2,0.5,weak,0.0,1.3195,,,new,09:24:46,2026-07-07 09:24:46
AIAI,13.4786,13.3,0.0134,0.9852,217320,2,0.0762,1.608,0.1209,43.0,yf_premarket,0.11048063336847062,0.07193088205746434,0.17615971814445094,0.4,0.5,weak,0.013535353535353536,1.318,,,new,09:24:46,2026-07-07 09:24:46
LAES,2.9905,3.0,-0.0032,0.6094,21582950,1,0.2241,0.2615,0.0872,46.7,yf_premarket,0.06833830488707471,0.22051436608398634,0.1266881972988843,0.2,0.5,weak,0.0,1.3069,,,new,09:24:46,2026-07-07 09:24:46
ASPN,5.53,5.47,0.011,0.6609,1713920,2,0.1144,0.4315,0.0789,43.0,yf_premarket,0.07411353084979927,0.11030741410488247,0.11450381679389313,0.4,0.5,weak,0.01111111111111111,1.3057,,,new,09:24:46,2026-07-07 09:24:46
DDD,2.82,2.83,-0.0035,0.5721,3695260,2,0.1325,0.193,0.0682,45.2,yf_premarket,0.06415547132572275,0.12849105887080572,0.09879624192601291,0.4,0.5,weak,0.0,1.3026,,,new,09:24:46,2026-07-07 09:24:46
LESL,7.65,7.32,0.0451,1.8064,365250,1,0.0352,1.5516,0.212,46.9,yf_premarket,0.2025702559041873,0.030741410488245934,0.3098943041691133,0.2,0.5,weak,0.04555555555555556,1.2886,,,new,09:24:46,2026-07-07 09:24:46
FBRT,7.88,7.84,0.0051,0.869,1372720,2,0.108,0.2345,0.0299,41.1,yf_premarket,0.09744992935160472,0.10387783805505324,0.04257193188490898,0.4,0.5,weak,0.005151515151515152,1.2829,,,new,09:24:46,2026-07-07 09:24:46
PRM,34.24,33.88,0.0106,0.37,2273050,1,0.2336,1.9847,0.0586,45.1,yf_premarket,0.04149191468365218,0.2300582680329516,0.08470346447445684,0.2,0.5,weak,0.010707070707070707,1.2808,,,new,09:24:46,2026-07-07 09:24:46
ODTX,16.47,16.47,0.0,0.494,313130,2,0.1175,1.386,0.0842,47.1,yf_premarket,0.055397313118173454,0.11342174000401849,0.12228420434527304,0.4,0.5,weak,0.0,1.2711,,,new,09:24:46,2026-07-07 09:24:46
ATRO,71.8,71.79,0.0001,0.93,922600,2,0.0859,4.848,0.0675,42.6,yf_premarket,0.10429048825890955,0.08167570825798676,0.09776864357017029,0.4,0.5,weak,0.00010101010101010101,1.2688,,,new,09:24:46,2026-07-07 09:24:46
DHT,17.23,17.15,0.0047,0.6288,4606770,1,0.2104,0.88,0.0513,47.1,yf_premarket,0.07051382690021755,0.2067510548523207,0.0739870816206694,0.2,0.5,weak,0.004747474747474748,1.2634,,,new,09:24:46,2026-07-07 09:24:46
RFIL,18.39,18.39,0.0,0.6802,492910,1,0.1837,2.244,0.122,48.9,yf_premarket,0.07627783883194653,0.17992766726943943,0.1777745155607751,0.2,0.5,weak,0.0,1.2632,,,new,09:24:46,2026-07-07 09:24:46
EQ,2.79,2.77,0.0072,0.8308,1097640,2,0.0723,0.28,0.1011,48.5,yf_premarket,0.09316616951129252,0.06801285915209968,0.14709336465061654,0.4,0.5,weak,0.007272727272727273,1.2602,,,new,09:24:46,2026-07-07 09:24:46
FIP,4.49,4.41,0.0181,0.6467,1181620,1,0.1895,0.307,0.0696,40.1,yf_premarket,0.07252113844842667,0.18575447056459715,0.10085143863769817,0.2,0.5,weak,0.018282828282828286,1.2581,,,new,09:24:46,2026-07-07 09:24:46
POWI,71.03,73.06,-0.0278,0.5647,1094320,2,0.1069,4.748,0.065,44.6,yf_premarket,0.06332563303204969,0.10277275467148886,0.0940986494421609,0.4,0.5,weak,0.0,1.2476,,,new,09:24:46,2026-07-07 09:24:46
COHU,56.77,58.7,-0.0329,0.7753,1542640,2,0.0767,5.096,0.0868,47.4,yf_premarket,0.0869423823087447,0.07243319268635724,0.12610099823840282,0.4,0.5,weak,0.0,1.2383,,,new,09:24:46,2026-07-07 09:24:46
CBIO,16.46,16.96,-0.0295,0.3855,529450,1,0.2105,1.351,0.0797,40.7,yf_premarket,0.04323008948796734,0.20685151697809925,0.11567821491485612,0.2,0.5,weak,0.0,1.2364,,,new,09:24:46,2026-07-07 09:24:46
ISTR,29.11,29.23,-0.0041,0.4589,263650,3,0.0231,0.6522,0.0223,41.8,yf_premarket,0.05146118823872429,0.01858549326903757,0.03141514973576042,0.6,0.5,weak,0.0,1.2301,,,new,09:24:46,2026-07-07 09:24:46
NNE,20.1,20.19,-0.0045,0.7533,2892610,2,0.0717,1.6759,0.083,41.9,yf_premarket,0.08447529548971672,0.06741008639742817,0.12052260716382854,0.4,0.5,weak,0.0,1.2218,,,new,09:24:46,2026-07-07 09:24:46
OSS,15.49,15.56,-0.0045,0.6777,1306170,2,0.0672,1.584,0.1018,43.8,yf_premarket,0.07599748805705699,0.062889290737392,0.1481209630064592,0.4,0.5,weak,0.0,1.2138,,,new,09:24:46,2026-07-07 09:24:46
MWH,31.25,31.34,-0.0029,0.6851,2489990,1,0.1746,2.391,0.0763,48.8,yf_premarket,0.07682732635073003,0.17078561382358853,0.11068702290076336,0.2,0.5,weak,0.0,1.2122,,,new,09:24:46,2026-07-07 09:24:46
FWRD,13.24,12.99,0.0192,0.5231,967900,1,0.1694,0.972,0.0748,47.3,yf_premarket,0.058660596137887724,0.16556158328310228,0.10848502642395773,0.2,0.5,weak,0.019393939393939394,1.2024,,,new,09:24:46,2026-07-07 09:24:46
BLMN,8.03,8.04,-0.0012,1.021,2729820,1,0.1448,0.517,0.0643,46.4,yf_premarket,0.11449525646488885,0.14084790034157124,0.09307105108631826,0.2,0.5,weak,0.0,1.2,,,new,09:24:46,2026-07-07 09:24:46
AVLN,27.65,27.65,0.0,0.7938,653090,2,0.0487,2.872,0.1039,44.0,yf_premarket,0.0890169780429273,0.04430379746835443,0.1512037580739871,0.4,0.5,weak,0.0,1.1977,,,new,09:24:46,2026-07-07 09:24:46
ARE,50.16,49.87,0.0058,0.9508,1834800,2,0.054,1.8918,0.0379,42.2,yf_premarket,0.10662300670599052,0.04962829013461925,0.05431591309453905,0.4,0.5,weak,0.005858585858585858,1.1951,,,new,09:24:46,2026-07-07 09:24:46
PDFS,55.95,56.75,-0.0141,0.9053,922880,2,0.0441,4.88,0.086,42.6,yf_premarket,0.10152062260300086,0.03968253968253969,0.1249266001174398,0.4,0.5,weak,0.0,1.1941,,,new,09:24:46,2026-07-07 09:24:46
AIP,34.49,34.82,-0.0095,0.8301,1315160,2,0.0382,3.7606,0.108,40.6,yf_premarket,0.09308767129432345,0.03375527426160337,0.15722254844392247,0.4,0.5,weak,0.0,1.1858,,,new,09:24:46,2026-07-07 09:24:46
SKT,39.54,39.36,0.0046,0.5098,1152420,1,0.1925,0.707,0.018,42.0,yf_premarket,0.05716913001547536,0.18876833433795462,0.025102759835584257,0.2,0.5,weak,0.004646464646464646,1.1828,,,new,09:24:46,2026-07-07 09:24:46
FNMA,6.17,6.17,-0.0,0.6664,4077190,1,0.1582,0.519,0.0841,45.1,yf_premarket,0.07473030255455626,0.15430982519590117,0.12213740458015267,0.2,0.5,weak,-0.0,1.1818,,,new,09:24:46,2026-07-07 09:24:46
HLIT,13.8,13.95,-0.0108,0.671,2611360,2,0.0627,0.906,0.0649,40.9,yf_premarket,0.07524614798035302,0.05836849507735584,0.09395184967704051,0.4,0.5,weak,0.0,1.1766,,,new,09:24:46,2026-07-07 09:24:46
RLMD,6.33,6.33,0.0,0.3835,3241990,2,0.0814,0.4415,0.0697,43.7,yf_premarket,0.04300580886805571,0.07715491259795058,0.10099823840281855,0.4,0.5,weak,0.0,1.1693,,,new,09:24:46,2026-07-07 09:24:46
KMX,50.21,50.21,0.0,0.6953,3395030,1,0.1634,1.931,0.0385,47.4,yf_premarket,0.07797115751227936,0.1595338557363874,0.0551967116852613,0.2,0.5,weak,0.0,1.1636,,,new,09:24:46,2026-07-07 09:24:46
LADR,9.78,9.75,0.0031,1.2225,1265800,2,0.024,0.1903,0.0195,44.0,yf_premarket,0.13709152892098592,0.019489652401044808,0.027304756312389898,0.4,0.5,weak,0.003131313131313131,1.163,,,new,09:24:46,2026-07-07 09:24:46
LODE,4.01,4.08,-0.0172,0.3338,2230190,1,0.1667,0.31,0.076,49.6,yf_premarket,0.03743243546325162,0.16284910588708057,0.11024662360540223,0.2,0.5,weak,0.0,1.137,,,new,09:24:46,2026-07-07 09:24:46
CURB,30.27,30.12,0.005,0.4369,1869620,1,0.1745,0.614,0.0204,43.6,yf_premarket,0.048994101419696325,0.17068515169780993,0.02862595419847328,0.2,0.5,weak,0.005050505050505051,1.1368,,,new,09:24:46,2026-07-07 09:24:46
PBI,16.93,16.8,0.0077,0.6784,3130180,1,0.1265,0.675,0.0402,42.7,yf_premarket,0.07607598627402605,0.12246333132409083,0.057692307692307696,0.2,0.5,weak,0.007777777777777778,1.0996,,,new,09:24:46,2026-07-07 09:24:46
KN,36.71,36.77,-0.0016,0.6395,1467020,2,0.0284,1.839,0.05,40.3,yf_premarket,0.07171372821674478,0.023909985935302393,0.07207868467410453,0.4,0.5,weak,0.0,1.0914,,,new,09:24:46,2026-07-07 09:24:46
STAA,27.17,27.34,-0.0062,1.1096,685400,1,0.0876,1.298,0.0475,43.9,yf_premarket,0.12443088792697421,0.08338356439622262,0.06840869054609512,0.2,0.5,weak,0.0,1.0876,,,new,09:24:46,2026-07-07 09:24:46
CCL,27.5062,27.51,-0.0001,0.5889,25488530,1,0.1278,1.196,0.0435,40.6,yf_premarket,0.06603942853298046,0.12376933895921238,0.0625366999412801,0.2,0.5,weak,0.0,1.0779,,,new,09:24:46,2026-07-07 09:24:46
INTT,15.26,15.25,0.0007,0.3881,343690,2,0.026,1.409,0.0924,41.0,yf_premarket,0.04352165429385246,0.021498894916616437,0.13432178508514386,0.4,0.5,weak,0.0007070707070707071,1.0765,,,new,09:24:46,2026-07-07 09:24:46
LFTO,23.21,23.19,0.0009,0.6218,1103150,1,0.0848,2.243,0.0967,46.0,yf_premarket,0.06972884473052683,0.08057062487442233,0.14063417498532002,0.2,0.5,weak,0.0009090909090909091,1.0374,,,new,09:24:46,2026-07-07 09:24:46
KMI,31.9,31.69,0.0066,0.6386,11245310,1,0.0984,0.701,0.0221,47.3,yf_premarket,0.07161280193778455,0.09423347398030943,0.03112155020551967,0.2,0.5,weak,0.006666666666666667,1.0214,,,new,09:24:46,2026-07-07 09:24:46
NCLH,19.24,19.26,-0.001,0.7324,18438860,1,0.085,0.958,0.0497,48.8,yf_premarket,0.08213156301164017,0.0807715491259795,0.0716382853787434,0.2,0.5,weak,0.0,1.0206,,,new,09:24:46,2026-07-07 09:24:46
AUPH,15.504,15.49,0.0009,0.6356,2834780,1,0.0739,1.0503,0.0678,47.4,yf_premarket,0.07127638100791711,0.06962025316455697,0.0982090428655314,0.2,0.5,weak,0.0009090909090909091,0.9966,,,new,09:24:46,2026-07-07 09:24:46
TH,17.4,17.74,-0.0192,1.0015,1815550,1,0.046,0.8945,0.0504,44.3,yf_premarket,0.11230852042075044,0.04159132007233273,0.07266588373458603,0.2,0.5,weak,0.0,0.988,,,new,09:24:46,2026-07-07 09:24:46
ABR,5.03,4.98,0.01,1.1784,4461300,1,0.0192,0.211,0.0424,41.1,yf_premarket,0.13214614125193438,0.014667470363672894,0.06092190252495596,0.2,0.5,weak,0.010101010101010102,0.9732,,,new,09:24:46,2026-07-07 09:24:46
SFIX,3.85,3.84,0.0026,0.6877,2571470,0,0.1543,0.247,0.0643,49.9,yf_premarket,0.07711889115661515,0.15039180229053647,0.09307105108631826,0.0,0.5,weak,0.0026262626262626263,0.9669,,,new,09:24:46,2026-07-07 09:24:46
KSS,17.1,16.9,0.0118,1.126,5266650,1,0.0109,1.051,0.0622,43.5,yf_premarket,0.1262699890102496,0.006329113924050634,0.08998825601879036,0.2,0.5,weak,0.01191919191919192,0.9649,,,new,09:24:46,2026-07-07 09:24:46
SMCI,26.81,27.19,-0.014,0.5064,60865870,1,0.0485,2.235,0.0822,42.5,yf_premarket,0.05678785296162558,0.04410287321679727,0.11934820904286553,0.2,0.5,weak,0.0,0.9331,,,new,09:24:46,2026-07-07 09:24:46
INVA,21.86,21.82,0.0018,0.6994,944240,1,0.0486,0.691,0.0317,40.7,yf_premarket,0.0784309327830982,0.044203335342575846,0.04521432765707575,0.2,0.5,weak,0.0018181818181818182,0.9314,,,new,09:24:46,2026-07-07 09:24:46
AROC,37.17,36.53,0.0175,0.5226,3055950,1,0.0355,1.931,0.0529,49.7,yf_premarket,0.05860452598290981,0.031042796865581673,0.07633587786259542,0.2,0.5,weak,0.01767676767676768,0.9147,,,new,09:24:46,2026-07-07 09:24:46
BKH,73.3864,72.16,0.017,0.9774,909900,1,0.0096,1.331,0.0184,43.8,yf_premarket,0.10960593895081526,0.005023106288929074,0.025689958896065762,0.2,0.5,weak,0.017171717171717175,0.9131,,,new,09:24:46,2026-07-07 09:24:46
MBRX,2.37,2.4,-0.0125,0.196,2069250,1,0.0373,0.3587,0.1495,45.8,yf_premarket,0.021979500751340076,0.032851115129596146,0.2181444509688784,0.2,0.5,weak,0.0,0.9077,,,new,09:24:46,2026-07-07 09:24:46
CLDT,12.73,12.73,0.0,0.8469,431090,1,0.0242,0.401,0.0315,49.5,yf_premarket,0.09497162850158117,0.01969057665260197,0.044920728126834994,0.2,0.5,weak,0.0,0.9043,,,new,09:24:46,2026-07-07 09:24:46
TRT,9.84,10.07,-0.0228,0.4336,607210,1,0.0095,1.384,0.1374,46.1,yf_premarket,0.04862403839684212,0.004922644163150493,0.20038167938931295,0.2,0.5,weak,0.0,0.883,,,new,09:24:46,2026-07-07 09:24:46
KGS,66.75,66.23,0.0079,0.774,2412660,1,0.0046,3.4583,0.0522,44.5,yf_premarket,0.08679659990580213,0.0,0.0753082795067528,0.2,0.5,weak,0.007979797979797981,0.8798,,,new,09:24:46,2026-07-07 09:24:46
EQPT,18.85,18.79,0.0032,0.5568,3028740,1,0.0125,1.6594,0.0883,46.4,yf_premarket,0.06243972458339874,0.007936507936507938,0.12830299471520845,0.2,0.5,weak,0.0032323232323232323,0.8785,,,new,09:24:46,2026-07-07 09:24:46
NWN,48.25,48.65,-0.0082,0.6088,357600,1,0.0201,1.131,0.0232,42.3,yf_premarket,0.06827102070110122,0.015571629495680129,0.0327363476218438,0.2,0.5,weak,0.0,0.8499,,,new,09:24:46,2026-07-07 09:24:46
CENTA,37.3061,37.43,-0.0033,0.7863,529970,0,0.0791,1.261,0.0337,47.4,yf_premarket,0.08817592571825868,0.07484428370504322,0.048150322959483266,0.0,0.5,weak,0.0,0.806,,,new,09:24:46,2026-07-07 09:24:46
BLX,59.71,58.37,0.023,0.6864,295590,0,0.0676,1.823,0.0312,40.7,yf_premarket,0.0769731087536726,0.06329113924050633,0.04448032883147386,0.0,0.5,weak,0.023232323232323233,0.7991,,,new,09:24:46,2026-07-07 09:24:46
ANTX,4.41,4.41,0.0,0.2155,603760,0,0.0909,0.404,0.0916,43.4,yf_premarket,0.0241662367954785,0.0866988145469158,0.13314738696418085,0.0,0.5,weak,0.0,0.7762,,,new,09:24:46,2026-07-07 09:24:46
AEBI,11.69,11.69,0.0,0.6806,327050,0,0.0269,0.666,0.057,40.2,yf_premarket,0.07632269495592885,0.02240305404862367,0.08235466823253083,0.0,0.5,weak,0.0,0.7005,,,new,09:24:46,2026-07-07 09:24:46
APOG,39.79,39.79,-0.0,0.7785,466420,0,0.0116,2.814,0.0707,49.2,yf_premarket,0.0873012313006033,0.007032348804500703,0.10246623605402232,0.0,0.5,weak,-0.0,0.6962,,,new,09:24:46,2026-07-07 09:24:46
MCS,22.35,22.35,-0.0,0.6056,403900,0,0.0117,0.88,0.0394,49.4,yf_premarket,0.0679121717092426,0.007132810930279286,0.056517909571344685,0.0,0.5,weak,-0.0,0.6444,,,new,09:24:46,2026-07-07 09:24:46
NWE,69.69,69.69,-0.0,0.5635,611910,0,0.0048,1.326,0.019,46.7,yf_premarket,0.06319106466010271,0.0002009242515571626,0.026570757486788017,0.0,0.5,weak,-0.0,0.6085,,,new,09:24:46,2026-07-07 09:24:46
CRIS,5.79,,,0.0091,17470603,2,,0.12,,,yf_premarket,0.001020476820597932,,,0.4,3.0,—,,,,,new,09:24:46,2026-07-07 09:24:46
JZ,2.84,,,0.0751,6114081,1,,0.0187,,,yf_premarket,0.008421737277681834,,,0.2,3.0,—,,,,,new,09:24:46,2026-07-07 09:24:46
NIPG,8.15,,,0.0787,306531,0,,0.0423,,,yf_premarket,0.008825442393522776,,,0.0,3.0,—,,,,,new,09:24:46,2026-07-07 09:24:46
NTCL,4.5,,,0.0518,3742002,1,,0.0216,,,yf_premarket,0.005808868055711305,,,0.2,3.0,—,,,,,new,09:24:46,2026-07-07 09:24:46
SNAL,3.01,,,0.5653,366021,2,,0.064,,,yf_premarket,0.06339291721802319,,,0.4,3.0,—,,,,,new,09:24:46,2026-07-07 09:24:46
