ticker,premarket_price,yesterday_close,gap_pct,rvol,avg_volume_10d,trend_5d,breakout_score,atr_10d,volatility_score,rsi,price_source,norm_rvol,norm_breakout,norm_volatility,norm_trend,rsi_score,rsi_label,norm_gap,score,score_prev,score_trend,trend_dir,scan_time_utc,snapshot_utc
CLRO,12.68,13.84,-0.0838,4.6615,17771690,3,0.807,2.022,0.1461,91.4,yf_premarket,1.0,0.8053061636235247,0.2708723324597529,0.6,5.0,🔥 90+,0.0,8.846,8.459,0.387,rising,12:18:30,2026-07-08 12:18:30
ABVC,2.06,2.02,0.0198,2.1292,233050,5,0.8506,0.1624,0.0804,94.2,yf_premarket,0.45676284457792554,0.849288812670231,0.14788468738300262,1.0,5.0,🔥 90+,0.1702493551160791,8.713,8.4767,0.236,steady,12:18:30,2026-07-08 12:18:30
BCAX,30.62,30.4,0.0072,1.2809,1436550,4,0.9155,1.6703,0.0549,92.5,yf_premarket,0.2747827952375844,0.9147583980631494,0.10014975664545114,0.8,5.0,🔥 90+,0.061908856405846945,8.1846,8.0021,0.182,steady,12:18:30,2026-07-08 12:18:30
AGIO,43.01,44.01,-0.0227,2.0839,1331710,2,0.9915,1.764,0.0401,91.6,yf_premarket,0.447044942615038,0.9914254009886009,0.07244477723698989,0.4,5.0,🔥 90+,0.0,8.0896,7.9156,0.174,steady,12:18:30,2026-07-08 12:18:30
AVAH,9.58,9.6,-0.0021,0.8972,2871080,4,0.9205,0.3815,0.0397,96.5,yf_premarket,0.19247023490292822,0.9198022798345606,0.07169599400973418,0.8,5.0,🔥 90+,0.0,7.9642,7.8908,0.073,steady,12:18:30,2026-07-08 12:18:30
FHTX,5.82,6.0,-0.03,3.1182,484920,4,0.8938,0.4295,0.0716,82.7,yf_premarket,0.6689263112731952,0.8928679511752244,0.131411456383377,0.8,4.0,strong ✓,0.0,7.6548,7.3957,0.259,steady,12:18:30,2026-07-08 12:18:30
BOW,32.5,32.0,0.0156,1.3113,234650,4,0.9008,1.084,0.0339,83.9,yf_premarket,0.28130430119060384,0.8999293856552003,0.0608386372145264,0.8,4.0,strong ✓,0.13413585554600171,7.2534,7.0978,0.156,steady,12:18:30,2026-07-08 12:18:30
AMPL,8.98,9.16,-0.0197,0.9099,2961950,5,0.9321,0.5431,0.0593,86.0,yf_premarket,0.19519467982409097,0.9315040855442349,0.10838637214526395,1.0,4.0,strong ✓,0.0,7.21,7.1354,0.075,steady,12:18:30,2026-07-08 12:18:30
DTIL,9.02,9.25,-0.0249,1.5376,810150,4,0.8789,0.6656,0.072,89.6,yf_premarket,0.32985090636061354,0.8778371834964188,0.13216023961063272,0.8,4.0,strong ✓,0.0,7.1165,6.9902,0.126,steady,12:18:30,2026-07-08 12:18:30
IDYA,40.49,40.51,-0.0005,0.852,1735740,4,0.9897,1.812,0.0447,89.8,yf_premarket,0.18277378526225463,0.9896096035508928,0.08105578435043055,0.8,4.0,strong ✓,0.0,7.0939,7.0232,0.071,steady,12:18:30,2026-07-08 12:18:30
EDIT,3.61,3.75,-0.0373,0.8582,3282430,4,0.9444,0.2718,0.0725,88.2,yf_premarket,0.18410382923951515,0.9439120347019067,0.13309621864470236,0.8,4.0,strong ✓,0.0,7.0305,6.96,0.07,steady,12:18:30,2026-07-08 12:18:30
AHR,55.4,54.93,0.0086,0.7842,6609310,4,0.9016,1.7203,0.0313,86.8,yf_premarket,0.16822911080124422,0.900736406738626,0.055971546237364285,0.8,4.0,strong ✓,0.07394668959587274,6.9927,6.8183,0.174,steady,12:18:30,2026-07-08 12:18:30
BRBR,13.82,13.94,-0.0086,0.9348,7918780,4,0.9148,0.8951,0.0642,86.3,yf_premarket,0.20053630805534697,0.9140522546151517,0.11755896667914638,0.8,4.0,strong ✓,0.0,6.9877,6.9182,0.07,steady,12:18:30,2026-07-08 12:18:30
ABUS,5.16,5.18,-0.0039,1.4391,3534680,4,0.8431,0.215,0.0415,83.1,yf_premarket,0.3087203689799421,0.841722990013114,0.07506551853238488,0.8,4.0,strong ✓,0.0,6.9841,6.9698,0.014,steady,12:18:30,2026-07-08 12:18:30
FORR,9.66,9.66,0.0,0.911,304930,4,0.9097,0.743,0.0769,80.4,yf_premarket,0.19543065536844365,0.9089074952083123,0.14133283414451517,0.8,4.0,strong ✓,0.0,6.9816,6.9073,0.074,steady,12:18:30,2026-07-08 12:18:30
BILL,40.0,40.68,-0.0167,0.8289,2522920,4,0.9124,1.574,0.0387,80.3,yf_premarket,0.17781829883084843,0.9116311913648744,0.0698240359415949,0.8,4.0,strong ✓,0.0,6.9249,6.8575,0.067,steady,12:18:30,2026-07-08 12:18:30
ANNX,6.3799,6.43,-0.0078,0.9589,6000990,3,0.9738,0.445,0.0692,80.8,yf_premarket,0.20570631770889197,0.973570059517805,0.12691875701984276,0.6,4.0,strong ✓,0.0,6.9192,6.8702,0.049,steady,12:18:30,2026-07-08 12:18:30
ACIW,54.82,55.62,-0.0144,0.8718,1222710,4,0.8988,1.942,0.0349,82.6,yf_premarket,0.1870213450606028,0.8979118329466358,0.06271059528266568,0.8,4.0,strong ✓,0.0,6.9077,6.8369,0.071,steady,12:18:30,2026-07-08 12:18:30
CTRE,41.77,41.8,-0.0007,0.6852,3364650,4,0.9142,1.0235,0.0245,82.5,yf_premarket,0.14699131180950337,0.9134469888025825,0.043242231374017226,0.8,4.0,strong ✓,0.0,6.869,6.8873,-0.018,steady,12:18:30,2026-07-08 12:18:30
EVER,25.8,25.27,0.021,1.1184,855310,4,0.6969,1.3785,0.0546,80.2,yf_premarket,0.23992277164003004,0.6942398870170483,0.09958816922500936,0.8,4.0,strong ✓,0.18056749785038695,6.869,6.6232,0.246,steady,12:18:30,2026-07-08 12:18:30
CNA,51.31,51.8,-0.0095,1.0647,551970,4,0.8524,1.062,0.0205,85.9,yf_premarket,0.22840287461117664,0.8511046101079391,0.03575439910146013,0.8,4.0,strong ✓,0.0,6.8627,6.8699,-0.007,steady,12:18:30,2026-07-08 12:18:30
RLI,62.22,62.12,0.0016,0.7732,1020140,4,0.8855,1.525,0.0245,82.0,yf_premarket,0.16586935535771746,0.8844951074346816,0.043242231374017226,0.8,4.0,strong ✓,0.013757523645743766,6.8601,6.7771,0.083,steady,12:18:30,2026-07-08 12:18:30
CARG,35.39,34.92,0.0135,1.6037,1516030,3,0.7504,1.3013,0.0373,82.3,yf_premarket,0.34403089134398795,0.7482094219711489,0.06720329464619992,0.6,4.0,strong ✓,0.11607910576096303,6.8202,6.6491,0.171,steady,12:18:30,2026-07-08 12:18:30
FOUR,50.33,51.16,-0.0162,0.4915,1786070,4,0.9061,2.8405,0.0555,80.4,yf_premarket,0.10543816368121849,0.9052759003328962,0.1012729314863347,0.8,4.0,strong ✓,0.0,6.8193,6.7803,0.039,steady,12:18:30,2026-07-08 12:18:30
CLDX,40.25,39.93,0.008,1.0901,1560710,2,0.9521,1.87,0.0468,83.0,yf_premarket,0.2338517644535021,0.9516796126298799,0.08498689629352303,0.4,4.0,strong ✓,0.06878761822871883,6.7998,6.6852,0.115,steady,12:18:30,2026-07-08 12:18:30
CRVS,15.3,15.63,-0.0211,0.8622,1553380,3,0.9341,0.85,0.0544,89.6,yf_premarket,0.18496192212807036,0.9335216382527994,0.0992137776113815,0.6,4.0,strong ✓,0.0,6.7941,6.7235,0.071,steady,12:18:30,2026-07-08 12:18:30
BVS,11.31,11.49,-0.0157,1.3129,845160,3,0.8509,0.5777,0.0503,82.0,yf_premarket,0.28164753834602596,0.8495914455765157,0.09153874953201048,0.6,4.0,strong ✓,0.0,6.7674,6.6605,0.107,steady,12:18:30,2026-07-08 12:18:30
ACRS,5.41,5.62,-0.0374,0.5411,2548470,4,0.8673,0.311,0.0553,87.1,yf_premarket,0.1160785154993028,0.8661353777867447,0.10089853987270686,0.8,4.0,strong ✓,0.0,6.7568,6.7143,0.043,steady,12:18:30,2026-07-08 12:18:30
MGTX,14.6971,14.66,0.0025,1.2479,1570360,3,0.8305,0.96,0.0655,84.9,yf_premarket,0.26770352890700416,0.8290124079491576,0.11999251216772745,0.6,4.0,strong ✓,0.021496130696474634,6.7518,6.6184,0.133,steady,12:18:30,2026-07-08 12:18:30
ARVN,8.66,8.59,0.0081,0.885,954170,4,0.7559,0.446,0.0519,81.6,yf_premarket,0.18985305159283491,0.7537576919197014,0.09453388244103332,0.8,4.0,strong ✓,0.06964746345657781,6.744,6.5701,0.174,steady,12:18:30,2026-07-08 12:18:30
ALKS,55.16,55.22,-0.0011,0.5799,2964880,3,0.9559,2.47,0.0447,80.0,yf_premarket,0.1244020165182881,0.9555129627761525,0.08105578435043055,0.6,4.0,strong ✓,0.0,6.7382,6.6908,0.047,steady,12:18:30,2026-07-08 12:18:30
CSTE,2.41,2.41,-0.0,0.9723,275750,4,0.7439,0.248,0.1029,80.9,yf_premarket,0.20858092888555185,0.7416523756683143,0.19000374391613628,0.8,4.0,strong ✓,-0.0,6.6912,6.6146,0.077,steady,12:18:30,2026-07-08 12:18:30
FITB,57.71,57.92,-0.0036,0.7912,7467200,3,0.8945,1.1681,0.0202,83.6,yf_premarket,0.1697307733562158,0.893574094623222,0.03519281168101834,0.6,4.0,strong ✓,0.0,6.6593,6.5954,0.064,steady,12:18:30,2026-07-08 12:18:30
EIG,51.59,51.62,-0.0006,0.5535,285440,3,0.9181,1.3,0.0252,80.2,yf_premarket,0.11873860345382387,0.9173812165842833,0.04455260202171472,0.6,4.0,strong ✓,0.0,6.6351,6.5907,0.044,steady,12:18:30,2026-07-08 12:18:30
DGICA,19.24,19.24,0.0,0.44,209980,4,0.8349,0.544,0.0283,83.2,yf_premarket,0.09439021774107047,0.8334510239079995,0.05035567203294646,0.8,4.0,strong ✓,0.0,6.6337,6.6002,0.034,steady,12:18:30,2026-07-08 12:18:30
ETON,37.0,37.74,-0.0196,0.7537,530740,3,0.8694,1.539,0.0408,86.0,yf_premarket,0.16168615252601093,0.8682538081307374,0.07375514788468739,0.6,4.0,strong ✓,0.0,6.6159,6.5555,0.06,steady,12:18:30,2026-07-08 12:18:30
BLZE,15.69,15.84,-0.0095,0.33,8998130,3,0.8911,1.6823,0.1062,87.9,yf_premarket,0.07079266330580285,0.8901442550186623,0.19618120554099588,0.6,4.0,strong ✓,0.0,6.5846,6.5593,0.025,steady,12:18:30,2026-07-08 12:18:30
DMAC,7.99,7.99,0.0,0.7651,353400,3,0.8051,0.5736,0.0718,87.1,yf_premarket,0.1641317172583932,0.8033894885503884,0.13178584799700488,0.6,4.0,strong ✓,0.0,6.5189,6.4586,0.06,steady,12:18:30,2026-07-08 12:18:30
ACAD,26.1,26.2,-0.0038,0.7796,2147970,3,0.7906,0.979,0.0374,88.3,yf_premarket,0.16724230397940576,0.7887622314132956,0.06739049045301386,0.6,4.0,strong ✓,0.0,6.4621,6.4009,0.061,steady,12:18:30,2026-07-08 12:18:30
APEI,59.34,59.34,-0.0,1.4031,356770,5,0.9783,2.445,0.0412,75.5,yf_premarket,0.3009975329829454,0.978109553112075,0.07450393111194309,1.0,3.0,good,-0.0,6.445,6.3282,0.117,steady,12:18:30,2026-07-08 12:18:30
ESNT,64.02,64.6,-0.009,0.486,1083070,3,0.8315,1.496,0.0232,80.5,yf_premarket,0.1042582859594551,0.83002118430344,0.040808685885436166,0.6,4.0,strong ✓,0.0,6.4368,6.4389,-0.002,steady,12:18:30,2026-07-08 12:18:30
ALXO,2.4697,2.36,0.0465,0.697,2606290,3,0.9503,0.2034,0.0862,76.7,yf_premarket,0.14952268583074116,0.9498638151921719,0.15874204417821042,0.6,3.0,good,0.3998280309544282,6.4031,6.2031,0.2,steady,12:18:30,2026-07-08 12:18:30
ALHC,23.94,24.05,-0.0046,0.9111,4614320,3,0.7242,0.9761,0.0406,81.2,yf_premarket,0.19545210769065752,0.7217794814889539,0.07338075627105953,0.6,4.0,strong ✓,0.0,6.3734,6.3024,0.071,steady,12:18:30,2026-07-08 12:18:30
ENGS,2.7916,2.83,-0.0136,2.7655,1319210,2,1.0,0.241,0.0852,75.0,yf_premarket,0.5932639708248417,1.0,0.15687008611007114,0.4,3.0,good,0.0,6.3683,6.1369,0.231,steady,12:18:30,2026-07-08 12:18:30
CON,31.7,31.63,0.0022,0.7946,1302350,2,0.8314,0.8225,0.026,83.5,yf_premarket,0.1704601523114877,0.8299203066680118,0.04605016847622613,0.4,4.0,strong ✓,0.01891659501289768,6.3669,6.3501,0.017,steady,12:18:30,2026-07-08 12:18:30
DNLI,25.9,26.31,-0.0156,0.6987,2057090,2,0.8511,1.1245,0.0427,83.9,yf_premarket,0.14988737530837712,0.8497932008473721,0.07731186821415201,0.4,4.0,strong ✓,0.0,6.3631,6.3597,0.003,steady,12:18:30,2026-07-08 12:18:30
NIQ,10.98,11.0,-0.0018,1.7119,1559330,4,0.9652,0.5665,0.0515,78.8,yf_premarket,0.36724230397940577,0.9648945828709774,0.0937850992137776,0.8,3.0,good,0.0,6.3275,6.1851,0.142,steady,12:18:30,2026-07-08 12:18:30
IRWD,4.71,4.47,0.0537,1.1903,2879720,3,0.7802,0.242,0.0541,74.1,yf_premarket,0.2553469913118095,0.7782709573287602,0.09865219019093972,0.6,3.0,good,0.46173688736027513,6.2815,6.2626,0.019,steady,12:18:30,2026-07-08 12:18:30
FIVN,24.6254,24.985,-0.0144,1.3393,2617890,5,0.9006,1.1634,0.0466,76.5,yf_premarket,0.2873109514104902,0.8997276303843438,0.08461250467989517,1.0,3.0,good,0.0,6.2727,6.1627,0.11,steady,12:18:30,2026-07-08 12:18:30
ALMS,29.84,29.27,0.0195,1.4847,2101990,3,0.928,1.6547,0.0565,78.3,yf_premarket,0.31850262790947115,0.9273681024916777,0.10314488955447398,0.6,3.0,good,0.16766981943250214,6.2356,5.9252,0.31,rising,12:18:30,2026-07-08 12:18:30
BLCO,17.1209,17.1,0.0012,0.8337,386730,1,0.8615,0.468,0.0274,89.5,yf_premarket,0.17884801029711467,0.8602844749319076,0.04867090977162112,0.2,4.0,strong ✓,0.010318142734307824,6.2287,6.158,0.071,steady,12:18:30,2026-07-08 12:18:30
BCRX,10.9,10.99,-0.0082,1.2467,8231150,4,0.9793,0.63,0.0573,74.8,yf_premarket,0.2674461010404376,0.9791183294663572,0.10464245600898539,0.8,3.0,good,0.0,6.2117,6.1081,0.104,steady,12:18:30,2026-07-08 12:18:30
AVO,13.4797,13.45,0.0022,1.1373,1564300,4,0.9867,0.4834,0.0359,72.3,yf_premarket,0.24397726053845328,0.9865832744880461,0.06458255335080494,0.8,3.0,good,0.01891659501289768,6.1998,6.0768,0.123,steady,12:18:30,2026-07-08 12:18:30
EWTX,44.4,43.13,0.0294,1.0017,1278980,3,0.8988,2.586,0.06,72.8,yf_premarket,0.21488791161643248,0.8979118329466358,0.10969674279296143,0.6,3.0,good,0.2527944969905417,6.1522,5.764,0.388,rising,12:18:30,2026-07-08 12:18:30
CMPX,2.2396,2.32,-0.0347,0.9417,3409950,4,1.0,0.108,0.0466,71.2,yf_premarket,0.20201651828810469,1.0,0.08461250467989517,0.8,3.0,good,0.0,6.1453,6.0669,0.078,steady,12:18:30,2026-07-08 12:18:30
ALRM,50.08,50.84,-0.0149,0.6942,653090,5,0.9419,1.5175,0.0298,72.3,yf_premarket,0.14892202080875255,0.9413900938162009,0.053163609135155374,1.0,3.0,good,0.0,6.1327,6.0761,0.057,steady,12:18:30,2026-07-08 12:18:30
IMMX,12.0,12.02,-0.0017,1.6329,2595550,3,0.9595,0.8845,0.0736,78.0,yf_premarket,0.35029496943044086,0.9591445576515687,0.13515537251965556,0.6,3.0,good,0.0,6.1113,5.9756,0.136,steady,12:18:30,2026-07-08 12:18:30
CERT,7.1119,7.17,-0.0081,0.7449,5449420,5,0.8924,0.3975,0.0554,79.0,yf_premarket,0.1597983481711895,0.8914556642792293,0.10108573567952078,1.0,3.0,good,0.0,6.0732,6.0131,0.06,steady,12:18:30,2026-07-08 12:18:30
CNTA,40.5,40.5,0.0,0.0,2745033,1,0.9333,0.155,0.0038,87.7,prev_close,0.0,0.9327146171693735,0.0044926993635342576,0.2,4.0,strong ✓,0.0,6.0677,6.0694,-0.002,steady,12:18:30,2026-07-08 12:18:30
BOX,28.42,28.85,-0.0149,1.1322,2258940,4,0.9252,0.9538,0.0331,73.7,yf_premarket,0.24288319210554543,0.9245435286996873,0.05934107076001497,0.8,3.0,good,0.0,6.0431,5.95,0.093,steady,12:18:30,2026-07-08 12:18:30
BHF,65.27,65.27,0.0,0.9959,454050,4,0.9488,0.6559,0.01,72.6,yf_premarket,0.21364367692802747,0.9483506506607485,0.016098839385997755,0.8,3.0,good,0.0,6.0252,5.9432,0.082,steady,12:18:30,2026-07-08 12:18:30
DYN,24.2,23.83,0.0155,1.1978,2553530,3,0.8911,1.1759,0.0493,78.5,yf_premarket,0.25695591547785046,0.8901442550186623,0.0896667914638712,0.6,3.0,good,0.13327601031814273,6.0105,5.7125,0.298,steady,12:18:30,2026-07-08 12:18:30
CRIS,5.23,5.29,-0.0113,0.0118,17444710,2,0.779,0.286,0.0541,84.6,yf_premarket,0.0025313740212377987,0.7770604257036215,0.09865219019093972,0.4,4.0,strong ✓,0.0,6.0072,6.0106,-0.003,steady,12:18:30,2026-07-08 12:18:30
CLBK,21.465,21.465,-0.0,0.9486,504440,4,0.9384,0.4315,0.0201,73.5,yf_premarket,0.20349672852086237,0.9378593765762131,0.03500561587420442,0.8,3.0,good,-0.0,5.9985,5.9206,0.078,steady,12:18:30,2026-07-08 12:18:30
BEAM,37.1,37.92,-0.0216,1.3593,2898090,3,0.9378,2.8502,0.0752,73.2,yf_premarket,0.2916014158532661,0.9372541107636436,0.1381505054286784,0.6,3.0,good,0.0,5.981,5.8686,0.112,steady,12:18:30,2026-07-08 12:18:30
INDO,2.89,2.88,0.0035,1.4991,240010,3,0.9041,0.115,0.0399,71.9,yf_premarket,0.32159176230826986,0.9032583476243317,0.07207038562336203,0.6,3.0,good,0.03009458297506449,5.9701,5.938,0.032,steady,12:18:30,2026-07-08 12:18:30
BAND,65.5,67.56,-0.0305,1.4139,1303600,3,0.9268,4.5196,0.0669,77.3,yf_premarket,0.3033143837820444,0.9261575708665388,0.12261325346312243,0.6,3.0,good,0.0,5.9686,5.8518,0.117,steady,12:18:30,2026-07-08 12:18:30
CGEM,17.35,18.16,-0.0446,0.5786,1236130,3,0.557,1.0861,0.0598,81.1,yf_premarket,0.12412313632950767,0.5531120750529608,0.10932235117933359,0.6,4.0,strong ✓,0.0,5.9471,5.9068,0.04,steady,12:18:30,2026-07-08 12:18:30
BRO,69.59,69.27,0.0046,0.7803,3106410,4,0.8918,2.046,0.0295,76.8,yf_premarket,0.16739247023490292,0.8908503984666599,0.05260202171471359,0.8,3.0,good,0.03955288048151333,5.9184,5.8049,0.114,steady,12:18:30,2026-07-08 12:18:30
HCAT,2.27,2.27,0.0,0.8682,2216820,4,0.8611,0.1756,0.0774,77.2,yf_premarket,0.18624906146090314,0.8598809643901947,0.1422688131785848,0.8,3.0,good,0.0,5.8703,5.8004,0.07,steady,12:18:30,2026-07-08 12:18:30
IMCR,32.1975,33.4,-0.036,1.5015,796360,3,0.8759,1.3793,0.0413,79.0,yf_premarket,0.322106618041403,0.8748108544335721,0.07469112691875703,0.6,3.0,good,0.0,5.8701,5.7469,0.123,steady,12:18:30,2026-07-08 12:18:30
EE,39.29,38.78,0.0132,0.5778,423140,4,0.8364,1.2475,0.0322,76.7,yf_premarket,0.12395151775179662,0.834964188439423,0.05765630849868963,0.8,3.0,good,0.11349957007738606,5.8549,5.7693,0.086,steady,12:18:30,2026-07-08 12:18:30
ACHC,31.73,31.92,-0.006,0.6188,4448010,4,0.9016,1.53,0.0479,76.9,yf_premarket,0.13274696985948728,0.900736406738626,0.08704605016847622,0.8,3.0,good,0.0,5.8441,5.7945,0.05,steady,12:18:30,2026-07-08 12:18:30
CCC,5.61,5.66,-0.0088,0.7651,10300840,4,0.8742,0.3064,0.0541,73.5,yf_premarket,0.1641317172583932,0.8730959346312922,0.09865219019093972,0.8,3.0,good,0.0,5.8417,5.7803,0.061,steady,12:18:30,2026-07-08 12:18:30
NKTX,3.3001,3.38,-0.0236,1.3006,902120,4,0.7702,0.2711,0.0802,70.5,yf_premarket,0.27900890271371875,0.7681831937859377,0.14751029576937474,0.8,3.0,good,0.0,5.8286,5.7241,0.104,steady,12:18:30,2026-07-08 12:18:30
CART,47.42,48.08,-0.0137,0.9348,4430040,4,0.8378,1.7955,0.0373,70.0,yf_premarket,0.20053630805534697,0.8363764753354181,0.06720329464619992,0.8,3.0,good,0.0,5.8072,5.7321,0.075,steady,12:18:30,2026-07-08 12:18:30
CGEN,2.3305,2.39,-0.0249,0.8103,272360,3,0.9524,0.087,0.0364,79.4,yf_premarket,0.17382816689906683,0.9519822455361646,0.06551853238487458,0.6,3.0,good,0.0,5.7975,5.7309,0.067,steady,12:18:30,2026-07-08 12:18:30
BMRN,59.8555,60.35,-0.0082,0.7745,1979800,3,0.9604,1.642,0.0272,72.2,yf_premarket,0.1661482355464979,0.9600524563704227,0.04829651815799326,0.6,3.0,good,0.0,5.7935,5.7298,0.064,steady,12:18:30,2026-07-08 12:18:30
EXPO,62.21,62.07,0.0023,1.0925,616010,4,0.792,1.855,0.0299,70.3,yf_premarket,0.2343666201866352,0.7901745183092909,0.0533508049419693,0.8,3.0,good,0.019776440240756664,5.7882,5.679,0.109,steady,12:18:30,2026-07-08 12:18:30
ERAS,18.6,18.36,0.0131,0.8184,6405020,3,0.8428,1.1758,0.064,72.6,yf_premarket,0.17556580499839108,0.8414203571068294,0.11718457506551853,0.6,3.0,good,0.11263972484952708,5.7737,5.7477,0.026,steady,12:18:30,2026-07-08 12:18:30
OOMA,20.22,20.2,0.001,0.7725,372320,3,0.9375,0.7553,0.0374,74.8,yf_premarket,0.1657191891022203,0.936951477857359,0.06739049045301386,0.6,3.0,good,0.008598452278589854,5.7691,6.082,-0.313,fading,12:18:30,2026-07-08 12:18:30
BBVA,25.15,26.07,-0.0353,1.329,1340350,3,0.8636,0.354,0.0136,76.4,yf_premarket,0.2851013622224606,0.8624029052759004,0.022837888431299136,0.6,3.0,good,0.0,5.7639,5.6554,0.108,steady,12:18:30,2026-07-08 12:18:30
ABEO,6.5,6.55,-0.0076,0.9996,1664200,3,0.8957,0.308,0.047,74.7,yf_premarket,0.214437412849941,0.8947846262483607,0.08536128790715088,0.6,3.0,good,0.0,5.7539,5.6724,0.082,steady,12:18:30,2026-07-08 12:18:30
FATE,2.9063,3.02,-0.0376,0.3798,6372240,4,0.8643,0.323,0.107,75.1,yf_premarket,0.08147591976831492,0.8631090487238978,0.1976787719955073,0.8,3.0,good,0.0,5.7473,5.7183,0.029,steady,12:18:30,2026-07-08 12:18:30
TTEK,30.6858,30.93,-0.0079,0.8788,3305210,4,0.8206,0.903,0.0292,71.4,yf_premarket,0.1885230076155744,0.8190255220417634,0.05204043429427181,0.8,3.0,good,0.0,5.7469,5.6769,0.07,steady,12:18:30,2026-07-08 12:18:30
CLNE,2.0964,2.13,-0.0158,0.5565,2049180,3,0.9592,0.115,0.054,71.0,yf_premarket,0.11938217312024026,0.9588419247452841,0.0984649943841258,0.6,3.0,good,0.0,5.746,5.7005,0.046,steady,12:18:30,2026-07-08 12:18:30
BBSI,38.22,38.05,0.0045,0.6978,289920,3,0.912,1.388,0.0365,74.4,yf_premarket,0.14969430440845222,0.9112276808231615,0.0657057281916885,0.6,3.0,good,0.03869303525365434,5.7379,5.6676,0.07,steady,12:18:30,2026-07-08 12:18:30
CYH,3.68,3.82,-0.0366,0.9756,1977000,3,0.8936,0.154,0.0403,73.9,yf_premarket,0.20928885551860987,0.8926661959043679,0.07281916885061775,0.6,3.0,good,0.0,5.7357,5.6563,0.079,steady,12:18:30,2026-07-08 12:18:30
FBRX,22.88,22.25,0.0283,0.8061,621120,2,0.8158,1.8785,0.0844,75.5,yf_premarket,0.17292716936608388,0.8141833955412084,0.15537251965555973,0.4,3.0,good,0.24333619948409285,5.7304,5.5796,0.151,steady,12:18:30,2026-07-08 12:18:30
EQR,70.16,70.15,0.0001,0.8784,2866810,4,0.8155,1.1349,0.0162,73.2,yf_premarket,0.18843719832671885,0.8138807626349238,0.02770497940846125,0.8,3.0,good,0.0008598452278589854,5.7256,5.6554,0.07,steady,12:18:30,2026-07-08 12:18:30
TNET,56.0,55.85,0.0027,0.8187,383430,3,0.8978,2.0624,0.0369,73.7,yf_premarket,0.1756301619650327,0.8969030565923535,0.06645451141894422,0.6,3.0,good,0.023215821152192607,5.7253,5.6467,0.079,steady,12:18:30,2026-07-08 12:18:30
CRTO,23.23,23.16,0.003,1.621,622580,3,0.7497,1.4081,0.0608,76.4,yf_premarket,0.34774214308698914,0.7475032785231515,0.11119430924747285,0.6,3.0,good,0.025795356835769563,5.7109,5.5707,0.14,steady,12:18:30,2026-07-08 12:18:30
NHP,15.45,15.5,-0.0032,0.3252,1420450,3,0.9801,0.739,0.0477,72.1,yf_premarket,0.06976295183953662,0.9799253505497831,0.08667165855484837,0.6,3.0,good,0.0,5.7078,5.6814,0.026,steady,12:18:30,2026-07-08 12:18:30
ASMB,28.3,28.97,-0.0231,0.4906,362420,4,0.835,1.837,0.0634,72.9,yf_premarket,0.10524509278129357,0.8335519015434277,0.11606140022463497,0.8,3.0,good,0.0,5.683,5.6453,0.038,steady,12:18:30,2026-07-08 12:18:30
FLYW,18.5,18.55,-0.0027,0.7561,3112270,3,0.9,0.7985,0.043,77.6,yf_premarket,0.16220100825914405,0.8991223645717744,0.07787345563459377,0.6,3.0,good,0.0,5.6805,5.6194,0.061,steady,12:18:30,2026-07-08 12:18:30
DK,53.8,52.32,0.0283,0.6695,1239950,2,0.8232,2.547,0.0487,71.1,yf_premarket,0.14362329722192427,0.8216483405628973,0.08854361662298765,0.4,3.0,good,0.24333619948409285,5.668,5.5825,0.086,steady,12:18:30,2026-07-08 12:18:30
CTMX,3.8,3.84,-0.0104,0.4474,7139270,3,0.9326,0.2514,0.0655,77.4,yf_premarket,0.09597768958489757,0.932008473721376,0.11999251216772745,0.6,3.0,good,0.0,5.668,5.6577,0.01,steady,12:18:30,2026-07-08 12:18:30
RYAN,41.38,41.58,-0.0048,0.7133,2963640,3,0.8989,1.6993,0.0409,70.8,yf_premarket,0.15301941435160357,0.898012710582064,0.07394234369150131,0.6,3.0,good,0.0,5.6625,5.605,0.057,steady,12:18:30,2026-07-08 12:18:30
ZLAB,19.4,19.35,0.0026,0.6528,928490,3,0.8908,0.674,0.0348,76.6,yf_premarket,0.14004075941220637,0.8898416221123777,0.06252339947585174,0.6,3.0,good,0.02235597592433362,5.6545,5.5687,0.086,steady,12:18:30,2026-07-08 12:18:30
OHI,49.42,49.62,-0.004,0.7374,2017020,3,0.8994,0.899,0.0181,77.7,yf_premarket,0.15818942400514857,0.898517098759205,0.03126169973792588,0.6,3.0,good,0.0,5.6499,5.5904,0.059,steady,12:18:30,2026-07-08 12:18:30
ARDT,10.51,10.82,-0.0287,0.6909,582710,3,0.8976,0.4005,0.037,73.9,yf_premarket,0.1482140941756945,0.896701301321497,0.06664170722575814,0.6,3.0,good,0.0,5.649,5.5934,0.056,steady,12:18:30,2026-07-08 12:18:30
CUZ,30.89,30.75,0.0046,0.8036,1592050,3,0.8528,0.6355,0.0207,72.8,yf_premarket,0.1723908613107369,0.851508120649652,0.03612879071508798,0.6,3.0,good,0.03955288048151333,5.639,5.595,0.044,steady,12:18:30,2026-07-08 12:18:30
AVIR,4.88,4.88,-0.0,0.6939,443860,4,0.7891,0.2154,0.0441,72.3,yf_premarket,0.14885766384211088,0.7872490668818724,0.07993260950954699,0.8,3.0,good,-0.0,5.6378,5.5838,0.054,steady,12:18:30,2026-07-08 12:18:30
DLO,14.6142,14.88,-0.0179,0.47,4611690,4,0.8233,0.658,0.0442,76.2,yf_premarket,0.10082591440523436,0.8217492181983255,0.08011980531636093,0.8,3.0,good,0.0,5.6348,5.599,0.036,steady,12:18:30,2026-07-08 12:18:30
FLGT,20.6,21.02,-0.02,0.9463,277070,3,0.8492,0.7207,0.0343,76.4,yf_premarket,0.20300332510994315,0.8478765257742358,0.0615874204417821,0.6,3.0,good,0.0,5.6311,5.6639,-0.033,steady,12:18:30,2026-07-08 12:18:30
AGNC,11.06,11.12,-0.0054,0.787,18261430,3,0.8776,0.1989,0.0179,74.1,yf_premarket,0.16882977582323286,0.876525774235852,0.030887308124298015,0.6,3.0,good,0.0,5.6217,5.5584,0.063,steady,12:18:30,2026-07-08 12:18:30
DCTH,12.5,13.44,-0.0699,0.7258,544950,3,0.8745,0.5878,0.0437,71.2,yf_premarket,0.15570095462833852,0.8733985675375769,0.07918382628229129,0.6,3.0,good,0.0,5.6199,5.5618,0.058,steady,12:18:30,2026-07-08 12:18:30
TRUP,27.05,27.05,0.0,0.8151,409890,3,0.8627,1.0144,0.0375,72.5,yf_premarket,0.17485787836533306,0.8614950065570464,0.06757768625982778,0.6,3.0,good,0.0,5.6191,5.5537,0.065,steady,12:18:30,2026-07-08 12:18:30
CBSH,58.89,58.84,0.0008,0.5962,1280690,3,0.9005,0.933,0.0159,78.3,yf_premarket,0.12789874503915047,0.8996267527489156,0.027143391988019468,0.6,3.0,good,0.006878761822871883,5.615,5.557,0.058,steady,12:18:30,2026-07-08 12:18:30
GLBE,36.95,36.92,0.0008,0.8211,1698330,3,0.8408,1.7536,0.0475,70.9,yf_premarket,0.17614501769816582,0.8394028043982649,0.08629726694122052,0.6,3.0,good,0.006878761822871883,5.5965,5.5285,0.068,steady,12:18:30,2026-07-08 12:18:30
ACIC,11.69,11.52,0.0148,0.5035,422650,3,0.8,0.303,0.0263,76.9,yf_premarket,0.10801244234688404,0.7982447291435489,0.04661175589666792,0.6,3.0,good,0.12725709372312985,5.5727,5.489,0.084,steady,12:18:30,2026-07-08 12:18:30
EBC,22.52,22.52,-0.0,0.8522,2930450,3,0.8381,0.4615,0.0205,77.2,yf_premarket,0.18281668990668237,0.8366791082417028,0.03575439910146013,0.6,3.0,good,-0.0,5.5655,5.4974,0.068,steady,12:18:30,2026-07-08 12:18:30
COLD,16.02,16.25,-0.0142,1.0184,5329060,3,0.8018,0.5124,0.0315,75.4,yf_premarket,0.21847044942615038,0.8000605265812569,0.056345937850992144,0.6,3.0,good,0.0,5.556,5.4746,0.081,steady,12:18:30,2026-07-08 12:18:30
FHB,29.85,30.23,-0.0126,0.7001,2109010,3,0.8485,0.6334,0.021,72.7,yf_premarket,0.15018770781937144,0.8471703823262383,0.03669037813552977,0.6,3.0,good,0.0,5.538,5.4825,0.056,steady,12:18:30,2026-07-08 12:18:30
AMCR,43.8241,44.45,-0.0141,0.8512,3219330,3,0.823,1.055,0.0237,73.1,yf_premarket,0.18260216668454357,0.8214465852920407,0.041744664919505806,0.6,3.0,good,0.0,5.5377,5.4699,0.068,steady,12:18:30,2026-07-08 12:18:30
CBC,31.17,31.17,-0.0,0.8396,865320,3,0.799,0.9141,0.0293,77.1,yf_premarket,0.18011369730773355,0.7972359527892666,0.052227630101085734,0.6,3.0,good,-0.0,5.4908,5.4244,0.066,steady,12:18:30,2026-07-08 12:18:30
COMP,11.6275,11.88,-0.0213,1.0339,18685530,4,0.6381,0.7085,0.0596,75.1,yf_premarket,0.22179555936930173,0.6349238373852517,0.10894795956570573,0.8,3.0,good,0.0,5.457,5.3772,0.08,steady,12:18:30,2026-07-08 12:18:30
ALKT,18.49,18.51,-0.0011,0.5936,2936510,3,0.8032,0.798,0.0431,75.2,yf_premarket,0.1273409846615896,0.8014728134772521,0.07806065144140771,0.6,3.0,good,0.0,5.433,5.3872,0.046,steady,12:18:30,2026-07-08 12:18:30
BJRI,60.23,60.26,-0.0005,0.5953,622190,3,0.8004,2.377,0.0394,75.9,yf_premarket,0.12770567413922557,0.7986482396852618,0.0711344065892924,0.6,3.0,good,0.0,5.4244,5.3785,0.046,steady,12:18:30,2026-07-08 12:18:30
FHN,26.27,25.76,0.0198,0.7408,3893830,3,0.6584,0.458,0.0178,71.9,yf_premarket,0.15891880296042046,0.6554019973771814,0.03070011231748409,0.6,3.0,good,0.1702493551160791,5.4199,5.109,0.311,rising,12:18:30,2026-07-08 12:18:30
CARS,11.18,11.22,-0.0036,0.8924,767040,3,0.75,0.421,0.0375,71.8,yf_premarket,0.191440523436662,0.7478059114294361,0.06757768625982778,0.6,3.0,good,0.0,5.4166,5.3466,0.07,steady,12:18:30,2026-07-08 12:18:30
CRSP,59.53,60.77,-0.0204,0.8741,1907320,3,0.7402,3.4597,0.0569,74.3,yf_premarket,0.18751474847152202,0.7379199031574699,0.10389367278172969,0.6,3.0,good,0.0,5.4091,5.3408,0.068,steady,12:18:30,2026-07-08 12:18:30
ATEN,36.4239,36.52,-0.0026,0.6557,1257710,4,0.6776,1.507,0.0413,74.6,yf_premarket,0.14066287675640887,0.6747705033794007,0.07469112691875703,0.8,3.0,good,0.0,5.3979,5.3491,0.049,steady,12:18:30,2026-07-08 12:18:30
CERS,3.16,3.22,-0.0186,0.8242,3741440,3,0.7368,0.194,0.0602,77.3,yf_premarket,0.1768100396867961,0.7344900635529104,0.11007113440658929,0.6,3.0,good,0.0,5.3892,5.3252,0.064,steady,12:18:30,2026-07-08 12:18:30
CFG,71.05,71.78,-0.0102,1.2081,4806700,2,0.7885,1.4649,0.0204,76.5,yf_premarket,0.25916550466588006,0.7866438010693029,0.0355672032946462,0.4,3.0,good,0.0,5.3798,5.2828,0.097,steady,12:18:30,2026-07-08 12:18:30
ACVA,7.27,7.29,-0.0027,0.6858,3286840,3,0.7581,0.3072,0.0421,75.8,yf_premarket,0.14712002574278665,0.7559769998991224,0.07618869337326843,0.6,3.0,good,0.0,5.3707,5.318,0.053,steady,12:18:30,2026-07-08 12:18:30
ES,74.68,74.75,-0.0009,0.7713,2754810,2,0.8472,1.33,0.0178,71.9,yf_premarket,0.16546176123565376,0.8458589730656713,0.03070011231748409,0.4,3.0,good,0.0,5.3553,5.2938,0.061,steady,12:18:30,2026-07-08 12:18:30
FA,20.003,20.06,-0.0028,0.9035,1891230,2,0.8106,0.8435,0.042,73.4,yf_premarket,0.19382173120240265,0.8089377584989408,0.07600149756645452,0.4,3.0,good,0.0,5.3466,5.2747,0.072,steady,12:18:30,2026-07-08 12:18:30
FIBK,39.14,39.16,-0.0005,0.7854,1080460,2,0.8388,0.691,0.0176,75.8,yf_premarket,0.16848653866781077,0.8373852516897003,0.030325720703856238,0.4,3.0,good,0.0,5.3427,5.2802,0.062,steady,12:18:30,2026-07-08 12:18:30
AARD,5.44,5.44,-0.0,0.7227,362090,3,0.6988,0.65,0.1195,71.3,yf_premarket,0.15503593263970825,0.6961565620901846,0.22107824784724822,0.6,3.0,good,-0.0,5.3354,5.2805,0.055,steady,12:18:30,2026-07-08 12:18:30
BTSG,69.8559,70.17,-0.0045,1.019,3896350,3,0.6922,2.231,0.0318,78.5,yf_premarket,0.21859916335943363,0.6894986381519217,0.056907525271433924,0.6,3.0,good,0.0,5.3353,5.2558,0.08,steady,12:18:30,2026-07-08 12:18:30
CWT,49.69,49.69,0.0,0.5315,676800,3,0.7659,1.169,0.0235,78.4,yf_premarket,0.11401909256677034,0.763845455462524,0.041370273305877954,0.6,3.0,good,0.0,5.3194,5.2795,0.04,steady,12:18:30,2026-07-08 12:18:30
ABSI,10.8889,11.33,-0.0389,0.3955,10481240,2,0.8453,1.1527,0.1017,75.0,yf_premarket,0.08484393435589403,0.8439422979925351,0.18775739423436916,0.4,3.0,good,0.0,5.309,5.279,0.03,steady,12:18:30,2026-07-08 12:18:30
AMTB,25.38,25.55,-0.0067,0.8089,440370,3,0.6902,0.755,0.0295,70.4,yf_premarket,0.17352783438807248,0.6874810854433572,0.05260202171471359,0.6,3.0,good,0.0,5.2616,5.1997,0.062,steady,12:18:30,2026-07-08 12:18:30
DSGN,14.85,14.71,0.0095,0.8715,1254410,3,0.5934,1.0793,0.0734,75.0,yf_premarket,0.18695698809396116,0.5898315343488348,0.13478098090602772,0.6,3.0,good,0.08168529664660361,5.25,5.3292,-0.079,steady,12:18:30,2026-07-08 12:18:30
ATAI,5.18,5.19,-0.0019,0.5462,14091630,2,0.7885,0.4699,0.0905,72.9,yf_premarket,0.11717258393221067,0.7866438010693029,0.16679146387120927,0.4,3.0,good,0.0,5.2324,5.1908,0.042,steady,12:18:30,2026-07-08 12:18:30
FFBC,34.27,34.31,-0.0012,0.765,1249810,2,0.7767,0.707,0.0206,77.1,yf_premarket,0.16411026493617933,0.7747402400887723,0.03594159490827406,0.4,3.0,good,0.0,5.2136,5.1539,0.06,steady,12:18:30,2026-07-08 12:18:30
DT,44.0,45.11,-0.0246,0.6463,6581590,2,0.7834,1.6065,0.0356,70.1,yf_premarket,0.1386463584683042,0.7814990416624634,0.06402096593036316,0.4,3.0,good,0.0,5.203,5.1531,0.05,steady,12:18:30,2026-07-08 12:18:30
FDMT,12.81,12.82,-0.0008,0.4634,1404470,3,0.6878,1.017,0.0793,76.9,yf_premarket,0.0994100611391183,0.6850600221930797,0.14582553350804942,0.6,3.0,good,0.0,5.1921,5.1593,0.033,steady,12:18:30,2026-07-08 12:18:30
CBL,53.25,53.53,-0.0052,0.8549,439010,3,0.6441,1.7097,0.0319,71.2,yf_premarket,0.18339590260645713,0.6409764955109453,0.05709472107824785,0.6,3.0,good,0.0,5.1856,5.1207,0.065,steady,12:18:30,2026-07-08 12:18:30
ACT,45.5,45.5,0.0,0.6905,317290,2,0.7607,0.9559,0.021,77.4,yf_premarket,0.148128284886839,0.7585998184202563,0.03669037813552977,0.4,3.0,good,0.0,5.1577,5.1046,0.053,steady,12:18:30,2026-07-08 12:18:30
BKV,27.19,26.73,0.0172,0.819,1019610,2,0.6083,0.937,0.0351,77.1,yf_premarket,0.17569451893167434,0.6048623020276404,0.06308498689629352,0.4,3.0,good,0.14789337919174547,5.1266,4.9467,0.18,steady,12:18:30,2026-07-08 12:18:30
AMLX,18.0,18.17,-0.0094,0.695,2182790,2,0.7151,1.1063,0.0609,77.8,yf_premarket,0.14909363938646356,0.7125996166649853,0.11138150505428679,0.4,3.0,good,0.0,5.1045,5.4466,-0.342,fading,12:18:30,2026-07-08 12:18:30
ALRS,30.57,31.04,-0.0151,0.5725,386020,3,0.6501,0.7106,0.0229,71.7,yf_premarket,0.12281454467446101,0.6470291536366387,0.040247098464994385,0.6,3.0,good,0.0,5.0984,5.0571,0.041,steady,12:18:30,2026-07-08 12:18:30
NVST,27.03,27.13,-0.0037,0.6962,2412970,2,0.7169,0.706,0.026,70.1,yf_premarket,0.14935106725303016,0.7144154141026934,0.04605016847622613,0.4,3.0,good,0.0,5.0759,5.023,0.053,steady,12:18:30,2026-07-08 12:18:30
BMRC,28.53,28.41,0.0042,0.7238,246070,3,0.5692,1.022,0.036,75.2,yf_premarket,0.15527190818406092,0.5654191465752043,0.06476974915761886,0.6,3.0,good,0.03611349957007738,5.0503,4.9848,0.066,steady,12:18:30,2026-07-08 12:18:30
CSTL,23.6965,23.83,-0.0056,0.6092,384430,2,0.7074,0.9503,0.0399,73.0,yf_premarket,0.13068754692695483,0.7048320387370121,0.07207038562336203,0.4,3.0,good,0.0,5.0417,4.9963,0.045,steady,12:18:30,2026-07-08 12:18:30
ABCL,7.48,7.69,-0.0273,0.7939,10134440,1,0.7475,0.7555,0.0982,74.9,yf_premarket,0.17030998605599057,0.7452839705437305,0.18120554099588168,0.2,3.0,good,0.0,5.0366,4.975,0.062,steady,12:18:30,2026-07-08 12:18:30
AVBP,34.66,34.18,0.014,0.5268,763650,2,0.5901,1.7095,0.05,72.1,yf_premarket,0.11301083342271802,0.5865025723797034,0.09097716211156871,0.4,3.0,good,0.12037833190025796,4.9686,4.8891,0.08,steady,12:18:30,2026-07-08 12:18:30
UFCS,52.55,52.52,0.0006,0.6385,202190,2,0.6631,1.802,0.0343,72.6,yf_premarket,0.13697307733562156,0.6601432462423081,0.0615874204417821,0.4,3.0,good,0.005159071367153912,4.9643,4.9153,0.049,steady,12:18:30,2026-07-08 12:18:30
BKD,15.35,15.42,-0.0045,0.614,5601640,2,0.6537,0.612,0.0397,73.8,yf_premarket,0.13171725839322107,0.6506607485120548,0.07169599400973418,0.4,3.0,good,0.0,4.9347,4.8899,0.045,steady,12:18:30,2026-07-08 12:18:30
ENTA,14.26,14.26,-0.0,0.7498,343680,3,0.5174,0.7875,0.0552,74.6,yf_premarket,0.16084951195966962,0.5131645314233834,0.10071134406589292,0.6,3.0,good,-0.0,4.918,4.8641,0.054,steady,12:18:30,2026-07-08 12:18:30
BWB,21.07,21.21,-0.0066,0.5992,351120,2,0.6465,0.5495,0.0259,73.1,yf_premarket,0.12854231470556687,0.6433975587612226,0.04586297266941221,0.4,3.0,good,0.0,4.9025,4.859,0.043,steady,12:18:30,2026-07-08 12:18:30
BIOA,24.4,24.4,0.0,0.5672,913720,1,0.7093,1.5899,0.0652,76.0,yf_premarket,0.12167757159712539,0.7067487138101484,0.11943092474728564,0.2,3.0,good,0.0,4.8557,4.8138,0.042,steady,12:18:30,2026-07-08 12:18:30
CCIX,10.86,10.9,-0.0037,1.2034,409350,3,0.4348,0.0659,0.006,70.5,yf_premarket,0.2581572455218277,0.4298396045596692,0.008611007113440658,0.6,3.0,good,0.0,4.8512,4.7608,0.09,steady,12:18:30,2026-07-08 12:18:30
EVC,11.81,11.9,-0.0076,0.84,2532610,1,0.5751,1.021,0.0858,70.6,yf_premarket,0.18019950659658907,0.5713709270654695,0.1579932609509547,0.2,3.0,good,0.0,4.692,4.6295,0.062,steady,12:18:30,2026-07-08 12:18:30
BCAL,20.61,20.61,-0.0,0.4872,315460,2,0.5482,0.507,0.0246,70.7,yf_premarket,0.10451571382602166,0.5442348431352769,0.043429427180831155,0.4,3.0,good,-0.0,4.667,4.6346,0.032,steady,12:18:30,2026-07-08 12:18:30
ATOS,2.47,2.49,-0.008,1.6769,252900,4,0.8778,0.179,0.0719,54.3,yf_premarket,0.3597339912045479,0.8767275295067084,0.1319730438038188,0.8,1.5,neutral,0.0,4.659,4.5211,0.138,steady,12:18:30,2026-07-08 12:18:30
AAL,16.75,17.2,-0.0262,0.853,159619850,2,0.4752,0.704,0.0409,70.6,yf_premarket,0.18298830848439343,0.4705941692726723,0.07394234369150131,0.4,3.0,good,0.0,4.6526,4.5909,0.062,steady,12:18:30,2026-07-08 12:18:30
BIVI,2.25,2.16,0.0417,1.1422,216160,3,0.7636,0.2379,0.1101,66.9,yf_premarket,0.2450284243269334,0.7615252698476747,0.20348184200673905,0.6,1.5,neutral,0.3585554600171969,4.6302,4.4108,0.219,steady,12:18:30,2026-07-08 12:18:30
CNTB,2.467,2.21,0.1163,0.5553,578740,2,0.4915,0.17,0.0769,57.0,yf_premarket,0.11912474525367371,0.48703722384747306,0.14133283414451517,0.4,1.5,neutral,1.0,4.6234,3.5303,1.093,rising,12:18:30,2026-07-08 12:18:30
DAR,59.3,58.23,0.0184,0.8869,2950950,4,0.8833,1.846,0.0317,60.2,yf_premarket,0.19026064571489865,0.8822757994552607,0.056720329464619995,0.8,1.5,neutral,0.1582115219260533,4.6156,4.4548,0.161,steady,12:18:30,2026-07-08 12:18:30
CBZ,37.49,37.0,0.0132,0.819,992610,4,0.9137,1.728,0.0467,59.6,yf_premarket,0.17569451893167434,0.9129426006254413,0.0847997004867091,0.8,1.5,neutral,0.11349957007738606,4.6021,4.3652,0.237,steady,12:18:30,2026-07-08 12:18:30
FIS,42.79,42.6,0.0045,1.5927,5874250,4,0.8532,1.147,0.0269,68.4,yf_premarket,0.3416711359004612,0.8519116311913648,0.04773493073755148,0.8,1.5,neutral,0.03869303525365434,4.5982,4.4667,0.131,steady,12:18:30,2026-07-08 12:18:30
ELAN,26.5,24.64,0.0755,0.8446,4341310,2,0.7072,0.841,0.0341,52.7,yf_premarket,0.18118631341842753,0.7046302834661556,0.06121302882815425,0.4,1.5,neutral,0.649183147033534,4.5854,3.5465,1.039,rising,12:18:30,2026-07-08 12:18:30
CRMD,8.82,8.87,-0.0056,0.4875,1726000,5,0.9384,0.446,0.0503,54.8,yf_premarket,0.1045800707926633,0.9378593765762131,0.09153874953201048,1.0,1.5,neutral,0.0,4.5784,4.5391,0.039,steady,12:18:30,2026-07-08 12:18:30
FR,64.42,64.43,-0.0002,0.9192,1360570,4,0.9802,1.191,0.0185,56.9,yf_premarket,0.19718974578998177,0.9800262281852113,0.03201048296518158,0.8,1.5,neutral,0.0,4.5718,4.4957,0.076,steady,12:18:30,2026-07-08 12:18:30
CXDO,8.278,7.87,0.0518,0.6883,568070,3,0.7591,0.5195,0.066,56.0,yf_premarket,0.14765633379813364,0.7569857762534046,0.12092849120179709,0.6,1.5,neutral,0.4453998280309544,4.564,3.8429,0.721,rising,12:18:30,2026-07-08 12:18:30
AEYE,7.4,7.41,-0.0013,0.6583,276620,5,0.8868,0.47,0.0634,60.6,yf_premarket,0.14122063713396973,0.8858065166952487,0.11606140022463497,1.0,1.5,neutral,0.0,4.5415,4.4888,0.053,steady,12:18:30,2026-07-08 12:18:30
ADT,6.9767,6.91,0.0097,1.1741,9451800,3,0.9571,0.1851,0.0268,57.3,yf_premarket,0.251871715113161,0.9567234944012912,0.04754773493073756,0.6,1.5,neutral,0.08340498710232158,4.5401,4.3179,0.222,steady,12:18:30,2026-07-08 12:18:30
AADX,23.49,23.29,0.0086,1.0493,1395440,4,0.8635,1.677,0.072,63.4,yf_premarket,0.22509921699023916,0.8623020276404721,0.13216023961063272,0.8,1.5,neutral,0.07394668959587274,4.5393,4.3432,0.196,steady,12:18:30,2026-07-08 12:18:30
ALGS,5.8801,6.09,-0.0345,1.8152,448260,4,0.79,0.4686,0.0769,68.4,yf_premarket,0.3894025528263434,0.7881569656007263,0.14133283414451517,0.8,1.5,neutral,0.0,4.5311,4.3831,0.148,steady,12:18:30,2026-07-08 12:18:30
FIHL,25.56,25.56,0.0,0.6107,516880,4,0.987,0.6809,0.0266,69.8,prev_close,0.13100933176016305,0.9868859073943307,0.0471733433171097,0.8,1.5,neutral,0.0,4.4939,4.4434,0.051,steady,12:18:30,2026-07-08 12:18:30
ATEC,9.49,9.38,0.0117,0.7454,3726490,4,0.8707,0.546,0.0582,64.3,yf_premarket,0.1599056097822589,0.8695652173913043,0.10632721827031075,0.8,1.5,neutral,0.10060189165950129,4.4831,4.3874,0.096,steady,12:18:30,2026-07-08 12:18:30
BY,37.01,37.01,0.0,0.5707,470690,2,0.4417,0.8186,0.0221,70.2,yf_premarket,0.12242840287461117,0.4368001614042167,0.03874953201048297,0.4,3.0,good,0.0,4.4766,4.4391,0.038,steady,12:18:30,2026-07-08 12:18:30
FG,28.7,28.81,-0.0038,0.9841,512050,4,0.9071,0.8788,0.0305,52.5,yf_premarket,0.21111230290678965,0.9062846766871785,0.054473979782852865,0.8,1.5,neutral,0.0,4.4565,4.3761,0.08,steady,12:18:30,2026-07-08 12:18:30
ANGI,6.3275,6.44,-0.0175,0.6007,900120,4,0.9505,0.404,0.0627,66.8,yf_premarket,0.12886409953877506,0.9500655704630283,0.11475102957693749,0.8,1.5,neutral,0.0,4.4508,4.4018,0.049,steady,12:18:30,2026-07-08 12:18:30
BRZE,23.99,24.4,-0.0168,0.6026,2298720,5,0.8569,1.0416,0.0427,67.1,yf_premarket,0.1292716936608388,0.8556441037022092,0.07731186821415201,1.0,1.5,neutral,0.0,4.4439,4.3964,0.048,steady,12:18:30,2026-07-08 12:18:30
DRVN,15.35,15.13,0.0145,0.5967,1166340,4,0.861,0.585,0.0387,68.3,yf_premarket,0.12800600665021988,0.8597800867547665,0.0698240359415949,0.8,1.5,neutral,0.12467755803955288,4.4335,4.1994,0.234,steady,12:18:30,2026-07-08 12:18:30
FBK,57.2,56.94,0.0046,0.6252,435850,4,0.9247,0.9738,0.0171,69.0,yf_premarket,0.13411991848117558,0.9240391405225461,0.0293897416697866,0.8,1.5,neutral,0.03955288048151333,4.4233,4.3586,0.065,steady,12:18:30,2026-07-08 12:18:30
DOMO,3.511,3.61,-0.0274,0.3174,2604170,4,0.963,0.3346,0.0927,54.2,yf_premarket,0.06808967070685401,0.9626752748915565,0.1709097716211157,0.8,1.5,neutral,0.0,4.4129,4.3874,0.025,steady,12:18:30,2026-07-08 12:18:30
NWS,31.1,30.47,0.0207,0.6925,2079890,3,0.8997,0.847,0.0278,59.2,yf_premarket,0.1485573313311166,0.8988197316654898,0.04941969299887682,0.6,1.5,neutral,0.17798796216680998,4.4122,4.0894,0.323,rising,12:18:30,2026-07-08 12:18:30
MTDR,53.2,52.14,0.0203,0.727,1941570,3,0.8931,1.464,0.0281,54.5,yf_premarket,0.15595838249490507,0.8921618077272269,0.04998128041931861,0.6,1.5,neutral,0.174548581255374,4.4051,4.2468,0.158,steady,12:18:30,2026-07-08 12:18:30
ATRC,32.8,32.8,0.0,0.5547,1288410,4,0.9376,1.528,0.0466,69.6,yf_premarket,0.11899603132039042,0.9370523554927872,0.08461250467989517,0.8,1.5,neutral,0.0,4.3949,4.35,0.045,steady,12:18:30,2026-07-08 12:18:30
APPN,24.3,24.68,-0.0154,0.8436,847120,4,0.8915,1.1175,0.0453,58.2,yf_premarket,0.18097179019628876,0.8905477655603752,0.08217895919131411,0.8,1.5,neutral,0.0,4.3936,4.457,-0.063,steady,12:18:30,2026-07-08 12:18:30
RHI,34.6,34.76,-0.0046,0.944,2132050,3,0.9747,1.483,0.0427,59.8,yf_premarket,0.2025099216990239,0.974477958236659,0.07731186821415201,0.6,1.5,neutral,0.0,4.3914,4.3132,0.078,steady,12:18:30,2026-07-08 12:18:30
ADMA,9.12,9.21,-0.0098,0.6634,3514210,4,0.9074,0.3255,0.0353,67.7,yf_premarket,0.14231470556687761,0.9065873095934631,0.06345937850992138,0.8,1.5,neutral,0.0,4.3584,4.3049,0.053,steady,12:18:30,2026-07-08 12:18:30
BSAC,33.72,33.7,0.0006,1.3347,369310,4,0.7966,0.838,0.0249,54.6,yf_premarket,0.2863241445886517,0.7948148895389892,0.04399101460127293,0.8,1.5,neutral,0.005159071367153912,4.3489,4.2363,0.113,steady,12:18:30,2026-07-08 12:18:30
DBX,28.65,28.85,-0.0069,1.1022,3537260,4,0.8295,0.8974,0.0311,60.5,yf_premarket,0.23644749544138152,0.8280036315948754,0.055597154623736426,0.8,1.5,neutral,0.0,4.3385,4.2496,0.089,steady,12:18:30,2026-07-08 12:18:30
FMS,23.86,24.2,-0.014,0.6701,708080,4,0.9064,0.329,0.0136,59.4,yf_premarket,0.14375201115520755,0.9055785332391808,0.022837888431299136,0.8,1.5,neutral,0.0,4.3382,4.2842,0.054,steady,12:18:30,2026-07-08 12:18:30
EXEL,57.08,57.08,-0.0,1.0909,3056570,3,0.9268,1.568,0.0275,69.2,yf_premarket,0.23402338303121312,0.9261575708665388,0.04885810557843505,0.6,1.5,neutral,-0.0,4.3278,4.2381,0.09,steady,12:18:30,2026-07-08 12:18:30
BOBS,16.5,16.26,0.0148,0.5686,1390880,3,0.8952,0.999,0.0614,68.3,yf_premarket,0.12197790410811969,0.8942802380712196,0.11231748408835643,0.6,1.5,neutral,0.12725709372312985,4.3186,4.0823,0.236,steady,12:18:30,2026-07-08 12:18:30
LXP,56.49,56.3,0.0034,0.7913,643360,4,0.852,1.032,0.0183,66.4,yf_premarket,0.16975222567842968,0.8507010995662262,0.03163609135155373,0.8,1.5,neutral,0.029234737747205503,4.3157,4.2086,0.107,steady,12:18:30,2026-07-08 12:18:30
AEG,8.74,8.75,-0.0011,0.8692,5136150,4,0.8542,0.089,0.0102,59.2,yf_premarket,0.18646358468304192,0.8529204075456471,0.01647323099962561,0.8,1.5,neutral,0.0,4.2938,4.224,0.07,steady,12:18:30,2026-07-08 12:18:30
ARX,13.7497,13.47,0.0208,1.0501,2971280,3,0.7637,0.9388,0.0697,53.3,yf_premarket,0.22527083556795022,0.761626147483103,0.1278547360539124,0.6,1.5,neutral,0.17884780739466896,4.2934,4.037,0.256,steady,12:18:30,2026-07-08 12:18:30
FLNG,30.62,30.37,0.0082,0.6914,480450,4,0.8196,0.8555,0.0282,50.7,yf_premarket,0.14832135578676392,0.8180167456874811,0.05016847622613253,0.8,1.5,neutral,0.0705073086844368,4.2894,4.1745,0.115,steady,12:18:30,2026-07-08 12:18:30
WIX,49.3675,50.36,-0.0197,0.8899,1220080,4,0.8266,2.5945,0.0515,62.4,yf_premarket,0.19090421538131502,0.8250781801674568,0.0937850992137776,0.8,1.5,neutral,0.0,4.2834,4.2123,0.071,steady,12:18:30,2026-07-08 12:18:30
OPRX,6.29,6.29,0.0,0.5617,652460,4,0.8706,0.368,0.0585,68.3,yf_premarket,0.120497693875362,0.8694643397558761,0.10688880569075253,0.8,1.5,neutral,0.0,4.2731,4.2288,0.044,steady,12:18:30,2026-07-08 12:18:30
BEN,33.7,34.36,-0.0192,1.028,4353170,4,0.8102,0.9424,0.0274,69.1,yf_premarket,0.22052987235868282,0.808534247957228,0.04867090977162112,0.8,1.5,neutral,0.0,4.2722,4.1899,0.082,steady,12:18:30,2026-07-08 12:18:30
AGEN,3.48,3.5,-0.0057,1.0296,1130870,3,0.8904,0.228,0.0651,58.1,yf_premarket,0.2208731095141049,0.8894381115706648,0.11924372894047175,0.6,1.5,neutral,0.0,4.2698,4.1859,0.084,steady,12:18:30,2026-07-08 12:18:30
WK,52.95,52.96,-0.0002,0.7583,1051940,3,0.9439,1.7507,0.0331,63.9,yf_premarket,0.1626729593478494,0.9434076465247654,0.05934107076001497,0.6,1.5,neutral,0.0,4.2605,4.1984,0.062,steady,12:18:30,2026-07-08 12:18:30
BCYC,4.46,4.38,0.0183,1.0606,478410,3,0.7731,0.1625,0.0371,65.3,yf_premarket,0.2275233294004076,0.7711086452133562,0.06682890303257208,0.6,1.5,neutral,0.15735167669819433,4.2529,4.2203,0.033,steady,12:18:30,2026-07-08 12:18:30
ANDG,41.0,40.51,0.0121,1.2026,569700,2,0.8708,2.548,0.0629,60.7,yf_premarket,0.25798562694411664,0.8696660950267325,0.11512542119056533,0.4,1.5,neutral,0.10404127257093723,4.2399,4.032,0.208,steady,12:18:30,2026-07-08 12:18:30
FNF,49.7,49.32,0.0077,0.6423,2018030,3,0.9041,1.289,0.0261,60.7,yf_premarket,0.137788265579749,0.9032583476243317,0.04623736428304007,0.6,1.5,neutral,0.06620808254514188,4.2356,4.0847,0.151,steady,12:18:30,2026-07-08 12:18:30
CGNT,9.1,9.1,-0.0,1.095,768120,4,0.7717,0.3538,0.0389,55.0,yf_premarket,0.23490292824198217,0.769696358317361,0.07019842755522276,0.8,1.5,neutral,-0.0,4.2268,4.1936,0.033,steady,12:18:30,2026-07-08 12:18:30
CVRX,5.74,5.74,0.0,0.8874,346650,4,0.775,0.4483,0.0781,63.4,yf_premarket,0.19036790732596803,0.7730253202864925,0.1435791838262823,0.8,1.5,neutral,0.0,4.2034,4.1334,0.07,steady,12:18:30,2026-07-08 12:18:30
FIG,21.75,22.19,-0.0198,1.2801,20872330,3,0.8142,1.502,0.0677,65.7,yf_premarket,0.27461117665987345,0.812569353374357,0.12411081991763384,0.6,1.5,neutral,0.0,4.1991,4.0955,0.104,steady,12:18:30,2026-07-08 12:18:30
CCAP,11.22,11.04,0.0163,0.9984,262220,4,0.6775,0.2171,0.0197,58.9,yf_premarket,0.21417998498337443,0.6746696257439725,0.03425683264694871,0.8,1.5,neutral,0.1401547721410146,4.198,4.0703,0.128,steady,12:18:30,2026-07-08 12:18:30
PSN,55.36,56.48,-0.0198,0.7443,1311810,4,0.8081,2.1801,0.0386,52.3,yf_premarket,0.15966963423790623,0.8064158176132352,0.06963684013478098,0.8,1.5,neutral,0.0,4.1872,4.1306,0.057,steady,12:18:30,2026-07-08 12:18:30
FHI,57.46,58.32,-0.0147,1.3475,633180,4,0.708,1.802,0.0309,50.4,yf_premarket,0.2890700418320283,0.7054373045495813,0.055222763010108575,0.8,1.5,neutral,0.0,4.1721,4.0854,0.087,steady,12:18:30,2026-07-08 12:18:30
ALMR,25.23,25.23,0.0,0.3096,555170,0,0.4964,1.966,0.0779,70.1,yf_premarket,0.0664163895741714,0.4919802279834561,0.14320479221265442,0.0,3.0,good,0.0,4.1552,4.1385,0.017,steady,12:18:30,2026-07-08 12:18:30
CRBP,9.38,9.38,-0.0,0.8686,608770,3,0.862,0.5103,0.0544,64.6,yf_premarket,0.18633487074975866,0.8607888631090487,0.0992137776113815,0.6,1.5,neutral,-0.0,4.1507,4.0808,0.07,steady,12:18:30,2026-07-08 12:18:30
DEC,14.1291,13.92,0.015,0.8272,1372620,3,0.7784,0.4876,0.035,57.9,yf_premarket,0.1774536093532125,0.7764551598910521,0.0628977910894796,0.6,1.5,neutral,0.1289767841788478,4.144,4.0408,0.103,steady,12:18:30,2026-07-08 12:18:30
ELS,66.37,65.38,0.0151,0.8385,1533490,3,0.7821,1.3133,0.0201,58.5,yf_premarket,0.17987772176338088,0.7801876324018965,0.03500561587420442,0.6,1.5,neutral,0.1298366294067068,4.1424,4.2757,-0.133,steady,12:18:30,2026-07-08 12:18:30
BBDC,8.49,8.54,-0.0059,1.6475,694730,3,0.75,0.143,0.0167,55.8,yf_premarket,0.35342700847366726,0.7478059114294361,0.028640958442530885,0.6,1.5,neutral,0.0,4.1401,4.0069,0.133,steady,12:18:30,2026-07-08 12:18:30
CTKB,4.43,4.56,-0.0285,0.6253,1404060,4,0.7953,0.2225,0.0488,68.9,yf_premarket,0.13414137080338945,0.7935034802784223,0.08873081242980158,0.8,1.5,neutral,0.0,4.1326,4.7306,-0.598,fading,12:18:30,2026-07-08 12:18:30
ABM,45.16,45.17,-0.0002,0.6077,666930,4,0.8102,1.0152,0.0225,63.2,yf_premarket,0.13036576209374665,0.808534247957228,0.039498315237738675,0.8,1.5,neutral,0.0,4.1324,4.0853,0.047,steady,12:18:30,2026-07-08 12:18:30
ASAN,7.5,7.49,0.0013,1.2819,5915450,3,0.7805,0.3655,0.0488,51.2,yf_premarket,0.27499731845972325,0.7785735902350448,0.08873081242980158,0.6,1.5,neutral,0.01117798796216681,4.1308,4.0109,0.12,steady,12:18:30,2026-07-08 12:18:30
ZNTL,4.7527,4.78,-0.0057,0.5684,1921210,4,0.7815,0.4496,0.0941,67.1,yf_premarket,0.12193499946369195,0.7795823665893271,0.17353051291651067,0.8,1.5,neutral,0.0,4.1288,4.0855,0.043,steady,12:18:30,2026-07-08 12:18:30
BBNX,16.96,17.0,-0.0024,0.7869,1000360,3,0.86,1.0322,0.0607,66.1,yf_premarket,0.168808323501019,0.8587713104004842,0.11100711344065893,0.6,1.5,neutral,0.0,4.1263,4.0632,0.063,steady,12:18:30,2026-07-08 12:18:30
DOLE,14.41,14.2,0.0148,0.7522,1348470,3,0.7875,0.3455,0.0243,50.9,yf_premarket,0.16136436769280274,0.7856350247150207,0.04286783976038937,0.6,1.5,neutral,0.12725709372312985,4.1256,4.0213,0.104,steady,12:18:30,2026-07-08 12:18:30
BLKB,30.7,30.14,0.0186,0.6943,750150,3,0.7613,1.453,0.0482,63.0,yf_premarket,0.14894347313096643,0.7592050842328255,0.08760763758891801,0.6,1.5,neutral,0.15993121238177127,4.1255,3.8321,0.293,steady,12:18:30,2026-07-08 12:18:30
DOCS,22.3594,22.74,-0.0167,0.694,4255200,4,0.7827,0.921,0.0405,65.8,yf_premarket,0.14887911616432478,0.7807928982144658,0.0731935604642456,0.8,1.5,neutral,0.0,4.1215,4.0676,0.054,steady,12:18:30,2026-07-08 12:18:30
EZPW,35.0,35.44,-0.0124,0.6128,1261260,4,0.7898,1.733,0.0489,67.1,yf_premarket,0.1314598305266545,0.7879552103298698,0.0889180082366155,0.8,1.5,neutral,0.0,4.1176,4.0704,0.047,steady,12:18:30,2026-07-08 12:18:30
DXC,10.11,10.16,-0.0049,0.7024,7673000,4,0.7731,0.448,0.0441,68.7,yf_premarket,0.15068111123029068,0.7711086452133562,0.07993260950954699,0.8,1.5,neutral,0.0,4.1082,4.0538,0.054,steady,12:18:30,2026-07-08 12:18:30
CMG,34.41,34.35,0.0017,0.7281,21166460,4,0.7642,1.006,0.0293,57.5,yf_premarket,0.15619435803925774,0.7621305356602441,0.052227630101085734,0.8,1.5,neutral,0.014617368873602751,4.1066,4.0283,0.078,steady,12:18:30,2026-07-08 12:18:30
FISV,52.37,52.71,-0.0065,1.3313,8506400,4,0.6764,1.814,0.0344,67.4,yf_premarket,0.28559476563337977,0.6735599717542621,0.06177461624859603,0.8,1.5,neutral,0.0,4.1064,4.001,0.105,steady,12:18:30,2026-07-08 12:18:30
OFG,49.77,49.87,-0.002,0.6554,458970,4,0.7902,0.9646,0.0193,68.3,yf_premarket,0.14059851978976723,0.7883587208715828,0.033508049419693,0.8,1.5,neutral,0.0,4.1044,4.0536,0.051,steady,12:18:30,2026-07-08 12:18:30
BZH,30.4692,27.42,0.1112,0.7218,346060,1,0.3533,1.157,0.0422,53.8,yf_premarket,0.15484286173978332,0.3476243316856653,0.07637588918008237,0.2,1.5,neutral,0.9561478933791917,4.0999,3.8636,0.236,steady,12:18:30,2026-07-08 12:18:30
CDXS,2.62,2.6,0.0077,0.7148,1081820,3,0.8077,0.16,0.0615,54.6,yf_premarket,0.15334119918481176,0.8060123070715222,0.11250467989517035,0.6,1.5,neutral,0.06620808254514188,4.0976,4.0179,0.08,steady,12:18:30,2026-07-08 12:18:30
BAX,22.52,22.86,-0.0149,0.9275,6458930,3,0.837,0.674,0.0295,64.8,yf_premarket,0.19897028853373377,0.8355694542519922,0.05260202171471359,0.6,1.5,neutral,0.0,4.0959,4.0215,0.074,steady,12:18:30,2026-07-08 12:18:30
BSY,32.36,32.44,-0.0025,0.692,3992200,4,0.7691,1.2383,0.0382,63.5,yf_premarket,0.14845006972004718,0.7670735397962272,0.06888805690752527,0.8,1.5,neutral,0.0,4.0913,4.0378,0.054,steady,12:18:30,2026-07-08 12:18:30
NSA,44.51,45.94,-0.0311,0.7494,769800,3,0.8661,0.9967,0.0217,56.4,yf_premarket,0.1607637026708141,0.8649248461616059,0.03800074878322726,0.6,1.5,neutral,0.0,4.09,4.03,0.06,steady,12:18:30,2026-07-08 12:18:30
EYE,19.78,19.78,-0.0,0.9358,1849180,3,0.8243,0.8265,0.0418,65.0,yf_premarket,0.20075083127748578,0.8227579945526077,0.07562710595282665,0.6,1.5,neutral,-0.0,4.0845,4.0096,0.075,steady,12:18:30,2026-07-08 12:18:30
CPRX,31.49,31.49,0.0,0.4328,1802250,3,0.9231,0.043,0.0014,66.7,yf_premarket,0.09284565054167114,0.9224250983556945,0.0,0.6,1.5,neutral,0.0,4.0841,4.0497,0.034,steady,12:18:30,2026-07-08 12:18:30
SBH,14.15,14.35,-0.0139,0.7531,1547460,3,0.8571,0.468,0.0326,57.8,yf_premarket,0.16155743859272764,0.8558458589730656,0.05840509172594534,0.6,1.5,neutral,0.0,4.0832,4.0231,0.06,steady,12:18:30,2026-07-08 12:18:30
CGON,68.4,69.2,-0.0116,0.6641,1457560,0,0.4113,4.2048,0.0608,72.4,yf_premarket,0.14246487182237477,0.4061333602340361,0.11119430924747285,0.0,3.0,good,0.0,4.0816,4.0367,0.045,steady,12:18:30,2026-07-08 12:18:30
BATRK,52.99,52.87,0.0023,0.6738,811760,3,0.8561,1.374,0.026,61.0,yf_premarket,0.1445457470771211,0.8548370826187833,0.04605016847622613,0.6,1.5,neutral,0.019776440240756664,4.0792,4.113,-0.034,steady,12:18:30,2026-07-08 12:18:30
DFIN,44.18,45.05,-0.0193,0.63,305730,4,0.7707,1.7878,0.0397,69.2,yf_premarket,0.1351496299474418,0.7686875819630788,0.07169599400973418,0.8,1.5,neutral,0.0,4.0759,4.0277,0.048,steady,12:18:30,2026-07-08 12:18:30
HBAN,17.955,18.01,-0.0031,1.2898,20771500,3,0.7704,0.398,0.0221,69.2,yf_premarket,0.27669205191461976,0.7683849490567941,0.03874953201048297,0.6,1.5,neutral,0.0,4.0712,3.9676,0.104,steady,12:18:30,2026-07-08 12:18:30
WNC,12.0,12.29,-0.0236,0.9467,1007820,1,0.2565,0.7477,0.0608,71.3,yf_premarket,0.20308913439879867,0.24997478059114298,0.11119430924747285,0.2,3.0,good,0.0,4.0602,3.9944,0.066,steady,12:18:30,2026-07-08 12:18:30
NU,13.38,13.61,-0.0169,1.3633,48842300,4,0.6419,0.5161,0.0379,68.6,yf_premarket,0.2924595087418213,0.6387571875315242,0.0683264694870835,0.8,1.5,neutral,0.0,4.0504,3.9429,0.107,steady,12:18:30,2026-07-08 12:18:30
CRBG,30.16,30.61,-0.0147,0.9238,4233710,3,0.8141,0.887,0.029,64.2,yf_premarket,0.1981765526118202,0.8124684757389287,0.05166604268064396,0.6,1.5,neutral,0.0,4.048,3.9744,0.074,steady,12:18:30,2026-07-08 12:18:30
FAF,70.55,71.05,-0.007,0.5656,1146740,3,0.8715,2.0,0.0281,64.9,yf_premarket,0.1213343344417033,0.8703722384747302,0.04998128041931861,0.6,1.5,neutral,0.0,4.0477,4.0375,0.01,steady,12:18:30,2026-07-08 12:18:30
ACHV,6.64,6.52,0.0184,0.5143,3367770,3,0.7378,0.466,0.0715,66.1,yf_premarket,0.11032929314598304,0.7354988399071926,0.13122426057656308,0.6,1.5,neutral,0.1582115219260533,4.0394,3.9448,0.095,steady,12:18:30,2026-07-08 12:18:30
CNO,52.0,52.89,-0.0168,0.6906,1107150,4,0.7442,1.003,0.019,65.3,yf_premarket,0.14814973720905286,0.741955008574599,0.03294646199925122,0.8,1.5,neutral,0.0,4.0226,3.9697,0.053,steady,12:18:30,2026-07-08 12:18:30
CUBE,41.08,40.88,0.0049,0.7643,2056460,3,0.799,0.7841,0.0192,50.7,yf_premarket,0.16396009868068218,0.7972359527892666,0.03332085361287907,0.6,1.5,neutral,0.04213241616509028,4.0203,3.9452,0.075,steady,12:18:30,2026-07-08 12:18:30
ANAB,67.42,67.325,0.0014,1.2351,766960,2,0.8254,3.8044,0.0565,64.6,yf_premarket,0.26495763166362757,0.8238676485423182,0.10314488955447398,0.4,1.5,neutral,0.012037833190025795,4.0148,4.0372,-0.022,steady,12:18:30,2026-07-08 12:18:30
CPB,23.04,22.9,0.0061,0.8514,8264710,3,0.7656,0.7632,0.0333,56.3,yf_premarket,0.18264507132897137,0.7635428225562392,0.059715462373642836,0.6,1.5,neutral,0.05245055889939811,4.0096,3.929,0.081,steady,12:18:30,2026-07-08 12:18:30
RPRX,57.42,57.8,-0.0066,0.742,3518730,2,0.9229,1.4679,0.0254,64.0,yf_premarket,0.159176230826987,0.9222233430848381,0.04492699363534257,0.4,1.5,neutral,0.0,4.0057,4.3039,-0.298,steady,12:18:30,2026-07-08 12:18:30
DB,35.46,36.64,-0.0322,0.9699,2322320,3,0.7892,0.565,0.0154,62.0,yf_premarket,0.20806607315241873,0.7873499445173006,0.02620741295394983,0.6,1.5,neutral,0.0,3.9999,3.9228,0.077,steady,12:18:30,2026-07-08 12:18:30
WBI,33.75,33.54,0.0063,0.3934,1728120,3,0.8195,1.9596,0.0584,53.2,yf_premarket,0.08439343558940256,0.8179158680520529,0.1067016098839386,0.6,1.5,neutral,0.05417024935511608,3.997,3.9483,0.049,steady,12:18:30,2026-07-08 12:18:30
AMH,34.09,34.0,0.0026,0.76,2479590,3,0.8007,0.561,0.0165,63.5,yf_premarket,0.16303764882548535,0.7989508725915464,0.028266566828903033,0.6,1.5,neutral,0.02235597592433362,3.9901,3.9225,0.068,steady,12:18:30,2026-07-08 12:18:30
CXM,5.45,5.47,-0.0037,0.7511,3960030,3,0.8079,0.171,0.0313,56.9,yf_premarket,0.16112839214845007,0.8062140623423787,0.055971546237364285,0.6,1.5,neutral,0.0,3.9821,3.923,0.059,steady,12:18:30,2026-07-08 12:18:30
BDTX,2.02,2.08,-0.0288,0.7787,2823980,3,0.7805,0.167,0.0803,68.0,yf_premarket,0.16704923307948083,0.7785735902350448,0.1476974915761887,0.6,1.5,neutral,0.0,3.9816,3.9206,0.061,steady,12:18:30,2026-07-08 12:18:30
HLF,12.88,13.14,-0.0198,0.7511,1888070,3,0.8012,0.552,0.042,65.9,yf_premarket,0.16112839214845007,0.7994552607686876,0.07600149756645452,0.6,1.5,neutral,0.0,3.9786,3.9196,0.059,steady,12:18:30,2026-07-08 12:18:30
BWLP,19.61,19.23,0.0198,1.4623,331320,4,0.9575,0.5058,0.0263,40.6,yf_premarket,0.31369730773356214,0.9571270049430042,0.04661175589666792,0.8,0.5,weak,0.1702493551160791,3.9635,3.7813,0.182,steady,12:18:30,2026-07-08 12:18:30
EQH,47.39,46.98,0.0087,0.7657,3928320,3,0.7421,1.2954,0.0276,61.5,yf_premarket,0.1642604311916765,0.7398365782306062,0.04904530138524897,0.6,1.5,neutral,0.07480653482373173,3.9628,3.7914,0.171,steady,12:18:30,2026-07-08 12:18:30
BNL,21.4,21.4,0.0,0.6787,2364920,3,0.8118,0.3418,0.016,65.2,yf_premarket,0.1455969108656012,0.8101482901240794,0.027330587794833397,0.6,1.5,neutral,0.0,3.9524,3.8993,0.053,steady,12:18:30,2026-07-08 12:18:30
AR,35.65,35.24,0.0116,0.7476,4770570,3,0.7181,0.914,0.0259,59.2,yf_premarket,0.16037756087096428,0.7156259457278321,0.04586297266941221,0.6,1.5,neutral,0.09974204643164229,3.9444,3.88,0.064,steady,12:18:30,2026-07-08 12:18:30
WGO,31.49,30.88,0.0198,0.5904,1228600,2,0.7771,1.615,0.0523,57.6,yf_premarket,0.12665451035074546,0.7751437506304852,0.09528266566828902,0.4,1.5,neutral,0.1702493551160791,3.9433,3.6428,0.3,steady,12:18:30,2026-07-08 12:18:30
AOUT,13.6484,13.92,-0.0195,0.3063,325540,3,0.8276,1.2445,0.0894,68.9,yf_premarket,0.06570846294111338,0.8260869565217391,0.16473230999625607,0.6,1.5,neutral,0.0,3.9331,3.9109,0.022,steady,12:18:30,2026-07-08 12:18:30
BMY,58.01,57.97,0.0007,0.7398,13581250,2,0.8797,1.499,0.0259,57.9,yf_premarket,0.15870427973828166,0.8786442045798447,0.04586297266941221,0.4,1.5,neutral,0.0060189165950128975,3.9273,3.9041,0.023,steady,12:18:30,2026-07-08 12:18:30
BXP,68.39,68.59,-0.0029,0.957,1430120,3,0.7488,1.5995,0.0233,61.7,yf_premarket,0.20529872358682827,0.7465953798042974,0.040995881692250095,0.6,1.5,neutral,0.0,3.9216,3.8463,0.075,steady,12:18:30,2026-07-08 12:18:30
CTO,22.22,21.55,0.0311,0.8875,529440,2,0.6618,0.424,0.0197,65.0,yf_premarket,0.1903893596481819,0.6588318369817412,0.03425683264694871,0.4,1.5,neutral,0.26741186586414445,3.9215,3.4524,0.469,rising,12:18:30,2026-07-08 12:18:30
ATHM,18.08,18.67,-0.0316,0.3528,880200,4,0.7402,0.6565,0.0352,57.2,yf_premarket,0.07568379277056742,0.7379199031574699,0.06327218270310746,0.8,1.5,neutral,0.0,3.921,3.8965,0.024,steady,12:18:30,2026-07-08 12:18:30
EMA,53.69,53.19,0.0094,1.6685,397780,2,0.6772,0.81,0.0152,52.4,yf_premarket,0.357931996138582,0.6743669928376879,0.025833021340321977,0.4,1.5,neutral,0.08082545141874463,3.9198,3.8682,0.052,steady,12:18:30,2026-07-08 12:18:30
ARMK,56.0,56.17,-0.003,0.8468,2751160,3,0.7635,1.117,0.0199,65.8,yf_premarket,0.18165826450713288,0.7614243922122464,0.03463122426057657,0.6,1.5,neutral,0.0,3.9127,3.8463,0.066,steady,12:18:30,2026-07-08 12:18:30
EPRX,6.61,6.65,-0.006,0.4742,533300,3,0.7996,0.4588,0.069,60.8,yf_premarket,0.10172691193821731,0.797841218601836,0.12654436540621491,0.6,1.5,neutral,0.0,3.9115,3.8758,0.036,steady,12:18:30,2026-07-08 12:18:30
ARQT,27.45,27.67,-0.008,1.3331,1798040,2,0.7732,1.1498,0.0416,65.8,yf_premarket,0.2859809074332296,0.7712095228487844,0.0752527143391988,0.4,1.5,neutral,0.0,3.909,3.8017,0.107,steady,12:18:30,2026-07-08 12:18:30
EDU,47.306,47.81,-0.0105,1.7503,482710,2,0.7134,1.277,0.0267,53.7,yf_premarket,0.37547999570953555,0.7108846968627056,0.04736053912392363,0.4,1.5,neutral,0.0,3.9087,3.7675,0.141,steady,12:18:30,2026-07-08 12:18:30
EPRT,31.28,31.28,-0.0,0.5681,2572480,3,0.8018,0.6141,0.0196,63.5,yf_premarket,0.1218706424970503,0.8000605265812569,0.03406963684013478,0.6,1.5,neutral,-0.0,3.9,3.8563,0.044,steady,12:18:30,2026-07-08 12:18:30
DEI,12.1,12.19,-0.0074,0.8396,2294280,4,0.6513,0.4012,0.0329,52.8,yf_premarket,0.18011369730773355,0.6482396852617774,0.05896667914638712,0.8,1.5,neutral,0.0,3.8961,3.8324,0.064,steady,12:18:30,2026-07-08 12:18:30
EVTC,28.18,28.6,-0.0147,0.8481,567260,3,0.7419,1.212,0.0424,57.9,yf_premarket,0.18193714469591332,0.7396348229597498,0.07675028079371023,0.6,1.5,neutral,0.0,3.8906,3.8245,0.066,steady,12:18:30,2026-07-08 12:18:30
FOXA,54.6,54.92,-0.0058,0.6271,8713440,3,0.7778,1.952,0.0355,50.4,yf_premarket,0.13452751260323928,0.7758498940784828,0.06383377012354922,0.6,1.5,neutral,0.0,3.8854,3.8373,0.048,steady,12:18:30,2026-07-08 12:18:30
WLTH,9.25,9.47,-0.0232,0.5682,1839390,2,0.8796,0.4405,0.0465,61.2,yf_premarket,0.12189209481926419,0.8785433269444165,0.08442530887308125,0.4,1.5,neutral,0.0,3.8821,3.8371,0.045,steady,12:18:30,2026-07-08 12:18:30
EPR,60.5,59.84,0.011,0.9666,586070,3,0.6554,1.0761,0.018,60.2,yf_premarket,0.20735814651936071,0.6523756683143347,0.031074503931111944,0.6,1.5,neutral,0.09458297506448839,3.8732,3.8916,-0.018,steady,12:18:30,2026-07-08 12:18:30
AVNT,37.01,38.1,-0.0286,1.1428,1245340,3,0.6896,1.251,0.0328,54.1,yf_premarket,0.24515713826021668,0.6868758196307878,0.0587794833395732,0.6,1.5,neutral,0.0,3.8709,3.781,0.09,steady,12:18:30,2026-07-08 12:18:30
DOCU,46.75,47.23,-0.0102,0.8155,4128240,3,0.7386,1.744,0.0369,60.9,yf_premarket,0.17494368765418855,0.7363058609906185,0.06645451141894422,0.6,1.5,neutral,0.0,3.8683,3.805,0.063,steady,12:18:30,2026-07-08 12:18:30
AVTR,10.01,10.2,-0.0186,0.7902,8772860,3,0.7394,0.4065,0.0399,59.6,yf_premarket,0.169516250134077,0.7371128820740441,0.07207038562336203,0.6,1.5,neutral,0.0,3.8645,3.8034,0.061,steady,12:18:30,2026-07-08 12:18:30
FDP,29.0,29.0,0.0,0.6191,599888,2,0.863,0.9483,0.0327,51.2,prev_close,0.13281132682612892,0.861797639463331,0.05859228753275927,0.4,1.5,neutral,0.0,3.8521,3.8031,0.049,steady,12:18:30,2026-07-08 12:18:30
ETOR,40.0,40.51,-0.0126,0.7702,839370,3,0.7302,2.0159,0.0498,53.0,yf_premarket,0.16522578569130109,0.7278321396146474,0.09060277049794084,0.6,1.5,neutral,0.0,3.8488,3.7895,0.059,steady,12:18:30,2026-07-08 12:18:30
CWK,13.69,13.81,-0.0087,0.5737,2830350,3,0.7655,0.445,0.0322,57.4,yf_premarket,0.12307197254102756,0.763441944920811,0.05765630849868963,0.6,1.5,neutral,0.0,3.8403,3.8037,0.037,steady,12:18:30,2026-07-08 12:18:30
ING,31.99,32.24,-0.0078,0.546,4128220,4,0.6753,0.442,0.0137,64.9,yf_premarket,0.11712967928778291,0.6724503177645516,0.023025084238113065,0.8,1.5,neutral,0.0,3.8321,3.7926,0.039,steady,12:18:30,2026-07-08 12:18:30
OSPN,14.75,14.82,-0.0047,0.8786,419860,3,0.7103,0.5,0.0337,58.0,yf_premarket,0.18848010297114662,0.7077574901644306,0.060464245600898546,0.6,1.5,neutral,0.0,3.8285,3.7604,0.068,steady,12:18:30,2026-07-08 12:18:30
EQNR,34.38,33.91,0.0139,1.4946,3233970,4,0.9277,0.511,0.0151,47.7,yf_premarket,0.32062640780864526,0.9270654695853929,0.02564582553350805,0.8,0.5,weak,0.11951848667239896,3.8272,3.6,0.227,steady,12:18:30,2026-07-08 12:18:30
CHYM,20.47,21.12,-0.0308,0.4713,7412270,2,0.8598,1.279,0.0606,68.5,yf_premarket,0.1011047945940148,0.8585695551296277,0.11081991763384501,0.4,1.5,neutral,0.0,3.8242,3.7876,0.037,steady,12:18:30,2026-07-08 12:18:30
FF,4.4908,4.56,-0.0152,0.5862,320730,3,0.75,0.188,0.0412,56.6,yf_premarket,0.12575351281776254,0.7478059114294361,0.07450393111194309,0.6,1.5,neutral,0.0,3.8215,3.7772,0.044,steady,12:18:30,2026-07-08 12:18:30
ECO,53.75,53.72,0.0006,0.7285,485380,4,0.6237,2.1525,0.0401,51.4,yf_premarket,0.15628016732811326,0.6203974578835872,0.07244477723698989,0.8,1.5,neutral,0.005159071367153912,3.8192,3.7889,0.03,steady,12:18:30,2026-07-08 12:18:30
BL,28.65,29.02,-0.0127,0.6825,1137060,3,0.73,1.2095,0.0417,52.9,yf_premarket,0.14641209910972863,0.7276303843437909,0.07543991014601273,0.6,1.5,neutral,0.0,3.8126,3.7606,0.052,steady,12:18:30,2026-07-08 12:18:30
UHT,43.88,44.3,-0.0095,0.5935,242450,3,0.7475,1.51,0.0341,67.9,yf_premarket,0.12731953233937573,0.7452839705437305,0.06121302882815425,0.6,1.5,neutral,0.0,3.8122,3.7673,0.045,steady,12:18:30,2026-07-08 12:18:30
FE,49.01,48.39,0.0128,1.1012,3726150,2,0.692,0.765,0.0158,56.1,yf_premarket,0.23623297221924272,0.6892968828810652,0.026956196181205542,0.4,1.5,neutral,0.11006018916595013,3.8115,3.564,0.248,steady,12:18:30,2026-07-08 12:18:30
ALLO,2.12,2.15,-0.014,1.1101,12964050,3,0.6429,0.14,0.0651,64.4,yf_premarket,0.23814222889627804,0.6397659638858065,0.11924372894047175,0.6,1.5,neutral,0.0,3.7964,3.71,0.086,steady,12:18:30,2026-07-08 12:18:30
CSX,48.65,48.51,0.0029,0.9093,12574030,2,0.7679,0.869,0.0179,58.3,yf_premarket,0.19506596589080766,0.7658630081710884,0.030887308124298015,0.4,1.5,neutral,0.024935511607910573,3.7772,3.7084,0.069,steady,12:18:30,2026-07-08 12:18:30
CMPS,13.1,12.99,0.0085,2.9289,4841520,2,0.3724,1.1736,0.0903,58.5,yf_premarket,0.6283170653223211,0.3668919600524564,0.16641707225758143,0.4,1.5,neutral,0.07308684436801376,3.7691,3.5089,0.26,steady,12:18:30,2026-07-08 12:18:30
CBLL,19.85,19.85,-0.0,0.952,489590,3,0.6642,0.8487,0.0428,60.8,yf_premarket,0.20422610747613426,0.6612529002320185,0.07749906402096593,0.6,1.5,neutral,-0.0,3.7676,3.6942,0.073,steady,12:18:30,2026-07-08 12:18:30
CRVL,64.33,64.33,-0.0,0.4838,253400,3,0.7387,1.962,0.0305,68.7,yf_premarket,0.10378633487074976,0.7364067386260467,0.054473979782852865,0.6,1.5,neutral,-0.0,3.7557,3.7203,0.035,steady,12:18:30,2026-07-08 12:18:30
COO,71.89,71.89,0.0,0.6631,3288260,3,0.7098,2.05,0.0285,63.6,yf_premarket,0.14225034860023597,0.7072531019872894,0.05073006364657432,0.6,1.5,neutral,0.0,3.7532,3.7033,0.05,steady,12:18:30,2026-07-08 12:18:30
DLX,24.34,24.34,-0.0,0.7048,459280,2,0.794,0.764,0.0314,63.0,yf_premarket,0.15119596696342377,0.7921920710178554,0.05615874204417821,0.4,1.5,neutral,-0.0,3.7393,3.6843,0.055,steady,12:18:30,2026-07-08 12:18:30
EMBC,3.21,3.37,-0.0475,1.0129,2350450,2,0.7347,0.178,0.0528,60.3,yf_premarket,0.21729057170438698,0.7323716332089176,0.09621864470235866,0.4,1.5,neutral,0.0,3.7388,3.659,0.08,steady,12:18:30,2026-07-08 12:18:30
DAIC,1.97,2.0,-0.015,0.5108,235700,3,0.6885,0.2051,0.1025,57.6,yf_premarket,0.10957846186849726,0.6857661656410774,0.18925496068888056,0.6,1.5,neutral,0.0,3.7305,3.8586,-0.128,steady,12:18:30,2026-07-08 12:18:30
ANGO,13.3,13.07,0.0176,1.1666,423110,3,0.5,0.496,0.0379,65.7,yf_premarket,0.25026279094712,0.49561182285887223,0.0683264694870835,0.6,1.5,neutral,0.15133276010318145,3.7278,3.5852,0.143,steady,12:18:30,2026-07-08 12:18:30
COLB,32.12,32.12,0.0,0.7705,2960500,3,0.6829,0.647,0.0201,61.4,yf_premarket,0.1652901426579427,0.6801170180570967,0.03500561587420442,0.6,1.5,neutral,0.0,3.7257,3.6672,0.058,steady,12:18:30,2026-07-08 12:18:30
AVD,2.99,2.97,0.0067,0.3457,671400,3,0.6829,0.217,0.0731,58.7,yf_premarket,0.07416067789338196,0.6801170180570967,0.13421939348558592,0.6,1.5,neutral,0.057609630266552025,3.725,3.6815,0.043,steady,12:18:30,2026-07-08 12:18:30
ALDX,2.2,2.23,-0.0135,0.8318,2568720,3,0.6341,0.2222,0.0996,66.9,yf_premarket,0.17844041617505094,0.6308887319681227,0.18382628229127668,0.6,1.5,neutral,0.0,3.7214,3.6585,0.063,steady,12:18:30,2026-07-08 12:18:30
HUYA,2.41,2.35,0.0255,0.9049,654980,2,0.5882,0.08,0.034,54.2,yf_premarket,0.19412206371339696,0.5845858973065671,0.06102583302134033,0.4,1.5,neutral,0.21926053310404126,3.7198,3.3227,0.397,rising,12:18:30,2026-07-08 12:18:30
NBTB,49.63,49.63,-0.0,0.8767,419870,3,0.6573,1.148,0.0231,66.9,yf_premarket,0.18807250884908291,0.654292343387471,0.04062149007862224,0.6,1.5,neutral,-0.0,3.711,3.644,0.067,steady,12:18:30,2026-07-08 12:18:30
ESPR,3.1601,3.16,0.0,0.9627,7793200,2,0.75,0.019,0.006,53.8,yf_premarket,0.2065215059530194,0.7478059114294361,0.008611007113440658,0.4,1.5,neutral,0.0,3.7097,3.6339,0.076,steady,12:18:30,2026-07-08 12:18:30
AVXL,2.71,2.71,-0.0,0.6992,1215730,2,0.7692,0.138,0.0509,59.5,yf_premarket,0.14999463691944653,0.7671744174316554,0.09266192437289406,0.4,1.5,neutral,-0.0,3.7057,3.6516,0.054,steady,12:18:30,2026-07-08 12:18:30
FDUS,19.5412,19.45,0.0047,0.9818,641070,3,0.6061,0.469,0.0241,64.1,yf_premarket,0.21061889949587043,0.6026429940482194,0.042493448146761516,0.6,1.5,neutral,0.040412725709372314,3.7031,3.6138,0.089,steady,12:18:30,2026-07-08 12:18:30
ARCT,7.41,7.6,-0.025,0.6446,632980,4,0.575,0.441,0.058,55.6,yf_premarket,0.1382816689906682,0.5712700494300413,0.1059528266566829,0.8,1.5,neutral,0.0,3.7029,3.6569,0.046,steady,12:18:30,2026-07-08 12:18:30
CIG,2.1,2.1,0.0,1.1935,7264890,2,0.6983,0.0433,0.0206,57.7,yf_premarket,0.25603346562265367,0.6956521739130435,0.03594159490827406,0.4,1.5,neutral,0.0,3.6933,3.5991,0.094,steady,12:18:30,2026-07-08 12:18:30
DV,11.42,11.44,-0.0017,0.5079,4945410,3,0.6993,0.4596,0.0402,67.0,yf_premarket,0.10895634452429476,0.6966609502673258,0.07263197304380382,0.6,1.5,neutral,0.0,3.6931,3.6563,0.037,steady,12:18:30,2026-07-08 12:18:30
BYRN,6.0711,6.15,-0.0128,1.6114,887960,4,0.3989,0.561,0.0912,51.9,yf_premarket,0.34568272015445667,0.3936245334409362,0.16810183451890678,0.8,1.5,neutral,0.0,3.6898,3.5657,0.124,steady,12:18:30,2026-07-08 12:18:30
EXPI,5.32,5.32,0.0,0.8516,1772445,3,0.6342,0.31,0.0583,61.4,prev_close,0.1826879759733991,0.6309896096035509,0.10651441407712467,0.6,1.5,neutral,0.0,3.6893,3.6248,0.064,steady,12:18:30,2026-07-08 12:18:30
FFIN,35.63,34.67,0.0277,0.5492,1322090,2,0.6207,0.798,0.023,60.9,yf_premarket,0.11781615359862706,0.6173711288207404,0.040434294271808315,0.4,1.5,neutral,0.23817712811693895,3.6889,3.3213,0.368,rising,12:18:30,2026-07-08 12:18:30
OGE,49.49,49.04,0.0092,0.8097,1476010,2,0.6988,0.765,0.0156,61.1,yf_premarket,0.17369945296578354,0.6961565620901846,0.026581804567577683,0.4,1.5,neutral,0.07910576096302666,3.6848,3.5945,0.09,steady,12:18:30,2026-07-08 12:18:30
FMC,11.5877,11.59,-0.0002,0.6212,6380990,4,0.5629,0.691,0.0596,52.2,yf_premarket,0.1332618255926204,0.559063855543226,0.10894795956570573,0.8,1.5,neutral,0.0,3.6725,3.6286,0.044,steady,12:18:30,2026-07-08 12:18:30
FIGR,30.33,31.045,-0.023,0.4753,5075900,4,0.5738,2.3975,0.0772,55.8,yf_premarket,0.10196288748256999,0.5700595178049026,0.14189442156495696,0.8,1.5,neutral,0.0,3.664,3.6321,0.032,steady,12:18:30,2026-07-08 12:18:30
FRSH,10.09,10.38,-0.0279,0.6611,32021980,2,0.7597,0.4036,0.0389,63.5,yf_premarket,0.14182130215595837,0.757591042065974,0.07019842755522276,0.4,1.5,neutral,0.0,3.663,3.6123,0.051,steady,12:18:30,2026-07-08 12:18:30
BNTC,13.44,13.44,0.0,0.4995,221020,3,0.6648,1.138,0.0847,66.2,yf_premarket,0.10715434945832886,0.6618581660445878,0.1559341070760015,0.6,1.5,neutral,0.0,3.6624,3.6269,0.035,steady,12:18:30,2026-07-08 12:18:30
DX,13.13,13.17,-0.003,0.758,5567330,2,0.7544,0.192,0.0146,59.7,yf_premarket,0.16260860238120775,0.752244527388278,0.02470984649943841,0.4,1.5,neutral,0.0,3.6608,3.6021,0.059,steady,12:18:30,2026-07-08 12:18:30
FCPT,25.28,25.28,-0.0,0.6916,1136710,2,0.7631,0.4657,0.0184,60.7,yf_premarket,0.14836426043119166,0.7610208816705336,0.03182328715836765,0.4,1.5,neutral,-0.0,3.6605,3.6072,0.053,steady,12:18:30,2026-07-08 12:18:30
ADPT,20.0,20.82,-0.0394,0.6628,3681920,3,0.6506,1.1813,0.0567,68.6,yf_premarket,0.14218599163359433,0.6475335418137799,0.10351928116810184,0.6,1.5,neutral,0.0,3.6601,3.6112,0.049,steady,12:18:30,2026-07-08 12:18:30
FLO,8.6,8.6,-0.0,0.4327,9857850,2,0.7922,0.365,0.0424,65.2,yf_premarket,0.09282419821945724,0.7903762735801473,0.07675028079371023,0.4,1.5,neutral,-0.0,3.6584,3.638,0.02,steady,12:18:30,2026-07-08 12:18:30
CNNE,14.01,14.44,-0.0298,0.8058,521190,2,0.7345,0.4771,0.033,57.2,yf_premarket,0.17286281239944223,0.7321698779380612,0.059153874953201055,0.4,1.5,neutral,0.0,3.6532,3.5908,0.062,steady,12:18:30,2026-07-08 12:18:30
CDRE,29.12,29.33,-0.0072,0.5859,427180,4,0.5635,1.2078,0.0412,51.5,yf_premarket,0.12568915585112087,0.5596691213557954,0.07450393111194309,0.8,1.5,neutral,0.0,3.6451,3.6042,0.041,steady,12:18:30,2026-07-08 12:18:30
CALX,38.41,38.41,0.0,0.5436,1554620,2,0.7701,1.434,0.0373,50.5,yf_premarket,0.11661482355464978,0.7680823161505095,0.06720329464619992,0.4,1.5,neutral,0.0,3.6447,3.6037,0.041,steady,12:18:30,2026-07-08 12:18:30
DEA,24.95,24.95,-0.0,0.7412,472490,2,0.741,0.625,0.0251,62.8,yf_premarket,0.15900461224927598,0.7387269242408958,0.04436540621490079,0.4,1.5,neutral,-0.0,3.6381,3.5811,0.057,steady,12:18:30,2026-07-08 12:18:30
CPNG,18.26,18.53,-0.0146,0.8288,17102790,3,0.6198,0.769,0.0415,59.3,yf_premarket,0.17779684650863456,0.6164632301018864,0.07506551853238488,0.6,1.5,neutral,0.0,3.6372,3.5749,0.062,steady,12:18:30,2026-07-08 12:18:30
AM,22.9,22.71,0.0084,0.8495,2585900,2,0.6689,0.5719,0.0252,67.7,yf_premarket,0.18223747720690764,0.6659941490971452,0.04455260202171472,0.4,1.5,neutral,0.07222699914015476,3.636,3.5453,0.091,steady,12:18:30,2026-07-08 12:18:30
ACIU,2.52,2.54,-0.0079,0.4358,323560,2,0.767,0.1664,0.0655,59.1,yf_premarket,0.09348922020808753,0.7649551094522344,0.11999251216772745,0.4,1.5,neutral,0.0,3.6301,3.5982,0.032,steady,12:18:30,2026-07-08 12:18:30
CDZI,4.1,4.08,0.0049,0.4128,834530,3,0.6386,0.275,0.0674,55.6,yf_premarket,0.0885551860988952,0.6354282255623928,0.12354923249719206,0.6,1.5,neutral,0.04213241616509028,3.6287,3.5858,0.043,steady,12:18:30,2026-07-08 12:18:30
ASB,30.59,30.7,-0.0036,0.7888,2486190,3,0.6313,0.587,0.0191,66.2,yf_premarket,0.1692159176230827,0.6280641581761323,0.03313365780606514,0.6,1.5,neutral,0.0,3.6265,3.5674,0.059,steady,12:18:30,2026-07-08 12:18:30
BANR,67.64,67.33,0.0046,0.6849,299620,3,0.6148,1.209,0.018,57.8,yf_premarket,0.14692695484286172,0.6114193483304752,0.031074503931111944,0.6,1.5,neutral,0.03955288048151333,3.6181,3.5538,0.064,steady,12:18:30,2026-07-08 12:18:30
AOS,61.04,61.31,-0.0044,0.8754,1701000,2,0.7061,1.548,0.0252,55.1,yf_premarket,0.18779362866030247,0.703520629476445,0.04455260202171472,0.4,1.5,neutral,0.0,3.611,3.5433,0.068,steady,12:18:30,2026-07-08 12:18:30
ANIX,3.05,2.96,0.0304,0.4987,380400,2,0.5357,0.269,0.0909,63.5,yf_premarket,0.10698273088061781,0.5316251387067487,0.167540247098465,0.4,1.5,neutral,0.26139294926913154,3.5996,4.1036,-0.504,fading,12:18:30,2026-07-08 12:18:30
BGS,4.02,3.95,0.0177,0.9803,1892830,2,0.5658,0.1245,0.0315,54.3,yf_premarket,0.2102971146626622,0.5619893069706445,0.056345937850992144,0.4,1.5,neutral,0.15219260533104043,3.5959,3.3682,0.228,steady,12:18:30,2026-07-08 12:18:30
DIN,35.95,35.42,0.015,0.668,369590,2,0.6255,1.4704,0.0415,68.1,yf_premarket,0.14330151238871608,0.6222132553212952,0.07506551853238488,0.4,1.5,neutral,0.1289767841788478,3.5904,3.4953,0.095,steady,12:18:30,2026-07-08 12:18:30
DXCM,73.11,73.57,-0.0063,1.1669,4772580,4,0.94,2.244,0.0305,48.4,yf_premarket,0.25032714791376165,0.9394734187430646,0.054473979782852865,0.8,0.5,weak,0.0,3.5817,3.4854,0.096,steady,12:18:30,2026-07-08 12:18:30
CAG,14.08,14.03,0.0036,0.3371,32231850,3,0.651,0.456,0.0325,54.8,yf_premarket,0.0723157781829883,0.6479370523554928,0.058217895919131415,0.6,1.5,neutral,0.030954428202923472,3.5799,3.615,-0.035,steady,12:18:30,2026-07-08 12:18:30
ESRT,5.43,5.51,-0.0145,0.729,2339800,3,0.6111,0.163,0.0296,57.9,yf_premarket,0.15638742893918264,0.6076868758196308,0.05278921752152752,0.6,1.5,neutral,0.0,3.5763,3.5226,0.054,steady,12:18:30,2026-07-08 12:18:30
BCH,39.31,40.52,-0.0299,1.0413,342170,4,0.9585,0.965,0.0238,47.1,yf_premarket,0.2233830312131288,0.9581357812972864,0.041931860726319735,0.8,0.5,weak,0.0,3.5723,3.4863,0.086,steady,12:18:30,2026-07-08 12:18:30
ASH,63.01,65.73,-0.0414,0.4672,1358410,3,0.6499,2.008,0.0305,51.0,yf_premarket,0.10022524938324573,0.6468273983657823,0.054473979782852865,0.6,1.5,neutral,0.0,3.5712,3.5387,0.033,steady,12:18:30,2026-07-08 12:18:30
AXGN,42.45,44.57,-0.0476,0.7482,1725750,3,0.575,2.865,0.0643,53.0,yf_premarket,0.16050627480424753,0.5712700494300413,0.11774616248596032,0.6,1.5,neutral,0.0,3.5422,3.4874,0.055,steady,12:18:30,2026-07-08 12:18:30
COLL,36.4,36.44,-0.0011,0.8741,539170,3,0.5632,1.5075,0.0414,61.2,yf_premarket,0.18751474847152202,0.5593664884495108,0.07487832272557095,0.6,1.5,neutral,0.0,3.5374,3.4723,0.065,steady,12:18:30,2026-07-08 12:18:30
EVH,5.4,5.48,-0.0146,0.7342,2798980,2,0.6646,0.382,0.0697,65.6,yf_premarket,0.1575029496943044,0.6616564107737314,0.1278547360539124,0.4,1.5,neutral,0.0,3.5235,3.4683,0.055,steady,12:18:30,2026-07-08 12:18:30
AMRX,16.75,17.05,-0.0176,0.6952,2612020,3,0.5803,0.567,0.0333,66.4,yf_premarket,0.14913654403089135,0.5766165641077373,0.059715462373642836,0.6,1.5,neutral,0.0,3.5068,3.4564,0.05,steady,12:18:30,2026-07-08 12:18:30
CNP,44.53,44.48,0.0011,0.6337,8332850,2,0.6878,0.745,0.0167,60.5,yf_premarket,0.13594336586935535,0.6850600221930797,0.028640958442530885,0.4,1.5,neutral,0.00945829750644884,3.5025,3.4412,0.061,steady,12:18:30,2026-07-08 12:18:30
AMN,32.65,33.25,-0.018,1.0151,970090,3,0.5199,1.618,0.0487,59.7,yf_premarket,0.21776252279309233,0.515686472309089,0.08854361662298765,0.6,1.5,neutral,0.0,3.5023,3.4261,0.076,steady,12:18:30,2026-07-08 12:18:30
PECO,41.97,42.29,-0.0076,0.485,1438250,2,0.7163,0.542,0.0128,57.9,yf_premarket,0.1040437627373163,0.7138101482901241,0.02134032197678772,0.4,1.5,neutral,0.0,3.4944,3.5732,-0.079,steady,12:18:30,2026-07-08 12:18:30
FTI,68.4587,68.11,0.0051,0.9483,5871700,4,0.8996,1.745,0.0256,49.0,yf_premarket,0.20343237155422075,0.8987188540300615,0.04530138524897043,0.8,0.5,weak,0.04385210662080826,3.491,3.4011,0.09,steady,12:18:30,2026-07-08 12:18:30
BDN,3.1,3.21,-0.0343,1.1333,2170350,3,0.5,0.1,0.0312,50.7,yf_premarket,0.24311916764989808,0.49561182285887223,0.055784350430550356,0.6,1.5,neutral,0.0,3.4838,3.3981,0.086,steady,12:18:30,2026-07-08 12:18:30
EXC,47.0943,47.57,-0.01,0.9855,10302600,2,0.6284,0.837,0.0176,59.0,yf_premarket,0.21141263541778396,0.6251387067487137,0.030325720703856238,0.4,1.5,neutral,0.0,3.4826,3.5003,-0.018,steady,12:18:30,2026-07-08 12:18:30
BETA,16.73,16.97,-0.0141,0.7689,1530870,4,0.4425,1.0806,0.0637,51.9,yf_premarket,0.16494690550252064,0.4376071824876425,0.11662298764507677,0.8,1.5,neutral,0.0,3.4809,3.4268,0.054,steady,12:18:30,2026-07-08 12:18:30
COYA,5.75,5.75,0.0,1.4939,204760,1,0.6198,0.3984,0.0693,65.5,yf_premarket,0.32047624155314813,0.6164632301018864,0.12710595282665668,0.2,1.5,neutral,0.0,3.4772,3.3591,0.118,steady,12:18:30,2026-07-08 12:18:30
DFH,16.55,16.57,-0.0012,0.7997,723900,2,0.6366,0.958,0.0578,60.8,yf_premarket,0.17155422074439555,0.6334106728538283,0.10557843504305503,0.4,1.5,neutral,0.0,3.4769,3.4168,0.06,steady,12:18:30,2026-07-08 12:18:30
APA,34.75,34.0,0.0221,1.0756,5501240,3,0.861,0.902,0.0265,44.9,yf_premarket,0.2307411777324895,0.8597800867547665,0.04698614751029577,0.6,0.5,weak,0.19002579535683578,3.4742,3.4173,0.057,steady,12:18:30,2026-07-08 12:18:30
ARTV,9.0935,9.48,-0.0408,0.5688,555220,3,0.5604,0.803,0.0847,53.2,yf_premarket,0.12202080875254745,0.5565419146575205,0.1559341070760015,0.6,1.5,neutral,0.0,3.4741,3.4346,0.039,steady,12:18:30,2026-07-08 12:18:30
CDNA,28.6,28.31,0.0102,0.6836,915620,1,0.6927,1.2641,0.0447,68.2,yf_premarket,0.1466480746540813,0.6900030263290629,0.08105578435043055,0.2,1.5,neutral,0.08770421324161652,3.4721,3.2891,0.183,steady,12:18:30,2026-07-08 12:18:30
PKE,36.51,36.92,-0.0111,0.6846,391190,2,0.6542,1.9323,0.0523,61.8,yf_premarket,0.14686259787622008,0.651165136689196,0.09528266566828902,0.4,1.5,neutral,0.0,3.4703,3.4194,0.051,steady,12:18:30,2026-07-08 12:18:30
DBVT,17.28,17.35,-0.004,1.0537,347450,3,0.983,1.0494,0.0605,44.7,yf_premarket,0.2260431191676499,0.9828508019772016,0.11063272182703107,0.6,0.5,weak,0.0,3.4601,3.3725,0.088,steady,12:18:30,2026-07-08 12:18:30
ALLT,8.13,8.43,-0.0356,0.6112,438460,2,0.6583,0.462,0.0548,65.2,yf_premarket,0.1311165933712324,0.6553011197417532,0.09996256083863722,0.4,1.5,neutral,0.0,3.4573,3.4125,0.045,steady,12:18:30,2026-07-08 12:18:30
OSCR,30.89,31.12,-0.0074,0.788,7353010,2,0.6278,1.8091,0.0581,59.1,yf_premarket,0.16904429904537166,0.6245334409361445,0.10614002246349681,0.4,1.5,neutral,0.0,3.4557,3.3967,0.059,steady,12:18:30,2026-07-08 12:18:30
FMBH,48.13,48.13,-0.0,0.5143,222650,3,0.5874,1.171,0.0243,66.5,yf_premarket,0.11032929314598304,0.5837788762231414,0.04286783976038937,0.6,1.5,neutral,-0.0,3.4545,3.4191,0.035,steady,12:18:30,2026-07-08 12:18:30
WMG,28.42,28.44,-0.0007,1.1707,2228130,4,0.8752,0.9085,0.0319,49.7,yf_premarket,0.2511423361578891,0.8741047109855745,0.05709472107824785,0.8,0.5,weak,0.0,3.4535,3.358,0.095,steady,12:18:30,2026-07-08 12:18:30
CRK,14.45,14.18,0.019,0.7558,2673710,2,0.514,0.603,0.0425,66.9,yf_premarket,0.1621366512925024,0.5097346918188238,0.07693747660052415,0.4,1.5,neutral,0.16337059329320722,3.4462,3.3128,0.133,steady,12:18:30,2026-07-08 12:18:30
FCF,20.5,20.27,0.0113,0.7537,769360,3,0.4737,0.363,0.0179,62.0,yf_premarket,0.16168615252601093,0.4690810047412489,0.030887308124298015,0.6,1.5,neutral,0.09716251074806534,3.4419,3.2525,0.189,steady,12:18:30,2026-07-08 12:18:30
CG,44.8,44.01,0.018,0.5847,4936170,4,0.8432,1.766,0.0401,40.8,yf_premarket,0.12543172798455432,0.8418238676485422,0.07244477723698989,0.8,0.5,weak,0.15477214101461736,3.4402,3.1623,0.278,steady,12:18:30,2026-07-08 12:18:30
BFST,30.5,30.31,0.0063,0.6815,354950,3,0.5117,0.736,0.0243,65.2,yf_premarket,0.14619757588758983,0.5074145062039747,0.04286783976038937,0.6,1.5,neutral,0.05417024935511608,3.4368,3.3694,0.067,steady,12:18:30,2026-07-08 12:18:30
AUNA,5.17,5.17,-0.0,0.6498,206520,4,0.4483,0.2282,0.0441,55.2,yf_premarket,0.13939718974579,0.4434580853424796,0.07993260950954699,0.8,1.5,neutral,-0.0,3.436,3.3917,0.044,steady,12:18:30,2026-07-08 12:18:30
DRS,45.47,45.47,-0.0,0.4747,1585360,5,0.8756,1.661,0.0365,45.6,yf_premarket,0.10183417354928671,0.8745082215272875,0.0657057281916885,1.0,0.5,weak,-0.0,3.4346,3.3975,0.037,steady,12:18:30,2026-07-08 12:18:30
CELH,31.48,31.7,-0.0069,0.8795,8342430,2,0.6048,1.634,0.0515,61.5,yf_premarket,0.18867317387107152,0.6013315847876526,0.0937850992137776,0.4,1.5,neutral,0.0,3.4326,3.3663,0.066,steady,12:18:30,2026-07-08 12:18:30
CNMD,34.24,34.24,-0.0,0.7959,544430,3,0.5157,1.71,0.0499,50.3,yf_premarket,0.17073903250026815,0.5114496116211036,0.09078996630475478,0.6,1.5,neutral,-0.0,3.4244,3.3667,0.058,steady,12:18:30,2026-07-08 12:18:30
BLFS,28.19,27.93,0.0093,0.4709,1509820,2,0.6042,1.383,0.0495,57.5,yf_premarket,0.10101898530515928,0.6007263189750832,0.09004118307749907,0.4,1.5,neutral,0.07996560619088564,3.418,3.2729,0.145,steady,12:18:30,2026-07-08 12:18:30
AVA,40.44,41.24,-0.0194,0.6697,796880,2,0.646,0.762,0.0185,51.6,yf_premarket,0.143666201866352,0.6428931705840815,0.03201048296518158,0.4,1.5,neutral,0.0,3.4173,3.3679,0.049,steady,12:18:30,2026-07-08 12:18:30
BZ,14.1,14.02,0.0057,1.1615,3759400,3,0.9177,0.5184,0.037,48.4,yf_premarket,0.24916872251421215,0.9169777060425703,0.06664170722575814,0.6,0.5,weak,0.049011177987962166,3.4145,3.3438,0.071,steady,12:18:30,2026-07-08 12:18:30
ARHS,8.1397,8.14,-0.0,0.5293,1495390,2,0.6512,0.4165,0.0512,60.1,yf_premarket,0.113547141478065,0.6481388076263492,0.09322351179333584,0.4,1.5,neutral,-0.0,3.4132,3.3755,0.038,steady,12:18:30,2026-07-08 12:18:30
AAT,24.51,25.0,-0.0196,0.8225,455790,2,0.6181,0.495,0.0198,59.4,yf_premarket,0.17644535020916013,0.6147483102996065,0.03444402845376264,0.4,1.5,neutral,0.0,3.4114,3.3497,0.062,steady,12:18:30,2026-07-08 12:18:30
EXLS,27.8,27.84,-0.0014,0.6452,3772700,5,0.826,0.933,0.0335,46.8,yf_premarket,0.1384103829239515,0.8244729143548875,0.06008985398727069,1.0,0.5,weak,0.0,3.3866,3.4982,-0.112,steady,12:18:30,2026-07-08 12:18:30
INMD,14.54,14.54,0.0,0.4119,995050,2,0.6684,0.3085,0.0212,66.8,yf_premarket,0.08836211519897028,0.665489760920004,0.03706476974915762,0.4,1.5,neutral,0.0,3.3821,3.3539,0.028,steady,12:18:30,2026-07-08 12:18:30
CABA,3.0609,3.1,-0.0126,1.0136,7389520,2,0.5469,0.2333,0.0753,53.4,yf_premarket,0.21744073795988417,0.54292343387471,0.13833770123549233,0.4,1.5,neutral,0.0,3.3812,3.3046,0.077,steady,12:18:30,2026-07-08 12:18:30
COUR,5.75,5.8,-0.0086,0.6426,8768750,2,0.6118,0.3403,0.0587,62.8,yf_premarket,0.13785262254639064,0.6083930192676283,0.10726319730438039,0.4,1.5,neutral,0.0,3.3772,3.364,0.013,steady,12:18:30,2026-07-08 12:18:30
JBLU,5.5995,5.72,-0.0211,0.7704,30307630,4,0.3889,0.336,0.0587,56.9,yf_premarket,0.16526869033572883,0.38353676989811364,0.10726319730438039,0.8,1.5,neutral,0.0,3.3686,3.3152,0.053,steady,12:18:30,2026-07-08 12:18:30
EFC,13.4379,13.48,-0.0031,0.5967,1605910,2,0.6308,0.21,0.0156,50.7,yf_premarket,0.12800600665021988,0.6275597699989912,0.026581804567577683,0.4,1.5,neutral,0.0,3.3604,3.3174,0.043,steady,12:18:30,2026-07-08 12:18:30
BMBL,3.11,3.12,-0.0032,0.3354,5258850,2,0.6374,0.2349,0.0753,57.5,yf_premarket,0.07195108870535234,0.634217693937254,0.13833770123549233,0.4,1.5,neutral,0.0,3.3455,3.3243,0.021,steady,12:18:30,2026-07-08 12:18:30
CNC,65.97,66.12,-0.0023,0.8147,5097360,2,0.5812,2.038,0.0308,57.8,yf_premarket,0.17477206907647752,0.5775244628265914,0.05503556720329465,0.4,1.5,neutral,0.0,3.3447,3.2843,0.06,steady,12:18:30,2026-07-08 12:18:30
BTI,61.38,61.8,-0.0068,0.9533,4933480,2,0.5635,0.919,0.0149,53.5,yf_premarket,0.20450498766491473,0.5596691213557954,0.025271433919880196,0.4,1.5,neutral,0.0,3.3387,3.267,0.072,steady,12:18:30,2026-07-08 12:18:30
CTNM,14.56,14.56,-0.0,0.6496,756520,2,0.5758,1.3175,0.0905,60.7,yf_premarket,0.13935428510136222,0.5720770705134671,0.16679146387120927,0.4,1.5,neutral,-0.0,3.3366,3.29,0.047,steady,12:18:30,2026-07-08 12:18:30
BZUN,2.81,2.78,0.0108,0.6878,278420,2,0.5122,0.1505,0.0541,52.0,yf_premarket,0.14754907218706423,0.5079188943811157,0.09865219019093972,0.4,1.5,neutral,0.09286328460877043,3.3258,3.244,0.082,steady,12:18:30,2026-07-08 12:18:30
CCRN,13.22,13.22,-0.0,0.398,482660,1,0.75,0.024,0.0018,69.2,yf_premarket,0.08538024241124102,0.7478059114294361,0.0007487832272557094,0.2,1.5,neutral,-0.0,3.3241,3.2956,0.029,steady,12:18:30,2026-07-08 12:18:30
CSWC,23.57,23.51,0.0026,0.5704,772500,3,0.5,0.402,0.0171,55.9,yf_premarket,0.12236404590796954,0.49561182285887223,0.0293897416697866,0.6,1.5,neutral,0.02235597592433362,3.323,3.3551,-0.032,steady,12:18:30,2026-07-08 12:18:30
GTN,3.88,3.9,-0.0051,0.8569,1474510,3,0.4487,0.244,0.0626,53.1,yf_premarket,0.18382494905073474,0.4438615958841925,0.11456383377012355,0.6,1.5,neutral,0.0,3.3207,3.2591,0.062,steady,12:18:30,2026-07-08 12:18:30
RBB,26.66,26.59,0.0026,0.6762,291020,3,0.4721,0.7542,0.0284,62.9,yf_premarket,0.1450606028102542,0.4674669625743973,0.05054286783976039,0.6,1.5,neutral,0.02235597592433362,3.3113,3.2564,0.055,steady,12:18:30,2026-07-08 12:18:30
BCS,27.0,27.41,-0.015,0.8379,4298610,3,0.466,0.428,0.0156,63.9,yf_premarket,0.1797490078300976,0.46131342681327553,0.026581804567577683,0.6,1.5,neutral,0.0,3.3055,3.2452,0.06,steady,12:18:30,2026-07-08 12:18:30
BANC,20.46,20.57,-0.0053,0.6091,3285650,3,0.5,0.409,0.0199,64.3,yf_premarket,0.13066609460474096,0.49561182285887223,0.03463122426057657,0.6,1.5,neutral,0.0,3.3045,3.2628,0.042,steady,12:18:30,2026-07-08 12:18:30
BBD,3.38,3.4,-0.0059,0.9538,40083560,2,0.5373,0.0914,0.0269,50.0,yf_premarket,0.20461224927598412,0.5332391808736003,0.04773493073755148,0.4,1.5,neutral,0.0,3.2973,3.3703,-0.073,steady,12:18:30,2026-07-08 12:18:30
TRIN,17.5,17.48,0.0011,0.8523,1129900,2,0.5489,0.3219,0.0184,66.5,yf_premarket,0.18283814222889627,0.5449409865832745,0.03182328715836765,0.4,1.5,neutral,0.00945829750644884,3.2942,3.217,0.077,steady,12:18:30,2026-07-08 12:18:30
ANRO,25.99,25.7,0.0113,0.7578,874730,1,0.5652,2.2277,0.0867,68.1,yf_premarket,0.16256569773678,0.5613840411580753,0.15967802321228006,0.2,1.5,neutral,0.09716251074806534,3.2922,3.091,0.201,steady,12:18:30,2026-07-08 12:18:30
EPSN,5.38,5.38,-0.0,0.7644,219120,2,0.5556,0.212,0.0394,54.0,yf_premarket,0.16398155100289605,0.5516997881569655,0.0711344065892924,0.4,1.5,neutral,-0.0,3.2849,3.2292,0.056,steady,12:18:30,2026-07-08 12:18:30
BILI,18.04,17.6,0.025,0.7092,2394680,3,0.8044,0.5147,0.0292,47.7,yf_premarket,0.1521398691408345,0.8026833451023908,0.05204043429427181,0.6,0.5,weak,0.21496130696474636,3.282,3.1438,0.138,steady,12:18:30,2026-07-08 12:18:30
FND,55.72,56.58,-0.0152,0.8646,2843060,1,0.6345,2.3902,0.0422,57.9,yf_premarket,0.18547677786120348,0.6312922425098355,0.07637588918008237,0.2,1.5,neutral,0.0,3.279,3.2134,0.066,steady,12:18:30,2026-07-08 12:18:30
DGII,71.56,70.16,0.02,0.6517,562660,2,0.441,3.022,0.0431,53.2,yf_premarket,0.13980478386785367,0.43609401795621916,0.07806065144140771,0.4,1.5,neutral,0.17196904557179707,3.2789,3.0945,0.184,steady,12:18:30,2026-07-08 12:18:30
CRMT,3.21,3.21,-0.0,0.1602,2173530,3,0.4745,0.632,0.1969,58.8,yf_premarket,0.0343666201866352,0.4698880258246747,0.36596780232122794,0.6,1.5,neutral,-0.0,3.2743,3.4522,-0.178,steady,12:18:30,2026-07-08 12:18:30
DSP,12.68,12.68,-0.0,0.5468,258610,1,0.6736,0.7575,0.0597,63.2,yf_premarket,0.11730129786549393,0.6707353979622718,0.10913515537251967,0.2,1.5,neutral,-0.0,3.272,3.2324,0.04,steady,12:18:30,2026-07-08 12:18:30
EOLS,6.85,6.94,-0.013,0.9453,746820,2,0.519,0.2774,0.04,55.8,yf_premarket,0.20278880188780435,0.514778573590235,0.07225758143017597,0.4,1.5,neutral,0.0,3.2699,3.1996,0.07,steady,12:18:30,2026-07-08 12:18:30
PLNT,51.81,52.3,-0.0094,0.7573,1613700,3,0.4534,1.6645,0.0318,57.8,yf_premarket,0.1624584361257106,0.4486028447493191,0.056907525271433924,0.6,1.5,neutral,0.0,3.2693,3.216,0.053,steady,12:18:30,2026-07-08 12:18:30
FAST,47.5,47.11,0.0083,0.7785,8121870,2,0.4971,1.168,0.0248,56.3,yf_premarket,0.1670063284350531,0.49268637143145366,0.04380381879445901,0.4,1.5,neutral,0.07136715391229578,3.2648,3.1019,0.163,steady,12:18:30,2026-07-08 12:18:30
BB,10.63,11.1,-0.0423,0.7985,42368270,2,0.5118,1.094,0.0986,62.6,yf_premarket,0.171296792877829,0.5075153838394029,0.1819543242231374,0.4,1.5,neutral,0.0,3.263,3.205,0.058,steady,12:18:30,2026-07-08 12:18:30
FBIO,2.95,2.99,-0.0134,0.6721,578340,3,0.4462,0.208,0.0696,54.7,yf_premarket,0.14418105759948516,0.4413396549984869,0.12766754024709845,0.6,1.5,neutral,0.0,3.2628,3.2166,0.046,steady,12:18:30,2026-07-08 12:18:30
EIKN,11.55,11.6,-0.0043,0.6413,690980,2,0.5381,1.098,0.0947,66.9,yf_premarket,0.1375737423576102,0.5340462019570261,0.17465368775739426,0.4,1.5,neutral,0.0,3.2618,3.2166,0.045,steady,12:18:30,2026-07-08 12:18:30
DERM,6.75,6.745,0.0007,0.4354,475670,3,0.4777,0.4865,0.0721,55.7,yf_premarket,0.093403410919232,0.47311611015837796,0.13234743541744665,0.6,1.5,neutral,0.0060189165950128975,3.2615,3.2325,0.029,steady,12:18:30,2026-07-08 12:18:30
BRKR,57.2,58.25,-0.018,0.9567,2437100,3,0.4115,2.578,0.0443,54.4,yf_premarket,0.20523436662018663,0.4063351155048926,0.08030700112317483,0.6,1.5,neutral,0.0,3.2607,3.1913,0.069,steady,12:18:30,2026-07-08 12:18:30
ALT,2.96,3.02,-0.0199,0.8164,5657470,3,0.4242,0.19,0.0629,69.0,yf_premarket,0.17513675855411348,0.4191465752042773,0.11512542119056533,0.6,1.5,neutral,0.0,3.2586,3.2331,0.026,steady,12:18:30,2026-07-08 12:18:30
HOMB,27.81,28.66,-0.0297,0.7106,2360810,2,0.561,0.507,0.0177,60.2,yf_premarket,0.1524402016518288,0.5571471804700898,0.030512916510670163,0.4,1.5,neutral,0.0,3.2582,3.3238,-0.066,steady,12:18:30,2026-07-08 12:18:30
EQT,52.7205,51.76,0.0186,0.7873,8268850,3,0.3242,1.114,0.0215,56.6,yf_premarket,0.1688941327898745,0.31826893977605164,0.0376263571695994,0.6,1.5,neutral,0.15993121238177127,3.2486,3.0484,0.2,steady,12:18:30,2026-07-08 12:18:30
SSTI,8.9475,8.93,0.002,0.2823,248680,2,0.5865,0.6325,0.0708,67.9,yf_premarket,0.06055990560978226,0.5828709775042873,0.1299138899288656,0.4,1.5,neutral,0.017196904557179708,3.2473,3.2253,0.022,steady,12:18:30,2026-07-08 12:18:30
WF,60.47,62.0,-0.0247,0.6584,234520,3,0.9563,1.231,0.0199,42.6,yf_premarket,0.14124208945618363,0.9559164733178654,0.03463122426057657,0.6,0.5,weak,0.0,3.241,3.1871,0.054,steady,12:18:30,2026-07-08 12:18:30
ETH,16.6499,17.04,-0.0229,0.7885,2710050,3,0.9262,0.6211,0.0364,47.8,yf_premarket,0.16915156065644105,0.9255523050539696,0.06551853238487458,0.6,0.5,weak,0.0,3.2376,3.1733,0.064,steady,12:18:30,2026-07-08 12:18:30
EPC,27.0,26.61,0.0147,0.4456,1303410,1,0.5821,1.303,0.049,66.3,yf_premarket,0.09559154778504772,0.5784323615454453,0.08910520404342943,0.2,1.5,neutral,0.12639724849527084,3.2344,3.0153,0.219,steady,12:18:30,2026-07-08 12:18:30
EYPT,13.9,14.02,-0.0086,1.1447,1850100,3,0.3471,1.215,0.0867,65.0,yf_premarket,0.24556473238228038,0.34136991828911534,0.15967802321228006,0.6,1.5,neutral,0.0,3.2309,3.1469,0.084,steady,12:18:30,2026-07-08 12:18:30
GDOT,13.51,13.3,0.0158,0.3978,614900,2,0.4938,0.278,0.0209,63.5,yf_premarket,0.08533733776681325,0.48935740946232226,0.036503182328715834,0.4,1.5,neutral,0.1358555460017197,3.2288,3.1562,0.073,steady,12:18:30,2026-07-08 12:18:30
AVR,9.9182,9.92,-0.0002,0.6129,1974030,4,0.3343,0.7334,0.0739,56.4,yf_premarket,0.1314812828488684,0.32845758095430244,0.13571695994009733,0.8,1.5,neutral,0.0,3.222,3.1828,0.039,steady,12:18:30,2026-07-08 12:18:30
CBU,66.85,66.85,0.0,0.3904,441800,2,0.5868,1.488,0.0223,58.5,yf_premarket,0.08374986592298617,0.5831736104105719,0.039123923624110823,0.4,1.5,neutral,0.0,3.2115,3.1866,0.025,steady,12:18:30,2026-07-08 12:18:30
PBYI,8.05,7.96,0.0113,1.3194,456890,1,0.4483,0.383,0.0481,66.9,yf_premarket,0.2830419392899281,0.4434580853424796,0.08742044178210408,0.2,1.5,neutral,0.09716251074806534,3.2009,3.0658,0.135,steady,12:18:30,2026-07-08 12:18:30
EBS,8.31,8.29,0.0024,0.7796,866380,1,0.5904,0.371,0.0448,50.0,yf_premarket,0.16724230397940576,0.5868052052859881,0.08124298015724447,0.2,1.5,neutral,0.020636285468615647,3.196,3.2263,-0.03,steady,12:18:30,2026-07-08 12:18:30
EBF,21.3,21.2,0.0047,0.6252,224090,1,0.6044,0.613,0.0289,59.2,yf_premarket,0.13411991848117558,0.6009280742459397,0.051478846873830024,0.2,1.5,neutral,0.040412725709372314,3.1894,3.13,0.059,steady,12:18:30,2026-07-08 12:18:30
DAVA,2.89,2.85,0.014,0.7552,407840,2,0.4054,0.202,0.0709,51.6,yf_premarket,0.16200793735921912,0.40018157974377083,0.13010108573567952,0.4,1.5,neutral,0.12037833190025796,3.189,3.0936,0.095,steady,12:18:30,2026-07-08 12:18:30
AZ,6.01,6.01,-0.0,0.396,343710,2,0.5481,0.4365,0.0726,54.3,yf_premarket,0.08495119596696342,0.5441339654998487,0.13328341445151629,0.4,1.5,neutral,-0.0,3.1823,3.1576,0.025,steady,12:18:30,2026-07-08 12:18:30
MGNX,4.61,4.75,-0.0295,0.5038,1866990,2,0.5217,0.384,0.0808,64.6,yf_premarket,0.10807679931352569,0.5175022697467971,0.14863347061025833,0.4,1.5,neutral,0.0,3.1714,3.1381,0.033,steady,12:18:30,2026-07-08 12:18:30
UMH,15.41,15.41,0.0,0.5779,806300,2,0.5373,0.262,0.017,58.1,yf_premarket,0.1239729700740105,0.5332391808736003,0.029202545862972672,0.4,1.5,neutral,0.0,3.167,3.1272,0.04,steady,12:18:30,2026-07-08 12:18:30
CHMI,2.3,2.29,0.0044,0.5759,274180,2,0.4961,0.0691,0.0302,51.1,yf_premarket,0.1235439236297329,0.4916775950771714,0.053912392362411084,0.4,1.5,neutral,0.03783319002579536,3.1524,3.0862,0.066,steady,12:18:30,2026-07-08 12:18:30
ESTC,58.07,59.46,-0.0234,0.8106,1936300,4,0.7791,2.321,0.039,41.5,yf_premarket,0.17389252386570844,0.7771613033390498,0.07038562336203669,0.8,0.5,weak,0.0,3.1504,3.0868,0.064,steady,12:18:30,2026-07-08 12:18:30
EP,2.66,2.71,-0.0185,0.3646,261350,2,0.5373,0.1515,0.0559,51.3,yf_premarket,0.07821516679180521,0.5332391808736003,0.10202171471359041,0.4,1.5,neutral,0.0,3.1348,3.1129,0.022,steady,12:18:30,2026-07-08 12:18:30
MAGS,65.6547,66.24,-0.0088,0.5755,6306970,3,0.9169,1.2642,0.0191,48.7,yf_premarket,0.1234581143408774,0.9161706849591446,0.03313365780606514,0.6,0.5,weak,0.0,3.1341,3.0878,0.046,steady,12:18:30,2026-07-08 12:18:30
NBHC,44.36,44.28,0.0018,0.5151,533480,2,0.5126,0.847,0.0191,60.4,yf_premarket,0.11050091172369408,0.5083224049228285,0.03313365780606514,0.4,1.5,neutral,0.015477214101461736,3.1222,3.0826,0.04,steady,12:18:30,2026-07-08 12:18:30
BHR,2.07,2.15,-0.0372,0.6155,1201070,2,0.4821,0.153,0.0712,51.8,yf_premarket,0.13203904322642926,0.47755472611721983,0.1306626731561213,0.4,1.5,neutral,0.0,3.1185,3.0765,0.042,steady,12:18:30,2026-07-08 12:18:30
CLAR,3.18,3.18,-0.0,0.2258,564130,2,0.5588,0.126,0.0396,53.8,yf_premarket,0.04843934355894025,0.5549278724906688,0.07150879820292026,0.4,1.5,neutral,-0.0,3.1183,3.1076,0.011,steady,12:18:30,2026-07-08 12:18:30
BHRB,69.76,69.76,-0.0,0.5685,240970,2,0.5094,1.755,0.0252,64.2,yf_premarket,0.12195645178590582,0.5050943205891253,0.04455260202171472,0.4,1.5,neutral,-0.0,3.1154,3.0769,0.038,steady,12:18:30,2026-07-08 12:18:30
EGY,5.3899,5.23,0.0306,0.8117,1616000,3,0.6667,0.184,0.0352,43.3,yf_premarket,0.17412849941006112,0.6637748411177241,0.06327218270310746,0.6,0.5,weak,0.2631126397248495,3.115,2.9779,0.137,steady,12:18:30,2026-07-08 12:18:30
FNB,18.61,18.87,-0.0138,0.9882,4550980,2,0.4419,0.366,0.0194,60.1,yf_premarket,0.21199184811755872,0.4370019166750732,0.03369524522650693,0.4,1.5,neutral,0.0,3.1088,3.0363,0.072,steady,12:18:30,2026-07-08 12:18:30
RKT,14.4,14.63,-0.0157,0.7017,39174340,2,0.4674,0.872,0.0596,55.4,yf_premarket,0.15053094497479352,0.4627257137092707,0.10894795956570573,0.4,1.5,neutral,0.0,3.1057,3.0567,0.049,steady,12:18:30,2026-07-08 12:18:30
FENC,10.41,10.5,-0.0086,0.557,308820,1,0.5909,0.5915,0.0563,68.5,yf_premarket,0.11948943473130967,0.5873095934631292,0.10277049794084613,0.2,1.5,neutral,0.0,3.1052,3.0662,0.039,steady,12:18:30,2026-07-08 12:18:30
BXSL,23.17,23.23,-0.0026,0.8573,1977240,2,0.4579,0.4836,0.0208,53.4,yf_premarket,0.18391075833959025,0.45314233834358925,0.03631598652190191,0.4,1.5,neutral,0.0,3.1003,3.0473,0.053,steady,12:18:30,2026-07-08 12:18:30
AMBA,70.98,71.82,-0.0117,0.6849,2369150,3,0.3411,8.424,0.1173,51.3,yf_premarket,0.14692695484286172,0.33531726016342184,0.21695994009734182,0.6,1.5,neutral,0.0,3.0995,3.0541,0.045,steady,12:18:30,2026-07-08 12:18:30
AUB,41.6,41.57,0.0007,0.5416,1568680,2,0.5024,0.93,0.0224,64.2,yf_premarket,0.11618577711037219,0.4980328861091496,0.039311119430924746,0.4,1.5,neutral,0.0060189165950128975,3.099,3.0539,0.045,steady,12:18:30,2026-07-08 12:18:30
ADAG,3.93,3.93,-0.0,1.4431,485290,1,0.3987,0.5946,0.1513,55.2,yf_premarket,0.30957846186849725,0.3934227781700797,0.2806065144140771,0.2,1.5,neutral,-0.0,3.0915,2.9815,0.11,steady,12:18:30,2026-07-08 12:18:30
BKU,48.5,48.8,-0.0061,0.6587,1370210,3,0.382,1.315,0.0269,53.8,yf_premarket,0.14130644642282525,0.37657621305356603,0.04773493073755148,0.6,1.5,neutral,0.0,3.089,3.0756,0.013,steady,12:18:30,2026-07-08 12:18:30
BAM,46.2,46.57,-0.0079,0.7658,2964020,4,0.7612,1.1795,0.0253,40.3,yf_premarket,0.1642818835138904,0.7591042065973973,0.04473979782852864,0.8,0.5,weak,0.0,3.087,3.0275,0.06,steady,12:18:30,2026-07-08 12:18:30
FCEL,20.95,25.96,-0.193,0.7297,16810160,2,0.3881,5.21,0.2007,60.2,yf_premarket,0.15653759519467983,0.3827297488146878,0.3730812429801572,0.4,1.5,neutral,0.0,3.0868,3.0367,0.05,steady,12:18:30,2026-07-08 12:18:30
ABOS,2.51,2.57,-0.0233,0.4649,948540,1,0.5873,0.1934,0.0753,57.6,yf_premarket,0.0997318459723265,0.5836779985877131,0.13833770123549233,0.2,1.5,neutral,0.0,3.0861,3.0549,0.031,steady,12:18:30,2026-07-08 12:18:30
AMCX,9.98,9.99,-0.001,0.8795,483210,1,0.5333,0.458,0.0458,55.2,yf_premarket,0.18867317387107152,0.5292040754564713,0.08311493822538375,0.2,1.5,neutral,0.0,3.083,3.0278,0.055,steady,12:18:30,2026-07-08 12:18:30
CBRL,50.49,49.5,0.02,0.7749,1159440,1,0.416,2.754,0.0556,64.3,yf_premarket,0.16623404483535342,0.41087460909916274,0.10146012729314863,0.2,1.5,neutral,0.17196904557179707,3.0798,2.7676,0.312,rising,12:18:30,2026-07-08 12:18:30
BCAT,15.814,15.9,-0.0054,0.8213,661390,1,0.5556,0.1853,0.0117,55.8,yf_premarket,0.1761879223425936,0.5516997881569655,0.019281168101834518,0.2,1.5,neutral,0.0,3.0773,3.1288,-0.051,steady,12:18:30,2026-07-08 12:18:30
AHCO,10.1503,10.15,0.0,0.5087,1866580,3,0.3939,0.3947,0.0389,53.4,yf_premarket,0.1091279631020058,0.3885806516695249,0.07019842755522276,0.6,1.5,neutral,0.0,3.076,3.0445,0.031,steady,12:18:30,2026-07-08 12:18:30
UPST,32.42,33.06,-0.0194,1.0186,4557950,2,0.4,2.1043,0.0637,52.9,yf_premarket,0.21851335407057812,0.3947341874306467,0.11662298764507677,0.4,1.5,neutral,0.0,3.0755,3.0012,0.074,steady,12:18:30,2026-07-08 12:18:30
FRME,43.03,42.84,0.0044,0.4756,541400,2,0.476,1.037,0.0242,63.1,yf_premarket,0.10202724444921163,0.47140119035609807,0.04268064395357544,0.4,1.5,neutral,0.03783319002579536,3.0739,3.0303,0.044,steady,12:18:30,2026-07-08 12:18:30
AKTS,27.25,27.58,-0.012,0.6624,734580,3,0.3276,3.38,0.1226,64.7,yf_premarket,0.1421001823447388,0.32169877938061137,0.22688131785847998,0.6,1.5,neutral,0.0,3.07,3.0267,0.043,steady,12:18:30,2026-07-08 12:18:30
CCNE,33.77,33.38,0.0117,0.5381,211120,2,0.4144,1.002,0.03,58.8,yf_premarket,0.11543494583288641,0.4092605669323111,0.053538000748783225,0.4,1.5,neutral,0.10060189165950129,3.0693,2.9991,0.07,steady,12:18:30,2026-07-08 12:18:30
CFFN,8.33,8.37,-0.0048,0.7444,852270,3,0.36,0.166,0.0198,61.1,yf_premarket,0.15969108656012013,0.35438313325935644,0.03444402845376264,0.6,1.5,neutral,0.0,3.0655,3.0149,0.051,steady,12:18:30,2026-07-08 12:18:30
BRCB,7.69,7.72,-0.0039,0.7513,489000,2,0.4262,0.612,0.0793,50.2,yf_premarket,0.1611712967928778,0.4211641279128418,0.14582553350804942,0.4,1.5,neutral,0.0,3.057,3.0046,0.052,steady,12:18:30,2026-07-08 12:18:30
FBP,26.25,26.32,-0.0027,0.4081,1669730,2,0.5079,0.51,0.0194,63.7,yf_premarket,0.08754692695484287,0.503581156057702,0.03369524522650693,0.4,1.5,neutral,0.0,3.0553,3.0568,-0.002,steady,12:18:30,2026-07-08 12:18:30
AIN,73.8647,73.57,0.004,0.7115,277870,1,0.5261,2.49,0.0338,60.5,yf_premarket,0.1526332725517537,0.521940885705639,0.06065144140771246,0.2,1.5,neutral,0.034393809114359415,3.0547,2.9916,0.063,steady,12:18:30,2026-07-08 12:18:30
AURA,6.86,7.03,-0.0242,1.0552,772380,2,0.3731,0.585,0.0832,57.9,yf_premarket,0.22636490400085807,0.36759810350045397,0.15312616997379258,0.4,1.5,neutral,0.0,3.0513,2.9743,0.077,steady,12:18:30,2026-07-08 12:18:30
AGBK,7.05,7.05,-0.0,0.2386,275300,2,0.5205,0.314,0.0445,53.9,yf_premarket,0.05118524080231685,0.5162917381216584,0.08068139273680269,0.4,1.5,neutral,-0.0,3.0497,3.0386,0.011,steady,12:18:30,2026-07-08 12:18:30
CING,5.0191,5.09,-0.0139,1.4669,321560,2,0.3055,0.3992,0.0784,52.8,yf_premarket,0.31468411455540063,0.2994048219509735,0.14414077124672406,0.4,1.5,neutral,0.0,3.0429,2.9326,0.11,steady,12:18:30,2026-07-08 12:18:30
CRSR,8.6,8.89,-0.0326,0.8966,1930800,2,0.3938,0.6063,0.0682,54.5,yf_premarket,0.19234152096964494,0.38847977403409667,0.12504679895170348,0.4,1.5,neutral,0.0,3.028,2.9639,0.064,steady,12:18:30,2026-07-08 12:18:30
FSUN,38.3,38.54,-0.0062,0.515,450090,1,0.5702,1.2235,0.0317,65.4,yf_premarket,0.11047945940148021,0.5664279229294865,0.056720329464619995,0.2,1.5,neutral,0.0,3.0269,2.9918,0.035,steady,12:18:30,2026-07-08 12:18:30
AMAL,45.8,45.8,0.0,0.7657,218500,2,0.4336,1.187,0.0259,61.8,yf_premarket,0.1642604311916765,0.42862907293453045,0.04586297266941221,0.4,1.5,neutral,0.0,3.0266,2.9729,0.054,steady,12:18:30,2026-07-08 12:18:30
OSW,27.69,27.31,0.0139,1.0008,1186750,2,0.2973,1.2906,0.0473,57.8,yf_premarket,0.21469484071650755,0.291132855845859,0.08592287532759267,0.4,1.5,neutral,0.11951848667239896,3.0265,2.7762,0.25,steady,12:18:30,2026-07-08 12:18:30
CURB,30.58,30.65,-0.0023,0.8384,1948940,2,0.4245,0.584,0.0191,53.6,yf_premarket,0.179856269441167,0.4194492081105619,0.03313365780606514,0.4,1.5,neutral,0.0,3.0252,2.9656,0.06,steady,12:18:30,2026-07-08 12:18:30
CVNA,66.48,67.49,-0.015,1.5045,13436740,4,0.5975,3.7577,0.0557,47.9,yf_premarket,0.3227501877078193,0.5939675174013921,0.10164732309996256,0.8,0.5,weak,0.0,3.0229,2.9043,0.119,steady,12:18:30,2026-07-08 12:18:30
RRGB,6.7437,6.6,0.0218,0.6228,393070,1,0.3783,0.6,0.0909,64.7,yf_premarket,0.13360506274804249,0.37284374054272174,0.167540247098465,0.2,1.5,neutral,0.1874462596732588,3.011,2.689,0.322,rising,12:18:30,2026-07-08 12:18:30
AXTA,33.48,34.25,-0.0225,0.8735,1678840,2,0.407,0.7575,0.0221,53.5,yf_premarket,0.18738603453823877,0.4017956219106224,0.03874953201048297,0.4,1.5,neutral,0.0,3.004,2.9418,0.062,steady,12:18:30,2026-07-08 12:18:30
CIM,12.99,13.04,-0.0038,0.5508,874550,2,0.4516,0.2718,0.0208,53.0,yf_premarket,0.11815939075404912,0.44678704731161106,0.03631598652190191,0.4,1.5,neutral,0.0,2.989,3.2319,-0.243,steady,12:18:30,2026-07-08 12:18:30
CIVB,27.96,27.95,0.0004,0.6341,205970,2,0.4303,0.82,0.0293,63.2,yf_premarket,0.13602917515821086,0.425300110965399,0.052227630101085734,0.4,1.5,neutral,0.0034393809114359416,2.9859,2.9381,0.048,steady,12:18:30,2026-07-08 12:18:30
FBNC,62.74,63.16,-0.0066,0.37,355690,2,0.4763,1.5176,0.024,65.7,yf_premarket,0.07937359219135472,0.47170382326238275,0.042306252339947586,0.4,1.5,neutral,0.0,2.9836,2.9623,0.021,steady,12:18:30,2026-07-08 12:18:30
ACI,14.15,14.14,0.0007,0.9674,7435020,4,0.6588,0.4055,0.0287,40.9,yf_premarket,0.20752976509707174,0.6558055079188945,0.05110445526020217,0.8,0.5,weak,0.0060189165950128975,2.9575,2.8739,0.084,steady,12:18:30,2026-07-08 12:18:30
CHCT,18.01,18.01,-0.0,1.0076,224790,1,0.4609,0.3915,0.0217,59.3,yf_premarket,0.21615359862705139,0.456168667406436,0.03800074878322726,0.2,1.5,neutral,-0.0,2.9556,2.8811,0.075,steady,12:18:30,2026-07-08 12:18:30
BBCP,11.37,11.18,0.017,0.773,351240,2,0.2786,0.5293,0.0473,55.4,yf_premarket,0.16582645071328972,0.27226873802078083,0.08592287532759267,0.4,1.5,neutral,0.1461736887360275,2.9555,2.8516,0.104,steady,12:18:30,2026-07-08 12:18:30
ALC,66.4799,66.87,-0.0058,1.6699,2081550,1,0.351,1.4425,0.0216,52.2,yf_premarket,0.35823232864957627,0.3453041460708161,0.03781355297641333,0.2,1.5,neutral,0.0,2.9469,2.8188,0.128,steady,12:18:30,2026-07-08 12:18:30
AMPH,19.95,20.08,-0.0065,0.883,509640,1,0.4514,0.979,0.0488,52.3,yf_premarket,0.1894240051485573,0.44658529204075464,0.08873081242980158,0.2,1.5,neutral,0.0,2.9217,2.8578,0.064,steady,12:18:30,2026-07-08 12:18:30
DHC,9.15,9.2,-0.0054,0.7584,1982510,1,0.4773,0.319,0.0347,59.7,yf_premarket,0.16269441167006327,0.472712599616665,0.06233620366903782,0.2,1.5,neutral,0.0,2.9206,2.8667,0.054,steady,12:18:30,2026-07-08 12:18:30
CARE,32.3,32.32,-0.0006,0.8991,508410,3,0.2575,1.028,0.0318,67.2,yf_premarket,0.19287782902499195,0.25098355694542523,0.056907525271433924,0.6,1.5,neutral,0.0,2.9197,2.8579,0.062,steady,12:18:30,2026-07-08 12:18:30
BIRK,45.16,45.56,-0.0088,0.4353,1807340,3,0.8138,1.8443,0.0405,42.7,yf_premarket,0.09338195859701813,0.8121658428326439,0.0731935604642456,0.6,0.5,weak,0.0,2.901,2.8683,0.033,steady,12:18:30,2026-07-08 12:18:30
FRPT,54.35,54.51,-0.0029,0.7782,1743460,2,0.3503,3.4335,0.063,50.0,yf_premarket,0.16694197146841144,0.34459800262281853,0.11531261699737926,0.4,1.5,neutral,0.0,2.8973,2.8439,0.053,steady,12:18:30,2026-07-08 12:18:30
ERII,8.8,8.8,-0.0,0.6798,791120,2,0.3768,0.327,0.0372,50.8,yf_premarket,0.14583288640995387,0.3713305760112984,0.06701609883938599,0.4,1.5,neutral,-0.0,2.8949,2.8494,0.045,steady,12:18:30,2026-07-08 12:18:30
CCCC,4.2587,4.35,-0.021,0.8337,5230780,2,0.3195,0.4134,0.095,63.7,yf_premarket,0.17884801029711467,0.3135276909109251,0.17521527517783603,0.4,1.5,neutral,0.0,2.8829,2.8254,0.057,steady,12:18:30,2026-07-08 12:18:30
AQST,4.3836,4.33,0.0124,0.4772,2836960,3,0.213,0.2585,0.0597,52.8,yf_premarket,0.1023704816046337,0.2060930091798648,0.10913515537251967,0.6,1.5,neutral,0.10662080825451418,2.8802,2.6946,0.186,steady,12:18:30,2026-07-08 12:18:30
CCO,2.4,2.41,-0.0041,0.5602,12361290,1,0.5,0.017,0.0071,53.3,yf_premarket,0.12017590904215382,0.49561182285887223,0.01067016098839386,0.2,1.5,neutral,0.0,2.8768,2.8392,0.038,steady,12:18:30,2026-07-08 12:18:30
DVN,43.24,42.41,0.0196,1.1626,14353370,2,0.6603,1.15,0.0271,43.2,yf_premarket,0.24940469805856486,0.6573186724503177,0.04810932235117933,0.4,0.5,weak,0.16852966466036112,2.8656,2.7114,0.154,steady,12:18:30,2026-07-08 12:18:30
HAFC,32.27,32.17,0.0031,0.7068,278000,1,0.4412,0.663,0.0206,61.5,yf_premarket,0.15162501340770138,0.4362957732270756,0.03594159490827406,0.2,1.5,neutral,0.026655202063628546,2.858,2.7995,0.058,steady,12:18:30,2026-07-08 12:18:30
ATMU,50.2,50.82,-0.0122,0.5402,927110,2,0.3774,2.0155,0.0397,52.3,yf_premarket,0.11588544459937788,0.3719358418238677,0.07169599400973418,0.4,1.5,neutral,0.0,2.8535,2.8197,0.034,steady,12:18:30,2026-07-08 12:18:30
COLM,64.42,64.03,0.0061,0.6829,521620,3,0.7151,2.004,0.0313,41.0,yf_premarket,0.14649790839858412,0.7125996166649853,0.055971546237364285,0.6,0.5,weak,0.05245055889939811,2.8516,2.7212,0.13,steady,12:18:30,2026-07-08 12:18:30
FOX,49.05,49.2,-0.003,0.6217,2551400,3,0.7619,1.6857,0.0343,47.6,yf_premarket,0.1333690872036898,0.759810350045395,0.0615874204417821,0.6,0.5,weak,0.0,2.8505,2.803,0.047,steady,12:18:30,2026-07-08 12:18:30
AVNS,24.93,24.92,0.0004,0.8735,905070,1,0.9293,0.093,0.0037,48.0,yf_premarket,0.18738603453823877,0.9286795117522445,0.004305503556720329,0.2,0.5,weak,0.0034393809114359416,2.8457,2.7731,0.073,steady,12:18:30,2026-07-08 12:18:30
UMC,24.42,23.83,0.0248,1.2566,19536790,2,0.0872,1.453,0.061,51.8,yf_premarket,0.2695698809396117,0.07918894381115707,0.11156870086110071,0.4,1.5,neutral,0.21324161650902837,2.8384,2.6094,0.229,steady,12:18:30,2026-07-08 12:18:30
AVBC,20.76,20.76,-0.0,0.1605,322730,1,0.5333,0.6515,0.0314,59.0,yf_premarket,0.034430977153276844,0.5292040754564713,0.05615874204417821,0.2,1.5,neutral,-0.0,2.8381,2.8334,0.005,steady,12:18:30,2026-07-08 12:18:30
HBNC,19.64,19.64,0.0,0.4798,1158630,2,0.3862,0.4,0.0204,57.4,yf_premarket,0.10292824198219457,0.3808130737415515,0.0355672032946462,0.4,1.5,neutral,0.0,2.8338,2.8049,0.029,steady,12:18:30,2026-07-08 12:18:30
OPRT,5.68,5.68,0.0,0.6844,559040,1,0.4395,0.2395,0.0422,66.9,yf_premarket,0.14681969323179234,0.43458085342479574,0.07637588918008237,0.2,1.5,neutral,0.0,2.8276,2.7805,0.047,steady,12:18:30,2026-07-08 12:18:30
BOXL,4.43,4.74,-0.0654,0.0043,2834000,3,0.2684,0.9929,0.2095,55.7,yf_premarket,0.000922449855196825,0.2619792192071018,0.3895544739797828,0.6,1.5,neutral,0.0,2.8201,2.8329,-0.013,steady,12:18:30,2026-07-08 12:18:30
EFSC,65.04,65.04,-0.0,0.5347,306710,1,0.4668,1.386,0.0213,61.9,yf_premarket,0.11470556687761449,0.4621204478967013,0.037251965555971545,0.2,1.5,neutral,-0.0,2.8149,2.78,0.035,steady,12:18:30,2026-07-08 12:18:30
BUR,4.26,4.3,-0.0093,0.7475,2497620,4,0.6171,0.2146,0.0499,44.2,yf_premarket,0.1603561085487504,0.6137395339453243,0.09078996630475478,0.8,0.5,weak,0.0,2.8134,2.758,0.055,steady,12:18:30,2026-07-08 12:18:30
ALH,26.0,25.93,0.0027,0.873,781010,2,0.2917,0.77,0.0297,51.6,yf_premarket,0.18727877292716935,0.2854837082618784,0.05297641332834145,0.4,1.5,neutral,0.023215821152192607,2.8132,2.7447,0.069,steady,12:18:30,2026-07-08 12:18:30
BLSH,25.49,25.77,-0.0109,0.5516,1646320,3,0.7351,1.7125,0.0665,40.7,yf_premarket,0.11833100933176015,0.7327751437506305,0.12186447023586672,0.6,0.5,weak,0.0,2.804,2.7629,0.041,steady,12:18:30,2026-07-08 12:18:30
CTGO,15.8794,16.63,-0.0451,1.216,626990,3,0.632,0.867,0.0521,45.5,yf_premarket,0.2608602381207766,0.62877030162413,0.09490827405466118,0.6,0.5,weak,0.0,2.7963,2.7013,0.095,steady,12:18:30,2026-07-08 12:18:30
CVI,29.0001,28.65,0.0122,0.7059,1171060,2,0.7345,1.368,0.0477,48.4,yf_premarket,0.15143194250777645,0.7321698779380612,0.08667165855484837,0.4,0.5,weak,0.10490111779879623,2.7922,2.7007,0.091,steady,12:18:30,2026-07-08 12:18:30
BSX,45.25,45.3,-0.0011,0.5499,23634940,3,0.7403,1.444,0.0319,43.6,yf_premarket,0.11796631985412422,0.7380207807928981,0.05709472107824785,0.6,0.5,weak,0.0,2.7815,2.7405,0.041,steady,12:18:30,2026-07-08 12:18:30
AIV,2.9,2.94,-0.0136,0.6215,1468870,0,0.5333,0.052,0.0177,64.0,yf_premarket,0.13332618255926204,0.5292040754564713,0.030512916510670163,0.0,1.5,neutral,0.0,2.7737,2.7303,0.043,steady,12:18:30,2026-07-08 12:18:30
AUPH,16.01,16.22,-0.0129,0.9658,2762230,2,0.2537,1.0083,0.0622,51.6,yf_premarket,0.20718652794164968,0.24715020679915264,0.11381505054286783,0.4,1.5,neutral,0.0,2.762,2.6946,0.067,steady,12:18:30,2026-07-08 12:18:30
CTRN,57.03,57.03,0.0,0.853,317590,2,0.2712,3.584,0.0628,52.9,yf_premarket,0.18298830848439343,0.2648037929990921,0.1149382253837514,0.4,1.5,neutral,0.0,2.7616,2.7033,0.058,steady,12:18:30,2026-07-08 12:18:30
CRON,2.71,2.75,-0.0145,0.7138,1031480,1,0.4063,0.0895,0.0325,59.1,yf_premarket,0.15312667596267296,0.4010894784626249,0.058217895919131415,0.2,1.5,neutral,0.0,2.761,2.7121,0.049,steady,12:18:30,2026-07-08 12:18:30
CADL,9.68,9.85,-0.0173,0.8055,1955990,1,0.3708,0.6543,0.0664,66.0,yf_premarket,0.1727984554328006,0.3652779178856048,0.1216772744290528,0.2,1.5,neutral,0.0,2.7506,2.6946,0.056,steady,12:18:30,2026-07-08 12:18:30
ACCO,4.06,4.06,0.0,0.4236,1029190,1,0.4444,0.142,0.035,55.0,yf_premarket,0.0908720368979942,0.43952385756077883,0.0628977910894796,0.2,1.5,neutral,0.0,2.7468,2.7216,0.025,steady,12:18:30,2026-07-08 12:18:30
AROC,38.01,37.93,0.0021,0.7169,3115110,2,0.2724,1.955,0.0515,55.4,yf_premarket,0.1537916979513032,0.2660143246242308,0.0937850992137776,0.4,1.5,neutral,0.01805674978503869,2.7367,2.8101,-0.073,steady,12:18:30,2026-07-08 12:18:30
EHGO,1.78,2.0,-0.11,0.0349,11378370,2,0.1689,1.0713,0.5356,53.0,yf_premarket,0.007486860452643998,0.16160597195601736,1.0,0.4,1.5,neutral,0.0,2.7344,2.7461,-0.012,steady,12:18:30,2026-07-08 12:18:30
OMF,59.0,59.62,-0.0104,0.6171,1224710,1,0.4081,1.672,0.028,60.6,yf_premarket,0.13238228038185132,0.4029052759003329,0.04979408461250468,0.2,1.5,neutral,0.0,2.7293,2.6885,0.041,steady,12:18:30,2026-07-08 12:18:30
BORR,4.5132,4.46,0.0119,0.8057,6066710,2,0.6909,0.1796,0.0403,44.9,yf_premarket,0.17284136007722833,0.6881872288913548,0.07281916885061775,0.4,0.5,weak,0.10232158211521927,2.7255,2.532,0.193,steady,12:18:30,2026-07-08 12:18:30
LQDT,38.03,38.03,0.0,0.6749,262400,2,0.291,1.163,0.0306,51.0,yf_premarket,0.1447817226214738,0.2847775648138808,0.054661175589666794,0.4,1.5,neutral,0.0,2.7141,2.6704,0.044,steady,12:18:30,2026-07-08 12:18:30
ASX,38.6957,39.65,-0.0241,1.0505,14445340,2,0.2133,2.3676,0.0597,52.6,yf_premarket,0.22535664485680573,0.20639564208614952,0.10913515537251967,0.4,1.5,neutral,0.0,2.7054,2.6316,0.074,steady,12:18:30,2026-07-08 12:18:30
APAM,36.3,36.03,0.0075,0.7214,938430,2,0.7263,1.01,0.028,49.8,yf_premarket,0.15475705245092783,0.7238979118329466,0.04979408461250468,0.4,0.5,weak,0.0644883920894239,2.7016,2.5497,0.152,steady,12:18:30,2026-07-08 12:18:30
FISI,38.48,38.51,-0.0008,0.4963,270990,2,0.3137,0.971,0.0252,63.8,yf_premarket,0.10646787514748471,0.30767678805608795,0.04455260202171472,0.4,1.5,neutral,0.0,2.6973,2.6683,0.029,steady,12:18:30,2026-07-08 12:18:30
DSGX,72.1,72.1,0.0,0.6873,585900,3,0.6726,2.485,0.0345,48.9,yf_premarket,0.14744181057599484,0.6697266216079895,0.061961812055409966,0.6,0.5,weak,0.0,2.6916,2.6402,0.051,steady,12:18:30,2026-07-08 12:18:30
EROK,20.91,20.91,0.0,0.6617,318290,1,0.368,1.132,0.0541,55.7,yf_premarket,0.14195001608924165,0.36245334409361446,0.09865219019093972,0.2,1.5,neutral,0.0,2.6872,2.6433,0.044,steady,12:18:30,2026-07-08 12:18:30
DAKT,20.43,20.43,-0.0,0.7933,846920,4,0.5448,1.101,0.0539,46.4,yf_premarket,0.17018127212270728,0.5408050035307171,0.09827779857731188,0.8,0.5,weak,-0.0,2.686,2.628,0.058,steady,12:18:30,2026-07-08 12:18:30
COAG,31.48,31.49,-0.0003,0.535,287480,1,0.3526,3.799,0.1206,61.5,yf_premarket,0.11476992384425615,0.34691818823766774,0.22313740172220142,0.2,1.5,neutral,0.0,2.6776,2.6445,0.033,steady,12:18:30,2026-07-08 12:18:30
BUSE,29.22,29.22,0.0,0.8816,1019600,1,0.3434,0.568,0.0194,61.5,yf_premarket,0.18912367263756302,0.337637445778271,0.03369524522650693,0.2,1.5,neutral,0.0,2.6758,2.614,0.062,steady,12:18:30,2026-07-08 12:18:30
ANL,10.77,10.77,-0.0,1.1099,215870,2,0.6445,1.539,0.1429,46.8,yf_premarket,0.23809932425185026,0.6413800060526581,0.2648820666417072,0.4,0.5,weak,-0.0,2.6724,2.5859,0.087,steady,12:18:30,2026-07-08 12:18:30
CSGP,29.77,29.87,-0.0033,0.8998,6645300,3,0.6236,1.21,0.0405,41.8,yf_premarket,0.1930279952804891,0.620296580248159,0.0731935604642456,0.6,0.5,weak,0.0,2.6667,2.5984,0.068,steady,12:18:30,2026-07-08 12:18:30
RFL,2.38,2.34,0.0171,1.1197,392070,2,0.0122,0.4402,0.1881,52.7,yf_premarket,0.24020165182881045,0.0035307172399878964,0.34949457132160233,0.4,1.5,neutral,0.1470335339638865,2.6627,2.6154,0.047,steady,12:18:30,2026-07-08 12:18:30
CLPT,17.47,17.48,-0.0006,0.5216,815230,1,0.3639,1.483,0.0848,65.8,yf_premarket,0.11189531266759625,0.3583173610410572,0.15612130288281542,0.2,1.5,neutral,0.0,2.6625,2.6304,0.032,steady,12:18:30,2026-07-08 12:18:30
ARCC,18.4695,18.47,-0.0,0.8476,5358760,3,0.641,0.301,0.0163,46.3,yf_premarket,0.18182988308484394,0.6378492888126702,0.027892175215275174,0.6,0.5,weak,-0.0,2.6624,2.5982,0.064,steady,12:18:30,2026-07-08 12:18:30
AKR,19.01,21.42,-0.1125,0.5227,2055920,4,0.592,0.3821,0.0178,48.3,yf_premarket,0.11213128821194895,0.5884192474528397,0.03070011231748409,0.8,0.5,weak,0.0,2.6604,2.6243,0.036,steady,12:18:30,2026-07-08 12:18:30
ARLO,13.03,13.17,-0.0106,1.5283,1535540,3,0.5116,0.723,0.0549,49.5,yf_premarket,0.3278558403947227,0.5073136285685463,0.10014975664545114,0.6,0.5,weak,0.0,2.6565,2.5374,0.119,steady,12:18:30,2026-07-08 12:18:30
APPS,10.18,10.39,-0.0202,0.83,6011750,1,0.2961,1.172,0.1128,53.2,yf_premarket,0.1780542743752011,0.2899223242207203,0.2085361287907151,0.2,1.5,neutral,0.0,2.6512,2.5944,0.057,steady,12:18:30,2026-07-08 12:18:30
CXW,29.22,29.3,-0.0027,1.0838,1640950,3,0.0756,1.49,0.0509,61.3,yf_premarket,0.2325002681540277,0.06748713810148291,0.09266192437289406,0.6,1.5,neutral,0.0,2.6301,2.5559,0.074,steady,12:18:30,2026-07-08 12:18:30
BBAR,19.93,20.08,-0.0075,1.4851,621630,2,0.5871,1.0726,0.0534,46.4,yf_premarket,0.31858843719832675,0.5834762433168565,0.09734181954324224,0.4,0.5,weak,0.0,2.5935,2.4767,0.117,steady,12:18:30,2026-07-08 12:18:30
CVGI,4.85,4.88,-0.0061,0.4391,983650,3,0.6392,0.401,0.0822,44.3,yf_premarket,0.09419714684114555,0.6360334913749621,0.1512542119056533,0.6,0.5,weak,0.0,2.589,2.559,0.03,steady,12:18:30,2026-07-08 12:18:30
AYA,18.1601,18.78,-0.033,0.7492,392950,4,0.4939,1.261,0.0671,41.0,yf_premarket,0.16072079802638634,0.48945828709775047,0.1229876450767503,0.8,0.5,weak,0.0,2.5815,2.528,0.054,steady,12:18:30,2026-07-08 12:18:30
CNX,33.25,33.25,0.0,0.7319,2138290,2,0.2139,0.807,0.0243,53.0,yf_premarket,0.15700954628338518,0.20700090789871886,0.04286783976038937,0.4,1.5,neutral,0.0,2.571,2.5239,0.047,steady,12:18:30,2026-07-08 12:18:30
CCS,64.98,65.42,-0.0067,0.6317,391140,1,0.309,2.9087,0.0445,60.4,yf_premarket,0.13551431942507777,0.3029355391909614,0.08068139273680269,0.2,1.5,neutral,0.0,2.5495,2.5092,0.04,steady,12:18:30,2026-07-08 12:18:30
EQ,2.77,2.88,-0.0382,0.3188,1105490,2,0.2326,0.277,0.0962,52.7,yf_premarket,0.06839000321784833,0.22586502572379702,0.17746162485960312,0.4,1.5,neutral,0.0,2.543,2.5302,0.013,steady,12:18:30,2026-07-08 12:18:30
CLDT,12.58,12.78,-0.0156,0.819,420780,2,0.1833,0.3864,0.0302,52.3,yf_premarket,0.17569451893167434,0.17613235145768183,0.053912392362411084,0.4,1.5,neutral,0.0,2.5428,2.489,0.054,steady,12:18:30,2026-07-08 12:18:30
DRUG,64.64,64.64,0.0,0.8249,308160,2,0.1549,4.7065,0.0728,61.2,yf_premarket,0.17696020594229322,0.14748310299606576,0.13365780606514416,0.4,1.5,neutral,0.0,2.5272,2.4734,0.054,steady,12:18:30,2026-07-08 12:18:30
AUGO,63.0,63.37,-0.0058,1.3059,1366040,2,0.5807,3.62,0.0571,45.8,yf_premarket,0.2801458757910544,0.5770200746494502,0.10426806439535755,0.4,0.5,weak,0.0,2.5264,2.522,0.004,steady,12:18:30,2026-07-08 12:18:30
ASTE,55.51,56.0,-0.0088,0.7418,234550,2,0.181,2.402,0.0429,59.3,yf_premarket,0.15913332618255926,0.17381216584283266,0.07768625982777987,0.4,1.5,neutral,0.0,2.5252,2.4779,0.047,steady,12:18:30,2026-07-08 12:18:30
ENB,55.08,55.05,0.0005,1.3629,4135940,2,0.5818,1.096,0.0199,45.6,yf_premarket,0.29237369945296576,0.5781297286391607,0.03463122426057657,0.4,0.5,weak,0.004299226139294927,2.5186,2.4323,0.086,steady,12:18:30,2026-07-08 12:18:30
ALK,47.61,49.09,-0.0301,1.0482,3314450,1,0.2252,2.406,0.049,50.0,yf_premarket,0.2248632414458865,0.21840008070210837,0.08910520404342943,0.2,1.5,neutral,0.0,2.5186,2.4449,0.074,steady,12:18:30,2026-07-08 12:18:30
CPRT,29.41,29.27,0.0048,0.6468,14919110,4,0.461,1.088,0.0372,44.9,yf_premarket,0.13875362007937359,0.4562695450418643,0.06701609883938599,0.8,0.5,weak,0.041272570937231294,2.5161,2.4198,0.096,steady,12:18:30,2026-07-08 12:18:30
BRBS,3.52,3.46,0.0173,0.2908,535830,1,0.2453,0.0819,0.0237,63.5,yf_premarket,0.06238335299796203,0.23867648542318168,0.041744664919505806,0.2,1.5,neutral,0.14875322441960445,2.5149,2.4511,0.064,steady,12:18:30,2026-07-08 12:18:30
ARXS,42.49,42.49,-0.0,0.684,1579890,3,0.0683,3.115,0.0733,53.7,yf_premarket,0.14673388394293682,0.06012307071522244,0.1345937850992138,0.6,1.5,neutral,-0.0,2.5076,2.4671,0.041,steady,12:18:30,2026-07-08 12:18:30
API,4.11,4.11,-0.0,0.758,404080,2,0.6585,0.2235,0.0544,45.3,yf_premarket,0.16260860238120775,0.6555028750126096,0.0992137776113815,0.4,0.5,weak,-0.0,2.5045,2.4475,0.057,steady,12:18:30,2026-07-08 12:18:30
DIBS,4.63,4.63,-0.0,0.19,501000,1,0.3312,0.4304,0.093,58.3,yf_premarket,0.04075941220637134,0.32533037425602745,0.17147135904155747,0.2,1.5,neutral,-0.0,2.4975,2.4938,0.004,steady,12:18:30,2026-07-08 12:18:30
BWEN,3.9565,4.16,-0.0489,1.16,310160,2,0.0606,0.415,0.0998,53.0,yf_premarket,0.24884693768100394,0.05235549278724907,0.18420067390490452,0.4,1.5,neutral,0.0,2.4701,2.3898,0.08,steady,12:18:30,2026-07-08 12:18:30
AMPG,6.0501,6.25,-0.032,3.1121,3562690,2,0.2257,0.8815,0.141,41.7,yf_premarket,0.6676177196181486,0.2189044688792495,0.2613253463122426,0.4,0.5,weak,0.0,2.4699,2.223,0.247,steady,12:18:30,2026-07-08 12:18:30
BNED,11.33,11.37,-0.0035,0.9422,538650,1,0.1991,0.8788,0.0773,50.1,yf_premarket,0.20212377989917407,0.1920710178553415,0.14208161737177086,0.2,1.5,neutral,0.0,2.4584,2.5668,-0.108,steady,12:18:30,2026-07-08 12:18:30
CYRX,15.0,15.06,-0.004,0.8316,944390,1,0.2206,0.722,0.0479,52.9,yf_premarket,0.1783975115306232,0.21375970947240996,0.08704605016847622,0.2,1.5,neutral,0.0,2.4386,2.3831,0.055,steady,12:18:30,2026-07-08 12:18:30
BIPC,38.85,39.02,-0.0044,0.5367,1085450,2,0.6745,0.918,0.0235,40.1,yf_premarket,0.11513461332189208,0.6716432966811258,0.041370273305877954,0.4,0.5,weak,0.0,2.4367,2.4186,0.018,steady,12:18:30,2026-07-08 12:18:30
CEPT,11.78,11.78,0.0,0.7603,1265476,3,0.5094,0.9177,0.0779,49.9,prev_close,0.163102005792127,0.5050943205891253,0.14320479221265442,0.6,0.5,weak,0.0,2.4264,2.3718,0.055,steady,12:18:30,2026-07-08 12:18:30
ORMP,4.18,4.3,-0.0279,0.2723,864560,1,0.2764,0.409,0.0951,59.8,yf_premarket,0.05841467338839429,0.27004943004135984,0.17540247098464995,0.2,1.5,neutral,0.0,2.4154,2.5885,-0.173,steady,12:18:30,2026-07-08 12:18:30
ENR,21.0,20.69,0.015,0.841,994970,1,0.1111,0.9249,0.0447,53.7,yf_premarket,0.18041402981872787,0.10329869867850298,0.08105578435043055,0.2,1.5,neutral,0.1289767841788478,2.4112,2.1633,0.248,steady,12:18:30,2026-07-08 12:18:30
AVBH,32.15,32.34,-0.0059,0.5886,260440,2,0.1362,0.89,0.0275,54.3,yf_premarket,0.12626836855089563,0.1286189851709876,0.04885810557843505,0.4,1.5,neutral,0.0,2.3711,2.3374,0.034,steady,12:18:30,2026-07-08 12:18:30
AMTM,21.01,21.18,-0.008,0.9153,2314130,3,0.4722,0.8573,0.0405,41.0,yf_premarket,0.19635310522364044,0.4675678402098255,0.0731935604642456,0.6,0.5,weak,0.0,2.3663,2.2993,0.067,steady,12:18:30,2026-07-08 12:18:30
BKE,43.0,42.69,0.0073,0.9944,620300,3,0.4018,1.392,0.0326,42.9,yf_premarket,0.21332189209481925,0.3965499848683547,0.05840509172594534,0.6,0.5,weak,0.06276870163370593,2.3364,2.2416,0.095,steady,12:18:30,2026-07-08 12:18:30
RXO,26.73,26.87,-0.0052,0.5457,1715710,3,0.5098,1.1729,0.0437,44.9,yf_premarket,0.11706532232114125,0.5054978311308383,0.07918382628229129,0.6,0.5,weak,0.0,2.3262,2.2896,0.037,steady,12:18:30,2026-07-08 12:18:30
KGS,71.75,68.01,0.055,0.7181,2384050,2,0.2159,3.5428,0.0521,47.8,yf_premarket,0.15404912581786978,0.20901846060728338,0.09490827405466118,0.4,0.5,weak,0.472914875322442,2.3059,1.8581,0.448,rising,12:18:30,2026-07-08 12:18:30
APLE,16.2127,16.34,-0.0078,0.9281,3345160,1,0.1461,0.3428,0.021,56.4,yf_premarket,0.19909900246701706,0.13860587107838196,0.03669037813552977,0.2,1.5,neutral,0.0,2.2942,2.2319,0.062,steady,12:18:30,2026-07-08 12:18:30
FSK,10.45,10.45,0.0,0.8987,2892520,2,0.5429,0.2829,0.0271,48.7,yf_premarket,0.19279201973613644,0.538888328457581,0.04810932235117933,0.4,0.5,weak,0.0,2.291,2.2242,0.067,steady,12:18:30,2026-07-08 12:18:30
BCC,73.5,73.4,0.0014,0.6259,463330,1,0.1727,2.9152,0.0397,53.6,yf_premarket,0.13427008473667273,0.1654393221022899,0.07169599400973418,0.2,1.5,neutral,0.012037833190025795,2.2862,2.2444,0.042,steady,12:18:30,2026-07-08 12:18:30
ICCM,4.1944,4.18,0.0034,0.0585,2821030,2,0.0187,1.1757,0.2813,56.5,yf_premarket,0.012549608495119597,0.010087763542822559,0.5239610632721826,0.4,1.5,neutral,0.029234737747205503,2.2448,2.2136,0.031,steady,12:18:30,2026-07-08 12:18:30
FMNB,14.5,14.35,0.0105,0.5597,629840,1,0.1143,0.248,0.0173,50.5,yf_premarket,0.1200686474310844,0.1065267830122062,0.029764133283414453,0.2,1.5,neutral,0.09028374892519347,2.2435,2.0772,0.166,steady,12:18:30,2026-07-08 12:18:30
FTK,22.5,22.4,0.0045,0.8735,288830,3,0.373,1.469,0.0656,42.9,yf_premarket,0.18738603453823877,0.36749722586502576,0.12017970797454137,0.6,0.5,weak,0.03869303525365434,2.2342,2.1586,0.076,steady,12:18:30,2026-07-08 12:18:30
APG,41.12,41.3,-0.0044,1.0563,3431630,3,0.3784,1.4399,0.0349,48.1,yf_premarket,0.22660087954521077,0.37294461817814994,0.06271059528266568,0.6,0.5,weak,0.0,2.2171,2.14,0.077,steady,12:18:30,2026-07-08 12:18:30
CRCT,4.34,4.34,-0.0,0.6728,677020,3,0.4364,0.1481,0.0341,46.2,yf_premarket,0.1443312238549823,0.43145364672652076,0.06121302882815425,0.6,0.5,weak,-0.0,2.21,2.2092,0.001,steady,12:18:30,2026-07-08 12:18:30
FRO,37.7199,37.66,0.0016,0.8013,3269870,3,0.3935,1.802,0.0478,44.4,yf_premarket,0.17189745789981764,0.388177141127812,0.08685885436166231,0.6,0.5,weak,0.013757523645743766,2.1983,2.1216,0.077,steady,12:18:30,2026-07-08 12:18:30
AES,14.62,14.62,0.0,0.9144,8524760,2,0.5,0.07,0.0048,42.9,yf_premarket,0.19616003432371554,0.49561182285887223,0.0063646574316735295,0.4,0.5,weak,0.0,2.1886,2.1213,0.067,steady,12:18:30,2026-07-08 12:18:30
EGO,31.13,32.02,-0.0278,0.6582,2822120,2,0.5198,1.355,0.0423,42.7,yf_premarket,0.14119918481175586,0.5155855946736608,0.07656308498689629,0.4,0.5,weak,0.0,2.1813,2.135,0.046,steady,12:18:30,2026-07-08 12:18:30
ARDX,5.34,5.38,-0.0074,0.781,5858640,4,0.2899,0.3435,0.0638,43.3,yf_premarket,0.16754263649040008,0.2836679108241703,0.11681018345189068,0.8,0.5,weak,0.0,2.1771,2.1245,0.053,steady,12:18:30,2026-07-08 12:18:30
BXMT,17.12,17.15,-0.0017,0.6434,1954250,3,0.4273,0.392,0.0229,41.6,yf_premarket,0.13802424112410167,0.42227378190255227,0.040247098464994385,0.6,0.5,weak,0.0,2.1717,2.1284,0.043,steady,12:18:30,2026-07-08 12:18:30
ARR,16.97,16.98,-0.0006,1.2096,4064390,2,0.4322,0.308,0.0181,48.6,yf_premarket,0.2594872894990883,0.42721678603853525,0.03126169973792588,0.4,0.5,weak,0.0,2.1593,2.0684,0.091,steady,12:18:30,2026-07-08 12:18:30
DDD,2.8244,2.87,-0.0159,1.2544,3931760,3,0.2982,0.185,0.0645,46.0,yf_premarket,0.26909792985090636,0.29204075456471307,0.11812055409958817,0.6,0.5,weak,0.0,2.1468,2.0544,0.092,steady,12:18:30,2026-07-08 12:18:30
BRX,31.45,31.35,0.0032,0.9563,2589150,2,0.4342,0.4258,0.0136,46.1,yf_premarket,0.2051485573313311,0.42923433874709976,0.022837888431299136,0.4,0.5,weak,0.027515047291487533,2.1189,2.0177,0.101,steady,12:18:30,2026-07-08 12:18:30
ANDE,69.19,68.0,0.0175,0.7367,347360,2,0.3688,1.9054,0.028,42.4,yf_premarket,0.15803925774965139,0.3632603651770403,0.04979408461250468,0.4,0.5,weak,0.15047291487532247,2.1142,2.0102,0.104,steady,12:18:30,2026-07-08 12:18:30
ELPC,11.69,11.59,0.0086,0.9184,345500,1,0.5,0.2194,0.0189,46.8,yf_premarket,0.19701812721227072,0.49561182285887223,0.03275926619243729,0.2,0.5,weak,0.07394668959587274,2.1141,2.1299,-0.016,steady,12:18:30,2026-07-08 12:18:30
CGAU,16.2,16.19,0.0006,0.8782,1408950,1,0.5079,0.661,0.0408,43.2,yf_premarket,0.1883942936822911,0.503581156057702,0.07375514788468739,0.2,0.5,weak,0.005159071367153912,2.0344,1.968,0.066,steady,12:18:30,2026-07-08 12:18:30
CNOB,31.65,32.2,-0.0171,0.6144,613320,3,0.361,0.866,0.0269,46.8,yf_premarket,0.13180306768207656,0.35539190961363865,0.04773493073755148,0.6,0.5,weak,0.0,2.0324,1.9926,0.04,steady,12:18:30,2026-07-08 12:18:30
CEVA,41.6583,42.76,-0.0258,1.0758,763160,2,0.3521,3.831,0.0896,41.5,yf_premarket,0.2307840823769173,0.34641380006052663,0.16510670160988394,0.4,0.5,weak,0.0,2.0216,1.9432,0.078,steady,12:18:30,2026-07-08 12:18:30
CGBD,10.39,10.39,-0.0,1.749,583420,2,0.2642,0.2781,0.0268,44.7,yf_premarket,0.37520111552075514,0.2577423585191163,0.04754773493073756,0.4,0.5,weak,-0.0,2.0021,1.8689,0.133,steady,12:18:30,2026-07-08 12:18:30
AS,33.83,34.03,-0.0059,0.5368,3933110,3,0.3542,1.1992,0.0352,40.3,yf_premarket,0.11515606564410598,0.34853223040451936,0.06327218270310746,0.6,0.5,weak,0.0,2.0014,1.9683,0.033,steady,12:18:30,2026-07-08 12:18:30
CVEO,31.71,31.71,0.0,0.7581,300900,2,0.408,1.665,0.0525,42.9,yf_premarket,0.16263005470342165,0.40280439826490466,0.09565705728191688,0.4,0.5,weak,0.0,1.9974,1.9447,0.053,steady,12:18:30,2026-07-08 12:18:30
CMCSA,23.5,23.41,0.0038,0.635,51959600,3,0.3064,0.9546,0.0408,47.7,yf_premarket,0.1362222460581358,0.30031272066982756,0.07375514788468739,0.6,0.5,weak,0.03267411865864144,1.9908,1.9268,0.064,steady,12:18:30,2026-07-08 12:18:30
BRSP,5.29,5.37,-0.0149,0.7511,2957170,2,0.4192,0.1264,0.0235,47.0,yf_premarket,0.16112839214845007,0.414102693432866,0.041370273305877954,0.4,0.5,weak,0.0,1.9906,1.9383,0.052,steady,12:18:30,2026-07-08 12:18:30
BLMN,7.91,7.98,-0.0088,0.7084,2642180,0,0.1034,0.525,0.0658,55.7,yf_premarket,0.15196825056312346,0.09553112075052962,0.12055409958816922,0.0,1.5,neutral,0.0,1.9793,1.9361,0.043,steady,12:18:30,2026-07-08 12:18:30
CRNC,10.1805,10.31,-0.0126,0.8241,819680,3,0.2782,0.744,0.0722,45.3,yf_premarket,0.17678858736458222,0.27186522747906794,0.13253463122426057,0.6,0.5,weak,0.0,1.9752,1.9192,0.056,steady,12:18:30,2026-07-08 12:18:30
ATAT,32.21,32.21,0.0,0.534,905800,2,0.4367,1.0507,0.0326,44.3,yf_premarket,0.11455540062211735,0.43175627963280544,0.05840509172594534,0.4,0.5,weak,0.0,1.9645,1.9302,0.034,steady,12:18:30,2026-07-08 12:18:30
EFXT,23.47,23.03,0.0191,1.392,418900,1,0.2367,0.92,0.0399,43.4,yf_premarket,0.2986163252172047,0.23000100877635427,0.07207038562336203,0.2,0.5,weak,0.1642304385210662,1.8903,1.7288,0.162,steady,12:18:30,2026-07-08 12:18:30
FPI,9.52,9.58,-0.0063,0.8766,550430,3,0.2512,0.1764,0.0184,47.1,yf_premarket,0.18805105652686904,0.244628265913447,0.03182328715836765,0.6,0.5,weak,0.0,1.8872,1.8274,0.06,steady,12:18:30,2026-07-08 12:18:30
AMRZ,50.15,50.94,-0.0155,1.5718,2642390,3,0.1043,1.56,0.0306,41.2,yf_premarket,0.33718760055776037,0.09643901946938364,0.054661175589666794,0.6,0.5,weak,0.0,1.826,1.7104,0.116,steady,12:18:30,2026-07-08 12:18:30
INIO,33.9933,34.55,-0.0161,1.2202,5767180,1,0.3106,3.473,0.1005,49.6,yf_premarket,0.26176123565375947,0.30454958135781296,0.18551104455260203,0.2,0.5,weak,0.0,1.7945,1.7047,0.09,steady,12:18:30,2026-07-08 12:18:30
ACM,66.83,67.64,-0.012,0.5569,2001870,3,0.2289,2.1624,0.032,45.0,yf_premarket,0.11946798240909577,0.2221325532129527,0.057281916885061776,0.6,0.5,weak,0.0,1.7521,1.7195,0.033,steady,12:18:30,2026-07-08 12:18:30
DHT,17.28,17.29,-0.0006,0.9835,4261860,2,0.2468,0.822,0.0475,40.8,yf_premarket,0.2109835889735064,0.24018964995460504,0.08629726694122052,0.4,0.5,weak,0.0,1.74,1.6713,0.069,steady,12:18:30,2026-07-08 12:18:30
BHC,4.91,4.91,0.0,0.5201,3828990,3,0.2121,0.323,0.0658,48.1,yf_premarket,0.11157352783438806,0.20518511046101082,0.12055409958816922,0.6,0.5,weak,0.0,1.738,1.7087,0.029,steady,12:18:30,2026-07-08 12:18:30
III,4.06,4.06,0.0,0.4069,335970,2,0.3214,0.141,0.0347,48.3,yf_premarket,0.0872894990882763,0.3154443659840614,0.06233620366903782,0.4,0.5,weak,0.0,1.693,1.6713,0.022,steady,12:18:30,2026-07-08 12:18:30
BKH,71.8,73.25,-0.0198,0.7293,856420,2,0.2703,1.392,0.019,47.6,yf_premarket,0.1564517859058243,0.2638958942802381,0.03294646199925122,0.4,0.5,weak,0.0,1.6789,1.6311,0.048,steady,12:18:30,2026-07-08 12:18:30
AIAI,12.8,12.69,0.0087,1.575,236130,1,0.1257,1.685,0.1328,40.4,yf_premarket,0.3378740748686045,0.11802683345102392,0.24597529015350053,0.2,0.5,weak,0.07480653482373173,1.6781,1.535,0.143,steady,12:18:30,2026-07-08 12:18:30
BTGO,5.1098,5.07,0.0079,0.6733,1157600,1,0.2934,0.4416,0.0871,41.0,yf_premarket,0.1444384854660517,0.2871986280641582,0.16042680643953575,0.2,0.5,weak,0.06792777300085985,1.6732,1.5277,0.145,steady,12:18:30,2026-07-08 12:18:30
PEB,18.79,18.39,0.0218,0.535,2656750,2,0.1443,0.5309,0.0289,49.1,yf_premarket,0.11476992384425615,0.13679007364067386,0.051478846873830024,0.4,0.5,weak,0.1874462596732588,1.6526,1.3422,0.31,rising,12:18:30,2026-07-08 12:18:30
FOSL,4.0,4.12,-0.0291,0.51,1308860,1,0.375,0.176,0.0427,44.4,yf_premarket,0.10940684329078622,0.3695147785735903,0.07731186821415201,0.2,0.5,weak,0.0,1.6418,1.6105,0.031,steady,12:18:30,2026-07-08 12:18:30
CGNX,62.2,64.21,-0.0313,1.1333,2974640,2,0.1647,3.72,0.0579,47.0,yf_premarket,0.24311916764989808,0.1573691112680319,0.10576563084986897,0.4,0.5,weak,0.0,1.6323,1.5524,0.08,steady,12:18:30,2026-07-08 12:18:30
CNM,45.61,45.75,-0.0031,0.731,3040620,2,0.2392,1.5809,0.0346,43.6,yf_premarket,0.15681647538346025,0.2325229496620599,0.06214900786222389,0.4,0.5,weak,0.0,1.6313,1.5839,0.047,steady,12:18:30,2026-07-08 12:18:30
IMMR,6.4563,6.5,-0.0067,1.1363,804130,1,0.2651,0.324,0.0498,49.5,yf_premarket,0.2437627373163145,0.25865025723797036,0.09060277049794084,0.2,0.5,weak,0.0,1.6282,1.622,0.006,steady,12:18:30,2026-07-08 12:18:30
HAE,74.87,74.88,-0.0001,0.5179,771120,1,0.365,2.892,0.0386,43.5,yf_premarket,0.11110157674568272,0.3594270150307677,0.06963684013478098,0.2,0.5,weak,0.0,1.6203,1.5886,0.032,steady,12:18:30,2026-07-08 12:18:30
EXTR,29.89,30.02,-0.0043,1.0887,2467270,2,0.1676,1.57,0.0523,41.4,yf_premarket,0.23355143194250777,0.16029456269545042,0.09528266566828902,0.4,0.5,weak,0.0,1.6186,1.5424,0.076,steady,12:18:30,2026-07-08 12:18:30
FCUV,2.7423,2.9,-0.0544,0.0033,10791690,2,0.1379,1.403,0.4838,48.5,yf_premarket,0.0007079266330580285,0.1303339049732674,0.9030325720703856,0.4,0.5,weak,0.0,1.6132,1.6282,-0.015,steady,12:18:30,2026-07-08 12:18:30
AAP,55.61,55.86,-0.0045,0.8613,1751220,2,0.2013,2.716,0.0486,40.3,yf_premarket,0.18476885122814543,0.19429032583476244,0.08835642081617372,0.4,0.5,weak,0.0,1.6099,1.5522,0.058,steady,12:18:30,2026-07-08 12:18:30
FLX,2.12,2.12,0.0,0.7197,215770,2,0.2121,0.156,0.0736,41.8,yf_premarket,0.15439236297329184,0.20518511046101082,0.13515537251965556,0.4,0.5,weak,0.0,1.6095,1.5635,0.046,steady,12:18:30,2026-07-08 12:18:30
CBAN,20.3,20.17,0.0064,0.4392,549180,2,0.2208,0.564,0.028,43.8,yf_premarket,0.09421859916335942,0.21396146474326644,0.04979408461250468,0.4,0.5,weak,0.055030094582975066,1.5767,1.5344,0.042,steady,12:18:30,2026-07-08 12:18:30
DRH,11.76,11.75,0.0009,1.1804,3170520,2,0.1253,0.2989,0.0254,47.6,yf_premarket,0.2532232114126354,0.117623322909311,0.04492699363534257,0.4,0.5,weak,0.007738607050730868,1.5492,1.4633,0.086,steady,12:18:30,2026-07-08 12:18:30
AVLN,28.2,28.42,-0.0077,0.6159,642260,2,0.182,2.766,0.0973,49.2,yf_premarket,0.13212485251528477,0.17482094219711491,0.17952077873455635,0.4,0.5,weak,0.0,1.5376,1.5008,0.037,steady,12:18:30,2026-07-08 12:18:30
BROS,65.83,66.28,-0.0068,1.011,3324670,2,0.138,3.2917,0.0497,49.5,yf_premarket,0.21688297758232325,0.13043478260869568,0.09041557469112692,0.4,0.5,weak,0.0,1.5314,1.4623,0.069,steady,12:18:30,2026-07-08 12:18:30
FNKO,5.38,5.4,-0.0037,0.655,722010,1,0.2754,0.323,0.0598,48.1,yf_premarket,0.14051271050091171,0.2690406536870776,0.10932235117933359,0.2,0.5,weak,0.0,1.5035,1.5532,-0.05,steady,12:18:30,2026-07-08 12:18:30
CODI,10.0355,10.05,-0.0014,0.7876,897510,2,0.1354,0.619,0.0616,47.9,yf_premarket,0.16895848975651612,0.12781196408756176,0.11269187570198429,0.4,0.5,weak,0.0,1.4654,1.5811,-0.116,steady,12:18:30,2026-07-08 12:18:30
CRI,39.11,39.82,-0.0178,1.0428,1000640,1,0.1876,1.476,0.0371,40.4,yf_premarket,0.223704816046337,0.18047008978109555,0.06682890303257208,0.2,0.5,weak,0.0,1.4299,1.3573,0.073,steady,12:18:30,2026-07-08 12:18:30
NWE,70.01,70.75,-0.0105,0.4419,571600,1,0.2602,1.41,0.0199,49.9,yf_premarket,0.09479781186313418,0.25370725310198733,0.03463122426057657,0.2,0.5,weak,0.0,1.3669,1.3434,0.024,steady,12:18:30,2026-07-08 12:18:30
FBRT,7.84,7.83,0.0013,0.6808,1327670,2,0.098,0.2271,0.029,43.9,yf_premarket,0.14604740963209267,0.09008372843740543,0.05166604268064396,0.4,0.5,weak,0.01117798796216681,1.3418,1.3099,0.032,steady,12:18:30,2026-07-08 12:18:30
EARN,4.33,4.32,0.0023,0.9036,439110,1,0.156,0.0921,0.0213,41.5,yf_premarket,0.19384318352461652,0.14859275698577626,0.037251965555971545,0.2,0.5,weak,0.019776440240756664,1.3362,1.3031,0.033,steady,12:18:30,2026-07-08 12:18:30
ALGM,50.61,51.55,-0.0182,0.7673,5011710,2,0.0507,5.6619,0.1098,46.9,yf_premarket,0.16460366834709855,0.04236860687985474,0.20292025458629726,0.4,0.5,weak,0.0,1.3331,1.2859,0.047,steady,12:18:30,2026-07-08 12:18:30
FNMA,6.17,6.17,-0.0,0.6686,3974200,1,0.1582,0.505,0.0818,40.7,yf_premarket,0.14343022632199934,0.15081206496519725,0.1505054286783976,0.2,0.5,weak,-0.0,1.292,1.2512,0.041,steady,12:18:30,2026-07-08 12:18:30
CABO,42.63,42.63,-0.0,0.508,281690,1,0.1574,5.8668,0.1376,45.3,yf_premarket,0.10897779684650863,0.1500050438817714,0.25496068888056905,0.2,0.5,weak,-0.0,1.291,1.2636,0.027,steady,12:18:30,2026-07-08 12:18:30
BIRD,3.5544,3.47,0.0243,0.4015,954170,1,0.0087,0.5228,0.1507,46.2,yf_premarket,0.0861310736887268,0.0,0.27948333957319355,0.2,0.5,weak,0.20894239036973344,1.2824,0.9816,0.301,rising,12:18:30,2026-07-08 12:18:30
BXDC,21.13,20.87,0.0125,0.3171,882740,2,0.0458,0.804,0.0385,45.6,yf_premarket,0.06802531374021237,0.03742560274387169,0.06944964432796706,0.4,0.5,weak,0.10748065348237318,1.2728,1.2251,0.048,steady,12:18:30,2026-07-08 12:18:30
FLR,47.76,48.61,-0.0175,1.1522,2435690,1,0.0791,2.142,0.0441,43.8,yf_premarket,0.24717365654832132,0.0710178553414708,0.07993260950954699,0.2,0.5,weak,0.0,1.2528,1.1728,0.08,steady,12:18:30,2026-07-08 12:18:30
CENTA,37.44,37.44,0.0,0.5929,532840,1,0.1694,1.387,0.037,46.1,yf_premarket,0.12719081840609245,0.1621103601331585,0.06664170722575814,0.2,0.5,weak,0.0,1.2483,1.2137,0.035,steady,12:18:30,2026-07-08 12:18:30
VENU,2.2968,2.33,-0.0142,0.2366,1431080,1,0.1795,0.3205,0.1376,42.1,yf_premarket,0.050756194358039255,0.17229900131140927,0.25496068888056905,0.2,0.5,weak,0.0,1.2482,1.2432,0.005,steady,12:18:30,2026-07-08 12:18:30
CARR,68.59,68.67,-0.0012,0.9007,5567400,1,0.1178,2.1094,0.0307,43.1,yf_premarket,0.19322106618041401,0.1100575002521941,0.05484837139648072,0.2,0.5,weak,0.0,1.2374,1.1779,0.06,steady,12:18:30,2026-07-08 12:18:30
ARE,50.1507,49.41,0.015,0.9148,1890180,1,0.013,2.0061,0.0406,43.1,yf_premarket,0.19624584361257105,0.004337738323413699,0.07338075627105953,0.2,0.5,weak,0.1289767841788478,1.2332,0.9907,0.243,steady,12:18:30,2026-07-08 12:18:30
VIRC,6.09,6.09,-0.0,0.2344,209040,2,0.1059,0.351,0.0576,45.9,yf_premarket,0.0502842432693339,0.09805306163623524,0.10520404342942719,0.4,0.5,weak,-0.0,1.2241,1.2207,0.003,steady,12:18:30,2026-07-08 12:18:30
WD,50.76,51.22,-0.009,0.6622,341740,2,0.0369,1.905,0.0372,49.8,yf_premarket,0.14205727770031107,0.028447493190759614,0.06701609883938599,0.4,0.5,weak,0.0,1.2035,1.1654,0.038,steady,12:18:30,2026-07-08 12:18:30
MTW,12.18,12.27,-0.0073,0.7463,312340,1,0.1067,0.643,0.0524,47.1,yf_premarket,0.16009868068218383,0.09886008271966105,0.09546986147510296,0.2,0.5,weak,0.0,1.1856,1.1392,0.046,steady,12:18:30,2026-07-08 12:18:30
AEBI,11.54,11.54,0.0,0.9447,333020,0,0.1588,0.669,0.058,40.1,yf_premarket,0.20266008795452106,0.1514173307777666,0.1059528266566829,0.0,0.5,weak,0.0,1.1598,1.0959,0.064,steady,12:18:30,2026-07-08 12:18:30
FMCC,5.61,5.61,-0.0,0.5004,2102860,0,0.2053,0.481,0.0857,40.6,yf_premarket,0.10734742035825377,0.19832543125189145,0.15780606514414078,0.0,0.5,weak,-0.0,1.1366,1.109,0.028,steady,12:18:30,2026-07-08 12:18:30
CAST,3.38,3.5,-0.0343,0.1871,2756880,1,0.0112,1.378,0.3937,49.2,yf_premarket,0.040137294862168826,0.0025219408857056398,0.734369150131037,0.2,0.5,weak,0.0,1.1324,1.1343,-0.002,steady,12:18:30,2026-07-08 12:18:30
ABR,4.95,4.94,0.002,0.9695,4548590,1,0.0179,0.202,0.0409,41.4,yf_premarket,0.20798026386356322,0.009280742459396751,0.07394234369150131,0.2,0.5,weak,0.017196904557179708,1.0933,1.0236,0.07,steady,12:18:30,2026-07-08 12:18:30
ATRO,68.92,70.19,-0.0181,0.9657,957890,1,0.0144,4.802,0.0684,41.8,yf_premarket,0.20716507561943578,0.005750025219408857,0.12542119056533135,0.2,0.5,weak,0.0,1.085,1.0218,0.063,steady,12:18:30,2026-07-08 12:18:30
FRMI,7.24,7.38,-0.019,0.708,15941200,1,0.0256,0.9076,0.123,49.3,yf_premarket,0.15188244127426792,0.017048320387370124,0.22763010108573567,0.2,0.5,weak,0.0,1.0757,1.0339,0.042,steady,12:18:30,2026-07-08 12:18:30
CIA,5.55,5.55,-0.0,0.5563,200430,1,0.066,0.43,0.0775,48.8,yf_premarket,0.1193392684758125,0.05780288510037326,0.14245600898539873,0.2,0.5,weak,-0.0,1.0658,1.0361,0.03,steady,12:18:30,2026-07-08 12:18:30
BLX,56.0,57.01,-0.0177,0.9452,314130,0,0.0403,1.84,0.0323,42.3,yf_premarket,0.20276734956559048,0.031877332795319284,0.057843504305503564,0.0,0.5,weak,0.0,0.8968,0.8349,0.062,steady,12:18:30,2026-07-08 12:18:30
APOG,38.8177,38.97,-0.0039,0.7754,469300,0,0.0108,2.845,0.073,47.5,yf_premarket,0.1663413064464228,0.002118430343992738,0.13403219767877197,0.0,0.5,weak,0.0,0.8208,0.7736,0.047,steady,12:18:30,2026-07-08 12:18:30
MCS,21.8817,21.94,-0.0027,0.5016,398940,0,0.0296,0.859,0.0392,49.4,yf_premarket,0.10760484822482035,0.021083425804499144,0.07076001497566455,0.0,0.5,weak,0.0,0.739,0.7145,0.024,steady,12:18:30,2026-07-08 12:18:30
CGTL,4.46,,,0.006,9895268,2,,0.0654,,,yf_premarket,0.0012871393328327792,,,0.4,3.0,—,,,,,new,12:18:30,2026-07-08 12:18:30
