ticker,premarket_price,yesterday_close,gap_pct,rvol,premarket_rvol,avg_volume_10d,trend_5d,breakout_score,atr_10d,volatility_score,rsi,macd_signal,price_source,norm_rvol,norm_breakout,norm_volatility,norm_trend,rsi_score,rsi_label,norm_gap,score,score_prev,score_trend,trend_dir,scan_time_utc,snapshot_utc
ATPC,4.2899,3.88,0.10564429728583813,9.248722428225909,0.0,7801910,1,0.3654391531804262,0.6295000076293945,0.16224226522222698,,,yf_premarket,0.9617182331136199,0.36675845898787546,0.3374167605860182,0.2,0.5,blocked,1.0,4.5448,,,new,15:06:34,2026-06-19 15:06:34
ATPC,4.2899,3.88,0.1056,9.2487,,7801910,1,0.3654,0.6295,0.1622,,,yf_premarket,0.9617158999807274,0.3667191644569184,0.337328165141805,0.2,0.5,blocked,0.9995806940177918,4.544,,,new,15:06:34,2026-06-19 15:06:34
EDSA,7.66,7.35,0.0422,0.8438,,306240,5,0.9148,1.109,0.1509,,,yf_premarket,0.08738242716246246,0.9181026043929635,0.313641349673689,1.0,0.5,blocked,0.39945364855635246,4.2233,,,new,15:06:34,2026-06-19 15:06:34
EDSA,7.66,7.35,0.04217688427071196,0.8437826541274818,0.0,306240,5,0.9147540286483746,1.109000015258789,0.15088435777527112,,,yf_premarket,0.08738062272969611,0.9180564670758946,0.3136085607807099,1.0,0.5,blocked,0.399234841390401,4.2228,,,new,15:06:34,2026-06-19 15:06:34
COAG,29.52,29.24,0.0096,4.2348,,365570,4,0.9594,2.399,0.082,,,yf_premarket,0.44013674979886935,0.9628636189927955,0.16921466066898175,0.8,0.5,blocked,0.09087097218343561,4.1068,,,new,15:06:34,2026-06-19 15:06:34
COAG,29.52,29.24,0.009575931295266493,4.234756681346938,0.0,365570,4,0.9593640373786424,2.3990001678466797,0.08204515002138592,,,yf_premarket,0.44013224350511576,0.9628275265394404,0.1693093031667649,0.8,0.5,blocked,0.09064314441277627,4.1065,,,new,15:06:34,2026-06-19 15:06:34
AIAI,16.15,16.63,-0.0289,4.95,,771420,4,0.9454,1.556,0.0936,,,yf_premarket,0.5145365998577187,0.9488130762932967,0.19353032964510083,0.8,0.5,blocked,0.0,4.0662,,,new,15:06:34,2026-06-19 15:06:34
AIAI,16.15,16.63,-0.028863450690906484,4.949962406989707,0.0,771420,4,0.9453858959302536,1.55600004196167,0.09356585210374371,,,yf_premarket,0.5145326891833213,0.9487989213051389,0.19345874956392853,0.8,0.5,blocked,0.0,4.0661,,,new,15:06:34,2026-06-19 15:06:34
EPRX,6.75,6.48,0.0417,1.366,,345230,4,0.9444,0.3658,0.0565,,,yf_premarket,0.14170513647556532,0.9478094661004753,0.11576211248871997,0.8,0.5,blocked,0.3947207854217985,4.0581,,,new,15:06:34,2026-06-19 15:06:34
EPRX,6.75,6.48,0.041666663600584124,1.366045824522782,0.0,345230,4,0.9444442384037189,0.3657999992370605,0.05645061700005408,,,yf_premarket,0.14170990344651607,0.9478538642133618,0.11565859691288094,0.8,0.5,blocked,0.39440523219013013,4.0577,,,new,15:06:34,2026-06-19 15:06:34
CLDX,34.3949,32.43,0.0606,2.3857,,996960,4,0.7031,1.207,0.0372,,,yf_premarket,0.24778109719285932,0.7056383265726854,0.07530587014052183,0.8,0.5,blocked,0.5736230119079374,3.981,,,new,15:06:34,2026-06-19 15:06:34
CLDX,34.3949,32.43,0.060588950858277466,2.385652383245065,0.0,996960,4,0.7031251707424653,1.2069999694824218,0.03721862343892073,,,yf_premarket,0.24777614378202675,0.7056635881863845,0.07534490819017645,0.8,0.5,blocked,0.5735184237568832,3.9809,,,new,15:06:34,2026-06-19 15:06:34
ESI,47.5,45.97,0.0333,2.1101,,2966430,4,0.9026,1.71,0.0372,,,yf_premarket,0.21911135631447723,0.9058585600405432,0.07530587014052183,0.8,0.5,blocked,0.3152086847612923,3.9509,,,new,15:06:34,2026-06-19 15:06:34
ESI,47.5,45.97,0.033282548154639206,2.110145865569051,0.0,2966430,4,0.9025974122483477,1.7099998474121094,0.037198168414274285,,,yf_premarket,0.21911612755533327,0.9058559629466085,0.07530203081015908,0.8,0.5,blocked,0.31504349037021623,3.9506,,,new,15:06:34,2026-06-19 15:06:34
QNC,3.15,3.24,-0.027777780639454845,8.268878356547111,0.0,6542810,3,0.7323942999829414,0.2550000429153442,0.0787037167175207,,,yf_premarket,0.8597883505437723,0.7350383846271316,0.16230506298378503,0.6,0.5,blocked,0.0,3.9409,,,new,15:06:34,2026-06-19 15:06:34
QNC,3.15,3.24,-0.0278,8.2689,,6542810,3,0.7324,0.255,0.0787,,,yf_premarket,0.8597906020393675,0.7350441052223509,0.16229727208094788,0.6,0.5,blocked,0.0,3.9409,,,new,15:06:34,2026-06-19 15:06:34
AVAH,7.9341,7.79,0.018498079441927898,1.6256713919667987,0.0,1744510,5,0.9323307084581595,0.30900006294250487,0.03966624704180387,,,yf_premarket,0.1687178778442769,0.9356966020889518,0.08047556381999044,1.0,0.5,blocked,0.17509775650150128,3.9274,,,new,15:06:34,2026-06-19 15:06:34
AVAH,7.9341,7.79,0.0185,1.6257,,1744510,5,0.9323,0.309,0.0397,,,yf_premarket,0.16872085384173305,0.9356657827673371,0.0805463160405475,1.0,0.5,blocked,0.17511593597849573,3.9274,,,new,15:06:34,2026-06-19 15:06:34
BTSG,66.76,66.25,0.0077,1.6796,,4271130,5,0.9581,1.894,0.0286,,,yf_premarket,0.17432788952150371,0.9615589257421276,0.057278736244433553,1.0,0.5,blocked,0.07288609227213065,3.8226,,,new,15:06:34,2026-06-19 15:06:34
BTSG,66.76,66.25,0.007698113207547247,1.679602353475544,0.0,4271130,5,0.9580550647280202,1.8940006256103517,0.02858868868845814,,,yf_premarket,0.17432813434564745,0.9615138282451515,0.05725502571795617,1.0,0.5,blocked,0.07286823241124628,3.8224,,,new,15:06:34,2026-06-19 15:06:34
CXW,28.928,28.9,0.001,1.753,,1582190,5,0.9904,1.177,0.0407,,,yf_premarket,0.1819634446030467,0.993975534970257,0.08264249440055776,1.0,0.5,blocked,0.009465726269107877,3.8164,,,new,15:06:34,2026-06-19 15:06:34
CXW,28.928,28.9,0.0009688713439211929,1.7530132284997377,0.0,1582190,5,0.9903537825456729,1.1770002365112304,0.04072665231997285,,,yf_premarket,0.18196482071937362,0.9939291506620082,0.08269836241692892,1.0,0.5,blocked,0.009171070931540688,3.8159,,,new,15:06:34,2026-06-19 15:06:34
RAIL,9.6838,9.32,0.03903436878627951,1.0498374418700358,0.0,242990,4,0.8584473006771741,0.5540000438690186,0.05944206673919503,,,yf_premarket,0.10881580912784217,0.8615464609595792,0.12192920912112656,0.8,0.5,blocked,0.3694886500183305,3.8015,,,new,15:06:34,2026-06-19 15:06:34
RAIL,9.6838,9.32,0.039,1.0498,,242990,4,0.8584,0.554,0.0594,,,yf_premarket,0.10881191417605723,0.86149898951784,0.12184102973274974,0.8,0.5,blocked,0.3691633244952072,3.8009,,,new,15:06:34,2026-06-19 15:06:34
AGIO,34.0,34.16,-0.00468383630347793,1.8176731513092275,0.0,1233170,5,0.9616400975068737,1.5040000915527343,0.04402810592127898,,,yf_premarket,0.18869117497250953,0.9651118036836076,0.0896187980125648,1.0,0.5,blocked,0.0,3.7581,,,new,15:06:34,2026-06-19 15:06:34
AGIO,34.0,34.16,-0.0047,1.8177,,1233170,5,0.9616,1.504,0.044,,,yf_premarket,0.1886939679514913,0.9650715614170025,0.08955988298859163,1.0,0.5,blocked,0.0,3.758,,,new,15:06:34,2026-06-19 15:06:34
AVXL,2.78,2.73,0.0183150112004331,4.9233098326960905,0.0,1809880,3,0.780487932526354,0.16200003623962403,0.05934067220065587,,,yf_premarket,0.5117601115391275,0.7833056444575046,0.12171666808361754,0.6,0.5,blocked,0.1733648826389446,3.7552,,,new,15:06:34,2026-06-19 15:06:34
AVXL,2.78,2.73,0.0183,4.9233,,1809880,3,0.7805,0.162,0.0593,,,yf_premarket,0.5117590886768305,0.7833177554970574,0.1216314118967487,0.6,0.5,blocked,0.17322279072467417,3.7549,,,new,15:06:34,2026-06-19 15:06:34
ARQT,27.0,26.21,0.030141203476628756,2.7358952087139703,0.0,2003220,3,0.8684427933497842,1.2345001220703125,0.04710034968302062,,,yf_premarket,0.2842107266946027,0.8715780392880818,0.09605876890260415,0.6,0.5,blocked,0.2853083815312505,3.7455,,,new,15:06:34,2026-06-19 15:06:34
ARQT,27.0,26.21,0.0301,2.7359,,2003220,3,0.8684,1.2345,0.0471,,,yf_premarket,0.2842112251159704,0.8715350914460533,0.09605803590462347,0.6,0.5,blocked,0.2849183607001471,3.7448,,,new,15:06:34,2026-06-19 15:06:34
EQPT,26.0,26.32,-0.0122,1.7398,,1853870,5,0.9475,1.598,0.0607,,,yf_premarket,0.18059029300800084,0.9509206576982215,0.12456606160076307,1.0,0.5,blocked,0.0,3.735,,,new,15:06:34,2026-06-19 15:06:34
EQPT,26.0,26.32,-0.012158043257392063,1.7397660030099198,0.0,1853870,5,0.947488472625302,1.5980001449584962,0.06071429192579892,,,yf_premarket,0.18058675641548907,0.9509090887074781,0.12459602002634565,1.0,0.5,blocked,0.0,3.735,,,new,15:06:34,2026-06-19 15:06:34
AOSL,49.0,48.04,0.02,2.9046,,1008010,3,0.8906,4.439,0.0924,,,yf_premarket,0.30176051860720066,0.8938152377266871,0.1910149156130885,0.6,0.5,blocked,0.18931452538215754,3.7198,,,new,15:06:34,2026-06-19 15:06:34
AOSL,49.0,48.04,0.019983327772218427,2.904633882600371,0.0,1008010,3,0.8906251500464089,4.4389995574951175,0.092402153890475,,,yf_premarket,0.30176404330013584,0.893840478569613,0.19101943055169202,0.6,0.5,blocked,0.18915671063768097,3.7196,,,new,15:06:34,2026-06-19 15:06:34
ABUS,4.6266,4.55,0.01683512220969051,2.9513297887896495,0.0,1709670,4,0.8305086800504315,0.14800000190734863,0.03252747158312655,,,yf_premarket,0.30662166133543284,0.8335069765252118,0.06551141718653868,0.8,0.5,blocked,0.1593566585439089,3.6987,,,new,15:06:34,2026-06-19 15:06:34
ABUS,4.6266,4.55,0.0168,2.9513,,1709670,4,0.8305,0.148,0.0325,,,yf_premarket,0.3066185625078554,0.8334982651381245,0.06545383184847359,0.8,0.5,blocked,0.15902420132101233,3.6982,,,new,15:06:34,2026-06-19 15:06:34
URGN,33.57,33.57,0.0,1.2623,,671060,5,0.9703,1.633,0.0486,,,yf_premarket,0.1309175743235761,0.9738029700945482,0.09920230344463886,1.0,0.5,blocked,0.0,3.6936,,,new,15:06:34,2026-06-19 15:06:34
URGN,33.57,33.57,9.090729350863495e-09,1.2623312371472,0.0,671060,5,0.9702701114406871,1.6330007553100585,0.0486446461172245,,,yf_premarket,0.13092082381891718,0.973772973631773,0.09929588966942335,1.0,0.5,blocked,8.605035562181858e-08,3.6936,,,new,15:06:34,2026-06-19 15:06:34
FBIO,3.17,2.99,0.0602,0.8102,,459290,4,0.6731,0.171,0.0572,,,yf_premarket,0.08388713219325478,0.6755300207880454,0.11722943734072715,0.8,0.5,blocked,0.5698367214002942,3.6903,,,new,15:06:34,2026-06-19 15:06:34
FBIO,3.17,2.99,0.06020066551476203,0.8101635132487099,0.0,459290,4,0.6730767643663247,0.17100000381469727,0.05719063654491132,,,yf_premarket,0.08388333659925994,0.675506701269252,0.11720980986879533,0.8,0.5,blocked,0.5698430209808597,3.6902,,,new,15:06:34,2026-06-19 15:06:34
ALGM,59.4,59.0,0.0068,1.8365,,2560350,4,0.9659,3.845,0.0652,,,yf_premarket,0.19064966870807176,0.9693870852461342,0.13399886422080926,0.8,0.5,blocked,0.06436693862993356,3.6883,,,new,15:06:34,2026-06-19 15:06:34
ALGM,59.4,59.0,0.006779661016949128,1.8365457847559903,0.0,2560350,4,0.9659195388163312,3.845000076293945,0.06516949281854144,,,yf_premarket,0.19065443154221698,0.9694066946013599,0.13393491572721092,0.8,0.5,blocked,0.06417441538378199,3.688,,,new,15:06:34,2026-06-19 15:06:34
ALMR,22.9,21.96,0.04280514365740536,3.53053705540598,0.0,282280,2,0.7765359884195165,1.4789999008178711,0.06734972506732177,,,yf_premarket,0.366874644821522,0.7793394330704224,0.1385050713869008,0.4,0.5,blocked,0.4051817727708384,3.686,,,new,15:06:34,2026-06-19 15:06:34
ALMR,22.9,21.96,0.0428,3.5305,,282280,2,0.7765,1.479,0.0673,,,yf_premarket,0.36687079007229273,0.779303314725772,0.13840083877683082,0.4,0.5,blocked,0.40513308431781714,3.6858,,,new,15:06:34,2026-06-19 15:06:34
CEPO,10.62,10.63,-0.0009,7.5012,,207300,2,0.8,0.019,0.0018,,,yf_premarket,0.779929353591131,0.8028881542570736,0.001101156196158428,0.4,0.5,blocked,0.0,3.6762,,,new,15:06:34,2026-06-19 15:06:34
CEPO,10.62,10.63,-0.0009407445280582393,7.501205981669079,0.0,207300,2,0.7999961853172862,0.019000244140625,0.0017874171153406723,,,yf_premarket,0.779929975844043,0.8028843258026197,0.0010747802256290402,0.4,0.5,blocked,0.0,3.6762,,,new,15:06:34,2026-06-19 15:06:34
FLR,53.67,53.66,0.0002,2.4859,,3133840,4,0.964,2.573,0.048,,,yf_premarket,0.2582045661188894,0.9674802258797737,0.09794459642863271,0.8,0.5,blocked,0.0018931452538215755,3.6741,,,new,15:06:34,2026-06-19 15:06:34
FLR,53.67,53.66,0.0001863613979934555,2.4858639879508844,0.0,3133840,4,0.9639891392042708,2.5729995727539063,0.04795004808182078,,,yf_premarket,0.25820081990656485,0.9674693258744776,0.09783988829870442,0.8,0.5,blocked,0.0017640459805343199,3.6738,,,new,15:06:34,2026-06-19 15:06:34
FOSL,4.71,4.29,0.0979,1.0256,,698640,3,0.4658,0.245,0.0571,,,yf_premarket,0.1062944695851398,0.4674816278161811,0.11701981950472612,0.6,0.5,blocked,0.9266946017456612,3.643,,,new,15:06:34,2026-06-19 15:06:34
FOSL,4.71,4.29,0.09790210766471834,1.0255639528226268,0.0,698640,3,0.4657534470274583,0.24500007629394532,0.05710957540151579,,,yf_premarket,0.10629071971854079,0.4674349067784321,0.11703989125417193,0.6,0.5,blocked,0.9267145523229521,3.6429,,,new,15:06:34,2026-06-19 15:06:34
DRH,12.4,12.31,0.00731109482659981,1.8527641539318602,0.0,1830940,4,0.9629633118148413,0.21700000762939453,0.017627944779237573,,,yf_premarket,0.19234157392879947,0.9664397950503709,0.034279351525833696,0.8,0.5,blocked,0.06920482235608452,3.6423,,,new,15:06:34,2026-06-19 15:06:34
DRH,12.4,12.31,0.0073,1.8528,,1830940,4,0.963,0.217,0.0176,,,yf_premarket,0.19234530287468146,0.9664766156869523,0.03422077428432063,0.8,0.5,blocked,0.0690998017644875,3.6422,,,new,15:06:34,2026-06-19 15:06:34
BLBD,75.0,73.99,0.0137,1.5097,,347160,5,0.8318,2.44,0.033,,,yf_premarket,0.15665376406708748,0.8348029583887923,0.06650192102847872,1.0,0.5,blocked,0.12968044988677793,3.6324,,,new,15:06:34,2026-06-19 15:06:34
BLBD,75.0,73.99,0.01365052257590392,1.5096785343933632,0.0,347160,5,0.8317610704183451,2.4399993896484373,0.032977422085360336,,,yf_premarket,0.15665153107223959,0.8347638882638412,0.0664545936923969,1.0,0.5,blocked,0.12921211013378386,3.6316,,,new,15:06:34,2026-06-19 15:06:34
CARE,31.3,30.96,0.011,2.6011,,402480,4,0.8679,0.758,0.0245,,,yf_premarket,0.27018843458474434,0.8710332863496427,0.048684404968391465,0.8,0.5,blocked,0.10412298896018664,3.6279,,,new,15:06:34,2026-06-19 15:06:34
CARE,31.3,30.96,0.010981942040749764,2.6011230371695486,0.0,402480,4,0.8678677044629095,0.7579999923706054,0.02448320461193956,,,yf_premarket,0.27019083106399516,0.8710008742194361,0.04864919883939119,0.8,0.5,blocked,0.10395205726094521,3.6275,,,new,15:06:34,2026-06-19 15:06:34
CAPR,28.86,28.38,0.016913349310346916,2.607479548767029,0.0,1186970,4,0.8073590616176708,1.4030000686645507,0.04943622657339969,,,yf_premarket,0.2708520775821018,0.8102737835061683,0.10095518349186483,0.8,0.5,blocked,0.1600971348655484,3.6174,,,new,15:06:34,2026-06-19 15:06:34
CAPR,28.86,28.38,0.0169,2.6075,,1186970,4,0.8074,1.403,0.0494,,,yf_premarket,0.2708542050550696,0.8103148696839515,0.10087924613264708,0.8,0.5,blocked,0.1599707739479231,3.6173,,,new,15:06:34,2026-06-19 15:06:34
AIP,44.67,44.11,0.0127,1.0505,,1000850,4,0.9362,3.1247,0.0708,,,yf_premarket,0.10888473282124905,0.9395798625193403,0.14573746303686677,0.8,0.5,blocked,0.12021472361767004,3.5957,,,new,15:06:34,2026-06-19 15:06:34
AIP,44.67,44.11,0.012695519879839239,1.0505070689913574,0.0,1000850,4,0.9362373722572976,3.1246997833251955,0.07083880616841123,,,yf_premarket,0.1088854681846398,0.939617369697693,0.1458188076873253,0.8,0.5,blocked,0.12017231602657556,3.5957,,,new,15:06:34,2026-06-19 15:06:34
FTDR,71.56,71.56,3.411691357695616e-08,1.896918631810239,0.0,577990,4,0.9787002652412135,2.0579986572265625,0.028759065503621083,,,yf_premarket,0.19693481572630808,0.9822335619130328,0.0576121659109482,0.8,0.5,blocked,3.229413650662771e-07,3.5887,,,new,15:06:34,2026-06-19 15:06:34
FTDR,71.56,71.56,0.0,1.8969,,577990,4,0.9787,2.058,0.0288,,,yf_premarket,0.19693287752176655,0.9822332957142474,0.0576979719164356,0.8,0.5,blocked,0.0,3.5887,,,new,15:06:34,2026-06-19 15:06:34
ANTX,4.63,5.0,-0.07400000000000002,1.9310926394410313,0.0,249030,4,0.9420290355846672,0.44649999141693114,0.08929999828338622,,,yf_premarket,0.2004898227783787,0.9454299420464307,0.18451675909872803,0.8,0.5,blocked,0.0,3.5839,,,new,15:06:34,2026-06-19 15:06:34
ANTX,4.63,5.0,-0.074,1.9311,,249030,4,0.942,0.4465,0.0893,,,yf_premarket,0.20049058847256723,0.9454008016377041,0.1845167626970567,0.8,0.5,blocked,0.0,3.5838,,,new,15:06:34,2026-06-19 15:06:34
FRMI,9.5001,9.5,1.0526315789449151e-05,1.5881640594360575,0.0,26135650,5,0.8675703401922306,0.8183999061584473,0.08614735854299445,,,yf_premarket,0.16481611621620845,0.8707024364064018,0.1779082638980104,1.0,0.5,blocked,9.963922388511386e-05,3.5777,,,new,15:06:34,2026-06-19 15:06:34
FRMI,9.5001,9.5,0.0,1.5882,,26135650,5,0.8676,0.8184,0.0861,,,yf_premarket,0.16481985499217092,0.8707322032917963,0.1778089919450238,1.0,0.5,blocked,0.0,3.5776,,,new,15:06:34,2026-06-19 15:06:34
CGEM,15.4,15.03,0.02461745000681153,1.9450115183638306,0.0,1601790,3,0.86357769487235,1.3135999679565429,0.08739853568160144,,,yf_premarket,0.20193775692944632,0.8666953768670492,0.18053095434049796,0.6,0.5,blocked,0.2330220432079258,3.5761,,,new,15:06:34,2026-06-19 15:06:34
CGEM,15.4,15.03,0.0246,1.945,,1601790,3,0.8636,1.3136,0.0874,,,yf_premarket,0.20193655871280494,0.8667177625205109,0.18053402381303718,0.6,0.5,blocked,0.23285686622005378,3.5759,,,new,15:06:34,2026-06-19 15:06:34
CDNA,26.16,26.18,-0.0007639535883361717,2.8615070221351044,0.0,959110,3,0.9827586348643644,1.3385997772216798,0.05113062496630448,,,yf_premarket,0.2972777010851963,0.9863065830330636,0.10450694473630802,0.6,0.5,blocked,0.0,3.5708,,,new,15:06:34,2026-06-19 15:06:34
CDNA,26.16,26.18,-0.0008,2.8615,,959110,3,0.9828,1.3386,0.0511,,,yf_premarket,0.2972769705961039,0.9863480975048149,0.10444274934466452,0.6,0.5,blocked,0.0,3.5708,,,new,15:06:34,2026-06-19 15:06:34
AQST,4.7102,4.71,4.2454745521913006e-05,1.861285990611948,0.0,1623340,4,0.9661019871453287,0.189300012588501,0.04019108514975218,,,yf_premarket,0.19322807193107092,0.969589801604005,0.08157571810438041,0.8,0.5,blocked,0.000401864999935062,3.5704,,,new,15:06:34,2026-06-19 15:06:34
AQST,4.7102,4.71,0.0,1.8613,,1623340,4,0.9661,0.1893,0.0402,,,yf_premarket,0.1932295292805822,0.9695878072846984,0.08159440522055263,0.8,0.5,blocked,0.0,3.5698,,,new,15:06:34,2026-06-19 15:06:34
BCAX,23.23,23.23,1.9705711636757837e-08,3.0168259859341617,0.0,641270,4,0.8704154848722543,1.0854997634887695,0.046728359228554235,,,yf_premarket,0.3134350103944045,0.873557852607325,0.09527901056182134,0.8,0.5,blocked,1.8652887229152344e-07,3.5649,,,new,15:06:34,2026-06-19 15:06:34
BCAX,23.23,23.23,0.0,3.0168,,641270,4,0.8704,1.0855,0.0467,,,yf_premarket,0.31343230716509063,0.873542311831696,0.09521956456061935,0.8,0.5,blocked,0.0,3.5648,,,new,15:06:34,2026-06-19 15:06:34
FCEL,23.7973,24.04,-0.010095711575892006,1.2204112768941786,0.0,12191300,4,0.9655914313697521,3.0009998321533202,0.12483359891284306,,,yf_premarket,0.12656003137303112,0.9690774026236325,0.2590015237914426,0.8,0.5,blocked,0.0,3.5575,,,new,15:06:34,2026-06-19 15:06:34
FCEL,23.7973,24.04,-0.0101,1.2204,,12191300,4,0.9656,3.001,0.1248,,,yf_premarket,0.12655885827566532,0.9690860021882878,0.2589310944774211,0.8,0.5,blocked,0.0,3.5575,,,new,15:06:34,2026-06-19 15:06:34
COHU,69.98,69.4,0.0084,1.0848,,1514740,4,0.9493,4.281,0.0617,,,yf_premarket,0.11245284643564857,0.9527271560453,0.12666223996077333,0.8,0.5,blocked,0.07951210066050617,3.5567,,,new,15:06:34,2026-06-19 15:06:34
COHU,69.98,69.4,0.008357326532692068,1.0848066334816535,0.0,1514740,4,0.9492650693654489,4.2810005187988285,0.061685885081752705,,,yf_premarket,0.11245353649442988,0.9526920993044227,0.12663265257459005,0.8,0.5,blocked,0.07910816530001556,3.556,,,new,15:06:34,2026-06-19 15:06:34
ATEC,8.8,8.81,-0.0011351213553215246,1.55541734815894,0.0,2910280,4,0.9793819500874283,0.4030001163482666,0.045743484353409386,,,yf_premarket,0.161409586002369,0.9829177077729859,0.09321453716122488,0.8,0.5,blocked,0.0,3.5546,,,new,15:06:34,2026-06-19 15:06:34
ATEC,8.8,8.81,-0.0011,1.5554,,2910280,4,0.9794,0.403,0.0457,,,yf_premarket,0.16140778133175387,0.9829358228492223,0.09312338620060909,0.8,0.5,blocked,0.0,3.5545,,,new,15:06:34,2026-06-19 15:06:34
ASX,40.81,40.56,0.0062,1.1471,,13712940,4,0.9619,2.031,0.0501,,,yf_premarket,0.11893370585772117,0.9653726444748488,0.10234657098465426,0.8,0.5,blocked,0.058687502868468834,3.5484,,,new,15:06:34,2026-06-19 15:06:34
ASX,40.81,40.56,0.0061636740198340355,1.147120894571113,0.0,13712940,4,0.961916758987971,2.0310001373291016,0.05007396618745004,,,yf_premarket,0.11893587944966448,0.9653894639659979,0.10229199947015848,0.8,0.5,blocked,0.05834365108376078,3.5478,,,new,15:06:34,2026-06-19 15:06:34
AMC,2.7897,2.83,-0.0142,1.7235,,47106930,4,0.9407,0.247,0.0873,,,yf_premarket,0.17889465884139116,0.9440961083870364,0.18032440597703614,0.8,0.5,blocked,0.0,3.5467,,,new,15:06:34,2026-06-19 15:06:34
AMC,2.7897,2.83,-0.014240256110424086,1.7235277272367358,0.0,47106930,4,0.9406778239820386,0.246999990940094,0.08727915109504056,,,yf_premarket,0.17889754321255402,0.9440738523093741,0.18028070295363025,0.8,0.5,blocked,0.0,3.5466,,,new,15:06:34,2026-06-19 15:06:34
DYN,20.0,19.8,0.01010104902252232,2.4153117011373677,0.0,2116290,4,0.8254774080087237,1.2395002365112304,0.06260102445818291,,,yf_premarket,0.2508615028480713,0.8284575406212967,0.12855094793185634,0.8,0.5,blocked,0.09561376507803597,3.5409,,,new,15:06:34,2026-06-19 15:06:34
DYN,20.0,19.8,0.0101,2.4153,,2116290,4,0.8255,1.2395,0.0626,,,yf_premarket,0.2508602856181137,0.8284802141740178,0.1285488004847826,0.8,0.5,blocked,0.09560383531798956,3.5409,,,new,15:06:34,2026-06-19 15:06:34
COMP,9.97,10.01,-0.004,1.6785,,13763050,4,0.9597,0.5191,0.0519,,,yf_premarket,0.17421346022191658,0.9631647020506419,0.10611969203267274,0.8,0.5,blocked,0.0,3.5407,,,new,15:06:34,2026-06-19 15:06:34
COMP,9.97,10.01,-0.0039960267699517835,1.6784796974507832,0.0,13763050,4,0.9596930669146342,0.5190999507904053,0.05185813575634565,,,yf_premarket,0.17421134821601955,0.963157743935501,0.1060319371110663,0.8,0.5,blocked,0.0,3.5406,,,new,15:06:34,2026-06-19 15:06:34
KVHI,9.64,9.64,-3.561439223138844e-08,0.9544001346121488,0.0,297150,5,0.9000002567585264,0.6300000190734864,0.06535269674651645,,,yf_premarket,0.09888778710602011,0.9032494312246819,0.13431894383650103,1.0,0.5,blocked,0.0,3.522,,,new,15:06:34,2026-06-19 15:06:34
KVHI,9.64,9.64,-0.0,0.9544,,297150,5,0.9,0.63,0.0654,,,yf_premarket,0.09888777310277111,0.9032491735392078,0.13441809989281134,1.0,0.5,blocked,-0.0,3.522,,,new,15:06:34,2026-06-19 15:06:34
SPTX,18.17,18.17,-4.198896163282723e-09,4.908801657479004,0.0,270290,3,0.7805753742141622,1.5680002212524413,0.08629610427454987,,,yf_premarket,0.5102508748769647,0.7833934018266665,0.17822006148164077,0.6,0.5,blocked,0.0,3.5213,,,new,15:06:34,2026-06-19 15:06:34
SPTX,18.17,18.17,-0.0,4.9088,,270290,3,0.7806,1.568,0.0863,,,yf_premarket,0.5102507024549998,0.7834181165163395,0.1782282276170259,0.6,0.5,blocked,-0.0,3.5213,,,new,15:06:34,2026-06-19 15:06:34
ALOT,28.56,28.57,-0.0003500068229273236,2.5129045673606183,0.0,408770,3,0.9923237535982405,0.9030003547668457,0.03160659308408864,,,yf_premarket,0.2610137604177346,0.995906233689928,0.06358109160465668,0.6,0.5,blocked,0.0,3.5151,,,new,15:06:34,2026-06-19 15:06:34
ALOT,28.56,28.57,-0.0004,2.5129,,408770,3,0.9923,0.903,0.0316,,,yf_premarket,0.26101328529057416,0.9958823943366176,0.06356727132446435,0.6,0.5,blocked,0.0,3.5151,,,new,15:06:34,2026-06-19 15:06:34
AVLN,31.45,31.45,-0.0,3.4855,,434720,3,0.8846,2.858,0.0909,,,yf_premarket,0.36218959145281815,0.8877935765697591,0.18787064807307308,0.6,0.5,blocked,-0.0,3.5128,,,new,15:06:34,2026-06-19 15:06:34
AVLN,31.45,31.45,-2.4258805574802636e-08,3.485461906514538,0.0,434720,3,0.8845556783810443,2.8579996109008787,0.09087438923908496,,,yf_premarket,0.36218562871567245,0.8877490949412128,0.1878169633502596,0.6,0.5,blocked,0.0,3.5127,,,new,15:06:34,2026-06-19 15:06:34
ASPN,6.3,6.32,-0.0031645840376804237,1.5876163759221733,0.0,1386670,4,0.9362389219095649,0.40380010604858396,0.06389242010770936,,,yf_premarket,0.16475914254267282,0.9396189249445038,0.13125794354660508,0.8,0.5,blocked,0.0,3.492,,,new,15:06:34,2026-06-19 15:06:34
ASPN,6.3,6.32,-0.0032,1.5876,,1386670,4,0.9362,0.4038,0.0639,,,yf_premarket,0.1647574390105779,0.9395798625193403,0.13127383235279594,0.8,0.5,blocked,0.0,3.4919,,,new,15:06:34,2026-06-19 15:06:34
AXTA,34.78,34.78,3.509784844683501e-08,1.6824097869058283,0.0,2891210,4,0.9453369934794448,1.0741996765136719,0.03088555820056841,,,yf_premarket,0.1746201822011611,0.9487498423070533,0.06206967388500905,0.8,0.5,blocked,3.322266260323733e-07,3.4905,,,new,15:06:34,2026-06-19 15:06:34
AXTA,34.78,34.78,0.0,1.6824,,2891210,4,0.9453,1.0742,0.0309,,,yf_premarket,0.17461916410227102,0.9487127152740146,0.06209994647245716,0.8,0.5,blocked,0.0,3.4904,,,new,15:06:34,2026-06-19 15:06:34
BESS,5.94,5.82,0.020618526597803912,1.0221478648820905,0.0,2510400,3,0.8720539850343765,0.9769999742507934,0.16786940643197595,,,yf_premarket,0.10593535558184651,0.8752022680709702,0.349212252218616,0.6,0.5,blocked,0.19516932884713195,3.4767,,,new,15:06:34,2026-06-19 15:06:34
BESS,5.94,5.82,0.0206,1.0221,,2510400,3,0.8721,0.977,0.1679,,,yf_premarket,0.10593037635918066,0.8752484491594923,0.3492763817938635,0.6,0.5,blocked,0.19499396114362227,3.4765,,,new,15:06:34,2026-06-19 15:06:34
SVCO,12.85,13.35,-0.0375,1.0191,,685180,4,0.9477,1.3851,0.1038,,,yf_premarket,0.10561829645121568,0.9511213797367858,0.21491134891720554,0.8,0.5,blocked,0.0,3.4681,,,new,15:06:34,2026-06-19 15:06:34
SVCO,12.85,13.35,-0.03745321102490343,1.0191482530138065,0.0,685180,4,0.9477124753361468,1.3851000785827636,0.10375281191042748,,,yf_premarket,0.10562331604991827,0.9511339001113016,0.21481243426499338,0.8,0.5,blocked,0.0,3.4681,,,new,15:06:34,2026-06-19 15:06:34
EQH,46.41,45.29,0.02472950015085271,0.9544118384510867,0.0,4187710,4,0.8189846676723168,1.0810001373291016,0.023868406170830716,,,yf_premarket,0.09888900461701297,0.8219413602403366,0.047360471651370785,0.8,0.5,blocked,0.23408267919983372,3.467,,,new,15:06:34,2026-06-19 15:06:34
RFL,2.71,2.73,-0.0073,0.8468,,456330,4,0.9504,0.3355,0.1229,,,yf_premarket,0.08769450707042743,0.9538311272574034,0.2549483555934016,0.8,0.5,blocked,0.0,3.4667,,,new,15:06:34,2026-06-19 15:06:34
EQH,46.41,45.29,0.0247,0.9544,,4187710,4,0.819,1.081,0.0239,,,yf_premarket,0.09888777310277111,0.8219567479206791,0.047426697952385306,0.8,0.5,blocked,0.23380343884696456,3.4667,,,new,15:06:34,2026-06-19 15:06:34
RFL,2.71,2.73,-0.007326014261448253,0.8467556373676944,0.0,456330,4,0.9503546560993688,0.33549998998641967,0.12289376836718208,,,yf_premarket,0.0876898921750251,0.9537856196565476,0.25493529297954115,0.8,0.5,blocked,0.0,3.4666,,,new,15:06:34,2026-06-19 15:06:34
DSGN,12.5,12.44,0.004823185019339887,1.4126287676459366,0.0,733880,4,0.9066145275361329,0.675999927520752,0.0543408320195396,,,yf_premarket,0.14655577031405329,0.9098875807951682,0.1112361112924518,0.8,0.5,blocked,0.04565494913833316,3.4637,,,new,15:06:34,2026-06-19 15:06:34
DSGN,12.5,12.44,0.0048,1.4126,,733880,4,0.9066,0.676,0.0543,,,yf_premarket,0.1465527777126212,0.9098730008118285,0.11115052009669737,0.8,0.5,blocked,0.045435486091717804,3.4633,,,new,15:06:34,2026-06-19 15:06:34
ALTG,7.67,7.67,-0.0,1.928,,248240,4,0.8929,0.4854,0.0633,,,yf_premarket,0.20016810590100342,0.8961235411701762,0.13001612533678975,0.8,0.5,blocked,-0.0,3.4575,,,new,15:06:34,2026-06-19 15:06:34
ALTG,7.67,7.67,-9.947059273096985e-09,1.927972929423139,0.0,248240,4,0.8928572340887513,0.4853999614715576,0.06328552237852092,,,yf_premarket,0.2001652898399583,0.8960806208657417,0.1299857776599409,0.8,0.5,blocked,0.0,3.4574,,,new,15:06:34,2026-06-19 15:06:34
QMCO,15.5697,15.6,-0.0019423320979991322,0.8228205965873395,0.0,1591720,5,0.8315337104364121,2.1189998626708983,0.1358333212086281,,,yf_premarket,0.08520001040040143,0.8345357074685334,0.2820589036339896,1.0,0.5,blocked,0.0,3.4379,,,new,15:06:34,2026-06-19 15:06:34
QMCO,15.5697,15.6,-0.0019,0.8228,,1591720,5,0.8315,2.119,0.1358,,,yf_premarket,0.08519786780670766,0.8345018753309459,0.281989056437534,1.0,0.5,blocked,0.0,3.4378,,,new,15:06:34,2026-06-19 15:06:34
EGY,5.41,5.58,-0.0305,2.907,,1490340,4,0.8182,0.2055,0.0368,,,yf_premarket,0.30201018253357265,0.8211538597664221,0.07446739879651773,0.8,0.5,blocked,0.0,3.4326,,,new,15:06:34,2026-06-19 15:06:34
EGY,5.41,5.58,-0.030465936564591584,2.9069876672437163,0.0,1490340,4,0.8181814803989081,0.2054999828338623,0.036827954416417966,,,yf_premarket,0.302008899598424,0.8211352733059992,0.07452599623927979,0.8,0.5,blocked,0.0,3.4325,,,new,15:06:34,2026-06-19 15:06:34
CLDT,13.47,13.36,0.008233558843527144,1.893623095314563,0.0,560460,3,0.9420290322461752,0.37199993133544923,0.02784430695322106,,,yf_premarket,0.19659199215088616,0.9454299386958861,0.05569466883296531,0.6,0.5,blocked,0.07793661423342037,3.4305,,,new,15:06:34,2026-06-19 15:06:34
CLDT,13.47,13.36,0.0082,1.8936,,560460,3,0.942,0.372,0.0278,,,yf_premarket,0.19658958962300507,0.9454008016377041,0.05560179355642533,0.6,0.5,blocked,0.0776189554066846,3.4299,,,new,15:06:34,2026-06-19 15:06:34
BJRI,54.55,54.55,0.0,2.0489,,490760,4,0.8803,2.334,0.0428,,,yf_premarket,0.21274492619199178,0.8834780527406273,0.08704446895657932,0.8,0.5,blocked,0.0,3.4296,,,new,15:06:34,2026-06-19 15:06:34
BJRI,54.55,54.55,1.3986057945982483e-08,2.0488629880185836,0.0,490760,4,0.8803172332193875,2.3340003967285154,0.042786442334958395,,,yf_premarket,0.21274107596007377,0.8834953481752598,0.08701604967250684,0.8,0.5,blocked,1.3238819610055134e-07,3.4296,,,new,15:06:34,2026-06-19 15:06:34
BRBR,9.54,9.46,0.0085,2.8071,,6482630,3,0.8454,0.5985,0.0633,,,yf_premarket,0.2916179215983391,0.8484520570111626,0.13001612533678975,0.6,0.5,blocked,0.08045867328741696,3.42,,,new,15:06:34,2026-06-19 15:06:34
BRBR,9.54,9.46,0.00845665555289965,2.8070860129299375,0.0,6482630,3,0.8453607309864262,0.5985001564025879,0.06326640105593724,,,yf_premarket,0.29161646657049317,0.8484126462288778,0.12994569595732622,0.6,0.5,blocked,0.08004838661587922,3.4193,,,new,15:06:34,2026-06-19 15:06:34
OI,9.41,9.23,0.01950167569781481,1.6167838271739639,0.0,3207850,4,0.7668390198008451,0.4359999656677246,0.047237268395582885,,,yf_premarket,0.16779333437675,0.7696074565252551,0.09634577494495764,0.8,0.5,blocked,0.18459752394442833,3.416,,,new,15:06:34,2026-06-19 15:06:34
OI,9.41,9.23,0.0195,1.6168,,3207850,4,0.7668,0.436,0.0472,,,yf_premarket,0.167795016781437,0.7695682958554051,0.09626765374062449,0.8,0.5,blocked,0.1845816622476036,3.4158,,,new,15:06:34,2026-06-19 15:06:34
BIOA,20.18,20.77,-0.028406376733763353,1.2878284003990688,0.0,481120,4,0.9185004105385127,1.4381001472473145,0.06923929299721143,,,yf_premarket,0.1335732079392542,0.9218163741270385,0.1424659427913049,0.8,0.5,blocked,0.0,3.4152,,,new,15:06:34,2026-06-19 15:06:34
BIOA,20.18,20.77,-0.0284,1.2878,,481120,4,0.9185,1.4381,0.0692,,,yf_premarket,0.13357025354127836,0.9218159621064026,0.14238357766085033,0.8,0.5,blocked,0.0,3.4152,,,new,15:06:34,2026-06-19 15:06:34
BWEN,5.0786,5.03,0.0097,0.6493,,719130,4,0.8788,0.545,0.1083,,,yf_premarket,0.06714924646273343,0.8819726374513953,0.2243441515372517,0.8,0.5,blocked,0.09181754481034642,3.4146,,,new,15:06:34,2026-06-19 15:06:34
BWEN,5.0786,5.03,0.009661985718585467,0.6492567407840029,0.0,719130,4,0.8787880013906305,0.5449999809265137,0.10834989228505003,,,yf_premarket,0.06714474635201777,0.8819605955247324,0.22444873466550505,0.8,0.5,blocked,0.09145771202815961,3.414,,,new,15:06:34,2026-06-19 15:06:34
ARXS,44.0,43.61,0.008942888883057356,4.419485560721751,0.0,1172150,2,0.8163267872638196,2.480000305175781,0.056867697098520825,,,yf_premarket,0.45934896739637043,0.8192738843710685,0.11653287118967788,0.4,0.5,blocked,0.08465093822206882,3.4128,,,new,15:06:34,2026-06-19 15:06:34
ARXS,44.0,43.61,0.0089,4.4195,,1172150,2,0.8163,2.48,0.0569,,,yf_premarket,0.45935046946591285,0.8192470004000615,0.11660058383272406,0.4,0.5,blocked,0.08424496379506011,3.4122,,,new,15:06:34,2026-06-19 15:06:34
RARE,27.44,27.44,-0.0,1.778,,2003560,4,0.891,1.2505,0.0456,,,yf_premarket,0.1845641105027548,0.8942166818038157,0.09291376836460807,0.8,0.5,blocked,-0.0,3.4117,,,new,15:06:34,2026-06-19 15:06:34
RARE,27.44,27.44,-1.946274072573973e-08,1.778035097526403,0.0,2003560,4,0.891016248698003,1.2505001068115233,0.0455721604399914,,,yf_premarket,0.18456776158035804,0.8942329891627516,0.09285541168136582,0.8,0.5,blocked,0.0,3.4117,,,new,15:06:34,2026-06-19 15:06:34
ACTG,4.86,4.86,-0.0,0.9548,,268550,4,0.9655,0.116,0.0239,,,yf_premarket,0.09892938375716644,0.9689856411690057,0.047426697952385306,0.8,0.5,blocked,-0.0,3.4101,,,new,15:06:34,2026-06-19 15:06:34
ACTG,4.86,4.86,-2.7472098829055527e-08,0.9547570284863154,0.0,268550,4,0.9655180918618684,0.11599998474121094,0.02386830896182055,,,yf_premarket,0.0989249135751545,0.9690037983459839,0.04736026788394728,0.8,0.5,blocked,0.0,3.4101,,,new,15:06:34,2026-06-19 15:06:34
MTW,13.17,13.17,-5.79301024613384e-09,2.0914673894397366,0.0,291470,4,0.8713448759526286,0.46000003814697266,0.034927869057113724,,,yf_premarket,0.2171730685182125,0.8744905989687058,0.0705430784269339,0.8,0.5,blocked,0.0,3.41,,,new,15:06:34,2026-06-19 15:06:34
MTW,13.17,13.17,-0.0,2.0915,,291470,4,0.8713,0.46,0.0349,,,yf_premarket,0.21717646088509437,0.8744455610052352,0.07048465991249822,0.8,0.5,blocked,-0.0,3.4099,,,new,15:06:34,2026-06-19 15:06:34
DB,35.3,35.27,0.0009,0.9171,,3540510,5,0.8608,0.729,0.0207,,,yf_premarket,0.09500757958040662,0.8639076539806112,0.04071892720035245,1.0,0.5,blocked,0.008519153642197089,3.4035,,,new,15:06:34,2026-06-19 15:06:34
DB,35.3,35.27,0.0008505682406284674,0.9170712693933925,0.0,3540510,5,0.8608348573792578,0.7290000915527344,0.020669126228839218,,,yf_premarket,0.09500459083205133,0.8639426372017294,0.04065421026935331,1.0,0.5,blocked,0.008051246138985753,3.4028,,,new,15:06:34,2026-06-19 15:06:34
CCCC,4.14,4.15,-0.0024,1.5759,,2169650,4,0.882,0.348,0.0839,,,yf_premarket,0.16354032736951454,0.8851841900684236,0.17319739955300126,0.8,0.5,blocked,0.0,3.4023,,,new,15:06:34,2026-06-19 15:06:34
CCCC,4.14,4.15,-0.002409661478946683,1.5758762934113797,0.0,2169650,4,0.8819878131058573,0.34800000190734864,0.0838554202193428,,,yf_premarket,0.16353786125284958,0.8851719591772431,0.1731039523814936,0.8,0.5,blocked,0.0,3.4022,,,new,15:06:34,2026-06-19 15:06:34
ATEN,33.3,33.26,0.0012,2.7267,,1391940,3,0.9003,1.507,0.0453,,,yf_premarket,0.28325418006487785,0.9035502565970541,0.09228491485660499,0.6,0.5,blocked,0.011358871522929451,3.3952,,,new,15:06:34,2026-06-19 15:06:34
ATEN,33.3,33.26,0.0012026963465267564,2.7266979898558845,0.0,1391940,3,0.9002621728658844,1.5069999694824219,0.0453096826678659,,,yf_premarket,0.28325397095634763,0.9035122928996905,0.09230521145545265,0.6,0.5,blocked,0.011384394401078388,3.3951,,,new,15:06:34,2026-06-19 15:06:34
ALM,18.75,18.81,-0.0032,1.101,,7211450,4,0.9195,1.399,0.0744,,,yf_premarket,0.11413807793865942,0.922819572299224,0.1532837051329037,0.8,0.5,blocked,0.0,3.3935,,,new,15:06:34,2026-06-19 15:06:34
ALM,18.75,18.81,-0.003189764361823539,1.1009991055890285,0.0,7211450,4,0.9194629555154695,1.3990001678466797,0.07437534330501852,,,yf_premarket,0.11413798489609486,0.9227823940769614,0.15323202030245417,0.8,0.5,blocked,0.0,3.3934,,,new,15:06:34,2026-06-19 15:06:34
ARTV,9.99,9.82,0.017311640576260175,1.8959866293329861,0.0,921420,3,0.821917673999691,0.9208000183105469,0.09376782555256785,,,yf_premarket,0.19683786264386668,0.8248849552860987,0.1938821219366503,0.6,0.5,blocked,0.16386725096405977,3.3878,,,new,15:06:34,2026-06-19 15:06:34
ARTV,9.99,9.82,0.0173,1.896,,921420,3,0.8219,0.9208,0.0938,,,yf_premarket,0.19683925354937704,0.8248672174798609,0.19394956531710286,0.6,0.5,blocked,0.16375706445556626,3.3876,,,new,15:06:34,2026-06-19 15:06:34
ARDX,6.09,6.05,0.006611538513072014,2.5648895970625283,0.0,3834590,2,0.9705882765429883,0.267500114440918,0.04421489355497459,,,yf_premarket,0.26642158817937744,0.9740922873714425,0.09001033820823506,0.4,0.5,blocked,0.06258301378240419,3.3867,,,new,15:06:34,2026-06-19 15:06:34
ARDX,6.09,6.05,0.0066,2.5649,,3834590,2,0.9706,0.2675,0.0442,,,yf_premarket,0.26642267036196704,0.9741040531523946,0.0899791186605937,0.4,0.5,blocked,0.06247379337611199,3.3865,,,new,15:06:34,2026-06-19 15:06:34
ALHC,21.63,21.86,-0.0105,0.9857,,7362230,4,0.9292,1.3372,0.0612,,,yf_premarket,0.10214380680920565,0.9325545911695909,0.1256141507807682,0.8,0.5,blocked,0.0,3.3811,,,new,15:06:34,2026-06-19 15:06:34
ALHC,21.63,21.86,-0.010521528084617218,0.9856796106614436,0.0,7362230,4,0.9291555031106806,1.337199878692627,0.06117108148933036,,,yf_premarket,0.10214168577490561,0.9325099336379212,0.1255535324244988,0.8,0.5,blocked,0.0,3.381,,,new,15:06:34,2026-06-19 15:06:34
ACIU,2.44,2.4,0.0167,0.6806,,313380,4,0.8356,0.1232,0.0513,,,yf_premarket,0.07040528016916797,0.8386166771215133,0.10486198501666658,0.8,0.5,blocked,0.15807762869410155,3.3724,,,new,15:06:34,2026-06-19 15:06:34
ACIU,2.44,2.4,0.016666626267964568,0.6806433084434234,0.0,313380,4,0.8356165994195651,0.12320001125335693,0.05133333598242855,,,yf_premarket,0.0704097854008472,0.8386333364681838,0.10493186318164299,0.8,0.5,blocked,0.1577617220820756,3.372,,,new,15:06:34,2026-06-19 15:06:34
DHT,18.7092,18.89,-0.009571169692441329,1.4843934123325508,0.0,3182310,3,0.9964027937867062,0.715999984741211,0.03790365314323795,,,yf_premarket,0.15402120488369914,1.0,0.07678085263233043,0.6,0.5,blocked,0.0,3.3694,,,new,15:06:34,2026-06-19 15:06:34
DHT,18.7092,18.89,-0.0096,1.4844,,3182310,3,0.9964,0.716,0.0379,,,yf_premarket,0.15402189017658285,0.9999971961271851,0.07677319499252902,0.6,0.5,blocked,0.0,3.3694,,,new,15:06:34,2026-06-19 15:06:34
BGLC,2.5945,2.61,-0.005938657363530696,0.1726656429079741,0.0,533980,4,0.9447851822998924,0.36779996156692507,0.14091953116857173,,,yf_premarket,0.017566577697992393,0.9481960389827417,0.29272050688649215,0.8,0.5,blocked,0.0,3.3691,,,new,15:06:34,2026-06-19 15:06:34
BGLC,2.5945,2.61,-0.0059,0.1727,,533980,4,0.9448,0.3678,0.1409,,,yf_premarket,0.01757015175069819,0.9482109101776038,0.29267956607358636,0.8,0.5,blocked,0.0,3.3691,,,new,15:06:34,2026-06-19 15:06:34
BEAM,34.14,34.14,0.0,1.7455,,2008810,3,0.9632,2.1005,0.0615,,,yf_premarket,0.18118324483313428,0.9666773377255166,0.12624300428877128,0.6,0.5,blocked,0.0,3.3683,,,new,15:06:34,2026-06-19 15:06:34
BEAM,34.14,34.14,1.787790199121967e-08,1.7455110239395464,0.0,2008810,3,0.9632225712533454,2.10049991607666,0.06152606776886912,,,yf_premarket,0.18118439161648064,0.9666999904654388,0.12629764698176849,0.6,0.5,blocked,1.6922732651482406e-07,3.3683,,,new,15:06:34,2026-06-19 15:06:34
BTBT,2.1716,2.17,0.0007372920045179578,1.486162889445809,0.0,28873080,4,0.8656717612924565,0.18150002956390382,0.08364056367863375,,,yf_premarket,0.1542052776352497,0.868797003270713,0.17265357475035265,0.8,0.5,blocked,0.006979004295168837,3.3657,,,new,15:06:34,2026-06-19 15:06:34
BTBT,2.1716,2.17,0.0007,1.4862,,28873080,4,0.8657,0.1815,0.0836,,,yf_premarket,0.15420913812136186,0.8688253439254358,0.17256854604499816,0.8,0.5,blocked,0.006626008388375514,3.3652,,,new,15:06:34,2026-06-19 15:06:34
AAL,15.9999,15.99,0.0006191512835239933,0.9132148899875475,0.0,138253440,4,0.933554568860033,0.6149998664855957,0.03846153066221022,,,yf_premarket,0.09460342465536663,0.9369248808628624,0.07795026341513632,0.8,0.5,blocked,0.005860716569004922,3.3635,,,new,15:06:34,2026-06-19 15:06:34
AAL,15.9999,15.99,0.0006,0.9132,,138253440,4,0.9336,0.615,0.0385,,,yf_premarket,0.09460187570005216,0.9369704760180049,0.07803090200853517,0.8,0.5,blocked,0.0056794357614647255,3.3634,,,new,15:06:34,2026-06-19 15:06:34
DDD,3.56,3.57,-0.00280110180106205,1.2968561999537649,0.0,5493670,4,0.8876403019503977,0.24099998474121093,0.06750699978929674,,,yf_premarket,0.13451233955730613,0.8908448545964328,0.13883474725568135,0.8,0.5,blocked,0.0,3.3529,,,new,15:06:34,2026-06-19 15:06:34
DDD,3.56,3.57,-0.0028,1.2969,,5493670,4,0.8876,0.241,0.0675,,,yf_premarket,0.1345168959287721,0.8908044071482231,0.1388200744488329,0.8,0.5,blocked,0.0,3.3528,,,new,15:06:34,2026-06-19 15:06:34
CEVA,49.72,49.72,-2.4551550606731976e-08,1.9455109121892131,0.0,974140,3,0.9320757066367825,3.754999542236328,0.07552291733799812,,,yf_premarket,0.2019897071891342,0.9354406796618299,0.1556375401568957,0.6,0.5,blocked,0.0,3.3517,,,new,15:06:34,2026-06-19 15:06:34
CEVA,49.72,49.72,-0.0,1.9455,,974140,3,0.9321,3.755,0.0755,,,yf_premarket,0.2019885720307991,0.9354650607287729,0.155589501328915,0.6,0.5,blocked,-0.0,3.3517,,,new,15:06:34,2026-06-19 15:06:34
CON,28.5,28.56,-0.0021,1.41,,992630,4,0.8974,0.65,0.0228,,,yf_premarket,0.14628230845905155,0.9006397870378723,0.04512090175637401,0.8,0.5,blocked,0.0,3.3433,,,new,15:06:34,2026-06-19 15:06:34
CON,28.5,28.56,-0.002100821675922361,1.4099916383748223,0.0,992630,4,0.8974356070336635,0.6499996185302734,0.022759090710256974,,,yf_premarket,0.14628143862731294,0.9006755226197931,0.04503514858849129,0.8,0.5,blocked,0.0,3.3433,,,new,15:06:34,2026-06-19 15:06:34
ATMU,51.7872,51.79,-0.0001,2.1454,,996650,4,0.8302,1.8606,0.0359,,,yf_premarket,0.22278349656486504,0.8331971820802782,0.0725808382725085,0.8,0.5,blocked,0.0,3.3369,,,new,15:06:34,2026-06-19 15:06:34
ATMU,51.7872,51.79,-5.4082167944226276e-05,2.1453870466061304,0.0,996650,4,0.8301888635489649,1.8606002807617188,0.03592585919811957,,,yf_premarket,0.22278214906687618,0.8331860054245075,0.07263504376401395,0.8,0.5,blocked,0.0,3.3369,,,new,15:06:34,2026-06-19 15:06:34
EIG,46.55,46.55,1.6389676966426644e-08,3.5457470226336287,0.0,354340,3,0.8304349917320556,0.7769996643066406,0.01669172238542243,,,yf_premarket,0.36845688654570696,0.8334330221777978,0.03231686240376138,0.6,0.5,blocked,1.55140195803297e-07,3.3357,,,new,15:06:34,2026-06-19 15:06:34
EIG,46.55,46.55,0.0,3.5457,,354340,3,0.8304,0.777,0.0167,,,yf_premarket,0.36845199493931524,0.8333979041188424,0.032334213760311384,0.6,0.5,blocked,0.0,3.3356,,,new,15:06:34,2026-06-19 15:06:34
CARR,72.468,71.81,0.0092,1.2483,,6371600,4,0.8328,2.24,0.0312,,,yf_premarket,0.12946120141973955,0.8358065685816136,0.06272879998046024,0.8,0.5,blocked,0.08708468167579247,3.3278,,,new,15:06:34,2026-06-19 15:06:34
CARR,72.468,71.81,0.009163103520082325,1.2482735890514156,0.0,6371600,4,0.832817030322714,2.240001678466797,0.031193451533528538,,,yf_premarket,0.12945845397760505,0.8358236603870765,0.0627150732267515,0.8,0.5,blocked,0.08673542969659813,3.3273,,,new,15:06:34,2026-06-19 15:06:34
FER,70.03,69.22,0.0117,1.2076,,2038870,4,0.823,1.4252,0.0206,,,yf_premarket,0.12522731733501477,0.8259711886919644,0.040509309364351424,0.8,0.5,blocked,0.11074899734856217,3.3262,,,new,15:06:34,2026-06-19 15:06:34
FER,70.03,69.22,0.011701802441670751,1.2076297164605885,0.0,2038870,4,0.8230089907833422,1.4252494812011718,0.02059013949821907,,,yf_premarket,0.12523040863844326,0.8259802119337681,0.0404886399938994,0.8,0.5,blocked,0.11076605876803353,3.3262,,,new,15:06:34,2026-06-19 15:06:34
CNTA,40.02,40.02,-0.0,2.6748,,2089420,3,0.898,0.1785,0.0045,,,yf_premarket,0.2778551976570838,0.9012419531535651,0.0067608377681861445,0.6,0.5,blocked,-0.0,3.3226,,,new,15:06:34,2026-06-19 15:06:34
CNTA,40.02,40.02,-1.1438372401612709e-08,2.6747614170439644,0.0,2089420,3,0.8979602958349552,0.1785003662109375,0.004460278964747222,,,yf_premarket,0.27785118400196096,0.9012021056488286,0.006677575393652067,0.6,0.5,blocked,0.0,3.3225,,,new,15:06:34,2026-06-19 15:06:34
BKD,14.0,13.65,0.025641054304103482,0.765919857277711,0.0,4618760,4,0.7460935681010895,0.5580001831054687,0.0408791354358697,,,yf_premarket,0.07928081790477218,0.7487871097446975,0.08301799422473884,0.8,0.5,blocked,0.24271120129397394,3.3221,,,new,15:06:34,2026-06-19 15:06:34
BKD,14.0,13.65,0.0256,0.7659,,4618760,4,0.7461,0.558,0.0409,,,yf_premarket,0.07927875221897203,0.7487935648640033,0.08306173007255982,0.8,0.5,blocked,0.24232259248916166,3.3215,,,new,15:06:34,2026-06-19 15:06:34
LZM,4.84,4.85,-0.002061836047257837,1.1188334543829264,0.0,894950,4,0.8721803864317234,0.43760004043579104,0.09022681423515269,,,yf_premarket,0.11599323220616649,0.8753291258017344,0.18645953064053322,0.8,0.5,blocked,0.0,3.3179,,,new,15:06:34,2026-06-19 15:06:34
LZM,4.84,4.85,-0.0021,1.1188,,894950,4,0.8722,0.4376,0.0902,,,yf_premarket,0.11598975205925159,0.8753488101787744,0.18640332322106593,0.8,0.5,blocked,0.0,3.3179,,,new,15:06:34,2026-06-19 15:06:34
CCS,63.2528,63.25,4.426877470356648e-05,1.7703541180078797,0.0,423870,3,0.9465738615721336,2.4004993438720703,0.03795255879639637,,,yf_premarket,0.18376873511995084,0.9499911757320513,0.07688336760416328,0.6,0.5,blocked,0.00041903610361276747,3.3147,,,new,15:06:34,2026-06-19 15:06:34
CCS,63.2528,63.25,0.0,1.7704,,423870,3,0.9466,2.4005,0.038,,,yf_premarket,0.18377350806924356,0.9500174085246823,0.07698281282853005,0.6,0.5,blocked,0.0,3.3142,,,new,15:06:34,2026-06-19 15:06:34
ENHA,4.41,4.43,-0.0045,2.496,,2121670,3,0.8243,0.721,0.1628,,,yf_premarket,0.2592552351423715,0.8272758819426322,0.33858587215781116,0.6,0.5,blocked,0.0,3.3127,,,new,15:06:34,2026-06-19 15:06:34
ENHA,4.41,4.43,-0.004514634111424653,2.495958372414183,0.0,2121670,3,0.8242677406875594,0.7210000276565551,0.16275396288828994,,,yf_premarket,0.2592509047646546,0.8272435061678534,0.3384893701604872,0.6,0.5,blocked,0.0,3.3126,,,new,15:06:34,2026-06-19 15:06:34
PTRN,21.79,21.36,0.02013105699257559,2.0262634968517323,0.0,2506140,2,0.8733032904352509,1.2037996292114257,0.056357658933213504,,,yf_premarket,0.21039012691893838,0.8764560837052345,0.11546374022478133,0.4,0.5,blocked,0.1905550749995306,3.3121,,,new,15:06:34,2026-06-19 15:06:34
BBAR,21.3,21.9,-0.0274,1.103,,853340,4,0.8934,1.0109,0.0462,,,yf_premarket,0.11434613121063607,0.8966253462665869,0.09417147538061423,0.8,0.5,blocked,0.0,3.3119,,,new,15:06:34,2026-06-19 15:06:34
BBAR,21.3,21.9,-0.027397243332488202,1.10296013312396,0.0,853340,4,0.8934034143472293,1.0108676196441853,0.046158339600556826,,,yf_premarket,0.11434198399363427,0.896628772940268,0.09408414775283207,0.8,0.5,blocked,0.0,3.3118,,,new,15:06:34,2026-06-19 15:06:34
PTRN,21.79,21.36,0.0201,2.0263,,2506140,2,0.8733,1.2038,0.0564,,,yf_premarket,0.21039392421865566,0.8764527813908779,0.11555249465271893,0.4,0.5,blocked,0.19026109800906832,3.3117,,,new,15:06:34,2026-06-19 15:06:34
FDMT,9.9133,9.66,0.02622154830113674,1.2106655811113374,0.0,736950,3,0.7818178875716628,0.7602001190185547,0.07869566573773916,,,yf_premarket,0.12554621942537655,0.7846404008969707,0.16228818669419007,0.6,0.5,blocked,0.2482059985707511,3.3111,,,new,15:06:34,2026-06-19 15:06:34
FDMT,9.9133,9.66,0.0262,1.2107,,736950,3,0.7818,0.7602,0.0787,,,yf_premarket,0.12554979990657858,0.7846224487477252,0.16229727208094788,0.6,0.5,blocked,0.2480020282506264,3.3107,,,new,15:06:34,2026-06-19 15:06:34
BBVA,24.0317,24.48,-0.0183,1.1449,,2239790,5,0.7994,0.511,0.0209,,,yf_premarket,0.11870484725854685,0.8022859881413807,0.0411381628723545,1.0,0.5,blocked,0.0,3.3032,,,new,15:06:34,2026-06-19 15:06:34
BBVA,24.0317,24.48,-0.01831289013967742,1.1449287656432077,0.0,2239790,5,0.7993524891207061,0.5110000610351563,0.0208741858901389,,,yf_premarket,0.11870783965164179,0.8022383057386515,0.04108405189388074,1.0,0.5,blocked,0.0,3.3031,,,new,15:06:34,2026-06-19 15:06:34
CCL,30.9,30.87,0.001,1.1883,,26476280,4,0.8773,1.275,0.0413,,,yf_premarket,0.12321960326044011,0.8804672221621632,0.08390020141656393,0.8,0.5,blocked,0.009465726269107877,3.3019,,,new,15:06:34,2026-06-19 15:06:34
CCL,30.9,30.87,0.0009717900858775978,1.1883013776859892,0.0,26476280,4,0.8773110170366282,1.2749998092651367,0.04130222787829373,,,yf_premarket,0.12321974657647902,0.880478278972418,0.08390487144683198,0.8,0.5,blocked,0.009198698943950178,3.3015,,,new,15:06:34,2026-06-19 15:06:34
EWTX,36.0,36.81,-0.022,0.9444,,2125590,4,0.8877,2.5713,0.0699,,,yf_premarket,0.09784750674288786,0.8909047681675053,0.14385090251285754,0.8,0.5,blocked,0.0,3.3005,,,new,15:06:34,2026-06-19 15:06:34
EWTX,36.0,36.81,-0.02200492646215289,0.9444436603484209,0.0,2125590,4,0.8877327249480691,2.571299362182617,0.06985328080015578,,,yf_premarket,0.09785204858206016,0.890937611258947,0.14375297073714707,0.8,0.5,blocked,0.0,3.3005,,,new,15:06:34,2026-06-19 15:06:34
AVAL,5.73,5.75,-0.0034782608695651434,1.546232589360631,0.0,297950,3,0.9536176367810397,0.25209994316101075,0.043843468375827956,,,yf_premarket,0.16045412644221677,0.9570603803276517,0.08923176478534495,0.6,0.5,blocked,0.0,3.2994,,,new,15:06:34,2026-06-19 15:06:34
AVAL,5.73,5.75,-0.0035,1.5462,,297950,3,0.9536,0.2521,0.0438,,,yf_premarket,0.1604507362806613,0.9570426798744317,0.08914064731658959,0.6,0.5,blocked,0.0,3.2993,,,new,15:06:34,2026-06-19 15:06:34
EC,16.7,16.58,0.007237640340538766,1.973363913942788,0.0,2842760,3,0.8693183880946718,0.6959998130798339,0.04197827601221485,,,yf_premarket,0.2048871612637355,0.8724567950988317,0.08532198891548275,0.6,0.5,blocked,0.06850952229779268,3.2977,,,new,15:06:34,2026-06-19 15:06:34
EC,16.7,16.58,0.0072,1.9734,,2842760,3,0.8693,0.696,0.042,,,yf_premarket,0.20489091517487334,0.8724383406195926,0.08536752626857111,0.6,0.5,blocked,0.06815322913757671,3.2971,,,new,15:06:34,2026-06-19 15:06:34
ERII,9.4,9.42,-0.0021,2.6001,,1366900,4,0.7644,0.486,0.0516,,,yf_premarket,0.270084407948756,0.7671596313926338,0.10549083852466966,0.8,0.5,blocked,0.0,3.2922,,,new,15:06:34,2026-06-19 15:06:34
ERII,9.4,9.42,-0.002123150332479983,2.6001170531860414,0.0,1366900,4,0.7644231783215149,0.48600001335144044,0.05159235768739447,,,yf_premarket,0.27008618193433276,0.7671828933923586,0.10547481887436552,0.8,0.5,blocked,0.0,3.2922,,,new,15:06:34,2026-06-19 15:06:34
AIB,2.2125,2.24,-0.0123,0.8855,,2098170,4,0.8764,0.195,0.0871,,,yf_premarket,0.09172033788317557,0.8795639729886241,0.17990517030503408,0.8,0.5,blocked,0.0,3.2867,,,new,15:06:34,2026-06-19 15:06:34
AIB,2.2125,2.24,-0.01227678991949226,0.8854859234475757,0.0,2098170,4,0.8764045937105706,0.19499995708465576,0.08705355189930732,,,yf_premarket,0.09171887354678057,0.8795685832833756,0.17980780680149852,0.8,0.5,blocked,0.0,3.2866,,,new,15:06:34,2026-06-19 15:06:34
ALLO,2.01,2.0,0.005,2.663,,8841160,4,0.7143,0.13,0.065,,,yf_premarket,0.27662768335242155,0.7168787607322846,0.13357962854880723,0.8,0.5,blocked,0.047328631345539385,3.2865,,,new,15:06:34,2026-06-19 15:06:34
ALLO,2.01,2.0,0.004999999999999893,2.6629537300535224,0.0,8841160,4,0.7142859089131788,0.12999998331069945,0.06499999165534973,,,yf_premarket,0.27662287004554215,0.7168646187739228,0.1335796110569319,0.8,0.5,blocked,0.04732863134553838,3.2864,,,new,15:06:34,2026-06-19 15:06:34
FPS,63.75,63.41,0.0054,0.8667,,5509950,4,0.8503,4.171,0.0658,,,yf_premarket,0.08976463712659509,0.853369746955987,0.13525657123681542,0.8,0.5,blocked,0.05111492185318254,3.2857,,,new,15:06:34,2026-06-19 15:06:34
FPS,63.75,63.41,0.005361932714178468,0.8666684815651685,0.0,5509950,4,0.850330336617015,4.170999145507812,0.06577825509453994,,,yf_premarket,0.08976135836984794,0.853400193094039,0.13521099003654957,0.8,0.5,blocked,0.05075458734578802,3.2852,,,new,15:06:34,2026-06-19 15:06:34
LPRO,3.1,3.11,-0.003215400460814803,1.110435816508019,0.0,7157370,3,0.9823786630726732,0.11679998636245728,0.03755626697822073,,,yf_premarket,0.11511965418779174,0.9859252394699377,0.07605266927065438,0.6,0.5,blocked,0.0,3.2826,,,new,15:06:34,2026-06-19 15:06:34
LPRO,3.1,3.11,-0.0032,1.1104,,7157370,3,0.9824,0.1168,0.0376,,,yf_premarket,0.11511592831694968,0.9859466534276864,0.07614434148452594,0.6,0.5,blocked,0.0,3.2826,,,new,15:06:34,2026-06-19 15:06:34
AKTS,23.8,24.09,-0.012,1.5153,,364360,4,0.8331,1.72,0.0714,,,yf_premarket,0.15723631322862208,0.83610765163946,0.14699517005287294,0.8,0.5,blocked,0.0,3.2816,,,new,15:06:34,2026-06-19 15:06:34
AKTS,23.8,24.09,-0.012038196378207012,1.515259633329674,0.0,364360,4,0.8330955723120466,1.7200000762939454,0.071398923428781,,,yf_premarket,0.15723211401970202,0.8361032079666992,0.14699291336758064,0.8,0.5,blocked,0.0,3.2816,,,new,15:06:34,2026-06-19 15:06:34
ALH,26.57,26.89,-0.0119,1.6269,,657140,3,0.9414,0.967,0.036,,,yf_premarket,0.16884568580491904,0.9447986355220114,0.07279045610850951,0.6,0.5,blocked,0.0,3.2793,,,new,15:06:34,2026-06-19 15:06:34
ALH,26.57,26.89,-0.01190031226894055,1.626898377819034,0.0,657140,3,0.9413919874576087,0.9669998168945313,0.03596131791906203,,,yf_premarket,0.1688455170548902,0.944790594052797,0.07270937156752717,0.6,0.5,blocked,0.0,3.2792,,,new,15:06:34,2026-06-19 15:06:34
XHR,20.0,20.02,-0.0009990238414762764,2.101521324053462,0.0,1136510,3,0.9113299289207512,0.44750022888183594,0.022352658274205843,,,yf_premarket,0.2182189455145249,0.9146200056880149,0.04418319371123465,0.6,0.5,blocked,0.0,3.2787,,,new,15:06:34,2026-06-19 15:06:34
XHR,20.0,20.02,-0.001,2.1015,,1136510,3,0.9113,0.4475,0.0224,,,yf_premarket,0.21821672724497765,0.914589968718089,0.0442824304123699,0.6,0.5,blocked,0.0,3.2786,,,new,15:06:34,2026-06-19 15:06:34
BW,17.26,17.38,-0.006904439963235708,1.4202182850812524,0.0,2563620,5,0.7340425019244695,1.4009999275207519,0.08060989615484862,,,yf_premarket,0.1473452822816239,0.7366925368954771,0.16630075507060835,1.0,0.5,blocked,0.0,3.2776,,,new,15:06:34,2026-06-19 15:06:34
BW,17.26,17.38,-0.0069,1.4202,,2563620,5,0.734,1.401,0.0806,,,yf_premarket,0.14734338014613246,0.736649881530865,0.16628001096496736,1.0,0.5,blocked,0.0,3.2775,,,new,15:06:34,2026-06-19 15:06:34
HRTG,23.27,23.27,-1.9671837700742284e-08,1.6486644470988894,0.0,393470,4,0.844125180672192,0.6024995803833008,0.025891687517448508,,,yf_premarket,0.17110976802076236,0.8471726353397687,0.05160163022636343,0.8,0.5,blocked,0.0,3.2768,,,new,15:06:34,2026-06-19 15:06:34
HRTG,23.27,23.27,-0.0,1.6487,,393470,4,0.8441,0.6025,0.0259,,,yf_premarket,0.17111346646946451,0.8471473637604947,0.05161905467240583,0.8,0.5,blocked,-0.0,3.2768,,,new,15:06:34,2026-06-19 15:06:34
CBRL,47.0,47.34,-0.0071820902300800725,0.597707487166743,0.0,2575340,4,0.9051359657281128,2.9649993896484377,0.0626320105638266,,,yf_premarket,0.06178225091050528,0.9084036810939229,0.12861590033596762,0.8,0.5,blocked,0.0,3.2738,,,new,15:06:34,2026-06-19 15:06:34
CBRL,47.0,47.34,-0.0072,0.5977,,2575340,4,0.9051,2.965,0.0626,,,yf_premarket,0.06178147204573591,0.9083675855225967,0.1285488004847826,0.8,0.5,blocked,0.0,3.2737,,,new,15:06:34,2026-06-19 15:06:34
ENR,21.41,21.52,-0.005111545326384385,2.0771161953483968,0.0,1055550,3,0.9007096419865647,0.7711996078491211,0.035836412241845424,,,yf_premarket,0.21568016207447488,0.903961377470178,0.0724475469899033,0.6,0.5,blocked,0.0,3.2677,,,new,15:06:34,2026-06-19 15:06:34
ENR,21.41,21.52,-0.0051,2.0771,,1055550,3,0.9007,0.7712,0.0358,,,yf_premarket,0.21567847732686254,0.9039517006741826,0.07237122043650746,0.6,0.5,blocked,0.0,3.2676,,,new,15:06:34,2026-06-19 15:06:34
CGON,61.36,61.08,0.0046,2.2149,,1019900,4,0.7502,2.8498,0.0467,,,yf_premarket,0.2300133477660536,0.7529083666545707,0.09521956456061935,0.8,0.5,blocked,0.04354234083789624,3.2638,,,new,15:06:34,2026-06-19 15:06:34
CGON,61.36,61.08,0.004584121816495321,2.2149230316697714,0.0,1019900,4,0.7502384639973002,2.8498001098632812,0.046656843883956266,,,yf_premarket,0.2300157436731811,0.7529469695143178,0.09512910164406639,0.8,0.5,blocked,0.04339204229919028,3.2636,,,new,15:06:34,2026-06-19 15:06:34
DLO,12.76,12.79,-0.0023,0.8626,,2103110,4,0.8925,0.4749,0.0371,,,yf_premarket,0.08933812791904296,0.8957220970930476,0.07509625230452081,0.8,0.5,blocked,0.0,3.263,,,new,15:06:34,2026-06-19 15:06:34
DLO,12.76,12.79,-0.0023455795107509237,0.8626272520220055,0.0,2103110,4,0.8924732009776701,0.4749000549316406,0.037130575164039066,,,yf_premarket,0.08934096285521607,0.8956952013210798,0.07516034330173327,0.8,0.5,blocked,0.0,3.263,,,new,15:06:34,2026-06-19 15:06:34
CRBG,29.8532,29.18,0.0231,1.2346,,6321680,3,0.8049,0.7614,0.0261,,,yf_premarket,0.1280360365066995,0.807805844201898,0.05203829034440789,0.6,0.5,blocked,0.21865827681639197,3.2617,,,new,15:06:34,2026-06-19 15:06:34
CRBG,29.8532,29.18,0.023070585599165038,1.2346401589450906,0.0,6321680,3,0.8049489070206736,0.7614257957544688,0.026094098279341397,,,yf_premarket,0.12804021410666214,0.8078549277863467,0.052025919285276494,0.6,0.5,blocked,0.2183798481497184,3.2614,,,new,15:06:34,2026-06-19 15:06:34
BROS,70.3,70.72,-0.0059,1.4143,,4087580,3,0.9436,3.2465,0.0459,,,yf_premarket,0.14672962299380135,0.9470065779462182,0.09354262187261116,0.6,0.5,blocked,0.0,3.2609,,,new,15:06:34,2026-06-19 15:06:34
BROS,70.3,70.72,-0.005938931185710633,1.4142842464245349,0.0,4087580,3,0.943566595309731,3.246500015258789,0.04590639082608476,,,yf_premarket,0.14672798420234093,0.9469730526585762,0.09355601818395261,0.6,0.5,blocked,0.0,3.2608,,,new,15:06:34,2026-06-19 15:06:34
ROCK,41.39,40.9,0.012,2.3464,,397510,4,0.679,1.909,0.0467,,,yf_premarket,0.2436928503985182,0.6814513209256913,0.09521956456061935,0.8,0.5,blocked,0.11358871522929453,3.2464,,,new,15:06:34,2026-06-19 15:06:34
ROCK,41.39,40.9,0.011980402343287313,2.34635606651405,0.0,397510,4,0.6789728856607873,1.9090000152587892,0.04667481525766927,,,yf_premarket,0.24368828014576757,0.6814241086984857,0.09516677284874325,0.8,0.5,blocked,0.11340320917533629,3.2461,,,new,15:06:34,2026-06-19 15:06:34
BXDC,21.29,22.14,-0.0384,5.4726,,1451080,2,0.7212,0.91,0.0411,,,yf_premarket,0.5689009198252168,0.7238036710627518,0.08348096574456186,0.4,0.5,blocked,0.0,3.2427,,,new,15:06:34,2026-06-19 15:06:34
BXDC,21.29,22.14,-0.03839202407773578,5.472613501667723,0.0,1451080,2,0.7211538726056126,0.910000228881836,0.04110208915847156,,,yf_premarket,0.5689023243582904,0.7237573771395763,0.08348534499334058,0.4,0.5,blocked,0.0,3.2426,,,new,15:06:34,2026-06-19 15:06:34
BEN,33.7,33.05,0.0197,1.9913,,4591000,4,0.6607,0.777,0.0235,,,yf_premarket,0.20675299195906435,0.6630852543970606,0.046588226608381196,0.8,0.5,blocked,0.18647480750142517,3.2393,,,new,15:06:34,2026-06-19 15:06:34
BEN,33.7,33.05,0.019667194491507854,1.9913090829884557,0.0,4591000,4,0.6606603321306918,0.777000617980957,0.02350985282655223,,,yf_premarket,0.2067539368317981,0.6630454433190954,0.04660887989018492,0.8,0.5,blocked,0.18616427953791964,3.2388,,,new,15:06:34,2026-06-19 15:06:34
FIHL,23.5,23.5,0.0,0.6847,,400361,4,0.9018,0.5169,0.022,,,prev_close,0.0708317893767201,0.9050556718862862,0.043443959068365796,0.8,0.5,blocked,0.0,3.2381,,,new,15:06:34,2026-06-19 15:06:34
FIHL,23.5,23.5,0.0,0.6846535731698545,0.0,400361,4,0.9017541560845348,0.5168909515381437,0.021995359639921008,,,prev_close,0.07082695974976047,0.9050096624654465,0.04343423204598556,0.8,0.5,blocked,0.0,3.238,,,new,15:06:34,2026-06-19 15:06:34
DNN,3.35,3.35,0.0,1.4926,,27125100,4,0.8209,0.188,0.0561,,,yf_premarket,0.15487490859168712,0.8238636072870396,0.11492364114471584,0.8,0.5,blocked,0.0,3.2375,,,new,15:06:34,2026-06-19 15:06:34
DNN,3.35,3.35,2.8467890878911186e-08,1.4926249119818913,0.0,27125100,4,0.8208953577416995,0.18800008296966553,0.05611942934974071,,,yf_premarket,0.1548775001013591,0.8238589482692915,0.1149643685271914,0.8,0.5,blocked,2.6946926251860615e-07,3.2375,,,new,15:06:34,2026-06-19 15:06:34
CNO,50.8326,50.83,0.0001,2.0712,,733770,4,0.7963,0.7883,0.0155,,,yf_premarket,0.21506472017453143,0.7991747965436347,0.02981879972829907,0.8,0.5,blocked,0.0009465726269107877,3.2373,,,new,15:06:34,2026-06-19 15:06:34
CNO,50.8326,50.83,5.111487018921342e-05,2.071221227360072,0.0,733770,4,0.7963137075086762,0.7882902914305994,0.015508366378790722,,,yf_premarket,0.21506692838539063,0.7991885535390603,0.02983633715047183,0.8,0.5,blocked,0.0004838393694920766,3.2366,,,new,15:06:34,2026-06-19 15:06:34
AXGN,45.18,44.84,0.0076,0.8314,,1557720,4,0.82,2.228,0.0497,,,yf_premarket,0.08609249687620725,0.8229603581135003,0.10150809964065016,0.8,0.5,blocked,0.07193951964521987,3.2337,,,new,15:06:34,2026-06-19 15:06:34
AXGN,45.18,44.84,0.0075825121823173405,0.8314074416454819,0.0,1557720,4,0.8199996948242188,2.2279998779296877,0.04968777587751862,,,yf_premarket,0.08609327100555295,0.8229600518359758,0.10148247569963456,0.8,0.5,blocked,0.07177398474999175,3.2335,,,new,15:06:34,2026-06-19 15:06:34
ALKS,44.99,44.99,-3.730755128397409e-08,3.3711417773158034,0.0,2299310,3,0.7843146473702095,1.5009994506835938,0.03336295609435385,,,yf_premarket,0.3502932902493775,0.7871461744798188,0.0672627417390971,0.6,0.5,blocked,0.0,3.2334,,,new,15:06:34,2026-06-19 15:06:34
ALKS,44.99,44.99,-0.0,3.3711,,2299310,3,0.7843,1.501,0.0334,,,yf_premarket,0.35028894429575386,0.7871314742297785,0.06734039237248282,0.6,0.5,blocked,-0.0,3.2334,,,new,15:06:34,2026-06-19 15:06:34
AMCR,41.5,41.08,0.010223908233319801,1.7466698945409935,0.0,3676310,4,0.7432715583795033,0.9560001373291016,0.023271667349498686,,,yf_premarket,0.18130494502669495,0.7459549120238727,0.046109600647516555,0.8,0.5,blocked,0.09677671673708355,3.2321,,,new,15:06:34,2026-06-19 15:06:34
AMCR,41.5,41.08,0.0102,1.7467,,3676310,4,0.7433,0.956,0.0233,,,yf_premarket,0.18130807679632027,0.7459834563241035,0.04616899093637914,0.8,0.5,blocked,0.09655040794490036,3.2318,,,new,15:06:34,2026-06-19 15:06:34
EBC,19.0,20.6,-0.07766991999228172,5.2385965686910305,0.0,7247380,3,0.6393441854066088,0.5030000686645508,0.024417478609224365,,,yf_premarket,0.54455833005642,0.6416523411951304,0.04851142541480962,0.6,0.5,blocked,0.0,3.2244,,,new,15:06:34,2026-06-19 15:06:34
EBC,19.0,20.6,-0.0777,5.2386,,7247380,3,0.6393,0.503,0.0244,,,yf_premarket,0.544558687003949,0.6416079962706839,0.04847478713239044,0.6,0.5,blocked,0.0,3.2243,,,new,15:06:34,2026-06-19 15:06:34
ALMS,23.89,23.41,0.02050406474654264,1.218727755128454,0.0,1545300,3,0.7805254672341349,1.7245000839233398,0.07366510444954048,,,yf_premarket,0.12638490026712967,0.7833433146728181,0.15174323298316264,0.6,0.5,blocked,0.1940858642948374,3.2233,,,new,15:06:34,2026-06-19 15:06:34
ALMS,23.89,23.41,0.0205,1.2187,,1545300,3,0.7805,1.7245,0.0737,,,yf_premarket,0.12638201299448515,0.7833177554970574,0.15181638028089653,0.6,0.5,blocked,0.1940473885167115,3.2232,,,new,15:06:34,2026-06-19 15:06:34
STUB,11.59,11.68,-0.0077,1.4873,,7390240,3,0.9134,0.6473,0.0554,,,yf_premarket,0.15432356742094902,0.9166975501230138,0.11345631629270866,0.6,0.5,blocked,0.0,3.2216,,,new,15:06:34,2026-06-19 15:06:34
APLE,16.65,16.59,0.003616627297182304,1.5517162784336964,0.0,2851810,3,0.9016401644072911,0.3195002555847168,0.019258604740571846,,,yf_premarket,0.16102457616929367,0.9048952592562679,0.03769750564931777,0.6,0.5,blocked,0.03423400401251116,3.2215,,,new,15:06:34,2026-06-19 15:06:34
STUB,11.59,11.68,-0.007705505378788336,1.487326527961203,0.0,7390240,3,0.9133574976691791,0.6473001480102539,0.055419531772050945,,,yf_premarket,0.15432632703551258,0.9166548943505832,0.11349725837061451,0.6,0.5,blocked,0.0,3.2215,,,new,15:06:34,2026-06-19 15:06:34
APLE,16.65,16.59,0.0036,1.5517,,2851810,3,0.9016,0.3195,0.0193,,,yf_premarket,0.16102288277859708,0.9048549498477219,0.03778427749633808,0.6,0.5,blocked,0.034076614568788355,3.2213,,,new,15:06:34,2026-06-19 15:06:34
DUOT,13.18,13.15,0.0023,2.2282,,609600,3,0.8129,1.303,0.0991,,,yf_premarket,0.23139690202469831,0.8158347257444688,0.20505931062515725,0.6,0.5,blocked,0.02177117041894812,3.214,,,new,15:06:34,2026-06-19 15:06:34
DUOT,13.18,13.15,0.002281397896578746,2.228182414698163,0.0,609600,3,0.8129250784916243,1.3029995918273927,0.09908742430617835,,,yf_premarket,0.23139507268490533,0.8158598947742837,0.20503294972790623,0.6,0.5,blocked,0.02159508799993289,3.2137,,,new,15:06:34,2026-06-19 15:06:34
AM,22.0,21.71,0.0134,2.4487,,2579220,3,0.7557,0.4283,0.0197,,,yf_premarket,0.25433477526012377,0.7584282227150881,0.03862274884034218,0.6,0.5,blocked,0.12684073200604556,3.2079,,,new,15:06:34,2026-06-19 15:06:34
AM,22.0,21.71,0.013357942319525805,2.44872480827537,0.0,2579220,3,0.7556814117861254,0.4282999038696289,0.019728232240044448,,,yf_premarket,0.25433735598155516,0.7584095673941772,0.03868192865097797,0.6,0.5,blocked,0.12644262551516322,3.2073,,,new,15:06:34,2026-06-19 15:06:34
CRNX,35.87,35.87,0.0,1.9059,,1056650,4,0.7778,1.6487,0.046,,,yf_premarket,0.19786911724566145,0.7806080079764398,0.09375223970861217,0.8,0.5,blocked,0.0,3.2049,,,new,15:06:34,2026-06-19 15:06:34
CRNX,35.87,35.87,2.9777397926477236e-08,1.9059291156011924,0.0,1056650,4,0.7777772658752243,1.6486995697021485,0.045963189818682235,,,yf_premarket,0.19787214604370829,0.7805851917770901,0.09367507900310582,0.8,0.5,blocked,2.81864697778334e-07,3.2048,,,new,15:06:34,2026-06-19 15:06:34
EVMN,21.42,21.36,0.002808960109269008,1.3224882666454538,0.0,502840,3,0.8931624001291129,1.3590005874633788,0.06362362119057126,,,yf_premarket,0.1371787572286709,0.8963868886143516,0.130694493073306,0.6,0.5,blocked,0.02658884749518378,3.2038,,,new,15:06:34,2026-06-19 15:06:34
EVMN,21.42,21.36,0.0028,1.3225,,502840,3,0.8932,1.359,0.0636,,,yf_premarket,0.1371799778100732,0.8964246242280226,0.13064497884479287,0.6,0.5,blocked,0.026504033553502056,3.2037,,,new,15:06:34,2026-06-19 15:06:34
ARLO,13.24,13.06,0.0138,2.1339,,1153490,4,0.6642,0.526,0.0403,,,yf_premarket,0.22158719025099935,0.6665978900719354,0.08180402305655367,0.8,0.5,blocked,0.1306270225136887,3.2024,,,new,15:06:34,2026-06-19 15:06:34
ARLO,13.24,13.06,0.013782509540576558,2.133871988487113,0.0,1153490,4,0.6642337544812223,0.5260000228881836,0.040275651300754035,,,yf_premarket,0.22158427630754476,0.6666317664133434,0.08175298384009987,0.8,0.5,blocked,0.13046146261246547,3.2022,,,new,15:06:34,2026-06-19 15:06:34
EYPT,13.58,13.58,0.0,1.0625,,1214450,4,0.8352,0.78,0.0574,,,yf_premarket,0.11013305245310895,0.8382152330443848,0.1176486730127292,0.8,0.5,blocked,0.0,3.2005,,,new,15:06:34,2026-06-19 15:06:34
EYPT,13.58,13.58,5.618110884549493e-09,1.0624562559183168,0.0,1214450,4,0.8351648773916969,0.7799999237060546,0.05743740265745072,,,yf_premarket,0.11012850190344706,0.8381799836366933,0.11772707565388427,0.8,0.5,blocked,5.3179499782641026e-08,3.2004,,,new,15:06:34,2026-06-19 15:06:34
CGNX,67.03,66.1,0.0141,1.8214,,2104250,3,0.7836,2.834,0.0429,,,yf_premarket,0.18907886650464806,0.7864289470948035,0.08725408679258034,0.6,0.5,blocked,0.13346674039442108,3.2003,,,new,15:06:34,2026-06-19 15:06:34
QH,11.2,11.31,-0.009725943018172575,0.16179319615695267,0.0,3540940,4,0.8470948077636669,1.9049999475479127,0.16843500237575357,,,yf_premarket,0.01643555363752145,0.8501529833576513,0.35039784219647224,0.8,0.5,blocked,0.0,3.2002,,,new,15:06:34,2026-06-19 15:06:34
QH,11.2,11.31,-0.0097,0.1618,,3540940,4,0.8471,1.905,0.1684,,,yf_premarket,0.016436261418425458,0.8501581943389588,0.35032447097386865,0.8,0.5,blocked,0.0,3.2001,,,new,15:06:34,2026-06-19 15:06:34
CGNX,67.03,66.1,0.01406961493717755,1.8214090531068077,0.0,2104250,3,0.783625576619843,2.8340007781982424,0.042874445440536375,,,yf_premarket,0.18907980826889453,0.786454616051176,0.08720051987803311,0.6,0.5,blocked,0.1331791237070741,3.1999,,,new,15:06:34,2026-06-19 15:06:34
AMLX,15.55,15.67,-0.0077,0.8069,,1602100,4,0.852,0.9739,0.0622,,,yf_premarket,0.0835438442944933,0.8550758842837833,0.12771032914077848,0.8,0.5,blocked,0.0,3.1993,,,new,15:06:34,2026-06-19 15:06:34
AMLX,15.55,15.67,-0.007657949949565372,0.8069408900817677,0.0,1602100,4,0.8519551517447308,0.9739001274108887,0.06215061408227014,,,yf_premarket,0.08354809795214489,0.855030874117665,0.1276068074487439,0.8,0.5,blocked,0.0,3.1992,,,new,15:06:34,2026-06-19 15:06:34
SEPN,36.17,36.17,5.0623577050037067e-08,0.8970583578734049,0.0,315810,4,0.8418154809535379,2.06149959564209,0.056994738733828404,,,yf_premarket,0.09292271497029506,0.8448545971597708,0.11679917311642994,0.8,0.5,blocked,4.791889231187425e-07,3.1875,,,new,15:06:34,2026-06-19 15:06:34
SEPN,36.17,36.17,0.0,0.8971,,315810,4,0.8418,2.0615,0.057,,,yf_premarket,0.09292704686064014,0.8448390603170056,0.1168102016687251,0.8,0.5,blocked,0.0,3.1875,,,new,15:06:34,2026-06-19 15:06:34
BCC,74.5,74.66,-0.0021,2.3488,,420510,3,0.8387,2.6057,0.0349,,,yf_premarket,0.2439425143248902,0.8417278687192595,0.07048465991249822,0.6,0.5,blocked,0.0,3.1846,,,new,15:06:34,2026-06-19 15:06:34
BCC,74.5,74.66,-0.002143097431839242,2.3488145347316354,0.0,420510,3,0.8387103862600587,2.605699157714844,0.034900871013983883,,,yf_premarket,0.24394402632412718,0.8417382924757196,0.0704864857131625,0.6,0.5,blocked,0.0,3.1846,,,new,15:06:34,2026-06-19 15:06:34
CNK,34.4038,33.76,0.0191,0.8694,,2691590,3,0.8192,1.123,0.0333,,,yf_premarket,0.09004550904376356,0.8221574699592433,0.06713077453648181,0.6,0.5,blocked,0.18079537173996044,3.1841,,,new,15:06:34,2026-06-19 15:06:34
CNK,34.4038,33.76,0.01906995587900123,0.8694117603349693,0.0,2691590,3,0.8192081811226414,1.1230005264282226,0.03326423525655026,,,yf_premarket,0.0900467324318485,0.822165680617315,0.06705580525521114,0.6,0.5,blocked,0.18051098231459015,3.1837,,,new,15:06:34,2026-06-19 15:06:34
EZPW,32.0,31.72,0.008827260173603605,1.1824529837638693,0.0,1167150,3,0.8577774895562066,1.596999740600586,0.0503467772752514,,,yf_premarket,0.12261135783082633,0.8608742316913112,0.10286386016877855,0.6,0.5,blocked,0.0835564285095294,3.1824,,,new,15:06:34,2026-06-19 15:06:34
EZPW,32.0,31.72,0.0088,1.1825,,1167150,3,0.8578,1.597,0.0503,,,yf_premarket,0.12261624877170785,0.8608968234021471,0.10276580665665631,0.6,0.5,blocked,0.08329839116814933,3.182,,,new,15:06:34,2026-06-19 15:06:34
BIRD,5.9,5.97,-0.011725258400620962,2.1312790453466652,0.0,6332770,4,0.7173251524121473,0.6340999841690064,0.10621440644115171,,,yf_premarket,0.22131454115533497,0.7199148345279537,0.21997237545141715,0.8,0.5,blocked,0.0,3.1818,,,new,15:06:34,2026-06-19 15:06:34
BIRD,5.9,5.97,-0.0117,2.1313,,6332770,4,0.7173,0.6341,0.1062,,,yf_premarket,0.2213167209974297,0.7198895913107486,0.21994217698123017,0.8,0.5,blocked,0.0,3.1817,,,new,15:06:34,2026-06-19 15:06:34
AMBA,70.0783,69.97,0.0015477887295624292,1.5524458973714184,0.0,1352060,3,0.8645504046606313,4.588000869750976,0.06557097026880503,,,yf_premarket,0.16110047597293828,0.8676715983252253,0.13477648407048556,0.6,0.5,blocked,0.014650944436448194,3.1664,,,new,15:06:34,2026-06-19 15:06:34
AMBA,70.0783,69.97,0.0015,1.5524,,1352060,3,0.8646,4.588,0.0656,,,yf_premarket,0.1610957014237889,0.8677213727133323,0.1348373355648134,0.6,0.5,blocked,0.014198589403661817,3.1658,,,new,15:06:34,2026-06-19 15:06:34
AMBO,2.31,2.35,-0.01702123670461274,9.616722090261282,0.0,526250,1,0.42424232572236303,0.2504000425338745,0.10655321391301312,,,yf_premarket,1.0,0.4257739223211953,0.2206825763421428,0.2,0.5,blocked,0.0,3.1619,,,new,15:06:34,2026-06-19 15:06:34
AMBO,2.31,2.35,-0.017,9.6167,,526250,1,0.4242,0.2504,0.1066,,,yf_premarket,0.9999977020244307,0.42573144379481326,0.22078064832523428,0.2,0.5,blocked,0.0,3.1618,,,new,15:06:34,2026-06-19 15:06:34
AMRX,16.3,16.21,0.0056,1.2725,,2259270,3,0.8693,0.6174,0.0381,,,yf_premarket,0.131978646010657,0.8724383406195926,0.07719243066453108,0.6,0.5,blocked,0.05300806710700411,3.161,,,new,15:06:34,2026-06-19 15:06:34
AMRX,16.3,16.21,0.00555218510860714,1.2724906717656588,0.0,2259270,3,0.8692805650239057,0.6174001693725586,0.03808761284656444,,,yf_premarket,0.13197767562581877,0.8724188354794871,0.07716646498155734,0.6,0.5,blocked,0.052555464433492176,3.1602,,,new,15:06:34,2026-06-19 15:06:34
AVO,11.7,11.49,0.0183,0.9618,,2440690,3,0.7978,0.5475,0.0477,,,yf_premarket,0.09965757020908471,0.8006802118328665,0.09731574292062962,0.6,0.5,blocked,0.17322279072467417,3.1593,,,new,15:06:34,2026-06-19 15:06:34
AVO,11.7,11.49,0.01827678268625403,0.9617772023485162,0.0,2440690,3,0.7977525441127779,0.5475002288818359,0.04765015141758834,,,yf_premarket,0.0996551986460924,0.800632584620741,0.09721125140090112,0.6,0.5,blocked,0.17300302198805081,3.1589,,,new,15:06:34,2026-06-19 15:06:34
INN,6.63,6.63,-0.0,0.5952,,2959240,3,0.9592,0.248,0.0374,,,yf_premarket,0.0615214054557651,0.9626628969542312,0.0757251058125239,0.6,0.5,blocked,-0.0,3.1555,,,new,15:06:34,2026-06-19 15:06:34
INN,6.63,6.63,-1.7261073318244094e-08,0.5951528095051433,0.0,2959240,3,0.9591837131892669,0.24800000190734864,0.037405731165400066,,,yf_premarket,0.061516496387334536,0.9626465513449709,0.07573711935741315,0.6,0.5,blocked,0.0,3.1554,,,new,15:06:34,2026-06-19 15:06:34
PCVX,51.44,51.44,0.0,1.9413,,1461370,4,0.7506,2.246,0.0437,,,yf_premarket,0.20155166015964815,0.7533098107316993,0.08893102948058856,0.8,0.5,blocked,0.0,3.1534,,,new,15:06:34,2026-06-19 15:06:34
PCVX,51.44,51.44,2.6696948872743842e-08,1.9413290268720447,0.0,1461370,4,0.750611144325195,2.2459995269775392,0.04366251141016474,,,yf_premarket,0.2015546797275002,0.7533209952900571,0.08885244670982859,0.8,0.5,blocked,2.5270601024976135e-07,3.1534,,,new,15:06:34,2026-06-19 15:06:34
TEX,66.8174,66.82,-0.0,1.4481,,1219060,3,0.8888,2.7952,0.0418,,,yf_premarket,0.1502457232902067,0.8920087393796088,0.08494829059656905,0.6,0.5,blocked,-0.0,3.1519,,,new,15:06:34,2026-06-19 15:06:34
TEX,66.8174,66.82,-3.890593888185508e-05,1.4480829491575475,0.0,1219060,3,0.8887547107148294,2.7952406156373484,0.041832394917742925,,,yf_premarket,0.1502439495484256,0.8919632865913859,0.08501619612211608,0.6,0.5,blocked,0.0,3.1518,,,new,15:06:34,2026-06-19 15:06:34
NEXA,14.6,14.24,0.0253,1.2599,,926490,3,0.7115,0.932,0.0654,,,yf_premarket,0.13066791039720413,0.7140686521923848,0.13441809989281134,0.6,0.5,blocked,0.2394828746084293,3.1506,,,new,15:06:34,2026-06-19 15:06:34
NEXA,14.6,14.24,0.02528091535591137,1.2599164588932423,0.0,926490,3,0.7115382675588412,0.9319999694824219,0.06544943711113829,,,yf_premarket,0.13066962256050021,0.7141070579044922,0.13452172889536085,0.6,0.5,blocked,0.239302224591543,3.1504,,,new,15:06:34,2026-06-19 15:06:34
ANRO,22.74,22.74,1.0065164321813513e-08,1.457936114085721,0.0,382870,3,0.8627450313743517,1.808100128173828,0.07951187978771561,,,yf_premarket,0.15126894114974163,0.8658597072932678,0.16399911692288704,0.6,0.5,blocked,9.527409032387755e-08,3.1406,,,new,15:06:34,2026-06-19 15:06:34
ANRO,22.74,22.74,0.0,1.4579,,382870,3,0.8627,1.8081,0.0795,,,yf_premarket,0.1512651843228923,0.8658145133469718,0.16397421476895607,0.6,0.5,blocked,0.0,3.1405,,,new,15:06:34,2026-06-19 15:06:34
FUL,64.86,64.86,-0.0,1.3558,,717960,4,0.7911,1.903,0.0293,,,yf_premarket,0.14064406478848437,0.7939560235409636,0.05874606109644073,0.8,0.5,blocked,-0.0,3.1283,,,new,15:06:34,2026-06-19 15:06:34
FUL,64.86,64.86,-9.410292280679117e-09,1.3557858376511227,0.0,717960,4,0.7910647822087657,1.903000259399414,0.029340120898729963,,,yf_premarket,0.140642591526973,0.7939206786067122,0.058830161656142646,0.8,0.5,blocked,0.0,3.1282,,,new,15:06:34,2026-06-19 15:06:34
ETON,32.1,32.48,-0.011699493460342665,1.9760092867277184,0.0,310120,3,0.8306119239614296,1.575999641418457,0.04852215713146976,,,yf_premarket,0.20516235049548687,0.8336105931666362,0.09903913090814466,0.6,0.5,blocked,0.0,3.1245,,,new,15:06:34,2026-06-19 15:06:34
ETON,32.1,32.48,-0.0117,1.976,,310120,3,0.8306,1.576,0.0485,,,yf_premarket,0.20516138442844298,0.8335986261574067,0.09899268560863785,0.6,0.5,blocked,0.0,3.1244,,,new,15:06:34,2026-06-19 15:06:34
AUGO,65.29,63.54,0.02754169120644462,2.4550356700271294,0.0,1194280,3,0.5875722060150335,4.25260009765625,0.06692791999342004,,,yf_premarket,0.25499385369977806,0.589693454975209,0.13762089271884545,0.6,0.5,blocked,0.26070210994850024,3.1217,,,new,15:06:34,2026-06-19 15:06:34
AUGO,65.29,63.54,0.0275,2.455,,1194280,3,0.5876,4.2526,0.0669,,,yf_premarket,0.2549901430668502,0.5897213493018205,0.13756236743282674,0.6,0.5,blocked,0.26030747240046664,3.1212,,,new,15:06:34,2026-06-19 15:06:34
CARG,30.02,30.02,-0.0,1.8987,,1377900,3,0.8374,1.2129,0.0404,,,yf_premarket,0.19712012546654553,0.8404231754685918,0.08201364089255468,0.6,0.5,blocked,-0.0,3.1175,,,new,15:06:34,2026-06-19 15:06:34
CARG,30.02,30.02,-1.524862309530513e-08,1.8986864068510052,0.0,1377900,3,0.8373982941379277,1.2128999710083008,0.040403063041747046,,,yf_premarket,0.19711871141698312,0.8404214634480284,0.08202006157438065,0.6,0.5,blocked,0.0,3.1175,,,new,15:06:34,2026-06-19 15:06:34
CELH,30.88,30.8,0.0025974274325042857,0.9252944616925799,0.0,9762730,4,0.7888347907726936,1.496999740600586,0.04860388888579254,,,yf_premarket,0.0958600218640209,0.791682636471566,0.09921045524288175,0.8,0.5,blocked,0.024586537079957244,3.1136,,,new,15:06:34,2026-06-19 15:06:34
CELH,30.88,30.8,0.0026,0.9253,,9762730,4,0.7888,1.497,0.0486,,,yf_premarket,0.09586059799551087,0.7916477200974745,0.09920230344463886,0.8,0.5,blocked,0.02461088829968048,3.1136,,,new,15:06:34,2026-06-19 15:06:34
FMS,23.59,23.59,-0.0,0.7526,,539050,4,0.8386,0.318,0.0135,,,yf_premarket,0.07789519796032732,0.8416275076999774,0.025626443008278536,0.8,0.5,blocked,-0.0,3.1129,,,new,15:06:34,2026-06-19 15:06:34
FMS,23.59,23.59,-6.468329367533693e-09,0.7526203506168259,0.0,539050,4,0.8385648536602681,0.31800022125244143,0.01348029754961896,,,yf_premarket,0.077897314966536,0.841592234475182,0.025585143158150626,0.8,0.5,blocked,0.0,3.1128,,,new,15:06:34,2026-06-19 15:06:34
ASH,68.0,67.92,0.0012,1.0097,,1188110,2,0.9962,2.521,0.0371,,,yf_premarket,0.10464044607292544,0.9997964740886208,0.07509625230452081,0.4,0.5,blocked,0.011358871522929451,3.1111,,,new,15:06:34,2026-06-19 15:06:34
ASH,68.0,67.92,0.001177883292277035,1.0096708217252612,0.0,1188110,2,0.9961506508624475,2.5210006713867186,0.037117207587608295,,,yf_premarket,0.10463741075516042,0.9997469467911662,0.07513232247729329,0.4,0.5,blocked,0.011149520821650003,3.1107,,,new,15:06:34,2026-06-19 15:06:34
APOG,41.27,41.27,-1.109192303540423e-08,1.8337504469074009,0.0,279700,3,0.8415093823572385,1.3940006256103517,0.03377757717829426,,,yf_premarket,0.19036364194937738,0.8445473934885165,0.06813186148285698,0.6,0.5,blocked,0.0,3.1087,,,new,15:06:34,2026-06-19 15:06:34
APOG,41.27,41.27,-0.0,1.8338,,279700,3,0.8415,1.394,0.0338,,,yf_premarket,0.19036879679090332,0.8445379772591592,0.06817886371648692,0.6,0.5,blocked,-0.0,3.1087,,,new,15:06:34,2026-06-19 15:06:34
CLAR,3.13,3.13,-3.656259229746798e-08,1.5649421946651165,0.0,309660,4,0.7619050322205622,0.11000008583068847,0.03514379610504798,,,yf_premarket,0.16240042374271169,0.7646556562984291,0.0709957000321546,0.8,0.5,blocked,0.0,3.1084,,,new,15:06:34,2026-06-19 15:06:34
CLAR,3.13,3.13,-0.0,1.5649,,309660,4,0.7619,0.11,0.0351,,,yf_premarket,0.16239603437364294,0.7646506059105804,0.07090389558450028,0.8,0.5,blocked,-0.0,3.1083,,,new,15:06:34,2026-06-19 15:06:34
ALK,49.27,49.26,0.0002,1.1886,,3597470,4,0.7806,2.447,0.0497,,,yf_premarket,0.12325081125123663,0.7834181165163395,0.10150809964065016,0.8,0.5,blocked,0.0018931452538215755,3.1053,,,new,15:06:34,2026-06-19 15:06:34
ALK,49.27,49.26,0.00020303854664217337,1.1886131086569172,0.0,3597470,4,0.7806070637289884,2.447000503540039,0.049675204768944804,,,yf_premarket,0.12325217490071803,0.7834252057467516,0.1014561244138808,0.8,0.5,blocked,0.0019219073045923054,3.1053,,,new,15:06:34,2026-06-19 15:06:34
ATRC,29.0,28.8,0.006944471119363338,2.093428115479472,0.0,827160,2,0.8616598615249147,1.1929998397827148,0.04142360664536176,,,yf_premarket,0.21737703625222088,0.8647706197714304,0.08415930299172471,0.4,0.5,blocked,0.06573446269961852,3.0963,,,new,15:06:34,2026-06-19 15:06:34
ATRC,29.0,28.8,0.0069,2.0934,,827160,2,0.8617,1.193,0.0414,,,yf_premarket,0.2173741114934722,0.8648109031541504,0.08410981925256494,0.4,0.5,blocked,0.06531351125684436,3.0957,,,new,15:06:34,2026-06-19 15:06:34
CLSK,17.2324,17.24,-0.0004,0.876,,21845770,4,0.7871,1.3236,0.0768,,,yf_premarket,0.0907320848412865,0.7899415827696783,0.15831453319692834,0.8,0.5,blocked,0.0,3.0951,,,new,15:06:34,2026-06-19 15:06:34
CLSK,17.2324,17.24,-0.00044082199646530305,0.8759819406686055,0.0,21845770,4,0.7870758847459116,1.3236001968383788,0.07677495443217931,,,yf_premarket,0.09073020618979333,0.7899173804548727,0.15826203321964846,0.8,0.5,blocked,0.0,3.0951,,,new,15:06:34,2026-06-19 15:06:34
KOD,36.14,36.14,0.0,1.523,,791780,3,0.8359,2.782,0.077,,,yf_premarket,0.15803731832573217,0.8389177601793597,0.1587337688689304,0.6,0.5,blocked,0.0,3.0943,,,new,15:06:34,2026-06-19 15:06:34
KOD,36.14,36.14,1.6888532744227354e-08,1.5230240723433277,0.0,791780,3,0.8359468684974144,2.782000923156738,0.07697844411014532,,,yf_premarket,0.15803982249062892,0.838964797881087,0.15868858387908624,0.6,0.5,blocked,1.5986222804372142e-07,3.0943,,,new,15:06:34,2026-06-19 15:06:34
FDUS,18.3994,18.35,0.0027,1.5332,,336490,3,0.8449,0.3472,0.0189,,,yf_premarket,0.15909839001281306,0.8479502519147518,0.03694580615233397,0.6,0.5,blocked,0.02555746092659127,3.0914,,,new,15:06:34,2026-06-19 15:06:34
FDUS,18.3994,18.35,0.0026920772481377354,1.5331807780320366,0.0,336490,3,0.844870894949551,0.3472041116365453,0.018921204600472946,,,yf_premarket,0.1590963904161488,0.8479210417894587,0.036990254776978024,0.6,0.5,blocked,0.025482466326165007,3.0912,,,new,15:06:34,2026-06-19 15:06:34
BCS,26.425,26.31,0.0044,1.0307,,5700160,4,0.7695,0.607,0.0231,,,yf_premarket,0.10682500542868024,0.7722780433760226,0.045749755264377086,0.8,0.5,blocked,0.041649195584074664,3.0901,,,new,15:06:34,2026-06-19 15:06:34
BCS,26.425,26.31,0.0043709819989347825,1.0307254533206085,0.0,5700160,4,0.7694522008706741,0.6069999694824219,0.0230710749450287,,,yf_premarket,0.10682765325199788,0.7722300716826233,0.04568912319008415,0.8,0.5,blocked,0.04137451912911463,3.0896,,,new,15:06:34,2026-06-19 15:06:34
CAST,7.2499,8.07,-0.1016,2.1716,,51745330,4,0.647,1.172,0.1452,,,yf_premarket,0.22550899442775915,0.6493357947554083,0.3016931330216305,0.8,0.5,blocked,0.0,3.0878,,,new,15:06:34,2026-06-19 15:06:34
CAST,7.2499,8.07,-0.10162326218552378,2.1716394503619942,0.0,51745330,4,0.6470085314727609,1.171999955177307,0.14522924405176643,,,yf_premarket,0.22551309831620592,0.649344357028431,0.3017544337701023,0.8,0.5,blocked,0.0,3.0878,,,new,15:06:34,2026-06-19 15:06:34
CLPT,17.509,17.77,-0.014687701240302503,1.7269096314010746,0.0,1204290,3,0.8238173077416728,1.115999984741211,0.06280247360678222,,,yf_premarket,0.17924935132600509,0.8267914470721791,0.1289732212777927,0.6,0.5,blocked,0.0,3.0869,,,new,15:06:34,2026-06-19 15:06:34
CLPT,17.509,17.77,-0.0147,1.7269,,1204290,3,0.8238,1.116,0.0628,,,yf_premarket,0.17924834940375148,0.8267740768462215,0.12896803615678462,0.6,0.5,blocked,0.0,3.0869,,,new,15:06:34,2026-06-19 15:06:34
EXTR,30.65,31.38,-0.023263198862009445,1.89537959067753,0.0,2253480,3,0.8203462953253434,1.3379997253417968,0.042638615714644584,,,yf_premarket,0.1967747144546247,0.8233079036317414,0.08670617870997158,0.6,0.5,blocked,0.0,3.0851,,,new,15:06:34,2026-06-19 15:06:34
CMTG,2.73,2.73,-6.9866249863110885e-09,2.385251376062274,0.0,868420,4,0.6721311411336058,0.17100002765655517,0.0626373723303451,,,yf_premarket,0.24773442835379386,0.6745576641543267,0.12862713955491512,0.8,0.5,blocked,0.0,3.085,,,new,15:06:34,2026-06-19 15:06:34
EXTR,30.65,31.38,-0.0233,1.8954,,2253480,3,0.8203,1.338,0.0426,,,yf_premarket,0.19677683756778405,0.8232614411713468,0.08662523328457726,0.6,0.5,blocked,0.0,3.085,,,new,15:06:34,2026-06-19 15:06:34
CMTG,2.73,2.73,-0.0,2.3853,,868420,4,0.6721,0.171,0.0626,,,yf_premarket,0.247739486538464,0.674526410595224,0.1285488004847826,0.8,0.5,blocked,-0.0,3.0849,,,new,15:06:34,2026-06-19 15:06:34
QTRX,3.52,3.39,0.03834805046399841,2.83063735656021,0.0,1084950,2,0.5485437601110892,0.3205000162124634,0.09454277471815092,,,yf_premarket,0.2940664336213554,0.5505241088560342,0.19550655360765357,0.4,0.5,blocked,0.36299214864614426,3.0844,,,new,15:06:34,2026-06-19 15:06:34
QTRX,3.52,3.39,0.0383,2.8306,,1084950,2,0.5485,0.3205,0.0945,,,yf_premarket,0.2940625475440647,0.5504801907625061,0.19541689016911007,0.4,0.5,blocked,0.3625373161068317,3.0836,,,new,15:06:34,2026-06-19 15:06:34
SSRM,31.66,30.95,0.02294020095504241,1.2975447041435673,0.0,3423620,3,0.693856014179035,1.7029996871948243,0.05502422117010259,,,yf_premarket,0.13458396233203515,0.6963609681804691,0.11266861684132774,0.6,0.5,blocked,0.21714566279875855,3.0767,,,new,15:06:34,2026-06-19 15:06:34
SSRM,31.66,30.95,0.0229,1.2975,,3423620,3,0.6939,1.703,0.055,,,yf_premarket,0.13457931191036512,0.6964051127987292,0.11261784494870457,0.6,0.5,blocked,0.21676513156257038,3.0761,,,new,15:06:34,2026-06-19 15:06:34
CTGO,17.11,16.98,0.0077,4.06,,955830,3,0.5801,1.08,0.0636,,,yf_premarket,0.42195289382811024,0.5821942728556604,0.13064497884479287,0.6,0.5,blocked,0.07288609227213065,3.072,,,new,15:06:34,2026-06-19 15:06:34
CTGO,17.11,16.98,0.007656093125344677,4.0600315955766195,0.0,955830,3,0.5801103575093293,1.0799999237060547,0.06360423750422638,,,yf_premarket,0.4219561806096581,0.5822046677575956,0.13065386140945262,0.6,0.5,blocked,0.07247048181531134,3.0714,,,new,15:06:34,2026-06-19 15:06:34
AROC,37.1,36.97,0.003516331485108996,1.8156559040196933,0.0,1641170,2,0.9027356821349313,0.975,0.026372733778921326,,,yf_premarket,0.1884813275230227,0.905994732014144,0.05260998898982659,0.4,0.5,blocked,0.03328463130948734,3.0709,,,new,15:06:34,2026-06-19 15:06:34
AROC,37.1,36.97,0.0035,1.8157,,1641170,2,0.9027,0.975,0.0264,,,yf_premarket,0.18848591467951464,0.9059589210598253,0.05266714385241097,0.4,0.5,blocked,0.03313004194187757,3.0707,,,new,15:06:34,2026-06-19 15:06:34
DGII,68.78,69.06,-0.0041,1.605,,293140,3,0.8371,2.728,0.0395,,,yf_premarket,0.16656750247677476,0.8401220924107453,0.08012708036854545,0.6,0.5,blocked,0.0,3.0702,,,new,15:06:34,2026-06-19 15:06:34
DGII,68.78,69.06,-0.0040544102011614725,1.6050351367947056,0.0,293140,3,0.8371102091276119,2.7279998779296877,0.03950188204995409,,,yf_premarket,0.1665711576393274,0.8401323383952765,0.08013102548093166,0.6,0.5,blocked,0.0,3.0702,,,new,15:06:34,2026-06-19 15:06:34
TECH,57.99,57.94,0.0009,1.2678,,2976150,2,0.9556,2.079,0.0359,,,yf_premarket,0.1314897208215119,0.9590499002600744,0.0725808382725085,0.4,0.5,blocked,0.008519153642197089,3.0644,,,new,15:06:34,2026-06-19 15:06:34
TECH,57.99,57.94,0.000862985406906243,1.2677788417922484,0.0,2976150,2,0.9555871928908903,2.078999710083008,0.03588194268828715,,,yf_premarket,0.13148751980433593,0.9590370469148314,0.07254298692645605,0.4,0.5,blocked,0.008168783636009175,3.0638,,,new,15:06:34,2026-06-19 15:06:34
CRI,42.54,42.54,-2.1521563819912344e-08,1.6792461959019764,0.0,826740,3,0.8272003173828125,1.547999954223633,0.03638927881777746,,,yf_premarket,0.17429108447138744,0.8301866700304398,0.07360645394234501,0.6,0.5,blocked,0.0,3.0586,,,new,15:06:34,2026-06-19 15:06:34
CRI,42.54,42.54,-0.0,1.6792,,826740,3,0.8272,1.548,0.0364,,,yf_premarket,0.1742862788671084,0.8301863515018141,0.07362892745251362,0.6,0.5,blocked,-0.0,3.0586,,,new,15:06:34,2026-06-19 15:06:34
AMPG,9.2,8.99,0.0234,0.4606,,9169830,2,0.7871,1.5058,0.1675,,,yf_premarket,0.04751942025173669,0.7899415827696783,0.34843791044985944,0.4,0.5,blocked,0.22149799469712433,3.0576,,,new,15:06:34,2026-06-19 15:06:34
AMPG,9.2,8.99,0.02335931415220889,0.4605646996727311,0.0,9169830,2,0.7870722550654659,1.5058000564575196,0.1674972296768179,,,yf_premarket,0.04751574807744162,0.7899137376705806,0.3484321033583549,0.4,0.5,blocked,0.2211128735989071,3.057,,,new,15:06:34,2026-06-19 15:06:34
HST,25.35,25.01,0.0136,1.4187,,11221330,3,0.7552,0.561,0.0224,,,yf_premarket,0.14718734019215,0.7579264176186774,0.0442824304123699,0.6,0.5,blocked,0.12873387725986712,3.0519,,,new,15:06:34,2026-06-19 15:06:34
HST,25.35,25.01,0.013594552899105128,1.4186999223799674,0.0,11221330,3,0.7552445407158824,0.5610000610351562,0.02243102982411439,,,yf_premarket,0.1471873321175991,0.7579711191351326,0.04434747445819341,0.6,0.5,blocked,0.12868231649383607,3.0519,,,new,15:06:34,2026-06-19 15:06:34
FHI,59.0726,59.07,4.4020741310591575e-05,2.18722415112105,0.0,679720,3,0.7923493508767542,1.1489997863769532,0.01945149470650209,,,yf_premarket,0.22713432230905517,0.7952098848152844,0.038101837421763866,0.6,0.5,blocked,0.000416688287409269,3.0508,,,new,15:06:34,2026-06-19 15:06:34
FHI,59.0726,59.07,0.0,2.1872,,679720,3,0.7923,1.149,0.0195,,,yf_premarket,0.22713180994917698,0.7951603557723492,0.038203513168340135,0.6,0.5,blocked,0.0,3.0501,,,new,15:06:34,2026-06-19 15:06:34
FBRX,17.85,17.85,-0.0,0.9469,,241520,4,0.7647,1.173,0.0657,,,yf_premarket,0.09810757333285867,0.7674607144504803,0.1350469534008144,0.8,0.5,blocked,-0.0,3.0496,,,new,15:06:34,2026-06-19 15:06:34
FBRX,17.85,17.85,-2.1370852492385506e-08,0.9469195097714475,0.0,241520,4,0.7647060656813692,1.172999954223633,0.0657142817454131,,,yf_premarket,0.09810960286875126,0.7674668020301287,0.13507689048649255,0.8,0.5,blocked,0.0,3.0496,,,new,15:06:34,2026-06-19 15:06:34
DIN,34.25,34.16,0.002634664900172968,0.9436476566911349,0.0,442750,3,0.8547142617513471,1.6500001907348634,0.048302113527669235,,,yf_premarket,0.09776924299935831,0.8577999450434204,0.09857788026759932,0.6,0.5,blocked,0.024939016755863744,3.049,,,new,15:06:34,2026-06-19 15:06:34
DIN,34.25,34.16,0.0026,0.9436,,442750,3,0.8547,1.65,0.0483,,,yf_premarket,0.09776428543409721,0.857785631804401,0.09857344993663579,0.6,0.5,blocked,0.02461088829968048,3.0484,,,new,15:06:34,2026-06-19 15:06:34
CREG,2.63,2.77,-0.05054150970776772,0.19382465043964786,0.0,3846260,3,0.9087719320260257,0.2280000075697899,0.08231047261362366,,,yf_premarket,0.01976767807236403,0.9120527739312632,0.16986546664303548,0.6,0.5,blocked,0.0,3.0387,,,new,15:06:34,2026-06-19 15:06:34
CREG,2.63,2.77,-0.0505,0.1938,,3846260,3,0.9088,0.228,0.0823,,,yf_premarket,0.01976511377005183,0.9120809432360356,0.16984351417698482,0.6,0.5,blocked,0.0,3.0387,,,new,15:06:34,2026-06-19 15:06:34
ENIC,4.6281,4.57,0.012713309881015022,1.0506362548748465,0.0,643610,3,0.7819549033920692,0.11429996490478515,0.025010932300081855,,,yf_premarket,0.10889890695751635,0.7847779113709084,0.049755410199253315,0.6,0.5,blocked,0.12034071130803263,3.0383,,,new,15:06:34,2026-06-19 15:06:34
ENIC,4.6281,4.57,0.0127,1.0506,,643610,3,0.782,0.1143,0.025,,,yf_premarket,0.10889513548484789,0.7848231707862895,0.049732494148396596,0.6,0.5,blocked,0.12021472361767004,3.0382,,,new,15:06:34,2026-06-19 15:06:34
BRCB,7.72,7.72,0.0,1.0019,,614420,3,0.8519,0.5395,0.0699,,,yf_premarket,0.1038290383122165,0.8549755232645012,0.14385090251285754,0.6,0.5,blocked,0.0,3.0376,,,new,15:06:34,2026-06-19 15:06:34
BRCB,7.72,7.72,2.71772480651164e-08,1.0019205104000521,0.0,614420,3,0.8518517303765727,0.5394998550415039,0.06988340281135043,,,yf_premarket,0.1038311719401367,0.8549270793784259,0.1438161118451733,0.6,0.5,blocked,2.5725239093203354e-07,3.0375,,,new,15:06:34,2026-06-19 15:06:34
AVNT,37.6574,37.66,-0.0001,1.4646,,981800,3,0.8371,1.0559,0.028,,,yf_premarket,0.15196216278401403,0.8401220924107453,0.05602102922842739,0.6,0.5,blocked,0.0,3.0362,,,new,15:06:34,2026-06-19 15:06:34
AVNT,37.6574,37.66,-6.903471648010058e-05,1.4645548991647994,0.0,981800,3,0.8370872295019464,1.055911337512488,0.028038006951427198,,,yf_premarket,0.15195747109584787,0.8401092758087313,0.05610069857753904,0.6,0.5,blocked,0.0,3.0362,,,new,15:06:34,2026-06-19 15:06:34
CMS,74.1488,73.38,0.0105,1.2884,,3755990,4,0.6788,1.353,0.0184,,,yf_premarket,0.13363266952287137,0.6812505988871269,0.03589771697232884,0.8,0.5,blocked,0.09939012582563271,3.03,,,new,15:06:34,2026-06-19 15:06:34
CMS,74.1488,73.38,0.010477007023139612,1.2884485847938891,0.0,3755990,4,0.6788322387350428,1.3529998779296875,0.018438265584244978,,,yf_premarket,0.13363772363553983,0.6812829540102195,0.03597792846195631,0.8,0.5,blocked,0.09917248060056034,3.0298,,,new,15:06:34,2026-06-19 15:06:34
EPC,23.11,23.11,-2.641071168103051e-08,1.9725445857155048,0.0,937520,3,0.7839493630303194,1.0873141665125594,0.04704950834252784,,,yf_premarket,0.20480192930448093,0.786779571393027,0.09595219638486928,0.6,0.5,blocked,0.0,3.0287,,,new,15:06:34,2026-06-19 15:06:34
EPC,23.11,23.11,-0.0,1.9725,,937520,3,0.7839,1.0873,0.047,,,yf_premarket,0.20479729120248383,0.78673003015265,0.09584841806862243,0.6,0.5,blocked,-0.0,3.0286,,,new,15:06:34,2026-06-19 15:06:34
FAF,68.63,68.63,0.0,1.5363,,1172880,4,0.729,1.6518,0.0241,,,yf_premarket,0.1594208725843769,0.7316318305667583,0.047845933624387355,0.8,0.5,blocked,0.0,3.0263,,,new,15:06:34,2026-06-19 15:06:34
FAF,68.63,68.63,4.0020138957032214e-08,1.5363037991951436,0.0,1172880,4,0.728987764182425,1.6517614670340408,0.02406763125656075,,,yf_premarket,0.15942126780186713,0.7316195505755224,0.047778082964849276,0.8,0.5,blocked,3.7881968061892735e-07,3.0263,,,new,15:06:34,2026-06-19 15:06:34
CMCL,20.86,20.86,-2.92594221097747e-08,1.4767271968273847,0.0,287460,4,0.7194032672042925,0.94949951171875,0.04551771255690043,,,yf_premarket,0.15322371427393516,0.7220004517152033,0.09274127920708217,0.8,0.5,blocked,0.0,3.0202,,,new,15:06:34,2026-06-19 15:06:34
CMCL,20.86,20.86,-0.0,1.4767,,287460,4,0.7194,0.9495,0.0455,,,yf_premarket,0.15322088507947276,0.7219971727156734,0.09270415052860703,0.8,0.5,blocked,-0.0,3.0202,,,new,15:06:34,2026-06-19 15:06:34
ERAS,13.9233,13.67,0.01852962123572466,1.965100211550925,0.0,4906620,3,0.629004949456872,1.0629998207092286,0.07776150803046791,,,yf_premarket,0.20402751610310133,0.6312757786099897,0.16033002552337128,0.6,0.5,blocked,0.1753963224876181,3.0119,,,new,15:06:34,2026-06-19 15:06:34
ERAS,13.9233,13.67,0.0185,1.9651,,4906620,3,0.629,1.063,0.0778,,,yf_premarket,0.20402749409617024,0.6312708112846241,0.16041071155693862,0.6,0.5,blocked,0.17511593597849573,3.0115,,,new,15:06:34,2026-06-19 15:06:34
CMCO,14.69,14.69,0.0,1.1162,,1014110,4,0.7278,1.053,0.0717,,,yf_premarket,0.11571928280568196,0.7304274983353727,0.147624023560876,0.8,0.5,blocked,0.0,3.0082,,,new,15:06:34,2026-06-19 15:06:34
CMCO,14.69,14.69,2.8564786297320042e-08,1.1161511078679827,0.0,1014110,4,0.7277627443404828,1.0529998779296874,0.07168140966701184,,,yf_premarket,0.11571419672166189,0.730390108175741,0.14758505490716084,0.8,0.5,blocked,2.703864480259951e-07,3.0081,,,new,15:06:34,2026-06-19 15:06:34
ACVA,6.48,6.48,-2.9434391737126097e-09,1.6463011826702754,0.0,2649090,2,0.8909954598767454,0.37649993896484374,0.05810184226182701,,,yf_premarket,0.17086392557230276,0.8942121252898407,0.11911985957411164,0.4,0.5,blocked,0.0,3.0043,,,new,15:06:34,2026-06-19 15:06:34
ACVA,6.48,6.48,-0.0,1.6463,,2649090,2,0.891,0.3765,0.0581,,,yf_premarket,0.17086380254309255,0.8942166818038157,0.11911599786473638,0.4,0.5,blocked,-0.0,3.0043,,,new,15:06:34,2026-06-19 15:06:34
AMRZ,55.3,55.35,-0.0009033148238382227,1.000883132175449,0.0,3532880,4,0.7507594607944308,2.0105007171630858,0.03632341052553228,,,yf_premarket,0.1037232569731837,0.7534698472103454,0.07346838225352982,0.8,0.5,blocked,0.0,2.9993,,,new,15:06:34,2026-06-19 15:06:34
AMRZ,55.3,55.35,-0.0009,1.0009,,3532880,4,0.7508,2.0105,0.0363,,,yf_premarket,0.10372501167622816,0.7535105327702636,0.07341930961651259,0.8,0.5,blocked,0.0,2.9993,,,new,15:06:34,2026-06-19 15:06:34
DARE,2.15,2.17,-0.0092,0.8877,,202310,2,0.9412,0.1483,0.0683,,,yf_premarket,0.0919491964823499,0.9445979134834471,0.1404970171368411,0.4,0.5,blocked,0.0,2.9974,,,new,15:06:34,2026-06-19 15:06:34
DARE,2.15,2.17,-0.009216624696208636,0.887746527606149,0.0,202310,2,0.9411765324615629,0.14830000400543214,0.06834101326793852,,,yf_premarket,0.09195403659269817,0.9445743612226711,0.14058298826156715,0.4,0.5,blocked,0.0,2.9974,,,new,15:06:34,2026-06-19 15:06:34
SWIM,5.81,5.82,-0.0017182425028215585,1.0861480152818737,0.0,986790,3,0.8356944432249598,0.2796000003814697,0.0480412357619665,,,yf_premarket,0.11259307593068274,0.838711461304726,0.09803103394052541,0.6,0.5,blocked,0.0,2.9953,,,new,15:06:34,2026-06-19 15:06:34
SWIM,5.81,5.82,-0.0017,1.0861,,986790,3,0.8357,0.2796,0.048,,,yf_premarket,0.1125880810624334,0.8387170381407955,0.09794459642863271,0.6,0.5,blocked,0.0,2.9953,,,new,15:06:34,2026-06-19 15:06:34
FATE,2.108,2.09,0.008612481612394161,1.5739338595203132,0.0,2615040,3,0.7105259608033577,0.19200000762939454,0.09186603613125342,,,yf_premarket,0.16333579638953225,0.7130910965264271,0.18989563210639457,0.6,0.5,blocked,0.08152339344064798,2.9884,,,new,15:06:34,2026-06-19 15:06:34
FATE,2.108,2.09,0.0086,1.5739,,2615040,3,0.7105,0.192,0.0919,,,yf_premarket,0.1633322740975379,0.7130650419995634,0.18996682643308335,0.6,0.5,blocked,0.08140524591432774,2.9882,,,new,15:06:34,2026-06-19 15:06:34
AVBP,31.74,31.74,7.211147952892463e-09,1.7685436733349797,0.0,485880,4,0.6779221692843579,1.498999786376953,0.04722746683007128,,,yf_premarket,0.18358040065098608,0.6803695990333368,0.09632522911543798,0.8,0.5,blocked,6.825875260811769e-08,2.9843,,,new,15:06:34,2026-06-19 15:06:34
AVBP,31.74,31.74,0.0,1.7685,,485880,4,0.6779,1.499,0.0472,,,yf_premarket,0.18357585746086574,0.6803473497135877,0.09626765374062449,0.8,0.5,blocked,0.0,2.9842,,,new,15:06:34,2026-06-19 15:06:34
AVR,9.7816,9.78,0.0002,1.2912,,1126120,3,0.8087,0.5428,0.0555,,,yf_premarket,0.13392394410363864,0.8116195629346192,0.11366593412870969,0.6,0.5,blocked,0.0018931452538215755,2.9838,,,new,15:06:34,2026-06-19 15:06:34
AVR,9.7816,9.78,0.00016362649003075303,1.29115902390509,0.0,1126120,3,0.8086953565167491,0.5427996635437011,0.05550098960777753,,,yf_premarket,0.13391968149832925,0.8116149026874984,0.11366800852311786,0.6,0.5,blocked,0.001548843565006017,2.9833,,,new,15:06:34,2026-06-19 15:06:34
ACRS,4.22,4.5,-0.0622,2.9119,,1484520,3,0.6805,0.2595,0.0577,,,yf_premarket,0.3025199130499155,0.6829567362149233,0.11827752652073228,0.6,0.5,blocked,0.0,2.9788,,,new,15:06:34,2026-06-19 15:06:34
ACRS,4.22,4.5,-0.062222222222222276,2.9119176568857275,0.0,1484520,3,0.6805114498060278,0.25949997901916505,0.0576666620042589,,,yf_premarket,0.3025217498363397,0.6829682273569586,0.11820764413549367,0.6,0.5,blocked,0.0,2.9788,,,new,15:06:34,2026-06-19 15:06:34
ECO,52.3,52.48,-0.0034298693560670837,1.2941433327875116,0.0,366420,3,0.8153288124066123,2.097700500488281,0.039971427568326,,,yf_premarket,0.13423012911211762,0.8182723066321959,0.08111527663558267,0.6,0.5,blocked,0.0,2.9784,,,new,15:06:34,2026-06-19 15:06:34
ECO,52.3,52.48,-0.0034,1.2941,,366420,3,0.8153,2.0977,0.04,,,yf_premarket,0.1342256213480048,0.8182433902072401,0.08117516954855059,0.6,0.5,blocked,0.0,2.9784,,,new,15:06:34,2026-06-19 15:06:34
DOCS,20.76,20.46,0.0147,1.425,,3146690,4,0.5976,0.7699,0.0376,,,yf_premarket,0.14784270799887642,0.599757451230034,0.07614434148452594,0.8,0.5,blocked,0.1391461761558858,2.9681,,,new,15:06:34,2026-06-19 15:06:34
DOCS,20.76,20.46,0.014662802001541617,1.4250212127664308,0.0,3146690,4,0.5976326285542737,0.7698997497558594,0.03762951046953593,,,yf_premarket,0.14784491469160824,0.59979019757968,0.0762062006921609,0.8,0.5,blocked,0.13879407008472006,2.9676,,,new,15:06:34,2026-06-19 15:06:34
PHAT,11.0546,10.88,0.016047783430382316,1.3340520635228277,0.0,825530,3,0.686747257898837,0.5635000228881836,0.05179228097068266,,,yf_premarket,0.1383817001170764,0.6892265479193797,0.10589389373445643,0.6,0.5,blocked,0.151903925177924,2.9668,,,new,15:06:34,2026-06-19 15:06:34
PHAT,11.0546,10.88,0.016,1.3341,,825530,3,0.6867,0.5635,0.0518,,,yf_premarket,0.13838668678753777,0.6891791194104155,0.10591007419667171,0.6,0.5,blocked,0.15145162030572604,2.9661,,,new,15:06:34,2026-06-19 15:06:34
FLYW,15.1,15.85,-0.0473,0.9286,,2210320,3,0.8373,0.614,0.0387,,,yf_premarket,0.09620388589427234,0.8403228144493097,0.07845013768053723,0.6,0.5,blocked,0.0,2.9642,,,new,15:06:34,2026-06-19 15:06:34
FLYW,15.1,15.85,-0.04731863491603156,0.9286438162799957,0.0,2210320,3,0.837301677406854,0.6139997482299805,0.03873815353012919,,,yf_premarket,0.09620844395448182,0.8403244979119259,0.07853011428475204,0.6,0.5,blocked,0.0,2.9642,,,new,15:06:34,2026-06-19 15:06:34
CARS,9.76,9.95,-0.019095458583648906,1.428846104545338,0.0,780140,3,0.796610251681256,0.3868000030517578,0.03887437291120161,,,yf_premarket,0.14824280531638734,0.7994861682932831,0.07881565440357004,0.6,0.5,blocked,0.0,2.9607,,,new,15:06:34,2026-06-19 15:06:34
CARS,9.76,9.95,-0.0191,1.4288,,780140,3,0.7966,0.3868,0.0389,,,yf_premarket,0.14823800921563207,0.799475879601481,0.07886937335253928,0.6,0.5,blocked,0.0,2.9607,,,new,15:06:34,2026-06-19 15:06:34
CMG,32.47,32.49,-0.0006,1.4611,,21532220,3,0.7975,1.046,0.0322,,,yf_premarket,0.15159806955805494,0.8003791287750202,0.0648249783404705,0.6,0.5,blocked,0.0,2.9606,,,new,15:06:34,2026-06-19 15:06:34
ASC,17.07,17.07,1.787790199121967e-08,1.5379524512548999,0.0,589290,2,0.8872182445925548,0.6779995918273926,0.03971878171930889,,,yf_premarket,0.1595927715295588,0.8904212735301464,0.08058568587412658,0.4,0.5,blocked,1.6922732651482406e-07,2.9605,,,new,15:06:34,2026-06-19 15:06:34
CMG,32.47,32.49,-0.0006156256520003323,1.4611173395033117,0.0,21532220,3,0.7974686192973717,1.0460002899169922,0.03219452865126331,,,yf_premarket,0.15159987332825414,0.8003476347820045,0.06481350941764859,0.6,0.5,blocked,0.0,2.9605,,,new,15:06:34,2026-06-19 15:06:34
ASC,17.07,17.07,0.0,1.538,,589290,2,0.8872,0.678,0.0397,,,yf_premarket,0.15959771786555704,0.8904029630710946,0.0805463160405475,0.4,0.5,blocked,0.0,2.9605,,,new,15:06:34,2026-06-19 15:06:34
AUPH,16.5,16.46,0.002430189413866866,1.1561030544908524,0.0,1012280,3,0.8048767628430028,0.48150014877319336,0.02925274456591014,,,yf_premarket,0.11987026333002411,0.8077825231542836,0.05864700527810868,0.6,0.5,blocked,0.02300350777374747,2.9592,,,new,15:06:34,2026-06-19 15:06:34
AUPH,16.5,16.46,0.0024,1.1561,,1012280,3,0.8049,0.4815,0.0293,,,yf_premarket,0.11986994558161607,0.807805844201898,0.05874606109644073,0.6,0.5,blocked,0.022717743045858902,2.9589,,,new,15:06:34,2026-06-19 15:06:34
LGIH,56.4,56.7,-0.005291018675533115,1.7461414420640406,0.0,390690,2,0.8625472748246346,2.990000534057617,0.05273369477645504,,,yf_premarket,0.18124997189323783,0.8656612368042745,0.10786726498193139,0.4,0.5,blocked,0.0,2.9571,,,new,15:06:34,2026-06-19 15:06:34
LGIH,56.4,56.7,-0.0053,1.7461,,390690,2,0.8625,2.99,0.0527,,,yf_premarket,0.1812456608147273,0.8656137913084075,0.10779663472068095,0.4,0.5,blocked,0.0,2.957,,,new,15:06:34,2026-06-19 15:06:34
FENC,9.06,9.06,-0.0,1.6524,,225550,4,0.6687,0.4564,0.0504,,,yf_premarket,0.17149836502262134,0.6711141359396313,0.10297542449265734,0.8,0.5,blocked,-0.0,2.951,,,new,15:06:34,2026-06-19 15:06:34
FENC,9.06,9.06,-4.6315306764535756e-08,1.652405231655952,0.0,225550,4,0.6687120943517878,0.4564000129699707,0.05037527503660751,,,yf_premarket,0.17149890925419065,0.6711262739543612,0.10292359655944196,0.8,0.5,blocked,0.0,2.951,,,new,15:06:34,2026-06-19 15:06:34
EVC,9.85,9.86,-0.001014163998522518,0.9970520596996496,0.0,1943730,2,0.9097296751614992,0.652223621554193,0.06614844262317023,,,yf_premarket,0.10332472339129882,0.9130139747041289,0.13598696912321007,0.4,0.5,blocked,0.0,2.949,,,new,15:06:34,2026-06-19 15:06:34
EVC,9.85,9.86,-0.001,0.9971,,1943730,2,0.9097,0.6522,0.0661,,,yf_premarket,0.10332971045947255,0.9129841924095747,0.13588542474481852,0.4,0.5,blocked,0.0,2.9489,,,new,15:06:34,2026-06-19 15:06:34
NAVI,8.25,8.09,0.0198,1.9309,,1315160,3,0.6131,0.2656,0.0328,,,yf_premarket,0.20046978314536956,0.6153134092187648,0.06608268535647667,0.6,0.5,blocked,0.18742138012833598,2.9455,,,new,15:06:34,2026-06-19 15:06:34
NAVI,8.25,8.09,0.019777483855909127,1.9308677271206545,0.0,1315160,3,0.6130955354426183,0.2656001091003418,0.03283066799638806,,,yf_premarket,0.2004664259062976,0.6153089285434701,0.0661469709468502,0.6,0.5,blocked,0.18720824847173598,2.9452,,,new,15:06:34,2026-06-19 15:06:34
CRBP,8.2,8.26,-0.0073,0.8665,,343700,4,0.7232,0.4549,0.0551,,,yf_premarket,0.08974383179939743,0.7258108914483945,0.1128274627847056,0.8,0.5,blocked,0.0,2.9427,,,new,15:06:34,2026-06-19 15:06:34
CRBP,8.2,8.26,-0.007263950026543635,0.8664533022985161,0.0,343700,4,0.7232147342696941,0.45490002632141113,0.05507264088574867,,,yf_premarket,0.08973897399460366,0.7258256789116433,0.1127701132014629,0.8,0.5,blocked,0.0,2.9426,,,new,15:06:34,2026-06-19 15:06:34
DFH,15.77,15.6,0.0109,2.2155,,673830,2,0.7379,0.9001,0.0577,,,yf_premarket,0.23007576374764657,0.7405639612828683,0.11827752652073228,0.4,0.5,blocked,0.10317641633327586,2.9401,,,new,15:06:34,2026-06-19 15:06:34
DFH,15.77,15.6,0.01089741117777183,2.215543979935592,0.0,673830,2,0.7378644911775843,0.9001000404357911,0.05769871912983823,,,yf_premarket,0.2300803388323972,0.7405283242667569,0.1182748415884172,0.4,0.5,blocked,0.10315191125070462,2.94,,,new,15:06:34,2026-06-19 15:06:34
CMPS,12.3821,12.53,-0.0118,1.2441,,2912350,3,0.7822,0.8829,0.0705,,,yf_premarket,0.1290242895485886,0.7850238928248537,0.14510860952886367,0.6,0.5,blocked,0.0,2.9361,,,new,15:06:34,2026-06-19 15:06:34
CMPS,12.3821,12.53,-0.011803650129537638,1.2441499133002558,0.0,2912350,3,0.7821566669227421,0.8828999519348144,0.0704628867318783,,,yf_premarket,0.12902948186130528,0.7849804033068314,0.1450308134993577,0.6,0.5,blocked,0.0,2.936,,,new,15:06:34,2026-06-19 15:06:34
FLNT,3.06,3.02,0.013245039511958762,0.1535797060846089,0.0,392630,4,0.6559999465942383,0.30899999141693113,0.10231787859883767,,,yf_premarket,0.015581131895572035,0.6583682328922336,0.21180455810918097,0.8,0.5,blocked,0.12537391844371984,2.9341,,,new,15:06:34,2026-06-19 15:06:34
ABSI,7.39,7.41,-0.0026990347940552928,1.6337895087401348,0.0,5164680,4,0.6380951126686784,0.7082000732421875,0.09557356111006148,,,yf_premarket,0.16956237822276743,0.6403987590637682,0.19766726573616952,0.8,0.5,blocked,0.0,2.934,,,new,15:06:34,2026-06-19 15:06:34
ABSI,7.39,7.41,-0.0027,1.6338,,5164680,4,0.6381,0.7082,0.0956,,,yf_premarket,0.16956346959323848,0.6404036640392983,0.19772268636512136,0.8,0.5,blocked,0.0,2.934,,,new,15:06:34,2026-06-19 15:06:34
CMPX,2.0596,2.02,0.019603970023466574,2.6790532147829755,0.0,3461820,3,0.5384612563094928,0.11309995651245117,0.0559900780100877,,,yf_premarket,0.2782976452830926,0.5404052052715921,0.11469322504817242,0.6,0.5,blocked,0.18556581402993091,2.934,,,new,15:06:34,2026-06-19 15:06:34
CMPX,2.0596,2.02,0.0196,2.6791,,3461820,3,0.5385,0.1131,0.056,,,yf_premarket,0.2783025121918336,0.5404440888342926,0.11471402330871483,0.6,0.5,blocked,0.1855282348745144,2.934,,,new,15:06:34,2026-06-19 15:06:34
FLNT,3.06,3.02,0.0132,0.1536,,392630,4,0.656,0.309,0.1023,,,yf_premarket,0.0155832430033212,0.6583682864908004,0.21176708137719014,0.8,0.5,blocked,0.12494758675222398,2.9334,,,new,15:06:34,2026-06-19 15:06:34
AS,36.77,36.83,-0.0016,1.105,,3933920,2,0.9091,1.3018,0.0353,,,yf_premarket,0.11455418448261272,0.912382026293882,0.07132313125650233,0.4,0.5,blocked,0.0,2.9323,,,new,15:06:34,2026-06-19 15:06:34
AS,36.77,36.83,-0.0016291563418846054,1.10497925733111,0.0,3933920,2,0.9090918363391941,1.3018001556396483,0.03534618764373733,,,yf_premarket,0.11455202669254666,0.9123738331606864,0.07141994879580438,0.4,0.5,blocked,0.0,2.9323,,,new,15:06:34,2026-06-19 15:06:34
AFRM,73.92,73.92,0.0,0.9743,,4602610,3,0.8003,4.557,0.0616,,,yf_premarket,0.10095790315893877,0.80318923731492,0.12645262212477232,0.6,0.5,blocked,0.0,2.921,,,new,15:06:34,2026-06-19 15:06:34
AFRM,73.92,73.92,2.4770762101757612e-08,0.9743167463678217,0.0,4602610,3,0.8002512141377681,4.556999206542969,0.06164771806579156,,,yf_premarket,0.10095964522724828,0.8031402753263185,0.12655264770166613,0.6,0.5,blocked,2.3447325353242887e-07,2.921,,,new,15:06:34,2026-06-19 15:06:34
QUIK,21.8,21.9,-0.0045661927064902744,1.1290596424846588,0.0,412290,3,0.7737372390689674,1.8830001831054688,0.08598174501848865,,,yf_premarket,0.11705702815337354,0.7765305796950591,0.17756110841181633,0.6,0.5,blocked,0.0,2.9174,,,new,15:06:34,2026-06-19 15:06:34
QUIK,21.8,21.9,-0.0046,1.1291,,412290,3,0.7737,1.883,0.086,,,yf_premarket,0.11706122640993133,0.7764932061858724,0.1775993741090228,0.6,0.5,blocked,0.0,2.9174,,,new,15:06:34,2026-06-19 15:06:34
BCRX,8.98,8.99,-0.0011,2.15,,4131390,4,0.6181,0.357,0.0397,,,yf_premarket,0.22326201909041132,0.6203314601828714,0.0805463160405475,0.8,0.5,blocked,0.0,2.9158,,,new,15:06:34,2026-06-19 15:06:34
BCRX,8.98,8.99,-0.001112321620995979,2.1500269884953975,0.0,4131390,4,0.6180553118019217,0.3570002555847168,0.03971081920731947,,,yf_premarket,0.22326482661279792,0.6202866106517814,0.08056899502880303,0.8,0.5,blocked,0.0,2.9158,,,new,15:06:34,2026-06-19 15:06:34
FOUR,40.3125,39.4,0.0232,1.3768,,2065480,3,0.5975,2.739,0.0695,,,yf_premarket,0.1428286241442392,0.5996570902107519,0.14301243116885343,0.6,0.5,blocked,0.21960484944330275,2.9145,,,new,15:06:34,2026-06-19 15:06:34
FOUR,40.3125,39.4,0.023159858852333848,1.3767744059492224,0.0,2065480,3,0.5975309955984979,2.739000701904297,0.06951778162001472,,,yf_premarket,0.14282596168123549,0.5996881977093369,0.1430497046159342,0.6,0.5,blocked,0.21922488432736711,2.914,,,new,15:06:34,2026-06-19 15:06:34
TKC,6.21,6.11,0.0164,0.8959,,1934920,3,0.7077,0.122,0.02,,,yf_premarket,0.09280221489745415,0.7102549334596637,0.039251602348345266,0.6,0.5,blocked,0.1552379108133692,2.9122,,,new,15:06:34,2026-06-19 15:06:34
TKC,6.21,6.11,0.016366589901869094,0.8959026729787278,0.0,1934920,3,0.707692262547968,0.12200007438659669,0.019967278514022486,,,yf_premarket,0.09280249295843927,0.710247168073938,0.03918301227753182,0.6,0.5,blocked,0.154921659969838,2.9117,,,new,15:06:34,2026-06-19 15:06:34
AAP,60.99,60.1,0.014808678011233905,1.3388716076517593,0.0,1610610,3,0.6647803608369242,2.5090003967285157,0.041747095847413124,,,yf_premarket,0.13888306107980644,0.6671803461233867,0.08483739405676176,0.6,0.5,blocked,0.14017489246169698,2.8954,,,new,15:06:34,2026-06-19 15:06:34
AAP,60.99,60.1,0.0148,1.3389,,1610610,3,0.6648,2.509,0.0417,,,yf_premarket,0.13888601464028172,0.6672000561876281,0.08473867276056803,0.6,0.5,blocked,0.1400927487827966,2.8952,,,new,15:06:34,2026-06-19 15:06:34
BRBS,3.29,3.35,-0.0179,1.5019,,343630,2,0.8696,0.0535,0.016,,,yf_premarket,0.15584235630637855,0.8727394236774391,0.0308668889083042,0.4,0.5,blocked,0.0,2.8947,,,new,15:06:34,2026-06-19 15:06:34
BRBS,3.29,3.35,-0.01791041980317584,1.5019061199546024,0.0,343630,2,0.8695643159978853,0.05348992347717285,0.015967141791020344,,,yf_premarket,0.15584299294466825,0.872703610849196,0.03079801224169235,0.4,0.5,blocked,0.0,2.8946,,,new,15:06:34,2026-06-19 15:06:34
CENTA,37.78,37.78,0.0,1.7014,,375580,3,0.7461,1.029,0.0272,,,yf_premarket,0.1765956701860492,0.7487935648640033,0.054344086540419174,0.6,0.5,blocked,0.0,2.8897,,,new,15:06:34,2026-06-19 15:06:34
CENTA,37.78,37.78,3.231083021648491e-08,1.7013685499760371,0.0,375580,3,0.7461138974675726,1.0289997100830077,0.02723662634544316,,,yf_premarket,0.1765923985458546,0.7488075125041135,0.054420861893143394,0.6,0.5,blocked,3.058454743568658e-07,2.8897,,,new,15:06:34,2026-06-19 15:06:34
CPRX,31.32,31.38,-0.001912019196023953,1.8460504720046704,0.0,1815660,2,0.8461493316900686,0.03999958038330078,0.001274683921384898,,,yf_premarket,0.19164317218281832,0.8492040939331194,0.0,0.4,0.5,blocked,0.0,2.8859,,,new,15:06:34,2026-06-19 15:06:34
CPRX,31.32,31.38,-0.0019,1.8461,,1815660,2,0.8461,0.04,0.0013,,,yf_premarket,0.1916483244135597,0.8491545841461374,5.3067016153295246e-05,0.4,0.5,blocked,0.0,2.8858,,,new,15:06:34,2026-06-19 15:06:34
ATLX,3.97,3.91,0.015345246253764365,0.5781180936533111,0.0,769220,3,0.6941177097571244,0.2997000217437744,0.07664962024677359,,,yf_premarket,0.05974443220225146,0.6966236085300559,0.15799931041243148,0.6,0.5,blocked,0.14525390057018658,2.8797,,,new,15:06:34,2026-06-19 15:06:34
ATLX,3.97,3.91,0.0153,0.5781,,769220,3,0.6941,0.2997,0.0766,,,yf_premarket,0.059742549980364754,0.6966058348372935,0.15789529752492631,0.6,0.5,blocked,0.14482561191735052,2.879,,,new,15:06:34,2026-06-19 15:06:34
EE,34.54,34.56,-0.0005787434171363815,1.711997966446365,0.0,393400,3,0.7372266770867028,1.1180002212524414,0.03234954215356209,,,yf_premarket,0.17769814098378167,0.739888207544023,0.06513844536667669,0.6,0.5,blocked,0.0,2.8789,,,new,15:06:34,2026-06-19 15:06:34
EE,34.54,34.56,-0.0006,1.712,,393400,3,0.7372,1.118,0.0323,,,yf_premarket,0.17769835252752542,0.7398614341478933,0.06503459617647153,0.6,0.5,blocked,0.0,2.8788,,,new,15:06:34,2026-06-19 15:06:34
FIGS,12.34,12.31,0.0024370088838904153,1.2059660873643396,0.0,3027780,4,0.6483519247456518,0.6263998031616211,0.05088544125176606,,,yf_premarket,0.1250573469000282,0.6506926002100718,0.10399299593966566,0.8,0.5,blocked,0.023068059010290774,2.8756,,,new,15:06:34,2026-06-19 15:06:34
FIGS,12.34,12.31,0.0024,1.206,,3027780,4,0.6484,0.6264,0.0509,,,yf_premarket,0.12506087471743343,0.6507408490253581,0.10402351367266248,0.8,0.5,blocked,0.022717743045858902,2.8752,,,new,15:06:34,2026-06-19 15:06:34
PAR,14.98,15.29,-0.020274686895123926,1.2090126829421906,0.0,1270210,3,0.7541526018197752,1.0679999351501466,0.06984957081848896,,,yf_premarket,0.12537427398920895,0.7568752381290613,0.14374519395386104,0.6,0.5,blocked,0.0,2.8737,,,new,15:06:34,2026-06-19 15:06:34
PAR,14.98,15.29,-0.0203,1.209,,1270210,3,0.7542,1.068,0.0698,,,yf_premarket,0.12537295462539844,0.756922807425856,0.1436412846768565,0.6,0.5,blocked,0.0,2.8737,,,new,15:06:34,2026-06-19 15:06:34
BKE,44.7,45.17,-0.010405096037139905,1.7439722756376392,0.0,473230,3,0.7339441514399605,1.2329994201660157,0.027296866728980993,,,yf_premarket,0.18102432080700048,0.7365938313467549,0.054547136481514116,0.6,0.5,blocked,0.0,2.872,,,new,15:06:34,2026-06-19 15:06:34
BKE,44.7,45.17,-0.0104,1.744,,473230,3,0.7339,1.233,0.0273,,,yf_premarket,0.1810272048791518,0.7365495205115828,0.05455370437642021,0.6,0.5,blocked,0.0,2.8719,,,new,15:06:34,2026-06-19 15:06:34
EIKN,9.61,9.61,0.0,1.3644,,234750,3,0.7306,0.817,0.085,,,yf_premarket,0.14153869385798398,0.7332376068752725,0.17550319574901255,0.6,0.5,blocked,0.0,2.8665,,,new,15:06:34,2026-06-19 15:06:34
EIKN,9.61,9.61,3.572557394414342e-08,1.364430244941427,0.0,234750,3,0.7305934860112498,0.8170001983642579,0.08501563241956908,,,yf_premarket,0.1415418401374963,0.7332310693697669,0.17553596408862784,0.6,0.5,blocked,3.381685037620343e-07,2.8665,,,new,15:06:34,2026-06-19 15:06:34
DNLI,23.3,23.31,-0.00042897752773405484,1.2189654504609186,0.0,2065440,3,0.7551318556273958,1.2512996673583985,0.05368081064037084,,,yf_premarket,0.1264096269129561,0.7578580272317484,0.10985258876029412,0.6,0.5,blocked,0.0,2.8603,,,new,15:06:34,2026-06-19 15:06:34
DNLI,23.3,23.31,-0.0004,1.219,,2065440,3,0.7551,1.2513,0.0537,,,yf_premarket,0.12641322098528168,0.7578260565993953,0.10989281308069121,0.6,0.5,blocked,0.0,2.8602,,,new,15:06:34,2026-06-19 15:06:34
BUR,4.53,4.53,-4.6315306764535756e-08,1.1461574505499135,0.0,1899390,3,0.763636899585845,0.19649991989135743,0.043377463750640916,,,yf_premarket,0.11883565560917601,0.7663937760388416,0.08825493597436318,0.6,0.5,blocked,0.0,2.8552,,,new,15:06:34,2026-06-19 15:06:34
BUR,4.53,4.53,-0.0,1.1462,,1899390,3,0.7636,0.1965,0.0434,,,yf_premarket,0.11884008188533168,0.7663567432383767,0.08830217597258548,0.6,0.5,blocked,-0.0,2.8551,,,new,15:06:34,2026-06-19 15:06:34
ACTU,2.18,2.07,0.05314013058197524,0.4638744427934621,0.0,215360,4,0.2970296585633463,0.2634000062942505,0.1272463839559725,,,yf_premarket,0.04786004952027676,0.29810199290441736,0.2640591515862069,0.8,0.5,blocked,0.5030099299936259,2.8545,,,new,15:06:34,2026-06-19 15:06:34
ACTU,2.18,2.07,0.0531,0.4639,,215360,4,0.297,0.2634,0.1272,,,yf_premarket,0.04786270815049815,0.2980722272679385,0.26396192254144574,0.8,0.5,blocked,0.5026300648896282,2.8539,,,new,15:06:34,2026-06-19 15:06:34
ANGO,12.19,12.15,0.0033,3.0414,,393040,3,0.5914,0.383,0.0315,,,yf_premarket,0.3159913624104034,0.5935350680345417,0.06335765348846333,0.6,0.5,blocked,0.031236896688055994,2.8396,,,new,15:06:34,2026-06-19 15:06:34
ANGO,12.19,12.15,0.0032922125700086827,3.04142072053735,0.0,393040,3,0.5913974414848617,0.3829998016357422,0.03152261840828534,,,yf_premarket,0.3159935178981998,0.5935325002826703,0.06340506570644892,0.6,0.5,blocked,0.031163183007418344,2.8395,,,new,15:06:34,2026-06-19 15:06:34
BTGO,6.0,5.97,0.005025160948520994,1.0959082240073976,0.0,2076360,3,0.6923075171787838,0.613100004196167,0.10269682173246526,,,yf_premarket,0.1136083976109429,0.6948068808074638,0.2125988905055656,0.6,0.5,blocked,0.047566797996910236,2.8377,,,new,15:06:34,2026-06-19 15:06:34
BTGO,6.0,5.97,0.005,1.0959,,2076360,3,0.6923,0.6131,0.1027,,,yf_premarket,0.11360754209511899,0.6947993364902151,0.21260555272119425,0.6,0.5,blocked,0.047328631345539385,2.8373,,,new,15:06:34,2026-06-19 15:06:34
ABEO,5.78,5.77,0.001733105564392191,0.980412916887242,0.0,1133400,2,0.8548385484162478,0.2390000343322754,0.04142114993454439,,,yf_premarket,0.10159380933879475,0.8579246804071465,0.08415415328767253,0.4,0.5,blocked,0.016405102868004194,2.8349,,,new,15:06:34,2026-06-19 15:06:34
ABEO,5.78,5.77,0.0017,0.9804,,1133400,2,0.8548,0.239,0.0414,,,yf_premarket,0.10159246563846754,0.8578859928236832,0.08410981925256494,0.4,0.5,blocked,0.01609173465748339,2.8344,,,new,15:06:34,2026-06-19 15:06:34
PLTK,3.49,3.49,-0.0,1.2192,,2129140,3,0.7419,0.181,0.0519,,,yf_premarket,0.12643402631247933,0.7445784020541536,0.10611969203267274,0.6,0.5,blocked,-0.0,2.8319,,,new,15:06:34,2026-06-19 15:06:34
PLTK,3.49,3.49,-2.732591095942596e-09,1.2192246634791513,0.0,2129140,3,0.7419353970379958,0.1809999942779541,0.051862462402107484,,,yf_premarket,0.1264365919712472,0.7446139268822819,0.10604100653228368,0.6,0.5,blocked,0.0,2.8319,,,new,15:06:34,2026-06-19 15:06:34
PRME,3.2,3.23,-0.009287931546852295,1.2130751948520233,0.0,2884240,3,0.7272726709755407,0.2607999563217163,0.08074302005624316,,,yf_premarket,0.12579688343685136,0.7298982655514548,0.16657980651191173,0.6,0.5,blocked,0.0,2.8318,,,new,15:06:34,2026-06-19 15:06:34
PRME,3.2,3.23,-0.0093,1.2131,,2884240,3,0.7273,0.2608,0.0807,,,yf_premarket,0.12579946383295057,0.729925693238962,0.16648962880096838,0.6,0.5,blocked,0.0,2.8318,,,new,15:06:34,2026-06-19 15:06:34
AEG,8.58,8.42,0.019002366063692315,1.0073791127702056,0.0,6335450,3,0.6414462266886811,0.11877519560864824,0.01410631764043012,,,yf_premarket,0.10439901198190167,0.6437619712515494,0.026897392925440643,0.6,0.5,blocked,0.1798711956242964,2.8274,,,new,15:06:34,2026-06-19 15:06:34
AEG,8.58,8.42,0.019,1.0074,,6335450,3,0.6414,0.1188,0.0141,,,yf_premarket,0.1044011848101523,0.6437155776756087,0.026884150024284695,0.6,0.5,blocked,0.17984879911304966,2.8272,,,new,15:06:34,2026-06-19 15:06:34
ANAB,57.51,57.51,0.0,1.5486,,534550,3,0.7143,2.9395,0.0511,,,yf_premarket,0.16070040020703327,0.7168787607322846,0.10444274934466452,0.6,0.5,blocked,0.0,2.827,,,new,15:06:34,2026-06-19 15:06:34
ANAB,57.51,57.51,2.9185651953966756e-08,1.5485922738752222,0.0,534550,3,0.7142854007919063,2.9395000457763674,0.0511128522268752,,,yf_premarket,0.1606995964842634,0.7168641088182346,0.10446968990451826,0.6,0.5,blocked,2.762633923817028e-07,2.827,,,new,15:06:34,2026-06-19 15:06:34
APLD,46.52,46.59,-0.001502471611045901,0.6486862449639874,0.0,22371370,3,0.7639485287713271,3.896099853515625,0.0836252380501272,,,yf_premarket,0.06708539959101616,0.7667065302657722,0.17262144949952365,0.6,0.5,blocked,0.0,2.8204,,,new,15:06:34,2026-06-19 15:06:34
APLD,46.52,46.59,-0.0015,0.6487,,22371370,3,0.7639,3.8961,0.0836,,,yf_premarket,0.06708683048114045,0.7666578262962231,0.17256854604499816,0.6,0.5,blocked,0.0,2.8202,,,new,15:06:34,2026-06-19 15:06:34
ANY,3.59,3.43,0.046647209950075944,1.0252888318356868,0.0,779000,3,0.355498779553078,0.6092000484466553,0.17760934011368884,,,yf_premarket,0.10626209980777962,0.3567821986950164,0.3696288904301577,0.6,0.5,blocked,0.44154972060502423,2.8201,,,new,15:06:34,2026-06-19 15:06:34
ANY,3.59,3.43,0.0466,1.0253,,779000,3,0.3555,0.6092,0.1776,,,yf_premarket,0.10626326159434331,0.35678342354798703,0.36960931188596313,0.6,0.5,blocked,0.4411028441404271,2.8194,,,new,15:06:34,2026-06-19 15:06:34
SKYT,37.15,36.57,0.0159,2.4551,,853480,3,0.5282,1.8066,0.0494,,,yf_premarket,0.255000545730449,0.5301069038482328,0.10087924613264708,0.6,0.5,blocked,0.15050504767881526,2.8189,,,new,15:06:34,2026-06-19 15:06:34
SKYT,37.15,36.57,0.01586000300836392,2.4551249004077422,0.0,853480,3,0.5281554203498854,1.8066001892089845,0.04940115406849932,,,yf_premarket,0.2550031360361012,0.5300621632569854,0.10088166526606132,0.6,0.5,blocked,0.15012644710440035,2.8183,,,new,15:06:34,2026-06-19 15:06:34
SMWB,4.93,4.99,-0.012,1.5046,,939090,3,0.7027,0.3431,0.0688,,,yf_premarket,0.15612322822354702,0.7052368824955569,0.14154510631684622,0.6,0.5,blocked,0.0,2.8154,,,new,15:06:34,2026-06-19 15:06:34
SMWB,4.93,4.99,-0.012024002779607251,1.5046481167939174,0.0,939090,3,0.7027026199789321,0.3430999517440796,0.0687575085133115,,,yf_premarket,0.1561282336517528,0.7052395119331183,0.14145603658196512,0.6,0.5,blocked,0.0,2.8154,,,new,15:06:34,2026-06-19 15:06:34
CDE,17.47,17.51,-0.0022844219508266353,3.6163390157063904,0.0,50345750,3,0.537736040029132,1.1639998435974122,0.06647628945643615,,,yf_premarket,0.3758003341127774,0.5396773708206221,0.13667419456049998,0.6,0.5,blocked,0.0,2.8114,,,new,15:06:34,2026-06-19 15:06:34
CDE,17.47,17.51,-0.0023,3.6163,,50345750,3,0.5377,1.164,0.0665,,,yf_premarket,0.3757962754400909,0.5396412006800355,0.13672389608882263,0.6,0.5,blocked,0.0,2.8113,,,new,15:06:34,2026-06-19 15:06:34
AYA,20.0425,19.88,0.0082,1.3267,,543450,3,0.6569,1.322,0.0665,,,yf_premarket,0.13761688968122415,0.6592715356643396,0.13672389608882263,0.6,0.5,blocked,0.0776189554066846,2.8098,,,new,15:06:34,2026-06-19 15:06:34
CRCT,4.46,4.46,-8.553132817376909e-09,1.6112635508973956,0.0,444620,3,0.7113405609373141,0.1375,0.030829596148866423,,,yf_premarket,0.16721907860597246,0.7139086375239394,0.06195236744324957,0.6,0.5,blocked,0.0,2.8096,,,new,15:06:34,2026-06-19 15:06:34
CRCT,4.46,4.46,-0.0,1.6113,,444620,3,0.7113,0.1375,0.0308,,,yf_premarket,0.1672228702835012,0.7138679301538206,0.06189032863645614,0.6,0.5,blocked,-0.0,2.8095,,,new,15:06:34,2026-06-19 15:06:34
AYA,20.0425,19.88,0.008174086825622009,1.326708988867421,0.0,543450,3,0.6569104485805138,1.321999740600586,0.06649898372277435,,,yf_premarket,0.13761782476286333,0.6592820219662437,0.13672176579049444,0.6,0.5,blocked,0.07737366839125887,2.8094,,,new,15:06:34,2026-06-19 15:06:34
BANC,20.09,20.09,-0.0,1.7526,,2588300,3,0.7035,0.4317,0.0215,,,yf_premarket,0.18192183394865138,0.706039770649814,0.04239586988836066,0.6,0.5,blocked,-0.0,2.8062,,,new,15:06:34,2026-06-19 15:06:34
BANC,20.09,20.09,-7.595216008370858e-09,1.7525789127999072,0.0,2588300,3,0.7035021855136121,0.4316974404177184,0.021488175069133055,,,yf_premarket,0.18191964031816332,0.7060419640535517,0.04237108272416876,0.6,0.5,blocked,0.0,2.8061,,,new,15:06:34,2026-06-19 15:06:34
EGO,33.44,33.05,0.0118,1.6027,,3595770,3,0.616,1.612,0.0488,,,yf_premarket,0.1663282412140016,0.6182238787779466,0.09962153911664093,0.6,0.5,blocked,0.11169556997547295,2.8033,,,new,15:06:34,2026-06-19 15:06:34
EGO,33.44,33.05,0.011800325928665206,1.6027165252505027,0.0,3595770,3,0.6160091588128681,1.6120004653930664,0.04877459917110839,,,yf_premarket,0.16632996028022026,0.6182330706558953,0.099568294448792,0.6,0.5,blocked,0.11169865512700104,2.8033,,,new,15:06:34,2026-06-19 15:06:34
AUNA,5.13,5.13,-0.0,0.9195,,357350,3,0.7573,0.1993,0.0388,,,yf_premarket,0.0952572435067786,0.7600339990236022,0.07865975551653827,0.6,0.5,blocked,-0.0,2.8023,,,new,15:06:34,2026-06-19 15:06:34
AUNA,5.13,5.13,-2.2308170667127462e-08,0.9195466629354974,0.0,357350,3,0.7572816028391712,0.19930009841918944,0.038849920852469556,,,yf_premarket,0.09526209769498373,0.7600155354454755,0.07876439852719821,0.6,0.5,blocked,0.0,2.8023,,,new,15:06:34,2026-06-19 15:06:34
CRSP,53.98,54.09,-0.002033650439592962,1.2179004443105657,0.0,1593480,3,0.7274029852053259,2.7575000762939452,0.050979849667499307,,,yf_premarket,0.126298837905828,0.7300290502407368,0.10419089281772853,0.6,0.5,blocked,0.0,2.8016,,,new,15:06:34,2026-06-19 15:06:34
CRSP,53.98,54.09,-0.002,1.2179,,1593480,3,0.7274,2.7575,0.051,,,yf_premarket,0.1262987916856945,0.7300260542582442,0.10423313150866349,0.6,0.5,blocked,0.0,2.8016,,,new,15:06:34,2026-06-19 15:06:34
CART,44.6709,44.55,0.002713821885744962,2.092016296344072,0.0,4651350,3,0.6436462385460316,1.9512004852294922,0.043797991439836315,,,yf_premarket,0.21723016945694126,0.6459699255759143,0.08913643701623969,0.6,0.5,blocked,0.025688295113575964,2.8009,,,new,15:06:34,2026-06-19 15:06:34
CART,44.6709,44.55,0.0027,2.092,,4651350,3,0.6436,1.9512,0.0438,,,yf_premarket,0.21722847420308855,0.6459235200998157,0.08914064731658959,0.6,0.5,blocked,0.02555746092659127,2.8006,,,new,15:06:34,2026-06-19 15:06:34
PLMK,10.67,10.67,-7.1503228526736585e-09,0.23655700228605506,0.0,201220,4,0.7272743035988313,0.056000041961669925,0.005248363782685243,,,yf_premarket,0.02421298088281522,0.7298999040688302,0.008329541734866375,0.8,0.5,blocked,0.0,2.8003,,,new,15:06:34,2026-06-19 15:06:34
PLMK,10.67,10.67,-0.0,0.2366,,201220,4,0.7273,0.056,0.0052,,,yf_premarket,0.0242174537903521,0.729925693238962,0.008228162620193331,0.8,0.5,blocked,-0.0,2.8003,,,new,15:06:34,2026-06-19 15:06:34
CBRG,7.37,7.29,0.011,0.9601,,6678580,3,0.5839,1.513,0.2075,,,yf_premarket,0.09948072492790455,0.5860079915883816,0.43228504485027003,0.6,0.5,blocked,0.10412298896018664,2.7936,,,new,15:06:34,2026-06-19 15:06:34
FIP,4.81,4.81,0.0,1.2195,,929020,3,0.7129,0.3387,0.0704,,,yf_premarket,0.12646523430327583,0.7154737064623347,0.14489899169286266,0.6,0.5,blocked,0.0,2.7931,,,new,15:06:34,2026-06-19 15:06:34
CBRG,7.37,7.29,0.010973942190067962,0.9600543828179045,0.0,6678580,3,0.5838509187999698,1.5130000114440918,0.2075445842745253,,,yf_premarket,0.09947597952590789,0.5859587331957553,0.43237850144172674,0.6,0.5,blocked,0.10387633286419753,2.7931,,,new,15:06:34,2026-06-19 15:06:34
FIP,4.81,4.81,1.1896145379268066e-08,1.2194570622806828,0.0,929020,3,0.7128712544077941,0.3387000560760498,0.07041581291169957,,,yf_premarket,0.12646076763677824,0.7154448570929981,0.14493213837617605,0.6,0.5,blocked,1.1260565581766403e-07,2.793,,,new,15:06:34,2026-06-19 15:06:34
FRVO,36.5,35.09,0.0402,1.2189,,1828970,3,0.4212,2.863,0.0816,,,yf_premarket,0.12640281832168285,0.42272061321634924,0.16837618932497764,0.6,0.5,blocked,0.38052219601813664,2.79,,,new,15:06:34,2026-06-19 15:06:34
FRVO,36.5,35.09,0.04018238362156638,1.2189374347310236,0.0,1828970,3,0.4212169777241908,2.8630001068115236,0.08159019932635643,,,yf_premarket,0.12640671253082034,0.42273765223339804,0.16835564536497247,0.6,0.5,blocked,0.380355444202031,2.7898,,,new,15:06:34,2026-06-19 15:06:34
BKH,71.3,72.75,-0.01993127147766327,0.8780879274249825,0.0,1433000,3,0.7553648630801588,2.2620002746582033,0.03109278728052513,,,yf_premarket,0.0909492849074952,0.7580918758863447,0.06250406299797917,0.6,0.5,blocked,0.0,2.7839,,,new,15:06:34,2026-06-19 15:06:34
BKH,71.3,72.75,-0.0199,0.8781,,1433000,3,0.7554,2.262,0.0311,,,yf_premarket,0.09095054077686197,0.7581271396572417,0.06251918214445921,0.6,0.5,blocked,0.0,2.7839,,,new,15:06:34,2026-06-19 15:06:34
DHC,8.8932,8.86,0.0037472172245213383,1.5267763673689505,0.0,2206610,2,0.7676762130451117,0.400999641418457,0.04525955496129707,,,yf_premarket,0.1584301611193802,0.7704476721985621,0.09220013484170612,0.4,0.5,blocked,0.03547013251820514,2.7778,,,new,15:06:34,2026-06-19 15:06:34
DHC,8.8932,8.86,0.0037,1.5268,,2206610,2,0.7677,0.401,0.0453,,,yf_premarket,0.1584326195424878,0.7704715450289443,0.09228491485660499,0.4,0.5,blocked,0.03502318719569915,2.7773,,,new,15:06:34,2026-06-19 15:06:34
EQ,3.01,3.05,-0.0131,0.7902,,537340,2,0.8269,0.276,0.0905,,,yf_premarket,0.0818065994734883,0.8298852684439676,0.187032176729069,0.4,0.5,blocked,0.0,2.776,,,new,15:06:34,2026-06-19 15:06:34
EQ,3.01,3.05,-0.01311473866939143,0.7901887073361372,0.0,537340,2,0.8269228564917913,0.2760000228881836,0.09049181219776048,,,yf_premarket,0.0818054247356553,0.8299082074521016,0.18701501363519846,0.4,0.5,blocked,0.0,2.776,,,new,15:06:34,2026-06-19 15:06:34
QUBT,10.7,10.76,-0.005576229331369799,1.2753316606319205,0.0,16639750,3,0.6918367839465133,0.9205000877380372,0.08554833347189382,,,yf_premarket,0.13227321414045626,0.6943344481374573,0.17665260050686565,0.6,0.5,blocked,0.0,2.7754,,,new,15:06:34,2026-06-19 15:06:34
QUBT,10.7,10.76,-0.0056,1.2753,,16639750,3,0.6918,0.9205,0.0855,,,yf_premarket,0.1322699205914243,0.6942975313938043,0.17655128492901767,0.6,0.5,blocked,0.0,2.7753,,,new,15:06:34,2026-06-19 15:06:34
ARHS,7.26,7.26,-0.0,0.9507,,1299030,3,0.7292,0.434,0.0598,,,yf_premarket,0.0985028745496143,0.7318325526053225,0.12267950107675384,0.6,0.5,blocked,-0.0,2.7728,,,new,15:06:34,2026-06-19 15:06:34
ARHS,7.26,7.26,-3.152642271829715e-08,0.9507093754570718,0.0,1299030,3,0.7291667701469486,0.43400001525878906,0.059779614542192994,,,yf_premarket,0.09850384984687434,0.7317992027860942,0.12263676952123989,0.6,0.5,blocked,0.0,2.7727,,,new,15:06:34,2026-06-19 15:06:34
EVER,20.16,20.16,7.568843845338416e-09,1.1451054453887315,0.0,635400,4,0.6130133429484604,1.0279998779296875,0.050992057822939384,,,yf_premarket,0.1187262190512159,0.6152264393185598,0.10421648328897766,0.8,0.5,blocked,7.164460401359533e-08,2.7607,,,new,15:06:34,2026-06-19 15:06:34
EVER,20.16,20.16,0.0,1.1451,,635400,4,0.613,1.028,0.051,,,yf_premarket,0.11872565258574452,0.6152130481994826,0.10423313150866349,0.8,0.5,blocked,0.0,2.7606,,,new,15:06:34,2026-06-19 15:06:34
BWB,19.74,19.74,1.1594824570828304e-08,1.7183885890516577,0.0,207520,3,0.6810337173243184,0.49850006103515626,0.02525329619124504,,,yf_premarket,0.17836293595528122,0.6834923803616945,0.05026344814315747,0.6,0.5,blocked,1.0975343552578695e-07,2.7597,,,new,15:06:34,2026-06-19 15:06:34
BWB,19.74,19.74,0.0,1.7184,,207520,3,0.681,0.4985,0.0253,,,yf_premarket,0.1783641229978507,0.6834585413113339,0.05036134765639967,0.6,0.5,blocked,0.0,2.7596,,,new,15:06:34,2026-06-19 15:06:34
AMSC,43.29,43.4,-0.0025345972813690916,0.8025895517588801,0.0,1399470,3,0.7240261067264577,3.2830005645751954,0.07564517163939685,,,yf_premarket,0.08309544286436782,0.7266399805794258,0.15589380697790592,0.6,0.5,blocked,0.0,2.7559,,,new,15:06:34,2026-06-19 15:06:34
AMSC,43.29,43.4,-0.0025,0.8026,,1399470,3,0.724,3.283,0.0756,,,yf_premarket,0.0830965297597435,0.7266137796026516,0.15579911916491604,0.6,0.5,blocked,0.0,2.7558,,,new,15:06:34,2026-06-19 15:06:34
FBP,25.47,25.2,0.010714255114532452,1.8687295697737665,0.0,1856930,3,0.5950923834821377,0.4359994888305664,0.01730156649327455,,,yf_premarket,0.19400240243098768,0.5972407817330202,0.033595204425620764,0.6,0.5,blocked,0.10141820609155326,2.7544,,,new,15:06:34,2026-06-19 15:06:34
FBP,25.47,25.2,0.0107,1.8687,,1856930,3,0.5951,0.436,0.0173,,,yf_premarket,0.19399932638689582,0.5972484257479805,0.03359192077631755,0.6,0.5,blocked,0.10128327107945428,2.7542,,,new,15:06:34,2026-06-19 15:06:34
BHF,63.25,63.25,0.0,1.8489265314161907,0.0,507700,2,0.776061412113339,0.5839996337890625,0.009233195791131422,,,yf_premarket,0.1919423589683013,0.7788631434522711,0.016682460359247503,0.4,0.5,blocked,0.0,2.754,,,new,15:06:34,2026-06-19 15:06:34
BHF,63.25,63.25,0.0,1.8489,,507700,2,0.7761,0.584,0.0092,,,yf_premarket,0.191939598994327,0.7789018706486435,0.016612876060234396,0.4,0.5,blocked,0.0,2.754,,,new,15:06:34,2026-06-19 15:06:34
AMTB,23.6,23.6,-1.6163971143023256e-08,1.656999641962048,0.0,279300,3,0.6806289257931475,0.619000244140625,0.026228823480301817,,,yf_premarket,0.17197685030268392,0.6830861274550436,0.052308327336077765,0.6,0.5,blocked,0.0,2.7503,,,new,15:06:34,2026-06-19 15:06:34
AMTB,23.6,23.6,-0.0,1.657,,279300,3,0.6806,0.619,0.0262,,,yf_premarket,0.17197688754816762,0.6830570972342054,0.05224790818040891,0.6,0.5,blocked,-0.0,2.7502,,,new,15:06:34,2026-06-19 15:06:34
EGAN,7.51,7.51,-0.0,1.5889,,290710,2,0.7759,0.328,0.0437,,,yf_premarket,0.16489267363736274,0.7787011486100792,0.08893102948058856,0.4,0.5,blocked,-0.0,2.7492,,,new,15:06:34,2026-06-19 15:06:34
EGAN,7.51,7.51,-3.04769413016038e-08,1.5888686319700045,0.0,290710,2,0.775862664303308,0.32800002098083497,0.043675101329480374,,,yf_premarket,0.16488941052672473,0.778663678124323,0.0888788374262523,0.4,0.5,blocked,0.0,2.7491,,,new,15:06:34,2026-06-19 15:06:34
KLRA,19.51,19.9,-0.0196,4.767,,913740,3,0.4106,1.511,0.0759,,,yf_premarket,0.49549972547185545,0.412082345172443,0.1564279726729191,0.6,0.5,blocked,0.0,2.7456,,,new,15:06:34,2026-06-19 15:06:34
KLRA,19.51,19.9,-0.019597971156095708,4.767001554052575,0.0,913740,3,0.41055709125405104,1.5109994888305665,0.07592962400982006,,,yf_premarket,0.49549988713471693,0.41203928151764746,0.15649006988124067,0.6,0.5,blocked,0.0,2.7456,,,new,15:06:34,2026-06-19 15:06:34
MGNX,4.1,4.13,-0.0073,1.5548,,625100,3,0.6667,0.2545,0.0616,,,yf_premarket,0.1613453653501609,0.6691069155539886,0.12645262212477232,0.6,0.5,blocked,0.0,2.7435,,,new,15:06:34,2026-06-19 15:06:34
MGNX,4.1,4.13,-0.007263950026543635,1.5547912334026557,0.0,625100,3,0.666666997803569,0.25450003147125244,0.06162228194168085,,,yf_premarket,0.16134445339053008,0.6690737942132651,0.12649932904874273,0.6,0.5,blocked,0.0,2.7434,,,new,15:06:34,2026-06-19 15:06:34
CDXS,2.63,2.57,0.023346330083944638,2.242044915286845,0.0,779690,2,0.5454544961945148,0.1629999876022339,0.06342412133706256,,,yf_premarket,0.23283714198753208,0.5474236921010449,0.13027630579755584,0.4,0.5,blocked,0.22098996996285827,2.7407,,,new,15:06:34,2026-06-19 15:06:34
CDXS,2.63,2.57,0.0233,2.242,,779690,2,0.5455,0.163,0.0634,,,yf_premarket,0.23283246960133716,0.547469360184042,0.1302257431727908,0.4,0.5,blocked,0.22055142207021355,2.7401,,,new,15:06:34,2026-06-19 15:06:34
UUUU,16.6107,16.56,0.0031,2.4407,,11685920,2,0.6659,1.256,0.0758,,,yf_premarket,0.25350256217221717,0.6683040273997317,0.1562183548369181,0.4,0.5,blocked,0.029343751434234417,2.739,,,new,15:06:34,2026-06-19 15:06:34
UUUU,16.6107,16.56,0.0030616265514917585,2.4407064227720197,0.0,11685920,2,0.6659242591394501,1.2559998512268067,0.07584540409013421,,,yf_premarket,0.25350323031158406,0.6683283741193528,0.15631352990811337,0.4,0.5,blocked,0.0289805188746537,2.7385,,,new,15:06:34,2026-06-19 15:06:34
CNOB,32.45,32.45,-2.351123058074526e-08,0.835409400431822,0.0,481680,3,0.7403105875673301,0.7229999542236328,0.022280429498459604,,,yf_premarket,0.08650958131545983,0.7429832515361292,0.04403178931454535,0.6,0.5,blocked,0.0,2.7377,,,new,15:06:34,2026-06-19 15:06:34
CNOB,32.45,32.45,-0.0,0.8354,,481680,3,0.7403,0.723,0.0223,,,yf_premarket,0.08650860342016055,0.7429726257456394,0.04407281257636888,0.6,0.5,blocked,-0.0,2.7377,,,new,15:06:34,2026-06-19 15:06:34
IRWD,3.51,3.54,-0.0085,2.268,,2179200,3,0.6094,0.205,0.0579,,,yf_premarket,0.23553716213703357,0.6116000515053258,0.11869676219273434,0.6,0.5,blocked,0.0,2.7359,,,new,15:06:34,2026-06-19 15:06:34
IRWD,3.51,3.54,-0.008474565586527281,2.268034140969163,0.0,2179200,3,0.6093749185092577,0.20500001907348633,0.05790961053179736,,,yf_premarket,0.235540713707205,0.6115748794655657,0.11871690758151615,0.6,0.5,blocked,0.0,2.7358,,,new,15:06:34,2026-06-19 15:06:34
ASB,29.2,29.2,-2.6128062804842905e-08,1.7055586860684808,0.0,2413520,3,0.6724144734894948,0.5799999237060547,0.01986301056684179,,,yf_premarket,0.17702828430788475,0.674842019394653,0.03896444806300895,0.6,0.5,blocked,0.0,2.7347,,,new,15:06:34,2026-06-19 15:06:34
ASB,29.2,29.2,-0.0,1.7056,,2413520,3,0.6724,0.58,0.0199,,,yf_premarket,0.17703258205720016,0.6748274936530704,0.03904198451234424,0.6,0.5,blocked,-0.0,2.7347,,,new,15:06:34,2026-06-19 15:06:34
ELAN,24.29,24.22,0.0029,1.8049,,5675710,3,0.632,1.028,0.0424,,,yf_premarket,0.18736242701084072,0.6342816418630881,0.08620599761257522,0.6,0.5,blocked,0.027450606180412843,2.7339,,,new,15:06:34,2026-06-19 15:06:34
ELAN,24.29,24.22,0.0028902018426940988,1.8048843228424285,0.0,5675710,3,0.6320343818248624,1.0279998779296875,0.04244425710461792,,,yf_premarket,0.18736079616887671,0.6343161478129679,0.086298768397552,0.6,0.5,blocked,0.027357859505413522,2.7339,,,new,15:06:34,2026-06-19 15:06:34
BFAM,64.32,64.32,0.0,1.7768,,1110000,2,0.7567,2.411,0.0375,,,yf_premarket,0.18443927853956882,0.7594318329079095,0.07593472364852491,0.4,0.5,blocked,0.0,2.7335,,,new,15:06:34,2026-06-19 15:06:34
BFAM,64.32,64.32,4.7446482567901346e-09,1.7768468468468468,0.0,1110000,2,0.7567207133485203,2.4109996795654296,0.037484447932288174,,,yf_premarket,0.18444415185945295,0.759452621035612,0.07590212374073398,0.4,0.5,blocked,4.491154164197527e-08,2.7335,,,new,15:06:34,2026-06-19 15:06:34
CFG,66.66,67.08,-0.0063,1.6354,,4821790,3,0.6764,1.4135,0.0211,,,yf_premarket,0.1697299122108198,0.6788419344243557,0.041557398544356555,0.6,0.5,blocked,0.0,2.7331,,,new,15:06:34,2026-06-19 15:06:34
CFG,66.66,67.08,-0.00626120780545732,1.6353677783561706,0.0,4821790,3,0.6763569344323013,1.4135002136230468,0.02107185711149857,,,yf_premarket,0.1697265603016062,0.6787987133816537,0.04149840603049168,0.6,0.5,blocked,0.0,2.7329,,,new,15:06:34,2026-06-19 15:06:34
BY,35.15,35.15,-4.341049335510468e-08,1.046690338650697,0.0,377380,3,0.7231332660718803,0.6668003082275391,0.018970135968176635,,,yf_premarket,0.10848842656682632,0.7257439165979266,0.037092823651084204,0.6,0.5,blocked,0.0,2.7328,,,new,15:06:34,2026-06-19 15:06:34
BY,35.15,35.15,-0.0,1.0467,,377380,3,0.7231,0.6668,0.019,,,yf_premarket,0.10848943160449342,0.7257105304291124,0.037155423988335,0.6,0.5,blocked,-0.0,2.7327,,,new,15:06:34,2026-06-19 15:06:34
CTS,67.01,67.0,0.00014925373134335994,1.7128108869075551,0.0,362270,2,0.757991273221331,2.7380001068115236,0.04086567323599289,,,yf_premarket,0.17778270636468535,0.7607277678745544,0.08298977505267893,0.4,0.5,blocked,0.001412794965539212,2.7317,,,new,15:06:34,2026-06-19 15:06:34
CTS,67.01,67.0,0.0001,1.7128,,362270,2,0.758,2.738,0.0409,,,yf_premarket,0.1777815738363161,0.7607365261585772,0.08306173007255982,0.4,0.5,blocked,0.0009465726269107877,2.7311,,,new,15:06:34,2026-06-19 15:06:34
ATOM,9.05,9.0,0.0056,1.0135,,1243260,3,0.6347,1.0175,0.1131,,,yf_premarket,0.10503574728968108,0.6369913893837058,0.234405807665301,0.6,0.5,blocked,0.05300806710700411,2.7283,,,new,15:06:34,2026-06-19 15:06:34
ATOM,9.05,9.0,0.005555555555555635,1.0135450348277915,0.0,1243260,3,0.6346863721853626,1.0174998760223388,0.11305554178025987,,,yf_premarket,0.10504043211131853,0.6369777123700298,0.23431261530715716,0.6,0.5,blocked,0.05258736816171118,2.7276,,,new,15:06:34,2026-06-19 15:06:34
FRPT,55.01,55.01,0.0,1.2252,,1333500,3,0.6907,2.5996,0.0473,,,yf_premarket,0.12705818612840927,0.6931935601817009,0.09647727157662551,0.6,0.5,blocked,0.0,2.7252,,,new,15:06:34,2026-06-19 15:06:34
FRPT,55.01,55.01,3.051203137791151e-08,1.2251968503937007,0.0,1333500,3,0.690677710971176,2.599599075317383,0.047256847021203995,,,yf_premarket,0.12705785848546128,0.6931711906851851,0.09638681523630335,0.6,0.5,blocked,2.8881853693774075e-07,2.7251,,,new,15:06:34,2026-06-19 15:06:34
CHYM,17.55,17.6,-0.0028,1.7843,,4391100,2,0.7414,0.9669,0.0549,,,yf_premarket,0.18521947830948127,0.7440765969577429,0.11240822711270353,0.4,0.5,blocked,0.0,2.7222,,,new,15:06:34,2026-06-19 15:06:34
CHYM,17.55,17.6,-0.0028409307037498177,1.784290952153219,0.0,4391100,2,0.741379218209255,0.9669001579284668,0.05493750778246993,,,yf_premarket,0.1852185370924177,0.7440557401407262,0.11248685011464898,0.4,0.5,blocked,0.0,2.7222,,,new,15:06:34,2026-06-19 15:06:34
DX,13.07,13.06,0.0008,1.5608,,4600670,4,0.5738,0.197,0.0151,,,yf_premarket,0.16196952516609084,0.575871528640886,0.028980328384294964,0.8,0.5,blocked,0.007572581015286302,2.7205,,,new,15:06:34,2026-06-19 15:06:34
DX,13.07,13.06,0.0007656646295570751,1.5607726700676205,0.0,4600670,4,0.5737714400959303,0.1969999313354492,0.015084220903970769,,,yf_premarket,0.1619666821251636,0.5758428656300556,0.028947252584657964,0.8,0.5,blocked,0.007247571797325158,2.72,,,new,15:06:34,2026-06-19 15:06:34
MOV,38.46,38.46,0.0,1.107,,362600,3,0.7031,1.3507,0.0351,,,yf_premarket,0.11476223775458937,0.7056383265726854,0.07090389558450028,0.6,0.5,blocked,0.0,2.7189,,,new,15:06:34,2026-06-19 15:06:34
MOV,38.46,38.46,2.3804663712856783e-08,1.1070049641478212,0.0,362600,3,0.7031050232844939,1.3507219287173426,0.03512017578967301,,,yf_premarket,0.11476275415818776,0.7056433679922051,0.07094618763820897,0.6,0.5,blocked,2.2532843063406752e-07,2.7189,,,new,15:06:34,2026-06-19 15:06:34
ACAD,21.33,21.62,-0.013413544309727372,2.53095428652135,0.0,1274460,3,0.5954206142247498,0.6249998092651368,0.028908408187059902,,,yf_premarket,0.26289141198255955,0.597570197451903,0.05792521481219851,0.6,0.5,blocked,0.0,2.7184,,,new,15:06:34,2026-06-19 15:06:34
ACAD,21.33,21.62,-0.0134,2.531,,1274460,3,0.5954,0.625,0.0289,,,yf_premarket,0.2628961674019628,0.597549508805827,0.05790758975243663,0.6,0.5,blocked,0.0,2.7184,,,new,15:06:34,2026-06-19 15:06:34
CBSH,54.73,54.73,0.0,1.5817,,1537490,3,0.6744,1.006,0.0184,,,yf_premarket,0.16414368185824682,0.676834714038713,0.03589771697232884,0.6,0.5,blocked,0.0,2.7178,,,new,15:06:34,2026-06-19 15:06:34
CBSH,54.73,54.73,8.36403567654602e-09,1.581733864935707,0.0,1537490,3,0.6743589843910474,1.0060009002685546,0.018381160399831575,,,yf_premarket,0.16414720471358635,0.6767935503555034,0.03585822581014454,0.6,0.5,blocked,7.917167221923713e-08,2.7177,,,new,15:06:34,2026-06-19 15:06:34
CGBD,10.95,10.95,1.74187092139783e-08,1.8209411204570702,0.0,504080,3,0.6545960965787285,0.2228001594543457,0.02034704687993031,,,yf_premarket,0.18903113080947323,0.6569593147074755,0.039979074507964264,0.6,0.5,blocked,1.648807333807058e-07,2.7175,,,new,15:06:34,2026-06-19 15:06:34
CGBD,10.95,10.95,0.0,1.8209,,504080,3,0.6546,0.2228,0.0203,,,yf_premarket,0.1890268531866539,0.6569632322208504,0.03988045585634834,0.6,0.5,blocked,0.0,2.7174,,,new,15:06:34,2026-06-19 15:06:34
SILA,30.3,30.3,2.5179520562574005e-08,1.6152952920325137,0.0,490870,4,0.5789346878952758,0.039499664306640626,0.001303619316872054,,,yf_premarket,0.16763848707343454,0.5810247537495412,6.0653749858514986e-05,0.8,0.5,blocked,2.383424492326987e-07,2.7135,,,new,15:06:34,2026-06-19 15:06:34
SILA,30.3,30.3,0.0,1.6153,,490870,4,0.5789,0.0395,0.0013,,,yf_premarket,0.1676389768274545,0.5809899406242748,5.3067016153295246e-05,0.8,0.5,blocked,0.0,2.7135,,,new,15:06:34,2026-06-19 15:06:34
CRSR,9.0904,8.95,0.0157,1.4356,,2497640,3,0.5488,0.5588,0.0624,,,yf_premarket,0.14894539034035265,0.5507812738203525,0.1281295648127805,0.6,0.5,blocked,0.14861190242499367,2.712,,,new,15:06:34,2026-06-19 15:06:34
CRSR,9.0904,8.95,0.015687172483458623,1.4355551640748867,0.0,2497640,3,0.548780459438588,0.558799934387207,0.0624357481894839,,,yf_premarket,0.14894072620989168,0.5507616627137459,0.12820449939398623,0.6,0.5,blocked,0.14849048066470055,2.7118,,,new,15:06:34,2026-06-19 15:06:34
ES,68.6,69.59,-0.014226130047252119,1.845461797688054,0.0,3296790,4,0.5472145302192575,1.6230018615722657,0.023322344402661902,,,yf_premarket,0.19158193437396798,0.5491900801879891,0.04621582878970638,0.8,0.5,blocked,0.0,2.7089,,,new,15:06:34,2026-06-19 15:06:34
ES,68.6,69.59,-0.0142,1.8455,,3296790,4,0.5472,1.623,0.0233,,,yf_premarket,0.19158590843196668,0.5491754975118384,0.04616899093637914,0.8,0.5,blocked,0.0,2.7088,,,new,15:06:34,2026-06-19 15:06:34
FBRT,8.5,8.43,0.0083,2.1966,,1405380,3,0.5586,0.218,0.0259,,,yf_premarket,0.22810966032746727,0.5606166537100016,0.05161905467240583,0.6,0.5,blocked,0.07856552803359539,2.7071,,,new,15:06:34,2026-06-19 15:06:34
FBRT,8.5,8.43,0.008303640841061527,2.1965589377961834,0.0,1405380,3,0.5585590074919239,0.21800012588500978,0.025860037721607658,,,yf_premarket,0.22810538876453793,0.5605755132110671,0.0515352866092231,0.6,0.5,blocked,0.07859999123847312,2.707,,,new,15:06:34,2026-06-19 15:06:34
REZI,31.91,31.91,4.7818204793718725e-09,1.5352572699875349,0.0,1267540,3,0.655999755859375,1.5860002517700196,0.049702295811782767,,,yf_premarket,0.15931240088893608,0.6583680414687806,0.10151291207162785,0.6,0.5,blocked,4.526340372574836e-08,2.7065,,,new,15:06:34,2026-06-19 15:06:34
REZI,31.91,31.91,0.0,1.5353,,1267540,3,0.656,1.586,0.0497,,,yf_premarket,0.15931684594838857,0.6583682864908004,0.10150809964065016,0.6,0.5,blocked,0.0,2.7065,,,new,15:06:34,2026-06-19 15:06:34
GPCR,44.7,44.51,0.0043,1.2134,,949290,2,0.7471,2.3585,0.053,,,yf_premarket,0.12583067182374705,0.7497971750568245,0.10842548822868403,0.4,0.5,blocked,0.04070262295716387,2.7036,,,new,15:06:34,2026-06-19 15:06:34
GPCR,44.7,44.51,0.004268741532953059,1.213433197442299,0.0,949290,2,0.7471048767688689,2.358500671386719,0.05298810964559653,,,yf_premarket,0.12583412524199283,0.7498020694317695,0.10840056392509063,0.4,0.5,blocked,0.0404067388645056,2.7032,,,new,15:06:34,2026-06-19 15:06:34
BZUN,2.79,2.79,1.3672750255681422e-08,0.6186473060756591,0.0,261700,3,0.7321426594743722,0.10159997940063477,0.0364157637239376,,,yf_premarket,0.06396054982980451,0.7347858356478048,0.0736619710295048,0.6,0.5,blocked,1.294225112661551e-07,2.7023,,,new,15:06:34,2026-06-19 15:06:34
BZUN,2.79,2.79,0.0,0.6186,,261700,3,0.7321,0.1016,0.0364,,,yf_premarket,0.06395562873789189,0.7347430221645044,0.07362892745251362,0.6,0.5,blocked,0.0,2.7022,,,new,15:06:34,2026-06-19 15:06:34
OVID,2.3,2.27,0.013215867544299039,4.469717930421867,0.0,3433550,3,0.3195266898266528,0.1633000373840332,0.07193834306438247,,,yf_premarket,0.4645744718339953,0.3206802427884921,0.14812363313469307,0.6,0.5,blocked,0.12509778458312162,2.6999,,,new,15:06:34,2026-06-19 15:06:34
OVID,2.3,2.27,0.0132,4.4697,,3433550,3,0.3195,0.1633,0.0719,,,yf_premarket,0.46457260659252664,0.32065345660641875,0.14804325923287806,0.6,0.5,blocked,0.12494758675222398,2.6996,,,new,15:06:34,2026-06-19 15:06:34
BCAT,15.96,15.86,0.00630519202316965,0.495308661861233,0.0,744990,2,0.8033025909042315,0.2647833811059945,0.01669504330629147,,,yf_premarket,0.051130045584817,0.8062026681512794,0.03232382364622237,0.4,0.5,blocked,0.0596832217654864,2.6948,,,new,15:06:34,2026-06-19 15:06:34
BCAT,15.96,15.86,0.0063,0.4953,,744990,2,0.8033,0.2648,0.0167,,,yf_premarket,0.05112914452053153,0.806200067893384,0.032334213760311384,0.4,0.5,blocked,0.05963407549537963,2.6947,,,new,15:06:34,2026-06-19 15:06:34
PB,71.19,71.19,-0.0,1.5073,,1075230,3,0.6629,1.291,0.0181,,,yf_premarket,0.1564041001407155,0.6652931968212676,0.03526886346432576,0.6,0.5,blocked,-0.0,2.6828,,,new,15:06:34,2026-06-19 15:06:34
PB,71.19,71.19,-3.4294229084809544e-08,1.5073054137254356,0.0,1075230,3,0.6628714914284265,1.291013414823682,0.01813475727699638,,,yf_premarket,0.15640466331236072,0.6652645853282536,0.03534172091621845,0.6,0.5,blocked,0.0,2.6828,,,new,15:06:34,2026-06-19 15:06:34
CYH,3.02,3.02,6.315723995480611e-09,1.4262463343108505,0.0,1364000,3,0.6595743061892952,0.10700004100799561,0.035430477378734546,,,yf_premarket,0.14797235996455102,0.6619554966146415,0.07159663511427655,0.6,0.5,blocked,5.978291453245578e-08,2.6817,,,new,15:06:34,2026-06-19 15:06:34
CYH,3.02,3.02,0.0,1.4262,,1364000,3,0.6596,0.107,0.0354,,,yf_premarket,0.1479675399620624,0.6619812831849571,0.07153274909250336,0.6,0.5,blocked,0.0,2.6817,,,new,15:06:34,2026-06-19 15:06:34
KRMN,50.49,50.37,0.0024,2.2947,,4143890,3,0.5505,3.9238,0.0779,,,yf_premarket,0.23831467331792186,0.5524874111481487,0.16062032939293963,0.6,0.5,blocked,0.022717743045858902,2.6768,,,new,15:06:34,2026-06-19 15:06:34
KRMN,50.49,50.37,0.0023823917145107255,2.2947037686811185,0.0,4143890,3,0.550458636318466,3.9238006591796877,0.07789955811763734,,,yf_premarket,0.2383150653611407,0.5524458981357486,0.16061940312869336,0.6,0.5,blocked,0.022551067835349128,2.6765,,,new,15:06:34,2026-06-19 15:06:34
FNKO,5.48,5.48,-3.4805631086519866e-09,1.2167608047217109,0.0,630280,2,0.7606840045189488,0.29589996337890623,0.05399634349434447,,,yf_premarket,0.1261802850331603,0.7634302204513728,0.11051400190066592,0.4,0.5,blocked,0.0,2.6714,,,new,15:06:34,2026-06-19 15:06:34
FNKO,5.48,5.48,-0.0,1.2168,,630280,2,0.7607,0.2959,0.054,,,yf_premarket,0.12618436238610736,0.7634462736791949,0.11052166658869429,0.4,0.5,blocked,-0.0,2.6714,,,new,15:06:34,2026-06-19 15:06:34
AGNC,10.39,10.38,0.001,1.3513,,14112370,4,0.5636,0.167,0.0161,,,yf_premarket,0.14017594492653693,0.5656347046741084,0.03107650674430523,0.8,0.5,blocked,0.009465726269107877,2.6713,,,new,15:06:34,2026-06-19 15:06:34
AGNC,10.39,10.38,0.0009633801010435931,1.3512613402284663,0.0,14112370,4,0.5636369311117931,0.1670001983642578,0.01608865091744295,,,yf_premarket,0.14017192328055622,0.5656717691143361,0.031052717043043174,0.8,0.5,blocked,0.00911909232958414,2.6708,,,new,15:06:34,2026-06-19 15:06:34
DRD,24.35,24.37,-0.0008207155742562616,1.811949069539667,0.0,357350,3,0.6210270955418409,1.0030000686645508,0.04115716184341756,,,yf_premarket,0.18809571800190006,0.6232691231040249,0.08360078716375206,0.6,0.5,blocked,0.0,2.6705,,,new,15:06:34,2026-06-19 15:06:34
DRD,24.35,24.37,-0.0008,1.8119,,357350,3,0.621,1.003,0.0412,,,yf_premarket,0.18809061346275902,0.6232419297420534,0.0836905835805629,0.6,0.5,blocked,0.0,2.6705,,,new,15:06:34,2026-06-19 15:06:34
FBNC,60.7572,60.76,-4.605532604522761e-05,3.0699292406214176,0.0,252970,3,0.5316798762481846,1.4909996032714843,0.024539164655359734,,,yf_premarket,0.31895916333955093,0.5335993431206678,0.04876650107143379,0.6,0.5,blocked,0.0,2.67,,,new,15:06:34,2026-06-19 15:06:34
FBNC,60.7572,60.76,-0.0,3.0699,,252970,3,0.5317,1.491,0.0245,,,yf_premarket,0.31895612153607067,0.5336195395231075,0.048684404968391465,0.6,0.5,blocked,-0.0,2.67,,,new,15:06:34,2026-06-19 15:06:34
FCX,68.74,68.68,0.0009,1.2065,,14888750,3,0.6588,3.166,0.0461,,,yf_premarket,0.1251128880354276,0.6611783950307002,0.0939618575446132,0.6,0.5,blocked,0.008519153642197089,2.6698,,,new,15:06:34,2026-06-19 15:06:34
FCX,68.74,68.68,0.0008736123261154384,1.2064746872638736,0.0,14888750,3,0.6587678924681961,3.1659996032714846,0.04609783909731422,,,yf_premarket,0.12511025483664073,0.6611461715845154,0.09395732790716518,0.6,0.5,blocked,0.008269375144327342,2.6693,,,new,15:06:34,2026-06-19 15:06:34
ESNT,58.45,58.45,-0.0,2.6831,,1078370,2,0.6609,1.219,0.0209,,,yf_premarket,0.2787186187357869,0.6632859764356249,0.0411381628723545,0.4,0.5,blocked,-0.0,2.6652,,,new,15:06:34,2026-06-19 15:06:34
ESNT,58.45,58.45,-1.3052856121886914e-08,2.683123603215965,0.0,1078370,2,0.6609194079325983,1.2189998626708984,0.02085542937141948,,,yf_premarket,0.27872107409894226,0.6633054544346021,0.041044734885231964,0.4,0.5,blocked,0.0,2.6652,,,new,15:06:34,2026-06-19 15:06:34
ACIC,10.5,10.5,0.0,1.2273236282194848,0.0,267900,3,0.6721312756886393,0.20199995040893554,0.019238090515136717,,,yf_premarket,0.12727910002817217,0.6745577991951298,0.037654504173888284,0.6,0.5,blocked,0.0,2.6589,,,new,15:06:34,2026-06-19 15:06:34
ACIC,10.5,10.5,0.0,1.2273,,267900,3,0.6721,0.202,0.0192,,,yf_premarket,0.12727664206398476,0.674526410595224,0.037574659660337045,0.6,0.5,blocked,0.0,2.6588,,,new,15:06:34,2026-06-19 15:06:34
CIM,13.35,13.28,0.0053,2.7525,,752890,4,0.4167,0.246,0.0185,,,yf_premarket,0.28593806727337656,0.41820436734865324,0.036107334808329866,0.8,0.5,blocked,0.05016834922627175,2.6586,,,new,15:06:34,2026-06-19 15:06:34
CIM,13.35,13.28,0.005271104550929594,2.7524605188008873,0.0,752890,4,0.41666640175730274,0.24600000381469728,0.018524097045268438,,,yf_premarket,0.2859339601770481,0.4181706478098213,0.03615784651316176,0.8,0.5,blocked,0.04989483281494834,2.6582,,,new,15:06:34,2026-06-19 15:06:34
BLZE,8.12,8.19,-0.0085,0.9539,,1264140,3,0.6647,0.528,0.0645,,,yf_premarket,0.09883575978477695,0.667099695168346,0.1325315393688021,0.6,0.5,blocked,0.0,2.6487,,,new,15:06:34,2026-06-19 15:06:34
BLZE,8.12,8.19,-0.008546957749663952,0.9538500482541491,0.0,1264140,3,0.6646880989647964,0.5279998779296875,0.06446885286714221,,,yf_premarket,0.09883056347269434,0.6670877511681106,0.13246624942292923,0.6,0.5,blocked,0.0,2.6487,,,new,15:06:34,2026-06-19 15:06:34
BSAC,32.64,32.64,0.0,1.0324,,444870,3,0.6771,0.88,0.027,,,yf_premarket,0.10700185070986039,0.6795444615593307,0.053924850868417126,0.6,0.5,blocked,0.0,2.6466,,,new,15:06:34,2026-06-19 15:06:34
BSAC,32.64,32.64,1.8699496767208986e-08,1.032436442106683,0.0,444870,3,0.6770599472484264,0.8799997329711914,0.02696077663684876,,,yf_premarket,0.10700564165962695,0.6795042642096009,0.05384263170337267,0.6,0.5,blocked,1.7700431776846791e-07,2.6464,,,new,15:06:34,2026-06-19 15:06:34
BLMN,7.95,8.06,-0.0136,1.1169,,2137000,3,0.6519,0.469,0.0582,,,yf_premarket,0.11579210145087378,0.6542534847002328,0.11932561570073742,0.6,0.5,blocked,0.0,2.6419,,,new,15:06:34,2026-06-19 15:06:34
BLMN,7.95,8.06,-0.013647694031004805,1.11689284043051,0.0,2137000,3,0.6518990951860858,0.46899995803833006,0.058188577372386016,,,yf_premarket,0.11579135666494461,0.6542525766197659,0.11930167183591853,0.6,0.5,blocked,0.0,2.6418,,,new,15:06:34,2026-06-19 15:06:34
ACT,42.39,42.39,0.0,2.8351,,330960,2,0.6377,0.826,0.0195,,,yf_premarket,0.2945306674060122,0.6400022199621698,0.038203513168340135,0.4,0.5,blocked,0.0,2.6409,,,new,15:06:34,2026-06-19 15:06:34
ACT,42.39,42.39,1.439848010985065e-08,2.8350858109741357,0.0,330960,2,0.6376811060043712,0.8259994506835937,0.019485715087915318,,,yf_premarket,0.29452919136938355,0.6399832577555736,0.03817356944475357,0.4,0.5,blocked,1.3629207141104056e-07,2.6408,,,new,15:06:34,2026-06-19 15:06:34
LTBR,9.84,9.83,0.0010173017671982845,1.1875048849751193,0.0,1151490,4,0.5324072684116553,0.6900001525878906,0.07019330192708184,,,yf_premarket,0.123136890119178,0.5343293613101053,0.1444657156653558,0.8,0.5,blocked,0.009629500061378667,2.64,,,new,15:06:34,2026-06-19 15:06:34
LTBR,9.84,9.83,0.001,1.1875,,1151490,4,0.5324,0.69,0.0702,,,yf_premarket,0.12313638195164946,0.5343220666580825,0.1444797560208606,0.8,0.5,blocked,0.009465726269107877,2.6398,,,new,15:06:34,2026-06-19 15:06:34
ARCT,7.352,7.53,-0.0236,1.4499,,321600,3,0.626,0.423,0.0562,,,yf_premarket,0.1504329712349857,0.6282599807061601,0.11513325898071688,0.6,0.5,blocked,0.0,2.6397,,,new,15:06:34,2026-06-19 15:06:34
ARCT,7.352,7.53,-0.023638805424798213,1.4499378109452736,0.0,321600,3,0.6259541290080698,0.42300004959106446,0.05617530382536742,,,yf_premarket,0.15043690458042605,0.6282139441111041,0.11508149139387704,0.6,0.5,blocked,0.0,2.6396,,,new,15:06:34,2026-06-19 15:06:34
FLO,7.77,7.78,-0.0013,1.9974,,6989560,2,0.6897,0.3365,0.0433,,,yf_premarket,0.2073875544385931,0.6921899499888795,0.08809255813658445,0.4,0.5,blocked,0.0,2.6395,,,new,15:06:34,2026-06-19 15:06:34
FLO,7.77,7.78,-0.0012853739766925248,1.99742186918776,0.0,6989560,2,0.6896553236106094,0.3365320346957102,0.0432560444241942,,,yf_premarket,0.2073898294166276,0.6921451123091087,0.08800041940977855,0.4,0.5,blocked,0.0,2.6394,,,new,15:06:34,2026-06-19 15:06:34
CERS,2.59,2.7,-0.04074075768186861,1.3969736691398247,0.0,2357310,2,0.7250001639128317,0.1630000352859497,0.06037038237306131,,,yf_premarket,0.14492722308039663,0.7276175543000616,0.12387512426409626,0.4,0.5,blocked,0.0,2.6346,,,new,15:06:34,2026-06-19 15:06:34
CERS,2.59,2.7,-0.0407,1.397,,2357310,2,0.725,0.163,0.0604,,,yf_premarket,0.14492996219120335,0.7276173897954729,0.12393720809276,0.4,0.5,blocked,0.0,2.6346,,,new,15:06:34,2026-06-19 15:06:34
CNP,42.0052,42.82,-0.019,1.4629,,4908050,4,0.5417,0.819,0.0191,,,yf_premarket,0.15178531750283392,0.543655641451321,0.037365041824336025,0.8,0.5,blocked,0.0,2.6337,,,new,15:06:34,2026-06-19 15:06:34
CNP,42.0052,42.82,-0.019028484367847952,1.4629435315451147,0.0,4908050,4,0.5416665838825233,0.819000244140625,0.019126582204054055,,,yf_premarket,0.15178984594303155,0.5436221046952168,0.03742076286523551,0.8,0.5,blocked,0.0,2.6336,,,new,15:06:34,2026-06-19 15:06:34
CHNR,4.2752,4.3,-0.0058,0.62,,388070,4,0.5556,0.485,0.1128,,,yf_premarket,0.06410126602827554,0.5576058231315376,0.2337769541572979,0.8,0.5,blocked,0.0,2.6283,,,new,15:06:34,2026-06-19 15:06:34
CHNR,4.2752,4.3,-0.005767485961582034,0.61999123869405,0.0,388070,4,0.5555556732931131,0.4849999904632568,0.1127906904535209,,,yf_premarket,0.06410035461909071,0.5575613363966917,0.23375743968742693,0.8,0.5,blocked,0.0,2.6282,,,new,15:06:34,2026-06-19 15:06:34
CCNE,32.16,32.16,0.0,2.5547,,202330,2,0.6431,0.853,0.0265,,,yf_premarket,0.26536159867488607,0.6454217150034051,0.05287676168841199,0.4,0.5,blocked,0.0,2.6153,,,new,15:06:34,2026-06-19 15:06:34
CCNE,32.16,32.16,4.7446482567901346e-09,2.554737310334602,0.0,202330,2,0.6430973274010748,0.8530000686645508,0.02652363410173309,,,yf_premarket,0.2653654799434823,0.6454190327558824,0.05292630298102318,0.4,0.5,blocked,4.491154164197527e-08,2.6153,,,new,15:06:34,2026-06-19 15:06:34
BVN,32.85,32.58,0.0083,2.8679,,1838610,3,0.4406,2.093,0.0642,,,yf_premarket,0.2979427410664292,0.44219065095708326,0.131902685860799,0.6,0.5,blocked,0.07856552803359539,2.6151,,,new,15:06:34,2026-06-19 15:06:34
BVN,32.85,32.58,0.008287236150120668,2.867873012765078,0.0,1838610,3,0.44063352157707036,2.0929996490478517,0.06424185179304813,,,yf_premarket,0.2979399336751656,0.44222429355351056,0.1319904146837141,0.6,0.5,blocked,0.07844470892449763,2.615,,,new,15:06:34,2026-06-19 15:06:34
AQMS,3.34,3.29,0.0152,0.1766,,353390,3,0.5735,0.3805,0.1157,,,yf_premarket,0.017975855631052657,0.5755704455830396,0.2398558714013277,0.6,0.5,blocked,0.14387903929043974,2.6139,,,new,15:06:34,2026-06-19 15:06:34
AQMS,3.34,3.29,0.015197580160095498,0.17657545487987775,0.0,353390,3,0.5735294349672078,0.380500054359436,0.1156535133043366,,,yf_premarket,0.017973302284776407,0.5755999868161547,0.23975842699584968,0.6,0.5,blocked,0.14385613374828865,2.6138,,,new,15:06:34,2026-06-19 15:06:34
AIN,71.08,71.08,-0.0,1.4318,,311910,2,0.7226,2.612,0.0367,,,yf_premarket,0.14855008912359702,0.7252087253327018,0.0742577809605167,0.4,0.5,blocked,-0.0,2.6104,,,new,15:06:34,2026-06-19 15:06:34
AIN,71.08,71.08,-2.576047611193672e-08,1.4318232823570902,0.0,311910,2,0.7225709396476366,2.612000274658203,0.036747329872985825,,,yf_premarket,0.148552511108883,0.7251795600668629,0.07435699281605163,0.4,0.5,blocked,0.0,2.6104,,,new,15:06:34,2026-06-19 15:06:34
CNA,44.52,44.52,-1.0282202696356538e-08,3.2010045115416625,0.0,684910,2,0.5943393736699544,0.8020000457763672,0.018014376404538186,,,yf_premarket,0.3325944828346422,0.5964850534102185,0.03508938113641243,0.4,0.5,blocked,0.0,2.6094,,,new,15:06:34,2026-06-19 15:06:34
CNA,44.52,44.52,-0.0,3.201,,684910,2,0.5943,0.802,0.018,,,yf_premarket,0.3325940135141399,0.5964455375937235,0.03505924562832473,0.4,0.5,blocked,-0.0,2.6093,,,new,15:06:34,2026-06-19 15:06:34
ELMT,19.4397,19.44,-1.54595704404558e-05,1.7206462549316692,0.0,666610,4,0.466087009595788,1.9839998245239259,0.10205760133844066,,,yf_premarket,0.17859779334196443,0.4677696735719515,0.211258970548334,0.8,0.5,blocked,0.0,2.6091,,,new,15:06:34,2026-06-19 15:06:34
ELMT,19.4397,19.44,-0.0,1.7206,,666610,4,0.4661,1.984,0.1021,,,yf_premarket,0.178592981597025,0.4677827108740275,0.21134784570518808,0.8,0.5,blocked,-0.0,2.6091,,,new,15:06:34,2026-06-19 15:06:34
ALT,2.71,2.7,0.0037036859776587534,3.0006881252182485,0.0,3894640,4,0.3714287465931702,0.11240005493164062,0.04162964923947565,,,yf_premarket,0.31175624303207994,0.3727696759877609,0.08459120501874663,0.8,0.5,blocked,0.035058077651250956,2.6081,,,new,15:06:34,2026-06-19 15:06:34
ALT,2.71,2.7,0.0037,3.0007,,3894640,4,0.3714,0.1124,0.0416,,,yf_premarket,0.3117574783256786,0.3727408256138464,0.084529054924567,0.8,0.5,blocked,0.03502318719569915,2.6079,,,new,15:06:34,2026-06-19 15:06:34
MSGE,69.35,73.43,-0.0556,1.2441,,535160,3,0.6374,2.4062,0.0328,,,yf_premarket,0.1290242895485886,0.6397011369043233,0.06608268535647667,0.6,0.5,blocked,0.0,2.606,,,new,15:06:34,2026-06-19 15:06:34
MSGE,69.35,73.43,-0.0555631252651405,1.244113909858734,0.0,535160,3,0.6373804097451585,2.406200408935547,0.03276862861140344,,,yf_premarket,0.12902573654439975,0.6396814759248844,0.06601692533057708,0.6,0.5,blocked,0.0,2.6059,,,new,15:06:34,2026-06-19 15:06:34
ERO,29.43,29.75,-0.0108,0.8471,,1512720,3,0.6497,1.9689,0.0662,,,yf_premarket,0.08772571506122392,0.652045542276026,0.13609504258081953,0.6,0.5,blocked,0.0,2.6037,,,new,15:06:34,2026-06-19 15:06:34
ERO,29.43,29.75,-0.010756302521008412,0.8470833994394203,0.0,1512720,3,0.6496681202823167,1.9688997268676758,0.06618150342412356,,,yf_premarket,0.08772398816075132,0.6520135474664146,0.13605627045873306,0.6,0.5,blocked,0.0,2.6036,,,new,15:06:34,2026-06-19 15:06:34
CPNG,17.92,18.0,-0.0044,0.7708,,39200890,3,0.6574,1.0599,0.0589,,,yf_premarket,0.07978848273531482,0.6597733407607502,0.1207929405527446,0.6,0.5,blocked,0.0,2.5996,,,new,15:06:34,2026-06-19 15:06:34
CPNG,17.92,18.0,-0.00444444444444435,0.7708345397260113,0.0,39200890,3,0.6574173478772245,1.0598996162414551,0.05888331201341417,,,yf_premarket,0.07979207578681972,0.6597907512671566,0.12075795955639125,0.6,0.5,blocked,0.0,2.5996,,,new,15:06:34,2026-06-19 15:06:34
RDNT,56.0,53.74,0.0421,2.5018,,1008230,2,0.3188,2.901,0.054,,,yf_premarket,0.25985858963110375,0.31995092947144377,0.11052166658869429,0.4,0.5,blocked,0.3985070759294416,2.5827,,,new,15:06:34,2026-06-19 15:06:34
RDNT,56.0,53.74,0.04205430314377469,2.5018101028535153,0.0,1008230,2,0.31877751444150293,2.9010009765625,0.053982152697343674,,,yf_premarket,0.2598596405969688,0.3199283627357449,0.11048425545908155,0.4,0.5,blocked,0.39807452199705406,2.582,,,new,15:06:34,2026-06-19 15:06:34
BLKB,27.04,27.04,-3.385825863921929e-08,5.401633550616508,0.0,1273300,3,0.2922082948612435,1.3909996032714844,0.051442291278648675,,,yf_premarket,0.5615185188278166,0.2932632231496881,0.10516025291578812,0.6,0.5,blocked,0.0,2.5814,,,new,15:06:34,2026-06-19 15:06:34
BLKB,27.04,27.04,-0.0,5.4016,,1273300,3,0.2922,1.391,0.0514,,,yf_premarket,0.5615150286700459,0.29325489834239615,0.1050716028526676,0.6,0.5,blocked,-0.0,2.5813,,,new,15:06:34,2026-06-19 15:06:34
CING,5.0,4.99,0.002004053976057613,1.231410953935437,0.0,385980,2,0.6836730473640393,0.41770005226135254,0.08370742914237728,,,yf_premarket,0.12770429077259124,0.686141238891778,0.17279373668848388,0.4,0.5,blocked,0.01896982636587864,2.5787,,,new,15:06:34,2026-06-19 15:06:34
CING,5.0,4.99,0.002,1.2314,,385980,2,0.6837,0.4177,0.0837,,,yf_premarket,0.1277031512715369,0.6861682888319515,0.17277816388099917,0.4,0.5,blocked,0.018931452538215755,2.5787,,,new,15:06:34,2026-06-19 15:06:34
PYPL,42.51,42.51,3.948404754547502e-08,1.4441333294407095,0.0,18839050,4,0.508809932326948,1.2487003326416015,0.029374273863687246,,,yf_premarket,0.1498330838958498,0.5106468342920623,0.05890175236221629,0.8,0.5,blocked,3.737451860619073e-07,2.5755,,,new,15:06:34,2026-06-19 15:06:34
PYPL,42.51,42.51,0.0,1.4441,,18839050,4,0.5088,1.2487,0.0294,,,yf_premarket,0.14982961674625342,0.5106368661074988,0.05895567893244176,0.8,0.5,blocked,0.0,2.5755,,,new,15:06:34,2026-06-19 15:06:34
BCAL,19.74,19.74,1.1594824570828304e-08,1.8681768558951966,0.0,219840,2,0.6790118514716028,0.41099987030029295,0.020820662364020484,,,yf_premarket,0.19394490546553597,0.6814632151833917,0.04097185703667987,0.4,0.5,blocked,1.0975343552578695e-07,2.5743,,,new,15:06:34,2026-06-19 15:06:34
BCAL,19.74,19.74,0.0,1.8682,,219840,2,0.679,0.411,0.0208,,,yf_premarket,0.19394731306890164,0.6814513209256913,0.04092854503635347,0.4,0.5,blocked,0.0,2.5743,,,new,15:06:34,2026-06-19 15:06:34
AMRC,28.07,28.64,-0.01990221374985281,1.1412738683402324,0.0,748900,4,0.5060058572214913,2.151999855041504,0.07513966134438245,,,yf_premarket,0.11832763298033047,0.5078326359347893,0.15483416723673432,0.8,0.5,blocked,0.0,2.5706,,,new,15:06:34,2026-06-19 15:06:34
AMRC,28.07,28.64,-0.0199,1.1413,,748900,4,0.506,2.152,0.0751,,,yf_premarket,0.11833035136898888,0.507826757567599,0.15475102998491091,0.8,0.5,blocked,0.0,2.5705,,,new,15:06:34,2026-06-19 15:06:34
CX,12.75,12.73,0.0016,0.8601,,4499840,3,0.6346,0.495,0.0389,,,yf_premarket,0.08907806132907214,0.6368910283644237,0.07886937335253928,0.6,0.5,blocked,0.015145162030572604,2.5696,,,new,15:06:34,2026-06-19 15:06:34
CX,12.75,12.73,0.0015711279248136027,0.8601416939268952,0.0,4499840,3,0.6345577001591747,0.49501353714517754,0.03888558954796448,,,yf_premarket,0.0890823986080282,0.6368485758130166,0.07883916647482446,0.6,0.5,blocked,0.014871866870037066,2.569,,,new,15:06:34,2026-06-19 15:06:34
DFIN,39.0,39.14,-0.0035768878853243897,1.536160046442048,0.0,447870,3,0.5883495390140003,1.7494998931884767,0.044698516108080885,,,yf_premarket,0.15940631368654853,0.5904735942961885,0.09102409733846939,0.6,0.5,blocked,0.0,2.5656,,,new,15:06:34,2026-06-19 15:06:34
DFIN,39.0,39.14,-0.0036,1.5362,,447870,3,0.5883,1.7495,0.0447,,,yf_premarket,0.15941046992077806,0.5904238764367955,0.09102720784059883,0.6,0.5,blocked,0.0,2.5655,,,new,15:06:34,2026-06-19 15:06:34
FCF,19.6,19.53,0.0036,1.7173,,768880,3,0.5593,0.361,0.0185,,,yf_premarket,0.17824969369826354,0.5613191808449766,0.036107334808329866,0.6,0.5,blocked,0.034076614568788355,2.5592,,,new,15:06:34,2026-06-19 15:06:34
FCF,19.6,19.53,0.003584194106166043,1.7173030902091353,0.0,768880,3,0.5593226640200821,0.36099987030029296,0.01848437570957908,,,yf_premarket,0.1782500151623244,0.5613419266865413,0.03607458350885902,0.6,0.5,blocked,0.03392700030431754,2.559,,,new,15:06:34,2026-06-19 15:06:34
CGAU,16.66,16.57,0.005431521233153297,1.9569159059312615,0.0,2222630,3,0.5040214113917788,0.8800003051757812,0.053108045949491284,,,yf_premarket,0.20317613032158738,0.5058410258729881,0.10865197180989443,0.6,0.5,blocked,0.051413293217876375,2.5479,,,new,15:06:34,2026-06-19 15:06:34
CGAU,16.66,16.57,0.0054,1.9569,,2222630,3,0.504,0.88,0.0531,,,yf_premarket,0.203174475681066,0.5058195371819564,0.10863510606468506,0.6,0.5,blocked,0.05111492185318254,2.5474,,,new,15:06:34,2026-06-19 15:06:34
ATS,28.2,28.03,0.0061,0.7189,,242440,3,0.5962,1.072,0.0382,,,yf_premarket,0.07438950032752079,0.598352396960084,0.07740204850053209,0.6,0.5,blocked,0.057740930241558054,2.5336,,,new,15:06:34,2026-06-19 15:06:34
ATS,28.2,28.03,0.0060649057863022176,0.7189407688500248,0.0,242440,3,0.5961538814228572,1.0720003128051758,0.03824474800373141,,,yf_premarket,0.07439374137384198,0.5983061118859851,0.07749584829760754,0.6,0.5,blocked,0.05740873802106527,2.5331,,,new,15:06:34,2026-06-19 15:06:34
CFFN,7.99,8.08,-0.011138604524240415,2.3663385446824936,0.0,828960,3,0.52,0.14499988555908203,0.01794553056042294,,,yf_premarket,0.24576699012834088,0.5218773002670979,0.03494506796780141,0.6,0.5,blocked,0.0,2.5299,,,new,15:06:34,2026-06-19 15:06:34
CFFN,7.99,8.08,-0.0111,2.3663,,828960,3,0.52,0.145,0.0179,,,yf_premarket,0.2457629804546858,0.5218773002670979,0.03484962779232371,0.6,0.5,blocked,0.0,2.5298,,,new,15:06:34,2026-06-19 15:06:34
MUX,19.4,19.38,0.0010320350928542485,1.3282599061721603,0.0,1308780,3,0.5681816758750803,1.2284997940063476,0.06339008499511992,,,yf_premarket,0.13777916147277142,0.5702329212825425,0.13020495955412176,0.6,0.5,blocked,0.009768961689071648,2.5269,,,new,15:06:34,2026-06-19 15:06:34
MUX,19.4,19.38,0.001,1.3283,,1308780,3,0.5682,1.2285,0.0634,,,yf_premarket,0.1377833322988055,0.5702513115610865,0.1302257431727908,0.6,0.5,blocked,0.009465726269107877,2.5265,,,new,15:06:34,2026-06-19 15:06:34
BBY,75.3499,74.73,0.0083,1.5584,,3927580,2,0.6137,2.5326,0.0339,,,yf_premarket,0.16171986123971885,0.6159155753344576,0.06838848155248796,0.4,0.5,blocked,0.07856552803359539,2.5265,,,new,15:06:34,2026-06-19 15:06:34
BBY,75.3499,74.73,0.008295150745619448,1.5583896445139247,0.0,3927580,2,0.6137213207318378,2.532556030870725,0.03388941411891091,,,yf_premarket,0.16171878399333842,0.6159369730382485,0.06836629165762736,0.4,0.5,blocked,0.0785196263190198,2.5264,,,new,15:06:34,2026-06-19 15:06:34
CURB,29.8572,29.86,-0.0001,1.5816,,1078650,3,0.5753,0.7351,0.0246,,,yf_premarket,0.16413327919464796,0.5773769439301181,0.048894022804392485,0.6,0.5,blocked,0.0,2.5254,,,new,15:06:34,2026-06-19 15:06:34
CURB,29.8572,29.86,-9.37913695350951e-05,1.5816066379270384,0.0,1078650,3,0.5752717956155672,0.7350884183070449,0.0246178299826361,,,yf_premarket,0.16413396971586772,0.577348637722419,0.048931397628153635,0.6,0.5,blocked,0.0,2.5254,,,new,15:06:34,2026-06-19 15:06:34
EXK,8.6586,8.61,0.005644639403099524,1.1423411664763234,0.0,8887450,3,0.5434781211535563,0.618000078201294,0.07177701542903328,,,yf_premarket,0.11843866041502463,0.5454401819651014,0.14778546163660247,0.6,0.5,blocked,0.05343061147756058,2.5226,,,new,15:06:34,2026-06-19 15:06:34
EXK,8.6586,8.61,0.0056,1.1423,,8887450,3,0.5435,0.618,0.0718,,,yf_premarket,0.11843437800497722,0.5454621397983993,0.14783364139687702,0.6,0.5,blocked,0.05300806710700411,2.522,,,new,15:06:34,2026-06-19 15:06:34
FIBK,36.43,36.43,-8.37704581327877e-09,2.3064494668212663,0.0,1052180,3,0.5180723076145289,0.8169994354248047,0.02242655582159657,,,yf_premarket,0.2395369308259946,0.5199426485404149,0.044338096150932926,0.6,0.5,blocked,0.0,2.5214,,,new,15:06:34,2026-06-19 15:06:34
FIBK,36.43,36.43,-0.0,2.3064,,1052180,3,0.5181,0.817,0.0224,,,yf_premarket,0.23953178495898522,0.5199704409007373,0.0442824304123699,0.6,0.5,blocked,-0.0,2.5214,,,new,15:06:34,2026-06-19 15:06:34
CCO,2.41,2.41,-3.561439223138844e-08,0.4904827267924038,0.0,10920670,3,0.6666666666666666,0.014999985694885254,0.006224060232643104,,,yf_premarket,0.050628019794108615,0.6690734618808946,0.010374775519206883,0.6,0.5,blocked,0.0,2.5193,,,new,15:06:34,2026-06-19 15:06:34
CCO,2.41,2.41,-0.0,0.4905,,10920670,3,0.6667,0.015,0.0062,,,yf_premarket,0.050629816667787576,0.6691069155539886,0.010324340980203597,0.6,0.5,blocked,-0.0,2.5193,,,new,15:06:34,2026-06-19 15:06:34
BCH,40.2346,40.21,0.0006118108949881552,0.6870229007633588,0.0,402170,2,0.7336682004269651,1.2529998779296876,0.031161400309843365,,,yf_premarket,0.07107343292886703,0.7363168840973934,0.0626478881452508,0.4,0.5,blocked,0.005791234460415781,2.5193,,,new,15:06:34,2026-06-19 15:06:34
BCH,40.2346,40.21,0.0006,0.687,,402170,2,0.7337,1.253,0.0312,,,yf_premarket,0.07107105063949326,0.7363487984730186,0.06272879998046024,0.4,0.5,blocked,0.0056794357614647255,2.5192,,,new,15:06:34,2026-06-19 15:06:34
BTG,4.33,4.3,0.007,1.1414,,26069180,3,0.5432,0.2066,0.0481,,,yf_premarket,0.11834075403258772,0.5451610567405529,0.09815421426463372,0.6,0.5,blocked,0.06626008388375514,2.5163,,,new,15:06:34,2026-06-19 15:06:34
BTG,4.33,4.3,0.0069766995196365025,1.1414206354016505,0.0,26069180,3,0.5432101200128217,0.2066168115484753,0.0480504191589733,,,yf_premarket,0.11834290066400369,0.5451712132885722,0.09805028397860245,0.6,0.5,blocked,0.06603952791469556,2.5159,,,new,15:06:34,2026-06-19 15:06:34
BAM,48.38,47.44,0.019814532051056852,0.870265793238461,0.0,2656200,3,0.4839445748578018,1.2129997253417968,0.02556913491685624,,,yf_premarket,0.09013557460182209,0.4856917080878808,0.05092550244503689,0.6,0.5,blocked,0.18755893654576883,2.5134,,,new,15:06:34,2026-06-19 15:06:34
BAM,48.38,47.44,0.0198,0.8703,,2656200,3,0.4839,1.213,0.0256,,,yf_premarket,0.09013913301615305,0.48564697230624737,0.050990201164402754,0.6,0.5,blocked,0.18742138012833598,2.5131,,,new,15:06:34,2026-06-19 15:06:34
ATHM,18.09,18.09,-8.434930319515773e-09,1.1042477283485932,0.0,866110,2,0.6947789964894058,0.8270002365112304,0.04571587780738204,,,yf_premarket,0.1144759281933675,0.697287282634951,0.09315666891684773,0.4,0.5,blocked,0.0,2.5129,,,new,15:06:34,2026-06-19 15:06:34
ATHM,18.09,18.09,-0.0,1.1042,,866110,2,0.6948,0.827,0.0457,,,yf_premarket,0.11447096317382208,0.6973083619722684,0.09312338620060909,0.4,0.5,blocked,-0.0,2.5129,,,new,15:06:34,2026-06-19 15:06:34
BOBS,13.19,13.45,-0.01933084111168792,1.3490026448477583,0.0,767530,3,0.5611284207454922,0.9820000648498535,0.0730111582732808,,,yf_premarket,0.1399369587983788,0.5631542025419185,0.15037244515987563,0.6,0.5,blocked,0.0,2.5114,,,new,15:06:34,2026-06-19 15:06:34
BOBS,13.19,13.45,-0.0193,1.349,,767530,3,0.5611,0.982,0.073,,,yf_premarket,0.1399366836637638,0.563125679192055,0.15034905542888935,0.6,0.5,blocked,0.0,2.5113,,,new,15:06:34,2026-06-19 15:06:34
PUK,26.79,26.79,-3.417421848881e-08,0.7000532540322794,0.0,1896570,2,0.7364868173816219,0.6089996337890625,0.022732348375400373,,,yf_premarket,0.0724289367451723,0.739145676802746,0.04497909188486873,0.4,0.5,blocked,0.0,2.5094,,,new,15:06:34,2026-06-19 15:06:34
PUK,26.79,26.79,-0.0,0.7001,,1896570,2,0.7365,0.609,0.0227,,,yf_premarket,0.07243379957094029,0.7391589070129184,0.04491128392037298,0.4,0.5,blocked,-0.0,2.5094,,,new,15:06:34,2026-06-19 15:06:34
EDIT,2.7,2.69,0.0037174507683371575,1.4520570993393904,0.0,2258520,3,0.523077081082112,0.2059999942779541,0.07657992189442968,,,yf_premarket,0.15065736702275512,0.5249654902052432,0.1578532102345198,0.6,0.5,blocked,0.0351883713919643,2.5076,,,new,15:06:34,2026-06-19 15:06:34
EDIT,2.7,2.69,0.0037,1.4521,,2258520,3,0.5231,0.206,0.0766,,,yf_premarket,0.15066182983416,0.524988491864844,0.15789529752492631,0.6,0.5,blocked,0.03502318719569915,2.5075,,,new,15:06:34,2026-06-19 15:06:34
FHN,24.79,24.81,-0.0008061050533208468,1.3259710629992547,0.0,5246570,3,0.5889333785130954,0.4555375719902887,0.018361047230799912,,,yf_premarket,0.13754106081718923,0.591059541568452,0.03581606502046914,0.6,0.5,blocked,0.0,2.5063,,,new,15:06:34,2026-06-19 15:06:34
FHN,24.79,24.81,-0.0008,1.326,,5246570,3,0.5889,0.4555,0.0184,,,yf_premarket,0.13754407103603233,0.5910260425524883,0.03589771697232884,0.6,0.5,blocked,0.0,2.5063,,,new,15:06:34,2026-06-19 15:06:34
AOS,58.743,58.22,0.009,2.12,,1992700,4,0.3568,1.637,0.0281,,,yf_premarket,0.22014122001076164,0.3580881167986548,0.056230647064428416,0.8,0.5,blocked,0.08519153642197089,2.5023,,,new,15:06:34,2026-06-19 15:06:34
AOS,58.743,58.22,0.008983146141036114,2.1200381392081096,0.0,1992700,4,0.35683800742398725,1.6369991302490234,0.02811746987162384,,,yf_premarket,0.22014518750428053,0.3581262614367713,0.05626726703127847,0.8,0.5,blocked,0.0850320024064406,2.5022,,,new,15:06:34,2026-06-19 15:06:34
FMC,11.69,11.55,0.012121195407203607,1.9743460582733,0.0,4149070,3,0.42564102814904514,0.7630001068115234,0.06606061421744253,,,yf_premarket,0.20498933043449366,0.4271776743333374,0.13580286511972947,0.6,0.5,blocked,0.11473591777895693,2.5018,,,new,15:06:34,2026-06-19 15:06:34
FMC,11.69,11.55,0.0121,1.9743,,4149070,3,0.4256,0.763,0.0661,,,yf_premarket,0.20498453914726283,0.4271364980647631,0.13588542474481852,0.6,0.5,blocked,0.11453528785620531,2.5015,,,new,15:06:34,2026-06-19 15:06:34
BRKR,58.0,57.23,0.0135,0.8392,,2359050,2,0.6133,2.681,0.0468,,,yf_premarket,0.08690390463691616,0.615514131257329,0.09542918239662039,0.4,0.5,blocked,0.12778730463295634,2.5008,,,new,15:06:34,2026-06-19 15:06:34
BRKR,58.0,57.23,0.013454490021363771,0.8391513532989975,0.0,2359050,2,0.6133143787120368,2.6810001373291015,0.04684606253317363,,,yf_premarket,0.08689884408425895,0.6155285618792887,0.0955257376818662,0.4,0.5,blocked,0.12735651963267286,2.5002,,,new,15:06:34,2026-06-19 15:06:34
RIVN,16.465,16.52,-0.0033,1.0711,,29575960,3,0.5793,1.1264,0.0682,,,yf_premarket,0.11102768152260853,0.5813913847014034,0.14028739930084005,0.6,0.5,blocked,0.0,2.4995,,,new,15:06:34,2026-06-19 15:06:34
RIVN,16.465,16.52,-0.003329325438234127,1.071072587331062,0.0,29575960,3,0.5793065122570746,1.126399612426758,0.06818399402025438,,,yf_premarket,0.11102482987487546,0.5813979204689818,0.14025384791246653,0.6,0.5,blocked,0.0,2.4995,,,new,15:06:34,2026-06-19 15:06:34
ARVN,7.52,7.67,-0.0196,1.299,,737080,2,0.6667,0.418,0.0545,,,yf_premarket,0.1347353518643476,0.6691069155539886,0.11156975576869943,0.4,0.5,blocked,0.0,2.4961,,,new,15:06:34,2026-06-19 15:06:34
ARVN,7.52,7.67,-0.01955672422449623,1.2990448797959515,0.0,737080,2,0.6666665152898873,0.4180000782012939,0.05449805398219327,,,yf_premarket,0.13474002055854425,0.6690733099576159,0.11156567656828477,0.4,0.5,blocked,0.0,2.496,,,new,15:06:34,2026-06-19 15:06:34
RLI,53.0874,53.09,-0.0,1.5402,,1054470,3,0.5622,1.371,0.0258,,,yf_premarket,0.15982657646473136,0.5642296504041585,0.0514094368364048,0.6,0.5,blocked,-0.0,2.4939,,,new,15:06:34,2026-06-19 15:06:34
RLI,53.0874,53.09,-4.897631532143657e-05,1.5402050319117662,0.0,1054470,3,0.5621891066578859,1.370999526977539,0.02582406334596157,,,yf_premarket,0.15982709991758498,0.5642187177349789,0.051459877901478886,0.6,0.5,blocked,0.0,2.4939,,,new,15:06:34,2026-06-19 15:06:34
UPST,32.2398,32.43,-0.005864949225591685,1.0637851746748448,0.0,4912270,2,0.6741803679149635,2.3398000717163088,0.07214924605914605,,,yf_premarket,0.11026674485119044,0.6766142890394998,0.14856572342837784,0.4,0.5,blocked,0.0,2.4929,,,new,15:06:34,2026-06-19 15:06:34
UPST,32.2398,32.43,-0.0059,1.0638,,4912270,2,0.6742,2.3398,0.0721,,,yf_premarket,0.11026828707989378,0.6766339920001487,0.1484624949048801,0.4,0.5,blocked,0.0,2.4929,,,new,15:06:34,2026-06-19 15:06:34
DT,41.4,41.42,-0.0005,1.9595,,5455010,4,0.4219,1.4806,0.0357,,,yf_premarket,0.20344494493463564,0.42342314035132417,0.07216160260050644,0.8,0.5,blocked,0.0,2.4881,,,new,15:06:34,2026-06-19 15:06:34
DT,41.4,41.42,-0.00048281433677869085,1.9594647855824279,0.0,5455010,4,0.42189346058379434,1.480600357055664,0.035746026617783526,,,yf_premarket,0.20344128169723733,0.42341657732656507,0.07225808260068872,0.8,0.5,blocked,0.0,2.4881,,,new,15:06:34,2026-06-19 15:06:34
BZH,27.0,27.05,-0.001848400682837881,1.719502138350306,0.0,521430,2,0.6363631766031846,1.1399999618530274,0.04214417722759641,,,yf_premarket,0.17847877474282675,0.6386605703751238,0.08566974745306498,0.4,0.5,blocked,0.0,2.4879,,,new,15:06:34,2026-06-19 15:06:34
BZH,27.0,27.05,-0.0018,1.7195,,521430,2,0.6364,1.14,0.0421,,,yf_premarket,0.17847855229743786,0.638697526711502,0.08557714410457214,0.4,0.5,blocked,0.0,2.4879,,,new,15:06:34,2026-06-19 15:06:34
CC,21.76,21.77,-0.0005,1.1819,,2095930,3,0.5667,1.0657,0.049,,,yf_premarket,0.12255383279011484,0.5687458962718545,0.10004077478864297,0.6,0.5,blocked,0.0,2.4713,,,new,15:06:34,2026-06-19 15:06:34
CC,21.76,21.77,-0.00045936874383959526,1.1819097011827686,0.0,2095930,3,0.5666668609336365,1.0656997680664062,0.04895267550104041,,,yf_premarket,0.12255484197152337,0.5687126375670715,0.09994157419802555,0.6,0.5,blocked,0.0,2.4712,,,new,15:06:34,2026-06-19 15:06:34
FCPT,24.97,24.49,0.0196,2.1644,,921830,3,0.3649,0.531,0.0217,,,yf_premarket,0.2247600026486432,0.3662173593605077,0.04281510556036272,0.6,0.5,blocked,0.1855282348745144,2.4693,,,new,15:06:34,2026-06-19 15:06:34
FCPT,24.97,24.49,0.019599846197136936,2.1643903973617693,0.0,921830,3,0.36486430756779464,0.5310001373291016,0.021682325124205468,,,yf_premarket,0.22475900371849145,0.3661815380717398,0.04277805586820635,0.6,0.5,blocked,0.18552677901871323,2.4692,,,new,15:06:34,2026-06-19 15:06:34
ALLT,7.18,7.18,0.0,3.3227,,472660,3,0.3976,0.331,0.0461,,,yf_premarket,0.345254055113919,0.3990354126657656,0.0939618575446132,0.6,0.5,blocked,0.0,2.4629,,,new,15:06:34,2026-06-19 15:06:34
ALLT,7.18,7.18,2.3908270302651044e-08,3.322684382008209,0.0,472660,3,0.39759030607203344,0.33099989891052245,0.0461002655743952,,,yf_premarket,0.34525243042677206,0.39902568374084985,0.0939624142359134,0.6,0.5,blocked,2.2630914225273574e-07,2.4629,,,new,15:06:34,2026-06-19 15:06:34
ADMA,8.5,8.31,0.0229,2.2268,,4006650,2,0.4236,0.3305,0.0398,,,yf_premarket,0.23125126473431462,0.42512927767912045,0.08075593387654853,0.4,0.5,blocked,0.21676513156257038,2.4627,,,new,15:06:34,2026-06-19 15:06:34
ADMA,8.5,8.31,0.022863967603994964,2.226797948410767,0.0,4006650,2,0.4236454775651716,0.33049988746643066,0.039771344257245544,,,yf_premarket,0.2312510513143883,0.4251749194270714,0.08069586632869662,0.4,0.5,blocked,0.21642405876516663,2.4622,,,new,15:06:34,2026-06-19 15:06:34
DC,5.01,4.93,0.016227215912162873,1.9156187937564861,0.0,1898290,3,0.3831773660143506,0.3000000476837158,0.06085193876869034,,,yf_premarket,0.19888013066601304,0.3845607101904363,0.12488455235973837,0.6,0.5,blocked,0.15360238393424544,2.4603,,,new,15:06:34,2026-06-19 15:06:34
DC,5.01,4.93,0.0162,1.9156,,1898290,3,0.3832,0.3,0.0609,,,yf_premarket,0.19887817561474821,0.38458342588913824,0.12498529727276514,0.6,0.5,blocked,0.1533447655595476,2.46,,,new,15:06:34,2026-06-19 15:06:34
BMBL,2.97,2.96,0.0034,1.7591,,3498420,2,0.5905,0.1504,0.0508,,,yf_premarket,0.1825980070825755,0.5926318188610025,0.10381389583666144,0.4,0.5,blocked,0.03218346931496678,2.4593,,,new,15:06:34,2026-06-19 15:06:34
BMBL,2.97,2.96,0.003378365447349029,1.7591083975051596,0.0,3498420,2,0.5904762423768477,0.15039997100830077,0.05081080036149411,,,yf_premarket,0.18259888064678795,0.5926079754682496,0.10383653532070569,0.4,0.5,blocked,0.03197868256161809,2.459,,,new,15:06:34,2026-06-19 15:06:34
FFBC,31.61,31.61,-1.9308812125380276e-08,1.8904392084594797,0.0,911640,3,0.5205484104996468,0.621000099182129,0.019645684504630015,,,yf_premarket,0.1962607831119844,0.5224276906343936,0.038508893874334385,0.6,0.5,blocked,0.0,2.4585,,,new,15:06:34,2026-06-19 15:06:34
FFBC,31.61,31.61,-0.0,1.8904,,911640,3,0.5205,0.621,0.0196,,,yf_premarket,0.19625670438784246,0.5223791053635085,0.038413131004341156,0.6,0.5,blocked,-0.0,2.4583,,,new,15:06:34,2026-06-19 15:06:34
DCTH,11.69,11.69,3.589535618337562e-08,0.8656703113857855,0.0,673120,2,0.6809813366534458,0.6317999839782715,0.054046193897087855,,,yf_premarket,0.08965752208394288,0.6834398105864999,0.1106184972361344,0.4,0.5,blocked,3.397756159639625e-07,2.4567,,,new,15:06:34,2026-06-19 15:06:34
DCTH,11.69,11.69,0.0,0.8657,,673120,2,0.681,0.6318,0.054,,,yf_premarket,0.08966061049060677,0.6834585413113339,0.11052166658869429,0.4,0.5,blocked,0.0,2.4567,,,new,15:06:34,2026-06-19 15:06:34
AG,18.0116,18.0,0.0006444444444445215,1.1743403476039322,0.0,14803630,3,0.5433790073644122,1.240000057220459,0.06888889206780328,,,yf_premarket,0.12176742758211084,0.5453407103560671,0.14173143994575205,0.6,0.5,blocked,0.006100134706759139,2.4533,,,new,15:06:34,2026-06-19 15:06:34
AG,18.0116,18.0,0.0006,1.1743,,14803630,3,0.5434,1.24,0.0689,,,yf_premarket,0.12176323035660357,0.5453617787791172,0.14175472415284726,0.6,0.5,blocked,0.0056794357614647255,2.4528,,,new,15:06:34,2026-06-19 15:06:34
AGBK,6.93,6.93,0.0,1.5865,,375360,3,0.5214,0.399,0.0576,,,yf_premarket,0.16464300971099077,0.5232823545370476,0.11806790868473126,0.6,0.5,blocked,0.0,2.4526,,,new,15:06:34,2026-06-19 15:06:34
AGBK,6.93,6.93,2.4770762037675474e-08,1.5864769820971867,0.0,375360,3,0.5213674064166002,0.39899983406066897,0.05757573505688296,,,yf_premarket,0.16464061523599358,0.523249643284527,0.11801704503606243,0.6,0.5,blocked,2.3447325292584491e-07,2.4525,,,new,15:06:34,2026-06-19 15:06:34
COLM,67.2,66.46,0.011134530931708006,1.992678362092014,0.0,486230,2,0.5246801266731151,2.008998489379883,0.03022868668454818,,,yf_premarket,0.2068963783306704,0.5265743230999312,0.06069275402782031,0.4,0.5,blocked,0.10539642193446268,2.4519,,,new,15:06:34,2026-06-19 15:06:34
CBLL,18.1,18.03,0.0039,2.2372,,316870,3,0.4507,0.7643,0.0424,,,yf_premarket,0.2323331417485932,0.4523271139045788,0.08620599761257522,0.6,0.5,blocked,0.03691633244952072,2.4516,,,new,15:06:34,2026-06-19 15:06:34
COLM,67.2,66.46,0.0111,1.9927,,486230,2,0.5247,2.009,0.0302,,,yf_premarket,0.206898629249448,0.5265942681733582,0.060632621620449974,0.4,0.5,blocked,0.10506956158709745,2.4515,,,new,15:06:34,2026-06-19 15:06:34
CBLL,18.1,18.03,0.00388237996054769,2.2371950642219205,0.0,316870,3,0.45070446498449945,0.7643003463745117,0.04239047794050363,,,yf_premarket,0.2323326282962036,0.45233159500853326,0.08618603767751619,0.6,0.5,blocked,0.036749545979214274,2.4514,,,new,15:06:34,2026-06-19 15:06:34
DERM,6.22,6.22,3.373124701572063e-08,1.6732564301145396,0.0,245330,2,0.6190472946686588,0.2927999973297119,0.04707395614247925,,,yf_premarket,0.17366798928616245,0.6212821747679428,0.09600344333407727,0.4,0.5,blocked,3.1929075096647345e-07,2.4511,,,new,15:06:34,2026-06-19 15:06:34
DERM,6.22,6.22,0.0,1.6733,,245330,2,0.619,0.2928,0.0471,,,yf_premarket,0.1736725217147773,0.6212347093564107,0.09605803590462347,0.4,0.5,blocked,0.0,2.451,,,new,15:06:34,2026-06-19 15:06:34
CRVS,11.8,11.91,-0.009235923494659844,1.5907957196878268,0.0,1242900,2,0.617142813546317,0.6959000587463379,0.05842989652913791,,,yf_premarket,0.1650898789792642,0.6193708181015246,0.11980751983015776,0.4,0.5,blocked,0.0,2.4463,,,new,15:06:34,2026-06-19 15:06:34
CRVS,11.8,11.91,-0.0092,1.5908,,1242900,2,0.6171,0.6959,0.0584,,,yf_premarket,0.16509032424574055,0.6193278499900501,0.11974485137273946,0.4,0.5,blocked,0.0,2.4462,,,new,15:06:34,2026-06-19 15:06:34
FIGR,28.68,28.55,0.0046,1.7555,,4444570,3,0.4646,1.8897,0.0662,,,yf_premarket,0.18222351119301752,0.46627729558479547,0.13609504258081953,0.6,0.5,blocked,0.04354234083789624,2.4393,,,new,15:06:34,2026-06-19 15:06:34
FIGR,28.68,28.55,0.0045534419059002915,1.755535406124777,0.0,4444570,3,0.46457604139898806,1.889699935913086,0.0661891413804341,,,yf_premarket,0.18222719437307144,0.46625325048861416,0.1360722809774659,0.6,0.5,blocked,0.04310163466353703,2.4385,,,new,15:06:34,2026-06-19 15:06:34
DD,47.5,47.71,-0.004401573852492506,1.9407683771578508,0.0,3757790,2,0.6004315632757613,1.4090003967285156,0.029532601629981555,,,yf_premarket,0.2014963572237648,0.6025992369952066,0.05923363559971118,0.4,0.5,blocked,0.0,2.4371,,,new,15:06:34,2026-06-19 15:06:34
DD,47.5,47.71,-0.0044,1.9408,,3757790,2,0.6004,1.409,0.0295,,,yf_premarket,0.20149964684165397,0.6025675597699338,0.05916529676844279,0.4,0.5,blocked,0.0,2.437,,,new,15:06:34,2026-06-19 15:06:34
AURA,6.34,6.34,-2.406749007802855e-08,1.9239142017689415,0.0,656890,4,0.38750006705524936,0.36309990882873533,0.05727127761669273,,,yf_premarket,0.19974307405569935,0.38889901701560176,0.11737884793839155,0.8,0.5,blocked,0.0,2.4361,,,new,15:06:34,2026-06-19 15:06:34
AURA,6.34,6.34,-0.0,1.9239,,656890,4,0.3875,0.3631,0.0573,,,yf_premarket,0.1997415966934513,0.38889894971827005,0.11743905517672817,0.8,0.5,blocked,-0.0,2.4361,,,new,15:06:34,2026-06-19 15:06:34
CSTL,21.12,21.12,-3.973642822417625e-08,2.41949985015484,0.0,300310,1,0.6571431402371056,0.7950002670288085,0.03764205660219401,,,yf_premarket,0.25129718190137673,0.6595155536845837,0.07623249962394059,0.2,0.5,blocked,0.0,2.4341,,,new,15:06:34,2026-06-19 15:06:34
CSTL,21.12,21.12,-0.0,2.4195,,300310,1,0.6571,0.795,0.0376,,,yf_premarket,0.2512971974892647,0.6594722577029039,0.07614434148452594,0.2,0.5,blocked,-0.0,2.434,,,new,15:06:34,2026-06-19 15:06:34
CWH,7.63,7.76,-0.016752606320550097,1.3219005663939585,0.0,2224600,2,0.6217392115601903,0.5981000423431396,0.07707474545130547,,,yf_premarket,0.13711762074853837,0.6239838099985117,0.15889044866646612,0.4,0.5,blocked,0.0,2.4331,,,new,15:06:34,2026-06-19 15:06:34
CWH,7.63,7.76,-0.0168,1.3219,,2224600,2,0.6217,0.5981,0.0771,,,yf_premarket,0.13711756182848023,0.6239444568770284,0.15894338670493144,0.4,0.5,blocked,0.0,2.433,,,new,15:06:34,2026-06-19 15:06:34
AHR,46.52,46.52,-9.840147554689379e-09,2.4159153752382716,0.0,3027010,2,0.5588236760745986,1.4265003204345703,0.03066423702488385,,,yf_premarket,0.25092430103402164,0.560841137298359,0.061605745225927044,0.4,0.5,blocked,0.0,2.4289,,,new,15:06:34,2026-06-19 15:06:34
AHR,46.52,46.52,-0.0,2.4159,,3027010,2,0.5588,1.4265,0.0307,,,yf_premarket,0.25092270159970675,0.5608173757485658,0.06168071080045511,0.4,0.5,blocked,-0.0,2.4289,,,new,15:06:34,2026-06-19 15:06:34
CTO,20.2,20.6,-0.019417493886531127,1.517453990595709,0.0,321130,2,0.6265023546323706,0.36121081066135013,0.01753450504720715,,,yf_premarket,0.15746038562424416,0.6287641489356182,0.03408348518158636,0.4,0.5,blocked,0.0,2.4108,,,new,15:06:34,2026-06-19 15:06:34
CTO,20.2,20.6,-0.0194,1.5175,,321130,2,0.6265,0.3612,0.0175,,,yf_premarket,0.1574651718277964,0.6287617858025707,0.034011156448319604,0.4,0.5,blocked,0.0,2.4107,,,new,15:06:34,2026-06-19 15:06:34
AMN,30.98,30.98,1.4776103262275304e-08,1.0561522266343308,0.0,1125690,4,0.44155810055838246,1.7110000610351563,0.05522918290242317,,,yf_premarket,0.1094727149438621,0.4431522104432237,0.11309825318924836,0.8,0.5,blocked,1.3986654880476994e-07,2.4071,,,new,15:06:34,2026-06-19 15:06:34
AMN,30.98,30.98,0.0,1.0562,,1125690,4,0.4416,1.711,0.0552,,,yf_premarket,0.10947768464638251,0.4431942611499046,0.11303708062070661,0.8,0.5,blocked,0.0,2.4071,,,new,15:06:34,2026-06-19 15:06:34
APG,43.6,42.54,0.02491770243676116,1.3741030443936157,0.0,3187170,2,0.4506172984861293,1.4043003082275392,0.03301129003302305,,,yf_premarket,0.1425480689250972,0.45224411382229646,0.06652558695138544,0.4,0.5,blocked,0.23586415052146345,2.4054,,,new,15:06:34,2026-06-19 15:06:34
APG,43.6,42.54,0.0249,1.3741,,3187170,2,0.4506,1.4043,0.033,,,yf_premarket,0.14254775222707075,0.4522267528852967,0.06650192102847872,0.4,0.5,blocked,0.23569658410078614,2.4051,,,new,15:06:34,2026-06-19 15:06:34
BRSP,5.59,5.54,0.009025277706003526,2.023279000558938,0.0,1323940,3,0.41666640175730274,0.11969990730285644,0.021606481611385977,,,yf_premarket,0.21007965980947935,0.4181706478098213,0.04261907433788697,0.6,0.5,blocked,0.08543080826771127,2.4009,,,new,15:06:34,2026-06-19 15:06:34
BRSP,5.59,5.54,0.009,2.0233,,1323940,3,0.4167,0.1197,0.0216,,,yf_premarket,0.21008184431069069,0.41820436734865324,0.04260548772436169,0.6,0.5,blocked,0.08519153642197089,2.4006,,,new,15:06:34,2026-06-19 15:06:34
FNB,18.23,18.23,2.5110459890070323e-08,1.3727403428936564,0.0,4632340,3,0.5312499534338962,0.36700000762939455,0.020131652048542704,,,yf_premarket,0.1424063116722002,0.5331678682021216,0.0395275685235515,0.6,0.5,blocked,2.3768873981081836e-07,2.3997,,,new,15:06:34,2026-06-19 15:06:34
FNB,18.23,18.23,0.0,1.3727,,4632340,3,0.5312,0.367,0.0201,,,yf_premarket,0.14240211493668709,0.5331177344266969,0.03946122018434629,0.6,0.5,blocked,0.0,2.3996,,,new,15:06:34,2026-06-19 15:06:34
CTMX,2.99,2.95,0.0136,2.0821,,4674360,3,0.36,0.164,0.0556,,,yf_premarket,0.21619861050680414,0.3612996694156831,0.11387555196471072,0.6,0.5,blocked,0.12873387725986712,2.3969,,,new,15:06:34,2026-06-19 15:06:34
CTMX,2.99,2.95,0.013559305650754683,2.082081825105469,0.0,4674360,3,0.3599999745686849,0.16399996280670165,0.055593206832478294,,,yf_premarket,0.21619671983366662,0.36129964389255603,0.1138613122739558,0.6,0.5,blocked,0.1283486756892115,2.3963,,,new,15:06:34,2026-06-19 15:06:34
DTIL,6.81,6.81,0.0,1.1849,,363840,4,0.4105,0.5754,0.0845,,,yf_premarket,0.12286591269807982,0.41198198415316084,0.17445510656900742,0.8,0.5,blocked,0.0,2.3955,,,new,15:06:34,2026-06-19 15:06:34
DTIL,6.81,6.81,8.402416897851197e-09,1.1848614775725594,0.0,363840,4,0.41052625767080564,0.5753999710083008,0.0844933885232087,,,yf_premarket,0.12286190533954307,0.41200833661922115,0.17444124773442976,0.8,0.5,blocked,7.953497835398599e-08,2.3955,,,new,15:06:34,2026-06-19 15:06:34
EVTC,25.7228,25.72,0.00010889139658930964,1.7155648905593632,0.0,904600,2,0.5853292917340996,1.2669998168945313,0.04926126946810112,,,yf_premarket,0.1780691961000825,0.5874424433412393,0.10058844219380793,0.4,0.5,blocked,0.0010307361531752721,2.3938,,,new,15:06:34,2026-06-19 15:06:34
EVTC,25.7228,25.72,0.0001,1.7156,,904600,2,0.5853,1.267,0.0493,,,yf_premarket,0.1780728484170834,0.5874130458583315,0.10066962829664604,0.4,0.5,blocked,0.0009465726269107877,2.3937,,,new,15:06:34,2026-06-19 15:06:34
EXC,45.56,45.81,-0.0055,1.6866,,8165110,3,0.5021,0.952,0.0208,,,yf_premarket,0.17505607597342202,0.5039126778155958,0.04092854503635347,0.6,0.5,blocked,0.0,2.3909,,,new,15:06:34,2026-06-19 15:06:34
EXC,45.56,45.81,-0.005457353542817699,1.6866031198599896,0.0,8165110,3,0.5020759235604265,0.9519996643066406,0.020781480806977073,,,yf_premarket,0.17505640052196147,0.503888514455433,0.04088972550469396,0.6,0.5,blocked,0.0,2.3908,,,new,15:06:34,2026-06-19 15:06:34
AGI,35.2,36.34,-0.0314,1.1807,,5019810,3,0.5215,1.875,0.0516,,,yf_premarket,0.12242900082692887,0.5233827155563298,0.10549083852466966,0.6,0.5,blocked,0.0,2.3832,,,new,15:06:34,2026-06-19 15:06:34
AGI,35.2,36.34,-0.03137039482116526,1.1807020584444432,0.0,5019810,3,0.5215333156344936,1.875038525811145,0.05159709735657823,,,yf_premarket,0.12242921495997965,0.5234161514666879,0.10548475406634211,0.6,0.5,blocked,0.0,2.3832,,,new,15:06:34,2026-06-19 15:06:34
BKV,25.04,24.55,0.02,2.3075,,772510,3,0.2959,1.013,0.0413,,,yf_premarket,0.23964621425857238,0.2969682560558351,0.08390020141656393,0.6,0.5,blocked,0.18931452538215754,2.3793,,,new,15:06:34,2026-06-19 15:06:34
BKV,25.04,24.55,0.019959298499681814,2.3075429444279036,0.0,772510,3,0.29585789467150164,1.0130002975463868,0.04126274252657275,,,yf_premarket,0.23965068162294165,0.29692599871898206,0.08382210310701706,0.6,0.5,blocked,0.1889292561214036,2.3786,,,new,15:06:34,2026-06-19 15:06:34
CADL,8.35,8.31,0.004813426999218541,3.550633871492036,0.0,2307250,3,0.29007679990565177,0.5899998188018799,0.07099877124062694,,,yf_premarket,0.3689652489930304,0.291124033086309,0.14615412301006134,0.6,0.5,blocked,0.045562582390936045,2.3771,,,new,15:06:34,2026-06-19 15:06:34
CADL,8.35,8.31,0.0048,3.5506,,2307250,3,0.2901,0.59,0.071,,,yf_premarket,0.36896172545565803,0.2911473169374713,0.1461566987088688,0.6,0.5,blocked,0.045435486091717804,2.377,,,new,15:06:34,2026-06-19 15:06:34
FG,28.0,27.49,0.0186,3.1239,,814450,2,0.3464,0.8393,0.0305,,,yf_premarket,0.32457355987944014,0.34765057079331285,0.06126147512845305,0.4,0.5,blocked,0.1760625086054065,2.3769,,,new,15:06:34,2026-06-19 15:06:34
PAAS,49.09,49.0,0.0018367346938776205,1.096766421379165,0.0,5976660,3,0.5093411302679477,2.745001220703125,0.05602043307557398,,,yf_premarket,0.11369767299654188,0.5111799499600552,0.11475685467956145,0.6,0.5,blocked,0.017386027841219207,2.3764,,,new,15:06:34,2026-06-19 15:06:34
FG,28.0,27.49,0.018552209280760262,3.1239486770213025,0.0,814450,2,0.34638790633737276,0.8393143868885481,0.030531625823087764,,,yf_premarket,0.3245786235862162,0.3476384334702316,0.061327768494427136,0.4,0.5,blocked,0.17561013473887938,2.3762,,,new,15:06:34,2026-06-19 15:06:34
PAAS,49.09,49.0,0.0018,1.0968,,5976660,3,0.5093,2.745,0.056,,,yf_premarket,0.11370116606750846,0.5111386712039094,0.11471402330871483,0.6,0.5,blocked,0.017038307284394177,2.3757,,,new,15:06:34,2026-06-19 15:06:34
ABCL,5.6,5.53,0.0127,1.3576,,5003860,3,0.3939,0.4669,0.0844,,,yf_premarket,0.14083131273326338,0.3953220549523266,0.17424548873300638,0.6,0.5,blocked,0.12021472361767004,2.3693,,,new,15:06:34,2026-06-19 15:06:34
ABCL,5.6,5.53,0.012658189427822097,1.3576119235949846,0.0,5003860,3,0.3939394705661359,0.4668999671936035,0.0844303706111043,,,yf_premarket,0.14083255310473852,0.395361668014817,0.17430915095078348,0.6,0.5,blocked,0.11981895618627923,2.3689,,,new,15:06:34,2026-06-19 15:06:34
CRNC,10.7894,10.77,0.0018,1.9077,,1048440,2,0.5204,1.0131,0.0941,,,yf_premarket,0.19805636519044045,0.5222787443442264,0.19457841882510596,0.4,0.5,blocked,0.017038307284394177,2.3645,,,new,15:06:34,2026-06-19 15:06:34
CRNC,10.7894,10.77,0.0018012573269989324,1.9076914272633627,0.0,1048440,2,0.5203656852932667,1.0131000518798827,0.0940668531865826,,,yf_premarket,0.19805547339748686,0.5222443057547851,0.1945089371921171,0.4,0.5,blocked,0.017050208797596833,2.3644,,,new,15:06:34,2026-06-19 15:06:34
ATEX,73.69,74.53,-0.0113,1.1573,,692400,3,0.4894,7.1714,0.0962,,,yf_premarket,0.11999477754480208,0.4911668283667648,0.1989803933811275,0.6,0.5,blocked,0.0,2.3618,,,new,15:06:34,2026-06-19 15:06:34
ATEX,73.69,74.53,-0.011270613082717696,1.1572790294627382,0.0,692400,3,0.489385567903972,7.171399307250977,0.09622164799019245,,,yf_premarket,0.11999259605035585,0.49115234416808723,0.19902577142970665,0.6,0.5,blocked,0.0,2.3618,,,new,15:06:34,2026-06-19 15:06:34
ASYS,22.3155,22.04,0.0125,0.549,,521540,2,0.5378,2.367,0.1074,,,yf_premarket,0.05671537487310454,0.5397415616993176,0.22245759101324247,0.4,0.5,blocked,0.11832157836384848,2.3533,,,new,15:06:34,2026-06-19 15:06:34
ASYS,22.3155,22.04,0.012499957941406672,0.5489511830348583,0.0,521540,2,0.5377835259819844,2.3669998168945314,0.1073956315141059,,,yf_premarket,0.056710296608441686,0.5397250282069206,0.22244843388764526,0.4,0.5,blocked,0.11832118024871677,2.3532,,,new,15:06:34,2026-06-19 15:06:34
NSA,44.45,44.45,-1.7163991837744488e-08,1.2784733031061786,0.0,738850,2,0.6130407414557123,0.9894325243534816,0.02225944898472148,,,yf_premarket,0.13260002863853138,0.6152539367397059,0.043987810415665594,0.4,0.5,blocked,0.0,2.3514,,,new,15:06:34,2026-06-19 15:06:34
NSA,44.45,44.45,-0.0,1.2785,,738850,2,0.613,0.9894,0.0223,,,yf_premarket,0.13260280582658696,0.6152130481994826,0.04407281257636888,0.4,0.5,blocked,-0.0,2.3514,,,new,15:06:34,2026-06-19 15:06:34
AUB,39.1572,39.16,-0.0001,2.1466,,1079190,3,0.4455,0.864,0.0221,,,yf_premarket,0.22290832852805104,0.4471083409019079,0.043653576904366824,0.6,0.5,blocked,0.0,2.3504,,,new,15:06:34,2026-06-19 15:06:34
AUB,39.1572,39.16,-7.14976359299268e-05,2.146609957468101,0.0,1079190,3,0.4454830881706323,0.8639991760253907,0.022063308973237602,,,yf_premarket,0.22290936436996056,0.44709136801757515,0.043576665968060924,0.6,0.5,blocked,0.0,2.3503,,,new,15:06:34,2026-06-19 15:06:34
BXP,64.83,64.7,0.0020093208329176404,1.8981831305191217,0.0,1773380,2,0.5463567751918401,1.8449996948242187,0.02851622537633435,,,yf_premarket,0.19706635727320473,0.5483292284995293,0.05710312969118761,0.4,0.5,blocked,0.01901968099121423,2.3493,,,new,15:06:34,2026-06-19 15:06:34
BXP,64.83,64.7,0.002,1.8982,,1773380,2,0.5464,1.845,0.0285,,,yf_premarket,0.19706811214855138,0.5483726093575813,0.057069118408432526,0.4,0.5,blocked,0.018931452538215755,2.3493,,,new,15:06:34,2026-06-19 15:06:34
ARI,10.87,10.83,0.003693451207362188,2.7746014293567893,0.0,1819000,2,0.46511550540267205,0.2039999008178711,0.01883655607155921,,,yf_premarket,0.288237204619897,0.4667946620613716,0.03681281636246235,0.4,0.5,blocked,0.03496119811719647,2.3368,,,new,15:06:34,2026-06-19 15:06:34
ARI,10.87,10.83,0.0037,2.7746,,1819000,2,0.4651,0.204,0.0188,,,yf_premarket,0.28823705592871857,0.46677910068120615,0.03673618831633295,0.4,0.5,blocked,0.03502318719569915,2.3368,,,new,15:06:34,2026-06-19 15:06:34
DAKT,20.76,20.76,-1.1025136409000603e-08,0.9583260066819062,0.0,398090,2,0.6167247178354324,0.9409999847412109,0.04532755175176097,,,yf_premarket,0.09929618237075749,0.618951212984506,0.09234266824242669,0.4,0.5,blocked,0.0,2.333,,,new,15:06:34,2026-06-19 15:06:34
DAKT,20.76,20.76,-0.0,0.9583,,398090,2,0.6167,0.941,0.0453,,,yf_premarket,0.09929347698312557,0.6189264059129216,0.09228491485660499,0.4,0.5,blocked,-0.0,2.3329,,,new,15:06:34,2026-06-19 15:06:34
BOOM,7.03,7.03,-0.0,0.8364,,234110,2,0.625,0.321,0.0457,,,yf_premarket,0.08661263005614887,0.6272563705133387,0.09312338620060909,0.4,0.5,blocked,-0.0,2.331,,,new,15:06:34,2026-06-19 15:06:34
BOOM,7.03,7.03,-2.984471452333069e-08,0.8363589765494853,0.0,234110,2,0.6250002793968307,0.3210000038146973,0.04566145010448703,,,yf_premarket,0.0866083625245952,0.6272566509188459,0.09304257874385415,0.4,0.5,blocked,0.0,2.3309,,,new,15:06:34,2026-06-19 15:06:34
FGMC,10.261,10.3,-0.0038,0.0884,,491820,4,0.4712,0.6879,0.0668,,,yf_premarket,0.008800706336882472,0.47290112285741637,0.1373527495968257,0.8,0.5,blocked,0.0,2.3277,,,new,15:06:34,2026-06-19 15:06:34
FGMC,10.261,10.3,-0.003786426214821414,0.08844699280224472,0.0,491820,4,0.47118531113324097,0.6879000663757324,0.06678641297448884,,,yf_premarket,0.008805594840015654,0.472886380961016,0.1373242687679723,0.8,0.5,blocked,0.0,2.3276,,,new,15:06:34,2026-06-19 15:06:34
CYRX,15.3,15.01,0.019320437488079118,0.7257507528248197,0.0,723940,3,0.39779011055769914,0.6100000381469727,0.04063957553932791,,,yf_premarket,0.07510216109787429,0.3992262095592354,0.08251583395368164,0.6,0.5,blocked,0.1828819726615671,2.3267,,,new,15:06:34,2026-06-19 15:06:34
CYRX,15.3,15.01,0.0193,0.7258,,723940,3,0.3978,0.61,0.0406,,,yf_premarket,0.07510728411584022,0.39923613470432984,0.08243287656455674,0.6,0.5,blocked,0.18268851699378205,2.3264,,,new,15:06:34,2026-06-19 15:06:34
APAM,35.8772,35.88,-0.0001,1.4493,,826600,3,0.484,1.043,0.0291,,,yf_premarket,0.1503705552533927,0.4857473333255295,0.058326825424438684,0.6,0.5,blocked,0.0,2.3262,,,new,15:06:34,2026-06-19 15:06:34
APAM,35.8772,35.88,-7.80676708987494e-05,1.4493104282603435,0.0,826600,3,0.48397461761361554,1.0430004119873046,0.029069129903515165,,,yf_premarket,0.15037164007023543,0.48572185930383593,0.05826211619621574,0.6,0.5,blocked,0.0,2.3261,,,new,15:06:34,2026-06-19 15:06:34
EXPO,55.9,56.89,-0.0174,2.0749,,673810,3,0.43,2.18,0.0383,,,yf_premarket,0.2154496187276882,0.43155238291317705,0.07761166633653313,0.6,0.5,blocked,0.0,2.3251,,,new,15:06:34,2026-06-19 15:06:34
FSUN,36.19,36.19,3.7946699791741504e-08,2.6769059638915036,0.0,233740,2,0.4886353784353958,0.984499740600586,0.027203641280992046,,,yf_premarket,0.2780742739962298,0.49039944637087696,0.05435171931483742,0.4,0.5,blocked,3.5919307304463795e-07,2.3251,,,new,15:06:34,2026-06-19 15:06:34
FSUN,36.19,36.19,0.0,2.6769,,233740,2,0.4886,0.9845,0.0272,,,yf_premarket,0.2780736535926593,0.4903639402125077,0.054344086540419174,0.4,0.5,blocked,0.0,2.325,,,new,15:06:34,2026-06-19 15:06:34
EXPO,55.9,56.89,-0.017401993325184967,2.0749172615425713,0.0,673810,3,0.42995145935227536,2.1800003051757812,0.03831956984644385,,,yf_premarket,0.21545141438789386,0.43150366702435444,0.07765268822515745,0.6,0.5,blocked,0.0,2.325,,,new,15:06:34,2026-06-19 15:06:34
UTI,40.56,40.35,0.0052,0.8792,,1322340,3,0.4753,2.251,0.0558,,,yf_premarket,0.09106497007644913,0.4770159246479838,0.11429478763671277,0.6,0.5,blocked,0.04922177659936096,2.3216,,,new,15:06:34,2026-06-19 15:06:34
UTI,40.56,40.35,0.005204498979438506,0.879198995719709,0.0,1322340,3,0.4752807659567902,2.2510002136230467,0.055786872335738744,,,yf_premarket,0.09106486560454888,0.4769966211661693,0.11426726971097086,0.6,0.5,blocked,0.04926436270721621,2.3216,,,new,15:06:34,2026-06-19 15:06:34
ZIP,3.193,3.05,0.0469,1.9711,,599320,2,0.1724,0.2967,0.0973,,,yf_premarket,0.2046516539121002,0.17302239724239935,0.20128618957713879,0.4,0.5,blocked,0.4439425620211594,2.3196,,,new,15:06:34,2026-06-19 15:06:34
ZIP,3.193,3.05,0.04688526226864898,1.9710672095041046,0.0,599320,2,0.17241365135635525,0.2966999769210815,0.09727868247858708,,,yf_premarket,0.2046482428271198,0.17303609788278332,0.20124150425006399,0.4,0.5,blocked,0.4438030586903631,2.3194,,,new,15:06:34,2026-06-19 15:06:34
CISS,2.2,2.2,-0.0,0.6545,,285720,2,0.6042,0.2078,0.0945,,,yf_premarket,0.06769018496987272,0.6063812785026548,0.19541689016911007,0.4,0.5,blocked,-0.0,2.312,,,new,15:06:34,2026-06-19 15:06:34
CISS,2.2,2.2,-2.1674415731436425e-08,0.6544869102617947,0.0,285720,2,0.6041666614926539,0.20779999494552612,0.09445454110981029,,,yf_premarket,0.06768882328844125,0.6063478196368688,0.1953216002272243,0.4,0.5,blocked,0.0,2.3119,,,new,15:06:34,2026-06-19 15:06:34
TRU,65.89,64.6,0.02,2.6988,,2958970,4,0.1316,2.544,0.0394,,,yf_premarket,0.28035183692080357,0.1320751013752886,0.07991746253254442,0.8,0.5,blocked,0.18931452538215754,2.3086,,,new,15:06:34,2026-06-19 15:06:34
TRU,65.89,64.6,0.01996906433977215,2.698810734816507,0.0,2958970,4,0.1316124700730847,2.5439994812011717,0.0393807978528096,,,yf_premarket,0.2803529536276528,0.13208761646774161,0.07987721140713817,0.8,0.5,blocked,0.1890216968904866,2.3082,,,new,15:06:34,2026-06-19 15:06:34
COLL,33.86,33.54,0.009540819193135803,1.6787991498405952,0.0,376400,2,0.4828938893618378,1.2714998245239257,0.037909951992138584,,,yf_premarket,0.17424457977349014,0.4846372294146818,0.07679405614308892,0.4,0.5,blocked,0.09031078286527419,2.3045,,,new,15:06:34,2026-06-19 15:06:34
COLL,33.86,33.54,0.0095,1.6788,,376400,2,0.4829,1.2715,0.0379,,,yf_premarket,0.1742446682127131,0.484643362113426,0.07677319499252902,0.4,0.5,blocked,0.08992439955652483,2.3039,,,new,15:06:34,2026-06-19 15:06:34
EOLS,6.67,6.63,0.0060331651385582205,1.373558561366328,0.0,802150,3,0.4263567496116919,0.3164999961853027,0.0477375551617154,,,yf_premarket,0.1424914281874157,0.4278959796884707,0.09739446523792412,0.6,0.5,blocked,0.057108289737916415,2.3039,,,new,15:06:34,2026-06-19 15:06:34
DOLE,14.0,14.0,0.0,1.5721977886472933,0.0,973160,2,0.56670257378925,0.3018480160229853,0.021560572573070376,,,yf_premarket,0.16315519877677467,0.56874847935298,0.04252284080524093,0.4,0.5,blocked,0.0,2.3035,,,new,15:06:34,2026-06-19 15:06:34
EOLS,6.67,6.63,0.006,1.3736,,802150,3,0.4264,0.3165,0.0477,,,yf_premarket,0.14249573890907655,0.4279393862190202,0.09731574292062962,0.6,0.5,blocked,0.05679435761464727,2.3035,,,new,15:06:34,2026-06-19 15:06:34
DOLE,14.0,14.0,0.0,1.5722,,973160,2,0.5667,0.3018,0.0216,,,yf_premarket,0.16315542881635772,0.5687458962718545,0.04260548772436169,0.4,0.5,blocked,0.0,2.3035,,,new,15:06:34,2026-06-19 15:06:34
EBS,8.1474,8.0,0.018424999999999914,2.275563452917088,0.0,979230,1,0.4631578154841527,0.43500003814697263,0.05437500476837158,,,yf_premarket,0.2363239627004543,0.464829904504762,0.11130774346905546,0.2,0.5,blocked,0.1744060065083118,2.3014,,,new,15:06:34,2026-06-19 15:06:34
EBS,8.1474,8.0,0.0184,2.2756,,979230,1,0.4632,0.435,0.0544,,,yf_premarket,0.23632776457054483,0.4648722413148456,0.1113601379326984,0.2,0.5,blocked,0.17416936335158495,2.3012,,,new,15:06:34,2026-06-19 15:06:34
EEFT,66.0,65.84,0.002430189413866866,2.2094025513470914,0.0,812120,3,0.3865736775273696,2.7979995727539064,0.04249695820750935,,,yf_premarket,0.22944146667617296,0.3879692830428987,0.0864092393089817,0.6,0.5,blocked,0.02300350777374747,2.2978,,,new,15:06:34,2026-06-19 15:06:34
EEFT,66.0,65.84,0.0024,2.2094,,812120,3,0.3866,2.798,0.0425,,,yf_premarket,0.2294412012681178,0.3879957005447308,0.08641561544857625,0.6,0.5,blocked,0.022717743045858902,2.2974,,,new,15:06:34,2026-06-19 15:06:34
THRM,35.8,35.93,-0.003618154858658805,1.4889205024955996,0.0,414730,3,0.4582042575806785,1.5930004119873047,0.04433622038566557,,,yf_premarket,0.15449214284417692,0.4598584633021046,0.09026466088521812,0.6,0.5,blocked,0.0,2.2966,,,new,15:06:34,2026-06-19 15:06:34
THRM,35.8,35.93,-0.0036,1.4889,,414730,3,0.4582,1.593,0.0443,,,yf_premarket,0.15449001003853033,0.4598541903507389,0.09018873649659472,0.6,0.5,blocked,0.0,2.2965,,,new,15:06:34,2026-06-19 15:06:34
CTRE,37.18,37.06,0.0032379552688162226,1.824982598272643,0.0,3979490,3,0.4156386869907851,1.1114013671875,0.029989242471763163,,,yf_premarket,0.18945155215104872,0.41713922279483123,0.06019083625055066,0.6,0.5,blocked,0.030649598246229977,2.2945,,,new,15:06:34,2026-06-19 15:06:34
CTRE,37.18,37.06,0.0032,1.825,,3979490,3,0.4156,1.1114,0.03,,,yf_premarket,0.18945336239420604,0.41710039613654976,0.06021338594844792,0.6,0.5,blocked,0.030290324061145207,2.2939,,,new,15:06:34,2026-06-19 15:06:34
LEVI,23.2891,23.7,-0.01733758437603058,1.08490230310947,0.0,2388510,2,0.5934960988533428,0.7759998321533204,0.03274260789758198,,,yf_premarket,0.11246348868397789,0.5956387342089176,0.06596238127335252,0.4,0.5,blocked,0.0,2.293,,,new,15:06:34,2026-06-19 15:06:34
LEVI,23.2891,23.7,-0.0173,1.0849,,2388510,2,0.5935,0.776,0.0327,,,yf_premarket,0.1124632490992474,0.5956426494394664,0.06587306752047564,0.4,0.5,blocked,0.0,2.2929,,,new,15:06:34,2026-06-19 15:06:34
CBC,28.23,28.23,1.6215504063910534e-08,1.99603185388525,0.0,1103790,2,0.5242493066592429,0.8125,0.02878143865303213,,,yf_premarket,0.20724523080073518,0.5261419477427376,0.05765906402258891,0.4,0.5,blocked,1.5349152278458348e-07,2.292,,,new,15:06:34,2026-06-19 15:06:34
CBC,28.23,28.23,0.0,1.996,,1103790,2,0.5242,0.8125,0.0288,,,yf_premarket,0.20724191714820947,0.5260924630769475,0.0576979719164356,0.4,0.5,blocked,0.0,2.2919,,,new,15:06:34,2026-06-19 15:06:34
ACIW,44.09,44.09,-0.0,1.6456,,965290,2,0.5492,1.423,0.0323,,,yf_premarket,0.1707909838979007,0.5511827178974811,0.06503459617647153,0.4,0.5,blocked,-0.0,2.2911,,,new,15:06:34,2026-06-19 15:06:34
ACIW,44.09,44.09,-3.4608275501545587e-09,1.6456194511493956,0.0,965290,2,0.549233805064783,1.4230007171630858,0.03227490842001192,,,yf_premarket,0.17079300733553843,0.5512166450050663,0.06498199974948204,0.4,0.5,blocked,0.0,2.2911,,,new,15:06:34,2026-06-19 15:06:34
ACHC,25.0,24.87,0.0052271474217854795,1.2776684191729166,0.0,2407980,2,0.5333337571887647,1.13799991607666,0.04575793637615889,,,yf_premarket,0.13251629927059308,0.535259194890347,0.09324483117857077,0.4,0.5,blocked,0.04947874666289433,2.2901,,,new,15:06:34,2026-06-19 15:06:34
ACHC,25.0,24.87,0.0052,1.2777,,2407980,2,0.5333,1.138,0.0458,,,yf_premarket,0.1325195845177963,0.5352253158316217,0.09333300403661011,0.4,0.5,blocked,0.04922177659936096,2.2897,,,new,15:06:34,2026-06-19 15:06:34
FND,51.94,53.03,-0.0206,1.0869,,3001620,1,0.678,3.0637,0.0578,,,yf_premarket,0.11267130237122405,0.6804477107328699,0.1184871443567333,0.2,0.5,blocked,0.0,2.2891,,,new,15:06:34,2026-06-19 15:06:34
FND,51.94,53.03,-0.020554380622056834,1.0869130669438503,0.0,3001620,1,0.6780139623320767,3.0637001037597655,0.057772961989126924,,,yf_premarket,0.11267266168143544,0.6804617234716576,0.11843046786344344,0.2,0.5,blocked,0.0,2.2891,,,new,15:06:34,2026-06-19 15:06:34
BUSE,28.23,28.23,1.6215504063910534e-08,1.3923707328577324,0.0,848050,3,0.4727266421986533,0.5489995956420899,0.019447382378476624,,,yf_premarket,0.14444839510330196,0.474433276528776,0.03809321724874762,0.6,0.5,blocked,1.5349152278458348e-07,2.2846,,,new,15:06:34,2026-06-19 15:06:34
BUSE,28.23,28.23,0.0,1.3924,,848050,3,0.4727,0.549,0.0194,,,yf_premarket,0.14445143966565707,0.47440653814664835,0.03799389533233911,0.6,0.5,blocked,0.0,2.2845,,,new,15:06:34,2026-06-19 15:06:34
ANDE,71.22,71.22,-0.0,2.0287,,348110,2,0.5129,2.406,0.0338,,,yf_premarket,0.21064358814502765,0.5147516678980664,0.06817886371648692,0.4,0.5,blocked,-0.0,2.2796,,,new,15:06:34,2026-06-19 15:06:34
ANDE,71.22,71.22,-1.7139891957514024e-08,2.028669098848065,0.0,348110,2,0.5128868893413652,2.4059989929199217,0.03378263060490535,,,yf_premarket,0.2106403736021437,0.5147385099074258,0.06814245436636306,0.4,0.5,blocked,0.0,2.2795,,,new,15:06:34,2026-06-19 15:06:34
FE,46.11,46.45,-0.00731971490538115,1.451661849559763,0.0,4778110,4,0.362935284180201,0.953000259399414,0.020516689854605422,,,yf_premarket,0.15061625051780536,0.36424555053776003,0.040334676440406,0.8,0.5,blocked,0.0,2.2746,,,new,15:06:34,2026-06-19 15:06:34
FE,46.11,46.45,-0.0073,1.4517,,4778110,4,0.3629,0.953,0.0205,,,yf_premarket,0.15062021917976467,0.364210138974865,0.0402996915283504,0.8,0.5,blocked,0.0,2.2745,,,new,15:06:34,2026-06-19 15:06:34
CLW,16.79,16.79,-5.4528129522373896e-08,1.4317238944302233,0.0,226580,2,0.5436895331349239,0.8480000495910645,0.05050625392204931,,,yf_premarket,0.14854217211719317,0.5456523571844863,0.10319815166472333,0.4,0.5,blocked,0.0,2.2657,,,new,15:06:34,2026-06-19 15:06:34
CLW,16.79,16.79,-0.0,1.4317,,226580,2,0.5437,0.848,0.0505,,,yf_premarket,0.14853968645999818,0.5456628618369636,0.10318504232865837,0.4,0.5,blocked,-0.0,2.2657,,,new,15:06:34,2026-06-19 15:06:34
BATRK,50.38,50.38,-2.1201175251523378e-08,2.5526639764721977,0.0,584840,2,0.46932564153570716,1.1454994201660156,0.022737185309251323,,,yf_premarket,0.26514979799649574,0.47101999759765106,0.04498923096093589,0.4,0.5,blocked,0.0,2.2623,,,new,15:06:34,2026-06-19 15:06:34
BATRK,50.38,50.38,-0.0,2.5527,,584840,2,0.4693,1.1455,0.0227,,,yf_premarket,0.2651535454029095,0.4709942634910558,0.04491128392037298,0.4,0.5,blocked,-0.0,2.2622,,,new,15:06:34,2026-06-19 15:06:34
ETOR,38.2094,39.09,-0.0225,1.5359,,667310,2,0.535,1.6061,0.0411,,,yf_premarket,0.15937926192998156,0.536931453159418,0.08348096574456186,0.4,0.5,blocked,0.0,2.2547,,,new,15:06:34,2026-06-19 15:06:34
ETOR,38.2094,39.09,-0.022527504455115477,1.5358678874885736,0.0,667310,2,0.5350320483227478,1.6060997009277345,0.041087226775602996,,,yf_premarket,0.15937592137344472,0.5369636171827904,0.08345419078799332,0.4,0.5,blocked,0.0,2.2547,,,new,15:06:34,2026-06-19 15:06:34
TK,11.9,11.91,-0.0008396177615637719,1.4024510383418056,0.0,507540,2,0.5470084355409416,0.440000057220459,0.036943750030027526,,,yf_premarket,0.14549701537254475,0.548983241468145,0.07476872449871226,0.4,0.5,blocked,0.0,2.2536,,,new,15:06:34,2026-06-19 15:06:34
TK,11.9,11.91,-0.0008,1.4025,,507540,2,0.547,0.44,0.0369,,,yf_premarket,0.14550210868913913,0.5489747754732741,0.07467701663251876,0.4,0.5,blocked,0.0,2.2535,,,new,15:06:34,2026-06-19 15:06:34
AVIR,4.28,4.36,-0.01834865391389781,2.279753864625544,0.0,266520,3,0.3750004967051889,0.18399996757507325,0.04220182613314715,,,yf_premarket,0.23675987713389107,0.3763543208063937,0.08579058984135872,0.6,0.5,blocked,0.0,2.2507,,,new,15:06:34,2026-06-19 15:06:34
AVIR,4.28,4.36,-0.0183,2.2798,,266520,3,0.375,0.184,0.0422,,,yf_premarket,0.2367646764416958,0.37635382230800324,0.08578676194057316,0.6,0.5,blocked,0.0,2.2507,,,new,15:06:34,2026-06-19 15:06:34
BZ,13.69,13.7,-0.0007,1.7287,,3969660,3,0.4151,0.618,0.0451,,,yf_premarket,0.17943559734853043,0.4165985910401391,0.09186567918460294,0.6,0.5,blocked,0.0,2.2483,,,new,15:06:34,2026-06-19 15:06:34
BZ,13.69,13.7,-0.0007299130952085468,1.7287122826640064,0.0,3969660,3,0.4150942038199751,0.6179999351501465,0.0451094849455546,,,yf_premarket,0.179436875072748,0.4165927739347866,0.09188556132222035,0.6,0.5,blocked,0.0,2.2483,,,new,15:06:34,2026-06-19 15:06:34
FLNC,24.8497,24.8,0.002004063083404455,0.8116632123721877,0.0,12327650,2,0.5232383405094823,3.3884998321533204,0.13663306195145458,,,yf_premarket,0.08403934525406996,0.5251273318102405,0.28373530287272103,0.4,0.5,blocked,0.01896991257353088,2.2466,,,new,15:06:34,2026-06-19 15:06:34
FLNC,24.8497,24.8,0.002,0.8117,,12327650,2,0.5232,3.3885,0.1366,,,yf_premarket,0.08404317214723726,0.5250888528841261,0.2836659991255422,0.4,0.5,blocked,0.018931452538215755,2.2465,,,new,15:06:34,2026-06-19 15:06:34
FHB,27.93,27.93,-0.0,1.9214,,1277360,3,0.4118,0.587,0.021,,,yf_premarket,0.1994815301034805,0.41328667740382863,0.041347780708355535,0.6,0.5,blocked,-0.0,2.2465,,,new,15:06:34,2026-06-19 15:06:34
FHB,27.93,27.93,-1.0926451063363009e-08,1.9213847310077035,0.0,1277360,3,0.4117647658807102,0.5870002746582031,0.021016837387911685,,,yf_premarket,0.19947994172157696,0.4132513160825743,0.0413830748765351,0.6,0.5,blocked,0.0,2.2464,,,new,15:06:34,2026-06-19 15:06:34
BRO,58.1502,59.1,-0.0161,1.8743,,3064890,3,0.4123,1.542,0.0261,,,yf_premarket,0.19458187554843043,0.4137884825002393,0.05203829034440789,0.6,0.5,blocked,0.0,2.2455,,,new,15:06:34,2026-06-19 15:06:34
BRO,58.1502,59.1,-0.016071040586185404,1.8742923889601257,0.0,3064890,3,0.4123216493950724,1.5419998168945312,0.026091368133786794,,,yf_premarket,0.19458108379755593,0.41381021005380236,0.05202019641324526,0.6,0.5,blocked,0.0,2.2455,,,new,15:06:34,2026-06-19 15:06:34
EMBC,3.12,3.11,0.0032154679233089775,4.171749786326347,0.0,2737820,3,0.1956519710995242,0.15410003662109376,0.04954985267494539,,,yf_premarket,0.43357784817205425,0.1963583124410691,0.10119336406705726,0.6,0.5,blocked,0.03043673918913954,2.2393,,,new,15:06:34,2026-06-19 15:06:34
EMBC,3.12,3.11,0.0032,4.1717,,2737820,3,0.1957,0.1541,0.0495,,,yf_premarket,0.4335726690680061,0.19640651473513662,0.10108886396864811,0.6,0.5,blocked,0.030290324061145207,2.2392,,,new,15:06:34,2026-06-19 15:06:34
FMNB,14.14,14.14,-0.0,2.9715,,471850,3,0.3279,0.2478,0.0175,,,yf_premarket,0.3087199005548195,0.32908378222611806,0.034011156448319604,0.6,0.5,blocked,-0.0,2.2383,,,new,15:06:34,2026-06-19 15:06:34
FMNB,14.14,14.14,-2.4280250707344644e-08,2.971495178552506,0.0,471850,3,0.32787450153768577,0.2477740145443022,0.01752291432307546,,,yf_premarket,0.30871939899585615,0.3290581917094382,0.03405918895648466,0.6,0.5,blocked,0.0,2.2382,,,new,15:06:34,2026-06-19 15:06:34
BXMT,18.1,18.09,0.0006,2.5483,,1314270,3,0.3553,0.343,0.019,,,yf_premarket,0.2646958282045608,0.3565827015094228,0.037155423988335,0.6,0.5,blocked,0.0056794357614647255,2.2373,,,new,15:06:34,2026-06-19 15:06:34
BXMT,18.1,18.09,0.0005527831579747253,2.5482587291804575,0.0,1314270,3,0.35526365322404563,0.34299983978271487,0.018960742779963246,,,yf_premarket,0.26469153494003933,0.3565462235145988,0.037073133853219795,0.6,0.5,blocked,0.005232494059561767,2.2365,,,new,15:06:34,2026-06-19 15:06:34
FNF,46.0,46.82,-0.0175,1.7632,,1589640,3,0.4145,1.0239,0.0219,,,yf_premarket,0.18302451629012764,0.4159964249244462,0.04323434123236477,0.6,0.5,blocked,0.0,2.2281,,,new,15:06:34,2026-06-19 15:06:34
FNF,46.0,46.82,-0.017513876552093757,1.7632294104325508,0.0,1589640,3,0.414453908845134,1.0238814650845924,0.021868463728285305,,,yf_premarket,0.18302757575848883,0.4159501673716238,0.04316823558204102,0.6,0.5,blocked,0.0,2.228,,,new,15:06:34,2026-06-19 15:06:34
ANNX,4.85,4.9,-0.01020410089679451,2.384270684504481,0.0,3079600,2,0.4356437279610296,0.3554999828338623,0.07255101549282822,,,yf_premarket,0.2476324103100945,0.4372164858203772,0.149407903820976,0.4,0.5,blocked,0.0,2.2206,,,new,15:06:34,2026-06-19 15:06:34
ANNX,4.85,4.9,-0.0102,2.3843,,3079600,2,0.4356,0.3555,0.0726,,,yf_premarket,0.24763545990247568,0.43717259999297653,0.14951058408488524,0.4,0.5,blocked,0.0,2.2206,,,new,15:06:34,2026-06-19 15:06:34
CMP,30.152,30.58,-0.014,1.185,,519840,2,0.5411,1.419,0.0464,,,yf_premarket,0.12287631536167866,0.5430534753356282,0.09459071105261627,0.4,0.5,blocked,0.0,2.2177,,,new,15:06:34,2026-06-19 15:06:34
CMP,30.152,30.58,-0.013996073406601351,1.1849799938442598,0.0,519840,2,0.5410628264146632,1.4190004348754883,0.046402892034524135,,,yf_premarket,0.12287423418859793,0.5430161675464804,0.09459677327280218,0.4,0.5,blocked,0.0,2.2176,,,new,15:06:34,2026-06-19 15:06:34
CERT,5.58,5.54,0.007220223541949891,1.5625098776748743,0.0,5061920,2,0.4492186947027106,0.36569995880126954,0.06601082334284884,,,yf_premarket,0.16214739798855954,0.45084046080953893,0.1356984945658802,0.4,0.5,blocked,0.0683446596498662,2.2153,,,new,15:06:34,2026-06-19 15:06:34
CERT,5.58,5.54,0.0072,1.5625,,5061920,2,0.4492,0.3657,0.066,,,yf_premarket,0.16214637044727098,0.4508216986153468,0.1356758069088175,0.4,0.5,blocked,0.06815322913757671,2.2149,,,new,15:06:34,2026-06-19 15:06:34
EYE,16.9,16.78,0.0072,1.7636,,2882590,2,0.4353,1.0275,0.0612,,,yf_premarket,0.18306612694452296,0.43687151693513016,0.1256141507807682,0.4,0.5,blocked,0.06815322913757671,2.2134,,,new,15:06:34,2026-06-19 15:06:34
EYE,16.9,16.78,0.007151329466273094,1.7635529159540553,0.0,2882590,2,0.43529420740464153,1.0275001525878906,0.06123361802992264,,,yf_premarket,0.1830612289496146,0.4368657034273855,0.1256846201675982,0.4,0.5,blocked,0.06769252718794644,2.2127,,,new,15:06:34,2026-06-19 15:06:34
ALMU,24.1283,24.19,-0.0026,0.7943,,927810,2,0.5301,2.9191,0.1207,,,yf_premarket,0.08223310868104043,0.5320137632145934,0.25033676320137904,0.4,0.5,blocked,0.0,2.2125,,,new,15:06:34,2026-06-19 15:06:34
ALMU,24.1283,24.19,-0.0025506627819519177,0.7943436695012988,0.0,927810,2,0.5301003877850577,2.919099807739258,0.12067382154991667,,,yf_premarket,0.08223765147235582,0.5320141523996299,0.25028188850081573,0.4,0.5,blocked,0.0,2.2125,,,new,15:06:34,2026-06-19 15:06:34
BHRB,65.51,65.51,-3.260922598035827e-08,1.5511121096382836,0.0,222550,3,0.42048521677437267,1.469998550415039,0.022439299381461213,,,yf_premarket,0.16096172652193777,0.4220032494854519,0.044364808925350684,0.6,0.5,blocked,0.0,2.2076,,,new,15:06:34,2026-06-19 15:06:34
BHRB,65.51,65.51,-0.0,1.5511,,222550,3,0.4205,1.47,0.0224,,,yf_premarket,0.16096046679700407,0.42201808608137426,0.0442824304123699,0.6,0.5,blocked,-0.0,2.2076,,,new,15:06:34,2026-06-19 15:06:34
CCAP,11.4,11.18,0.0197,1.7151,,259580,2,0.3646,0.264,0.0236,,,yf_premarket,0.17802083509908925,0.36591627630266127,0.04679784444438222,0.4,0.5,blocked,0.18647480750142517,2.202,,,new,15:06:34,2026-06-19 15:06:34
ESPR,3.158,3.15,0.002539652187418467,1.6590162006521232,0.0,10544020,2,0.5,0.014999985694885254,0.004761900076430182,,,yf_premarket,0.17218662611948543,0.501805096410671,0.007309827040884127,0.4,0.5,blocked,0.024039652424844266,2.2016,,,new,15:06:34,2026-06-19 15:06:34
CCAP,11.4,11.18,0.01967796858845972,1.715078203251406,0.0,259580,2,0.36458407839210355,0.26399993896484375,0.02361358960273239,,,yf_premarket,0.17801856765665752,0.3659002972146903,0.04682633067555099,0.4,0.5,blocked,0.18626626419046283,2.2016,,,new,15:06:34,2026-06-19 15:06:34
ESPR,3.158,3.15,0.0025,1.659,,10544020,2,0.5,0.015,0.0048,,,yf_premarket,0.17218494082014427,0.501805096410671,0.007389691276189225,0.4,0.5,blocked,0.023664315672769692,2.2011,,,new,15:06:34,2026-06-19 15:06:34
ANDG,36.12,37.17,-0.028248539700563253,1.19849945022961,0.0,309220,3,0.42304034719160377,2.3049999237060548,0.06201237657396039,,,yf_premarket,0.12428061775675679,0.4245676044161729,0.12731703697528327,0.6,0.5,blocked,0.0,2.1992,,,new,15:06:34,2026-06-19 15:06:34
ANDG,36.12,37.17,-0.0282,1.1985,,309220,3,0.423,2.305,0.062,,,yf_premarket,0.12428067494752101,0.42452711156342765,0.12729109346877643,0.6,0.5,blocked,0.0,2.1991,,,new,15:06:34,2026-06-19 15:06:34
HRL,24.2,24.16,0.0017,1.5601,,4044220,2,0.503,0.492,0.0204,,,yf_premarket,0.16189670652089902,0.504815926989135,0.040090073692349376,0.4,0.5,blocked,0.01609173465748339,2.1967,,,new,15:06:34,2026-06-19 15:06:34
HRL,24.2,24.16,0.0016556354652533046,1.5601030606643556,0.0,4044220,2,0.5029586466632131,0.49200000762939455,0.020364238854997135,,,yf_premarket,0.1618970249115158,0.5047744243588285,0.04001511195406518,0.4,0.5,blocked,0.015671792115514848,2.1959,,,new,15:06:34,2026-06-19 15:06:34
RNST,41.6928,41.69,0.0001,1.6887,,804480,2,0.5028,0.9342,0.0224,,,yf_premarket,0.1752745319089975,0.5046152049505708,0.0442824304123699,0.4,0.5,blocked,0.0009465726269107877,2.1957,,,new,15:06:34,2026-06-19 15:06:34
RNST,41.6928,41.69,6.719533181320884e-05,1.6886684566428003,0.0,804480,2,0.5028016298873876,0.9341894142890524,0.02240799820248873,,,yf_premarket,0.17527125055966022,0.5046168407221662,0.044299196071345755,0.4,0.5,blocked,0.0006360526175057112,2.1952,,,new,15:06:34,2026-06-19 15:06:34
CG,44.39,44.8,-0.0092,1.1554,,2996860,3,0.4363,1.561,0.0348,,,yf_premarket,0.11979712693642425,0.4378751271279515,0.0702750420764972,0.6,0.5,blocked,0.0,2.1906,,,new,15:06:34,2026-06-19 15:06:34
CG,44.39,44.8,-0.009151768840240888,1.1554093284304239,0.0,2996860,3,0.43625466673455104,1.5609996795654297,0.034843743440828044,,,yf_premarket,0.1197980973416603,0.43782963020067306,0.07036673613055333,0.6,0.5,blocked,0.0,2.1905,,,new,15:06:34,2026-06-19 15:06:34
CNS,75.1,74.88,0.0029380709755833134,2.088245931283906,0.0,276500,3,0.34760229456497455,1.9220016479492188,0.025667757992091637,,,yf_premarket,0.2168379510632843,0.348857205873495,0.05113223400114299,0.6,0.5,blocked,0.02781097561408238,2.1903,,,new,15:06:34,2026-06-19 15:06:34
CNS,75.1,74.88,0.0029,2.0882,,276500,3,0.3476,1.922,0.0257,,,yf_premarket,0.21683317298633292,0.3488549030246985,0.05119981900040378,0.6,0.5,blocked,0.027450606180412843,2.1897,,,new,15:06:34,2026-06-19 15:06:34
COUR,5.45,5.35,0.0187,1.4466,,6789150,3,0.2778,0.2168,0.0405,,,yf_premarket,0.15008968333622424,0.2788029115657688,0.08222325872855571,0.6,0.5,blocked,0.17700908123231732,2.1894,,,new,15:06:34,2026-06-19 15:06:34
COUR,5.45,5.35,0.018691606943925677,1.4465875698725172,0.0,6789150,3,0.2777779740070748,0.21679997444152832,0.040523360431053666,,,yf_premarket,0.1500883902718773,0.2787808060547621,0.08227222635861092,0.6,0.5,blocked,0.17692963486095648,2.1892,,,new,15:06:34,2026-06-19 15:06:34
DNOW,13.65,13.5,0.011111111111111138,2.317057285461483,0.0,3147570,2,0.3623188939956288,0.46179990768432616,0.034207400569209345,,,yf_premarket,0.24064042651431058,0.3636269350657684,0.06903284797351943,0.4,0.5,blocked,0.10517473632342111,2.1805,,,new,15:06:34,2026-06-19 15:06:34
DNOW,13.65,13.5,0.0111,2.3171,,3147570,2,0.3623,0.4618,0.0342,,,yf_premarket,0.2406448699640603,0.3636079728591722,0.06901733506049104,0.4,0.5,blocked,0.10506956158709745,2.1803,,,new,15:06:34,2026-06-19 15:06:34
ADTN,15.2141,15.18,0.0022463566626274886,1.2847313320412672,0.0,2363140,3,0.38562108206524753,1.0969999313354493,0.07226613368126321,,,yf_premarket,0.13325103033656624,0.3870132485274776,0.14881074073241288,0.6,0.5,blocked,0.02126339727121852,2.1802,,,new,15:06:34,2026-06-19 15:06:34
ADTN,15.2141,15.18,0.0022,1.2847,,2363140,3,0.3856,1.097,0.0723,,,yf_premarket,0.13324777096971455,0.38699209035190946,0.14888173057688217,0.6,0.5,blocked,0.020824597792037332,2.1795,,,new,15:06:34,2026-06-19 15:06:34
PSTL,23.08,22.79,0.012724838649526846,1.9447819820838161,0.0,353870,3,0.28260892100052865,0.6281999588012696,0.027564718453927866,,,yf_premarket,0.20191387904239913,0.283629193698372,0.05510860147103917,0.6,0.5,blocked,0.12044983947498547,2.1784,,,new,15:06:34,2026-06-19 15:06:34
PSTL,23.08,22.79,0.0127,1.9448,,353870,3,0.2826,0.6282,0.0276,,,yf_premarket,0.20191575338560727,0.28362024049131124,0.055182557884423285,0.6,0.5,blocked,0.12021472361767004,2.178,,,new,15:06:34,2026-06-19 15:06:34
EFSC,62.11,62.11,-9.826945050242198e-09,3.1770986745213547,0.0,271600,2,0.37861216033942907,1.389430007775384,0.022370471649034482,,,yf_premarket,0.3301076390289345,0.37997902324275923,0.044220533722069195,0.4,0.5,blocked,0.0,2.1772,,,new,15:06:34,2026-06-19 15:06:34
EFSC,62.11,62.11,-0.0,3.1771,,271600,2,0.3786,1.3894,0.0224,,,yf_premarket,0.330107776914019,0.37996681900216006,0.0442824304123699,0.4,0.5,blocked,-0.0,2.1772,,,new,15:06:34,2026-06-19 15:06:34
AEO,17.81,17.81,0.0,1.1497,,5396840,2,0.5196,0.952,0.0535,,,yf_premarket,0.1192041751112908,0.5214758561899693,0.10947357740868917,0.4,0.5,blocked,0.0,2.1765,,,new,15:06:34,2026-06-19 15:06:34
AEO,17.81,17.81,2.998639146114452e-08,1.1496727714736772,0.0,5396840,2,0.5196076598089411,0.9520002365112304,0.05345313110939261,,,yf_premarket,0.11920134261929452,0.5214835436522977,0.10937533185444026,0.4,0.5,blocked,2.838429733695078e-07,2.1765,,,new,15:06:34,2026-06-19 15:06:34
ATAT,33.28,33.29,-0.00030041800097031296,1.13955087076077,0.0,872800,2,0.5268825319737155,1.1341999053955079,0.03407028759997681,,,yf_premarket,0.11814839533832297,0.5287846795083375,0.06874543473453743,0.4,0.5,blocked,0.0,2.1692,,,new,15:06:34,2026-06-19 15:06:34
ATAT,33.28,33.29,-0.0003,1.1396,,872800,2,0.5269,1.1342,0.0341,,,yf_premarket,0.11815350608780872,0.5288022105975652,0.06880771722449,0.4,0.5,blocked,0.0,2.1692,,,new,15:06:34,2026-06-19 15:06:34
FRME,40.72,40.72,-2.997797371175496e-08,2.106325515280739,0.0,351750,3,0.3571429544565894,0.9290000915527343,0.022814343411178637,,,yf_premarket,0.21871870936654317,0.3584323093869614,0.0451509681044954,0.6,0.5,blocked,0.0,2.1675,,,new,15:06:34,2026-06-19 15:06:34
FRME,40.72,40.72,-0.0,2.1063,,351750,3,0.3571,0.929,0.0228,,,yf_premarket,0.2187160550977216,0.3583891998565012,0.04512090175637401,0.6,0.5,blocked,-0.0,2.1674,,,new,15:06:34,2026-06-19 15:06:34
CVNA,66.76,66.56,0.003004844482306208,1.3556839449914557,0.0,10691430,3,0.3725311056968755,4.1537010192871096,0.062405366160516236,,,yf_premarket,0.14063199197635595,0.3738760148203889,0.128140813242331,0.6,0.5,blocked,0.028443035350749733,2.1654,,,new,15:06:34,2026-06-19 15:06:34
CVNA,66.76,66.56,0.003,1.3557,,10691430,3,0.3725,4.1537,0.0624,,,yf_premarket,0.14063366212488557,0.3738447968259499,0.1281295648127805,0.6,0.5,blocked,0.028397178807323634,2.1653,,,new,15:06:34,2026-06-19 15:06:34
PUBM,11.1,11.3,-0.01769913162469223,0.9941151316459305,0.0,491090,3,0.4318184609582544,0.44549989700317383,0.039424768980840345,,,yf_premarket,0.10301920464573068,0.4333774088661288,0.07996938273418146,0.6,0.5,blocked,0.0,2.1613,,,new,15:06:34,2026-06-19 15:06:34
PUBM,11.1,11.3,-0.0177,0.9941,,491090,3,0.4318,0.4455,0.0394,,,yf_premarket,0.10301763055150757,0.43335888126025546,0.07991746253254442,0.6,0.5,blocked,0.0,2.1612,,,new,15:06:34,2026-06-19 15:06:34
CNXC,25.0,25.08,-0.0031897896311569507,5.265575002625078,0.0,1809470,1,0.2828282711518269,1.599700355529785,0.06378390591691033,,,yf_premarket,0.5473648057828121,0.2838493357460118,0.13103047844809812,0.2,0.5,blocked,0.0,2.1543,,,new,15:06:34,2026-06-19 15:06:34
BIRK,46.08,46.11,-0.0006506313154294158,1.3639193159107539,0.0,2747010,2,0.49342111042002246,2.330800247192383,0.05054869261201279,,,yf_premarket,0.1414886899092066,0.4952024557707594,0.10328711072825195,0.4,0.5,blocked,0.0,2.1543,,,new,15:06:34,2026-06-19 15:06:34
CNXC,25.0,25.08,-0.0032,5.2656,,1809470,1,0.2828,1.5997,0.0638,,,yf_premarket,0.5473674061756338,0.2838209625298755,0.1310642145167949,0.2,0.5,blocked,0.0,2.1542,,,new,15:06:34,2026-06-19 15:06:34
BIRK,46.08,46.11,-0.0007,1.3639,,2747010,2,0.4934,2.3308,0.0505,,,yf_premarket,0.1414866805399898,0.4951812691380501,0.10318504232865837,0.4,0.5,blocked,0.0,2.1542,,,new,15:06:34,2026-06-19 15:06:34
CRTO,17.33,17.44,-0.0063,0.878,,265950,2,0.5378,0.6429,0.0369,,,yf_premarket,0.09094013811326315,0.5397415616993176,0.07467701663251876,0.4,0.5,blocked,0.0,2.1532,,,new,15:06:34,2026-06-19 15:06:34
CRTO,17.33,17.44,-0.006307369878963301,0.8779845835683399,0.0,265950,2,0.5378159745986155,0.6429002761840821,0.03686354681747844,,,yf_premarket,0.0909385343937386,0.5397575939693144,0.07460060426016356,0.4,0.5,blocked,0.0,2.1532,,,new,15:06:34,2026-06-19 15:06:34
ACCO,3.86,3.9,-0.010256434458795373,2.121470795364818,0.0,937180,3,0.3448278413514542,0.11700005531311035,0.03000001344925285,,,yf_premarket,0.22029422190479087,0.34607273634890007,0.0602134141404807,0.6,0.5,blocked,0.0,2.1527,,,new,15:06:34,2026-06-19 15:06:34
ACCO,3.86,3.9,-0.0103,2.1215,,937180,3,0.3448,0.117,0.03,,,yf_premarket,0.2202972599647441,0.3460447944847987,0.06021338594844792,0.6,0.5,blocked,0.0,2.1526,,,new,15:06:34,2026-06-19 15:06:34
DLTH,4.22,4.24,-0.004716927405137575,0.3995974896062283,0.0,377630,2,0.5355189583792853,0.46290006637573244,0.10917454984995374,,,yf_premarket,0.04117353430862984,0.5374522850785187,0.22617736400747498,0.4,0.5,blocked,0.0,2.1498,,,new,15:06:34,2026-06-19 15:06:34
DLTH,4.22,4.24,-0.0047,0.3996,,377630,2,0.5355,0.4629,0.1092,,,yf_premarket,0.04117379545644892,0.5374332582558285,0.22623071206126097,0.4,0.5,blocked,0.0,2.1497,,,new,15:06:34,2026-06-19 15:06:34
AVTR,9.41,9.58,-0.0177,0.8797,,9142330,2,0.5294,0.439,0.0458,,,yf_premarket,0.09111698339444331,0.5313112360796184,0.09333300403661011,0.4,0.5,blocked,0.0,2.146,,,new,15:06:34,2026-06-19 15:06:34
AVTR,9.41,9.58,-0.01774529489143143,0.8796663432626037,0.0,9142330,2,0.5294114897134117,0.4390000343322754,0.04582463860421899,,,yf_premarket,0.09111348219727362,0.531322767273111,0.09338465094559482,0.4,0.5,blocked,0.0,2.146,,,new,15:06:34,2026-06-19 15:06:34
BILL,33.08,32.47,0.0188,0.9683,,2888370,4,0.1876,1.6415,0.0506,,,yf_premarket,0.10033374334300882,0.18827727217328374,0.1033946601646594,0.8,0.5,blocked,0.1779556538592281,2.1457,,,new,15:06:34,2026-06-19 15:06:34
BILL,33.08,32.47,0.018786533919436178,0.9683316195639755,0.0,2888370,4,0.18761081186188233,1.6415002822875977,0.05055436466201807,,,yf_premarket,0.1003370326198806,0.18828812306807224,0.10329900035672991,0.8,0.5,blocked,0.1778281876266932,2.1455,,,new,15:06:34,2026-06-19 15:06:34
ESTC,59.51,58.97,0.0092,1.7292,,1901330,3,0.2952,3.041,0.0516,,,yf_premarket,0.1794876106665246,0.29626572892086017,0.10549083852466966,0.6,0.5,blocked,0.08708468167579247,2.1451,,,new,15:06:34,2026-06-19 15:06:34
ESTC,59.51,58.97,0.009157177685580423,1.72915801044532,0.0,1901330,3,0.29519223503813596,3.0409992218017576,0.051568579936439395,,,yf_premarket,0.17948324263440457,0.29625793592598654,0.10542497646736378,0.6,0.5,blocked,0.08667933736928708,2.1445,,,new,15:06:34,2026-06-19 15:06:34
FLWS,4.07,3.89,0.0463,2.0526,,347310,2,0.1013,0.242,0.0622,,,yf_premarket,0.21312982474514858,0.10166571253280195,0.12771032914077848,0.4,0.5,blocked,0.4382631262596947,2.1443,,,new,15:06:34,2026-06-19 15:06:34
FLWS,4.07,3.89,0.04627246535775082,2.052633094353747,0.0,347310,2,0.1012660328957296,0.24200000762939453,0.06221079719877177,,,yf_premarket,0.2131332674394391,0.10163162280073554,0.12773296199519257,0.4,0.5,blocked,0.43800249087324616,2.1438,,,new,15:06:34,2026-06-19 15:06:34
DEC,13.0,13.0,0.0,3.806712672013234,0.0,1233190,3,0.2051280295668411,0.4629998207092285,0.03561537082378681,,,yf_premarket,0.39560426515917574,0.20586858130663932,0.07198420475270285,0.6,0.5,blocked,0.0,2.1411,,,new,15:06:34,2026-06-19 15:06:34
DEC,13.0,13.0,0.0,3.8067,,1233190,3,0.2051,0.463,0.0356,,,yf_premarket,0.39560294693226783,0.20584045054765723,0.07195198476450541,0.6,0.5,blocked,0.0,2.1411,,,new,15:06:34,2026-06-19 15:06:34
STAG,37.8,37.8,0.0,1.8806,,1402030,2,0.4591,0.775,0.0205,,,yf_premarket,0.19523724335515688,0.4607574395242781,0.0402996915283504,0.4,0.5,blocked,0.0,2.1345,,,new,15:06:34,2026-06-19 15:06:34
STAG,37.8,37.8,2.018358374819263e-08,1.8805589038750954,0.0,1402030,2,0.45908998694333614,0.775,0.020502645916462368,,,yf_premarket,0.19523296826353087,0.46074739031854894,0.04030523784118121,0.4,0.5,blocked,1.910522788900058e-07,2.1345,,,new,15:06:34,2026-06-19 15:06:34
AHCO,9.85,9.65,0.020725428950865276,1.834610174057026,0.0,1262230,3,0.20812162099360215,0.3384998321533203,0.03507770420045622,,,yf_premarket,0.19045307647262072,0.20887298017567932,0.07085715961197749,0.6,0.5,blocked,0.19618123725873435,2.1331,,,new,15:06:34,2026-06-19 15:06:34
AHCO,9.85,9.65,0.0207,1.8346,,1262230,3,0.2081,0.3385,0.0351,,,yf_premarket,0.19045201809969395,0.20885128112612128,0.07090389558450028,0.6,0.5,blocked,0.19594053377053305,2.1327,,,new,15:06:34,2026-06-19 15:06:34
EQX,10.48,10.51,-0.0029,1.5701,,17310860,3,0.3583,0.6555,0.0624,,,yf_premarket,0.16293697288078224,0.35959353208788686,0.1281295648127805,0.6,0.5,blocked,0.0,2.1277,,,new,15:06:34,2026-06-19 15:06:34
EQX,10.48,10.51,-0.00285444607312128,1.5700606440119094,0.0,17310860,3,0.35833350221311994,0.6555001258850097,0.06236918283633079,,,yf_premarket,0.16293287880973517,0.3596271552504561,0.12806496654118024,0.6,0.5,blocked,0.0,2.1277,,,new,15:06:34,2026-06-19 15:06:34
CRK,13.16,13.1,0.0046,1.1311,,2700470,2,0.4681,0.6,0.0458,,,yf_premarket,0.11726927968190798,0.46978993125967017,0.09333300403661011,0.4,0.5,blocked,0.04354234083789624,2.1275,,,new,15:06:34,2026-06-19 15:06:34
CRK,13.16,13.1,0.004580123418556882,1.131099401215344,0.0,2700470,2,0.46808540858833964,0.6000000953674316,0.04580153266378118,,,yf_premarket,0.11726921739235453,0.4697752871702002,0.0933362167732614,0.4,0.5,blocked,0.043354194558790055,2.1272,,,new,15:06:34,2026-06-19 15:06:34
DLB,52.2,52.33,-0.002484269568237172,2.702689818732198,0.0,839090,2,0.38647403978342837,1.4759998321533203,0.028205613997846334,,,yf_premarket,0.2807564816781185,0.3878692855874895,0.05645203284122807,0.4,0.5,blocked,0.0,2.1251,,,new,15:06:34,2026-06-19 15:06:34
DLB,52.2,52.33,-0.0025,2.7027,,839090,2,0.3865,1.476,0.0282,,,yf_premarket,0.28075754080115806,0.3878953395254487,0.05644026490042944,0.4,0.5,blocked,0.0,2.1251,,,new,15:06:34,2026-06-19 15:06:34
COLB,29.462,30.55,-0.0356,1.8056,,3323260,2,0.458,0.754,0.0247,,,yf_premarket,0.18743524565603256,0.45965346831217463,0.04910364064039351,0.4,0.5,blocked,0.0,2.125,,,new,15:06:34,2026-06-19 15:06:34
COLB,29.462,30.55,-0.03561372387010351,1.805576452038059,0.0,3323260,2,0.4579830518526117,0.753999900817871,0.024680848433645305,,,yf_premarket,0.18743279604076746,0.45963645897870625,0.0490634955414405,0.4,0.5,blocked,0.0,2.125,,,new,15:06:34,2026-06-19 15:06:34
CE,52.1386,51.16,0.01912822821553212,1.1209546565523096,0.0,1460630,2,0.36458338063859835,2.294001007080078,0.04483973834875057,,,yf_premarket,0.11621389373209856,0.3658995969421604,0.09132012434331334,0.4,0.5,blocked,0.1810625723012529,2.1234,,,new,15:06:34,2026-06-19 15:06:34
CE,52.1386,51.16,0.0191,1.121,,1460630,2,0.3646,2.294,0.0448,,,yf_premarket,0.11621861065842591,0.36591627630266127,0.09123682567659985,0.4,0.5,blocked,0.18079537173996044,2.123,,,new,15:06:34,2026-06-19 15:06:34
ATAI,4.02,4.06,-0.009852202793913549,1.1690069750367107,0.0,5665920,2,0.4785274099436045,0.31610009670257566,0.07785716777280752,,,yf_premarket,0.12121261477547036,0.48025498616379825,0.1605305454051877,0.4,0.5,blocked,0.0,2.1226,,,new,15:06:34,2026-06-19 15:06:34
ATAI,4.02,4.06,-0.0099,1.169,,5665920,2,0.4785,0.3161,0.0779,,,yf_premarket,0.12121188918586547,0.48022747726501214,0.16062032939293963,0.4,0.5,blocked,0.0,2.1226,,,new,15:06:34,2026-06-19 15:06:34
CRMD,8.65,8.67,-0.0023,1.8503,,1357740,2,0.4474,0.299,0.0345,,,yf_premarket,0.19208523628471066,0.4490152002682684,0.06964618856849412,0.4,0.5,blocked,0.0,2.121,,,new,15:06:34,2026-06-19 15:06:34
CRMD,8.65,8.67,-0.0023068138544347205,1.8502806133722214,0.0,1357740,2,0.4473684870965394,0.2990001678466797,0.03448675492682227,,,yf_premarket,0.19208321955903968,0.44898357359714997,0.06961842453272221,0.4,0.5,blocked,0.0,2.1209,,,new,15:06:34,2026-06-19 15:06:34
EMA,51.79,51.79,-0.0,1.1747,,567450,3,0.4079,0.93,0.018,,,yf_premarket,0.12180484101099892,0.4093725976518254,0.03505924562832473,0.6,0.5,blocked,-0.0,2.119,,,new,15:06:34,2026-06-19 15:06:34
EMA,51.79,51.79,-1.7677685429971943e-08,1.1747290510177109,0.0,567450,3,0.40789508907657507,0.9299991607666016,0.01795711805998009,,,yf_premarket,0.12180786309064341,0.40936766899901994,0.034969357433619744,0.6,0.5,blocked,0.0,2.1189,,,new,15:06:34,2026-06-19 15:06:34
CSTM,34.5,34.0,0.0147,1.1022,,1744650,2,0.392,1.689,0.0497,,,yf_premarket,0.11426290990184543,0.39341519558596605,0.10150809964065016,0.4,0.5,blocked,0.1391461761558858,2.1177,,,new,15:06:34,2026-06-19 15:06:34
CSTM,34.5,34.0,0.014705882352941176,1.10222680766916,0.0,1744650,2,0.39198199530001887,1.688999557495117,0.0496764575733858,,,yf_premarket,0.11426569861348682,0.3933971258855463,0.10145875051543933,0.4,0.5,blocked,0.13920185689864525,2.1177,,,new,15:06:34,2026-06-19 15:06:34
BXSL,23.51,23.61,-0.0042,2.332,,1835830,2,0.4144,0.412,0.0175,,,yf_premarket,0.2421948668402863,0.4158960639051641,0.034011156448319604,0.4,0.5,blocked,0.0,2.1121,,,new,15:06:34,2026-06-19 15:06:34
BXSL,23.51,23.61,-0.004235519176891368,2.3319697357598472,0.0,1835830,2,0.4144150800742319,0.4119998931884766,0.01745022797703103,,,yf_premarket,0.2421917185531925,0.41591119842137175,0.033906825410838115,0.4,0.5,blocked,0.0,2.1121,,,new,15:06:34,2026-06-19 15:06:34
ASO,51.82,51.82,0.0,1.0692,,2016250,3,0.3949,2.6633,0.0514,,,yf_premarket,0.11083003091423071,0.39632566514514794,0.1050716028526676,0.6,0.5,blocked,0.0,2.1114,,,new,15:06:34,2026-06-19 15:06:34
ASO,51.82,51.82,5.8891505853231035e-09,1.0692126472411656,0.0,2016250,3,0.3948810769325257,2.663349488130364,0.05139616950627615,,,yf_premarket,0.11083134656418371,0.3963066737617513,0.10506357345461552,0.6,0.5,blocked,5.5745087398224935e-08,2.1114,,,new,15:06:34,2026-06-19 15:06:34
CEPU,15.7046,15.67,0.0022080359628330656,0.7703393161273419,0.0,305320,0,0.7098447388043292,0.5362998008728027,0.03422462018262102,,,yf_premarket,0.07974055934178811,0.7124074151846279,0.06906894335452073,0.0,0.5,blocked,0.020900664016523855,2.1103,,,new,15:06:34,2026-06-19 15:06:34
CEPU,15.7046,15.67,0.0022,0.7703,,305320,0,0.7098,0.5363,0.0342,,,yf_premarket,0.07973646941732064,0.7123625148645886,0.06901733506049104,0.0,0.5,blocked,0.020824597792037332,2.1101,,,new,15:06:34,2026-06-19 15:06:34
ELPC,11.32,11.32,0.0,1.7962,,361380,3,0.3503,0.2695,0.0238,,,yf_premarket,0.18645739527774233,0.3515646505453161,0.04721708011638428,0.6,0.5,blocked,0.0,2.1064,,,new,15:06:34,2026-06-19 15:06:34
ELPC,11.32,11.32,2.6958992028396516e-08,1.796170236316343,0.0,361380,3,0.3502532320856816,0.2694998741149902,0.0238074100159395,,,yf_premarket,0.18645429906185684,0.35151771378980917,0.04723261283144399,0.6,0.5,blocked,2.5518643903186273e-07,2.1063,,,new,15:06:34,2026-06-19 15:06:34
FMCC,5.98,5.98,-0.0,0.3349,,2662370,3,0.4417,0.37,0.0619,,,yf_premarket,0.034443272108004346,0.44329462216918675,0.1270814756327754,0.6,0.5,blocked,-0.0,2.1018,,,new,15:06:34,2026-06-19 15:06:34
FMCC,5.98,5.98,-3.189546127251437e-09,0.33492715137264917,0.0,2662370,3,0.4416667362054023,0.36999998092651365,0.06187290631210395,,,yf_premarket,0.03444609657396351,0.4432612382858766,0.12702468243051482,0.6,0.5,blocked,0.0,2.1017,,,new,15:06:34,2026-06-19 15:06:34
BAX,20.15,19.89,0.0131,1.4616,,7640770,2,0.3733,0.714,0.0359,,,yf_premarket,0.15165008287604909,0.37464768498020695,0.0725808382725085,0.4,0.5,blocked,0.1240010141253132,2.0991,,,new,15:06:34,2026-06-19 15:06:34
DRUG,63.0,60.66,0.0386,0.4851,,493470,2,0.244,5.0548,0.0833,,,yf_premarket,0.05006807283345062,0.24488088704840744,0.1719396925369951,0.4,0.5,blocked,0.3653770339875641,2.0989,,,new,15:06:34,2026-06-19 15:06:34
BAX,20.15,19.89,0.01307192651231935,1.461606618181152,0.0,7640770,2,0.3733334011501736,0.7139997482299805,0.0358974243408763,,,yf_premarket,0.15165077134317068,0.3746812067149731,0.07257543923159061,0.4,0.5,blocked,0.12373527817550899,2.0987,,,new,15:06:34,2026-06-19 15:06:34
DRUG,63.0,60.66,0.038575670268283395,0.4851358745212475,0.0,493470,2,0.244030231423511,5.054799270629883,0.08333002445342953,,,yf_premarket,0.050071804739213695,0.24491122761318657,0.1720026291465452,0.4,0.5,blocked,0.3651467354069338,2.0987,,,new,15:06:34,2026-06-19 15:06:34
EIX,71.9659,71.89,0.0011,2.1753,,2403190,2,0.4103,1.47,0.0204,,,yf_premarket,0.22589389298091594,0.4117812621145966,0.040090073692349376,0.4,0.5,blocked,0.010412298896018666,2.0981,,,new,15:06:34,2026-06-19 15:06:34
EIX,71.9659,71.89,0.0010557881624143736,2.175275363163129,0.0,2403190,2,0.4103337685256257,1.4699989318847657,0.020447891839827075,,,yf_premarket,0.22589133009365486,0.4118151525511111,0.040190463530615964,0.4,0.5,blocked,0.00999380174357887,2.0976,,,new,15:06:34,2026-06-19 15:06:34
DOMO,2.37,2.42,-0.020661187899843662,1.7154287380360977,0.0,3566980,3,0.2857143276598516,0.3639999508857727,0.1504131981033704,,,yf_premarket,0.1780550326111059,0.28674581147452377,0.3126209260723621,0.6,0.5,blocked,0.0,2.0969,,,new,15:06:34,2026-06-19 15:06:34
DOMO,2.37,2.42,-0.0207,1.7154,,3566980,3,0.2857,0.364,0.1504,,,yf_premarket,0.17805204308988573,0.28673143208905744,0.3125932604936839,0.6,0.5,blocked,0.0,2.0968,,,new,15:06:34,2026-06-19 15:06:34
CALX,38.35,37.95,0.010540164137524143,1.4501326645585724,0.0,1100520,1,0.48484880819635107,1.4039993286132812,0.036996028995719396,,,yf_premarket,0.15045717454632768,0.48659920588313776,0.07487831053527927,0.2,0.5,blocked,0.09977030855727105,2.086,,,new,15:06:34,2026-06-19 15:06:34
CALX,38.35,37.95,0.0105,1.4501,,1100520,1,0.4848,1.404,0.037,,,yf_premarket,0.15045377656218334,0.4865502214797866,0.07488663446851977,0.2,0.5,blocked,0.09939012582563271,2.0853,,,new,15:06:34,2026-06-19 15:06:34
FFIN,32.7774,32.78,-7.927942018461089e-05,1.9483783224433078,0.0,1014690,3,0.32774306489772626,0.6192095231519247,0.018889858029616638,,,yf_premarket,0.2022879942318661,0.32892628055786466,0.036924546773488505,0.6,0.5,blocked,0.0,2.0797,,,new,15:06:34,2026-06-19 15:06:34
FFIN,32.7774,32.78,-0.0001,1.9484,,1014690,3,0.3277,0.6192,0.0189,,,yf_premarket,0.20229024927516523,0.32888306018755376,0.03694580615233397,0.6,0.5,blocked,0.0,2.0797,,,new,15:06:34,2026-06-19 15:06:34
BVS,8.71,8.71,-0.0,1.907,,555950,3,0.3216,0.3195,0.0367,,,yf_premarket,0.19798354654524863,0.3227610380113436,0.0742577809605167,0.6,0.5,blocked,-0.0,2.0796,,,new,15:06:34,2026-06-19 15:06:34
BVS,8.71,8.71,-4.3796752739985495e-09,1.9070060257217376,0.0,555950,3,0.3216077704817158,0.31950016021728517,0.036681992975657655,,,yf_premarket,0.1979841733808104,0.3227688365459967,0.0742200350257621,0.6,0.5,blocked,0.0,2.0796,,,new,15:06:34,2026-06-19 15:06:34
OGN,13.43,13.43,-2.2723438168248257e-08,1.8807701573300224,0.0,2698150,1,0.5384660528921982,0.04999990463256836,0.0037230010049440518,,,yf_premarket,0.19525494424978784,0.5404100191708859,0.005132109289000143,0.2,0.5,blocked,0.0,2.0763,,,new,15:06:34,2026-06-19 15:06:34
OGN,13.43,13.43,-0.0,1.8808,,2698150,1,0.5385,0.05,0.0037,,,yf_premarket,0.19525804868235452,0.5404440888342926,0.0050838950801779335,0.2,0.5,blocked,-0.0,2.0763,,,new,15:06:34,2026-06-19 15:06:34
PAX,11.38,11.37,0.0009,1.8432,,779840,3,0.3202,0.364,0.032,,,yf_premarket,0.19134664716919353,0.3213559837413937,0.06440574266846845,0.6,0.5,blocked,0.008519153642197089,2.0747,,,new,15:06:34,2026-06-19 15:06:34
PAX,11.38,11.37,0.0008795175498303911,1.8431986048420188,0.0,779840,3,0.3201967481126181,0.36399993896484373,0.03201406707375224,,,yf_premarket,0.19134650203560208,0.32135272011407134,0.06443522976405656,0.6,0.5,blocked,0.00832527237557093,2.0744,,,new,15:06:34,2026-06-19 15:06:34
FITB,52.84,52.74,0.0019,1.5008,,7917560,3,0.3402,1.236,0.0234,,,yf_premarket,0.1557279270067914,0.34142818759782056,0.04637860877238017,0.6,0.5,blocked,0.017984879911304968,2.0666,,,new,15:06:34,2026-06-19 15:06:34
FITB,52.84,52.74,0.0018960621606129912,1.5007527571625603,0.0,7917560,3,0.34020699642814656,1.2360000610351562,0.02343572282326647,,,yf_premarket,0.155723012493338,0.3414352092844218,0.04645349018146982,0.6,0.5,blocked,0.01794760540157583,2.0666,,,new,15:06:34,2026-06-19 15:06:34
CTRI,29.77,29.77,-1.5376676696756523e-08,1.9748971193415639,0.0,972000,2,0.4044947432172308,1.3584999084472655,0.04563318399590365,,,yf_premarket,0.20504665546364928,0.40595504723546416,0.09298332793871997,0.4,0.5,blocked,0.0,2.066,,,new,15:06:34,2026-06-19 15:06:34
CTRI,29.77,29.77,-0.0,1.9749,,972000,2,0.4045,1.3585,0.0456,,,yf_premarket,0.20504695512885585,0.40596032299623286,0.09291376836460807,0.4,0.5,blocked,-0.0,2.0659,,,new,15:06:34,2026-06-19 15:06:34
CRVL,58.525,58.53,-0.0001,2.3748,,221830,2,0.3803,1.843,0.0315,,,yf_premarket,0.24664720686058658,0.3816729563299564,0.06335765348846333,0.4,0.5,blocked,0.0,2.065,,,new,15:06:34,2026-06-19 15:06:34
CRVL,58.525,58.53,-8.540542287939667e-05,2.3747915070098724,0.0,221830,2,0.3803052794379376,1.8430000305175782,0.031488126925597694,,,yf_premarket,0.24664632336339415,0.3816782548276829,0.06333276540683441,0.4,0.5,blocked,0.0,2.065,,,new,15:06:34,2026-06-19 15:06:34
CSIQ,16.2583,16.27,-0.0007191430506746093,1.113715173980629,0.0,2508900,3,0.34901010257428333,1.322000217437744,0.08125385250415994,,,yf_premarket,0.11546079471387054,0.35027009634117284,0.16765060243482593,0.6,0.5,blocked,0.0,2.0576,,,new,15:06:34,2026-06-19 15:06:34
CSIQ,16.2583,16.27,-0.0007,1.1137,,2508900,3,0.349,1.322,0.0813,,,yf_premarket,0.11545921621571113,0.3502599572946483,0.16774733581697454,0.6,0.5,blocked,0.0,2.0576,,,new,15:06:34,2026-06-19 15:06:34
FLL,2.88,2.88,-0.0,0.4415,,318220,2,0.5,0.234,0.0812,,,yf_premarket,0.0455325115043597,0.501805096410671,0.1675377179809735,0.4,0.5,blocked,-0.0,2.0557,,,new,15:06:34,2026-06-19 15:06:34
FLL,2.88,2.88,-3.973642830828406e-08,0.44151844635786563,0.0,318220,2,0.5000001216421595,0.23399994373321534,0.08124997723433797,,,yf_premarket,0.04553443041691469,0.5018052184919821,0.16764247917808595,0.4,0.5,blocked,0.0,2.0557,,,new,15:06:34,2026-06-19 15:06:34
DV,10.34,10.33,0.001,1.5448,,2618210,2,0.4286,0.4015,0.0389,,,yf_premarket,0.16030509899027764,0.43014732864322713,0.07886937335253928,0.4,0.5,blocked,0.009465726269107877,2.0544,,,new,15:06:34,2026-06-19 15:06:34
DV,10.34,10.33,0.000968061603853089,1.5447576779555499,0.0,2618210,2,0.42857142857142855,0.4014998435974121,0.03886736171953112,,,yf_premarket,0.16030069637036534,0.4301186540662894,0.07880095769531247,0.4,0.5,blocked,0.009163406153706888,2.0538,,,new,15:06:34,2026-06-19 15:06:34
CLFD,40.5,40.45,0.0012360750585289604,1.022905050342974,0.0,249290,2,0.45051709740273643,2.842000198364258,0.07025958330680963,,,yf_premarket,0.10601412303816149,0.4521435509936716,0.14460465325921282,0.4,0.5,blocked,0.011700348152106637,2.0532,,,new,15:06:34,2026-06-19 15:06:34
CLFD,40.5,40.45,0.0012,1.0229,,249290,2,0.4505,2.842,0.0703,,,yf_premarket,0.1060135976679713,0.45212639186601455,0.14468937385686162,0.4,0.5,blocked,0.011358871522929451,2.0527,,,new,15:06:34,2026-06-19 15:06:34
CPRT,30.3,30.23,0.002315595726882838,2.4005339183239145,0.0,12818440,2,0.3564814038074533,0.8230005264282226,0.027224629139618553,,,yf_premarket,0.24932421981462172,0.3577683704124209,0.05439571360991326,0.4,0.5,blocked,0.02191879530058883,2.0496,,,new,15:06:34,2026-06-19 15:06:34
CPRT,30.3,30.23,0.0023,2.4005,,12818440,2,0.3565,0.823,0.0272,,,yf_premarket,0.24932069140548652,0.3577870337408084,0.054344086540419174,0.4,0.5,blocked,0.02177117041894812,2.0494,,,new,15:06:34,2026-06-19 15:06:34
CRON,2.71,2.71,-0.0,1.0447,,1165340,2,0.4746,0.0896,0.0331,,,yf_premarket,0.10828137833251678,0.47631339751300894,0.06671153886447974,0.4,0.5,blocked,-0.0,2.0484,,,new,15:06:34,2026-06-19 15:06:34
CRON,2.71,2.71,-1.407637348885834e-08,1.0446736574733555,0.0,1165340,2,0.4745765040571558,0.08960001468658448,0.03306273558130672,,,yf_premarket,0.10827863800808653,0.4762898167452805,0.06663342599641653,0.4,0.5,blocked,0.0,2.0483,,,new,15:06:34,2026-06-19 15:06:34
PFS,22.76,22.72,0.0018,2.0803,,1066360,3,0.2877,0.484,0.0213,,,yf_premarket,0.21601136256202513,0.2887386524747001,0.04197663421635861,0.6,0.5,blocked,0.017038307284394177,2.048,,,new,15:06:34,2026-06-19 15:06:34
BFST,28.77,28.77,-1.591114581222736e-08,2.5595366573134757,0.0,277980,2,0.3636368140143208,0.557499885559082,0.019377819836239835,,,yf_premarket,0.26586473986463527,0.36494961302985096,0.037947401753043564,0.4,0.5,blocked,0.0,2.0477,,,new,15:06:34,2026-06-19 15:06:34
BFST,28.77,28.77,-0.0,2.5595,,277980,2,0.3636,0.5575,0.0194,,,yf_premarket,0.26586092652763005,0.3649126661098399,0.03799389533233911,0.4,0.5,blocked,-0.0,2.0476,,,new,15:06:34,2026-06-19 15:06:34
PFS,22.76,22.72,0.0017605936555639568,2.0803481000787727,0.0,1066360,3,0.2876710897093386,0.48400020599365234,0.021302826611846064,,,yf_premarket,0.21601636625141066,0.28870963781231485,0.04198255929894248,0.6,0.5,blocked,0.01666529761469641,2.0474,,,new,15:06:34,2026-06-19 15:06:34
BKU,47.5428,47.54,0.0001,2.8289,,802860,2,0.3403,1.062,0.0223,,,yf_premarket,0.2938857022628845,0.3415285486171027,0.04407281257636888,0.4,0.5,blocked,0.0009465726269107877,2.0473,,,new,15:06:34,2026-06-19 15:06:34
BKU,47.5428,47.54,5.8878511122235805e-05,2.828886729940463,0.0,802860,2,0.3402984802694658,1.06199951171875,0.022339072176413937,,,yf_premarket,0.29388432182323154,0.3415270234000482,0.044154714827046276,0.4,0.5,blocked,0.0005573278694157078,2.0468,,,new,15:06:34,2026-06-19 15:06:34
BETA,16.22,16.1,0.0075,1.2827,,1430640,3,0.2757,1.3318,0.0827,,,yf_premarket,0.1330397176977379,0.27669533016084397,0.17068198552098893,0.6,0.5,blocked,0.07099294701830908,2.0448,,,new,15:06:34,2026-06-19 15:06:34
BETA,16.22,16.1,0.00745339227869744,1.2827126321087066,0.0,1430640,3,0.2757474619908536,1.3317999839782715,0.08272049393931101,,,yf_premarket,0.1330410317735121,0.27674296349863625,0.17072494447308403,0.6,0.5,blocked,0.07055177108643218,2.0442,,,new,15:06:34,2026-06-19 15:06:34
FLX,2.19,2.19,-0.0,0.9355,,236780,3,0.3704,0.1119,0.0511,,,yf_premarket,0.09692166968259178,0.37173721542102506,0.10444274934466452,0.6,0.5,blocked,-0.0,2.0411,,,new,15:06:34,2026-06-19 15:06:34
FLX,2.19,2.19,-2.6128062804842905e-08,0.9354675225948138,0.0,236780,3,0.37037092635337876,0.11189994812011719,0.05109586538647869,,,yf_premarket,0.09691829116738464,0.3717080368129335,0.10443408245727415,0.6,0.5,blocked,0.0,2.041,,,new,15:06:34,2026-06-19 15:06:34
EGBN,27.5972,27.6,-0.00010146309532683413,1.7356503422854135,0.0,284850,3,0.31862741889790724,0.8339996337890625,0.030217377618190135,,,yf_premarket,0.18015861807544942,0.3197777253182952,0.06066904820764866,0.6,0.5,blocked,0.0,2.0401,,,new,15:06:34,2026-06-19 15:06:34
EGBN,27.5972,27.6,-0.0001,1.7357,,284850,3,0.3186,0.834,0.0302,,,yf_premarket,0.1801637838004487,0.3197502074328795,0.060632621620449974,0.6,0.5,blocked,0.0,2.0401,,,new,15:06:34,2026-06-19 15:06:34
CCC,4.48,4.41,0.0159,1.7055,,10119120,3,0.195,0.2451,0.0556,,,yf_premarket,0.17702217939360132,0.1957039876001617,0.11387555196471072,0.6,0.5,blocked,0.15050504767881526,2.0396,,,new,15:06:34,2026-06-19 15:06:34
CCC,4.48,4.41,0.015873051022659054,1.7055139182063261,0.0,10119120,3,0.1949681988632683,0.24510016441345214,0.05557827049751093,,,yf_premarket,0.17702362725778442,0.19567207165519446,0.11383000305181934,0.6,0.5,blocked,0.15024995603607347,2.0392,,,new,15:06:34,2026-06-19 15:06:34
WRD,6.4,6.35,0.0079,0.9802,,3001430,3,0.3103,0.3135,0.0494,,,yf_premarket,0.10157166031126987,0.31142024283246245,0.10087924613264708,0.6,0.5,blocked,0.07477923752595224,2.0378,,,new,15:06:34,2026-06-19 15:06:34
WRD,6.4,6.35,0.007874030884780803,0.9802327557197735,0.0,3001430,3,0.3103447789872264,0.31350002288818357,0.04937008308606009,,,yf_premarket,0.10157506777860728,0.31146518348046703,0.10081653494504796,0.6,0.5,blocked,0.07453342098983638,2.0375,,,new,15:06:34,2026-06-19 15:06:34
PAGS,8.75,8.82,-0.0079,2.0013,,3293330,2,0.3929,0.2866,0.0325,,,yf_premarket,0.2077932583189476,0.3943184447595053,0.06545383184847359,0.4,0.5,blocked,0.0,2.0331,,,new,15:06:34,2026-06-19 15:06:34
PAGS,8.75,8.82,-0.007936473610684613,2.001317815099003,0.0,3293330,2,0.3928569806676627,0.28659992218017577,0.03249432336696784,,,yf_premarket,0.20779511156376668,0.3942752701190832,0.06544193261315384,0.4,0.5,blocked,0.0,2.033,,,new,15:06:34,2026-06-19 15:06:34
EFXT,24.15,24.15,0.0,1.1982,,558400,3,0.3513,0.938,0.0388,,,yf_premarket,0.12424946695672452,0.3525682607381374,0.07865975551653827,0.6,0.5,blocked,0.0,2.0308,,,new,15:06:34,2026-06-19 15:06:34
EFXT,24.15,24.15,1.5795848081451445e-08,1.1982449856733524,0.0,558400,3,0.35126542930436094,0.9379999160766601,0.03884057684857823,,,yf_premarket,0.12425414666499104,0.3525335652356211,0.07874481182844535,0.6,0.5,blocked,1.4951917412743222e-07,2.0308,,,new,15:06:34,2026-06-19 15:06:34
ADT,6.59,6.58,0.0015197684513517176,1.8673818211116355,0.0,9556910,3,0.28888895953138594,0.16253215010029534,0.024700934952101385,,,yf_premarket,0.19386220067150842,0.2899319043792511,0.049105600466756084,0.6,0.5,blocked,0.014385712152921351,2.0168,,,new,15:06:34,2026-06-19 15:06:34
ADT,6.59,6.58,0.0015,1.8674,,9556910,3,0.2889,0.1625,0.0247,,,yf_premarket,0.193864091760111,0.2899429847060857,0.04910364064039351,0.6,0.5,blocked,0.014198589403661817,2.0165,,,new,15:06:34,2026-06-19 15:06:34
EMN,72.4872,72.49,-3.859654920652455e-05,1.4577391632826517,0.0,1058900,3,0.3287988405803912,2.1310120250931393,0.029397324981274668,,,yf_premarket,0.15124845302024315,0.3299858677943201,0.0589500716160771,0.6,0.5,blocked,0.0,2.0163,,,new,15:06:34,2026-06-19 15:06:34
EMN,72.4872,72.49,-0.0,1.4577,,1058900,3,0.3288,2.131,0.0294,,,yf_premarket,0.15124437899569462,0.32998703139965724,0.05895567893244176,0.6,0.5,blocked,-0.0,2.0163,,,new,15:06:34,2026-06-19 15:06:34
BBCP,11.0,10.91,0.008249326658720255,0.35164240870935126,0.0,850580,1,0.5307018332717767,0.7925000190734863,0.07263978278253323,,,yf_premarket,0.036184928564379784,0.5326177692205275,0.1495939758927324,0.2,0.5,blocked,0.07808586805590023,2.0114,,,new,15:06:34,2026-06-19 15:06:34
BBCP,11.0,10.91,0.0082,0.3516,,850580,1,0.5307,0.7925,0.0726,,,yf_premarket,0.036180516929009365,0.5326159293302861,0.14951058408488524,0.2,0.5,blocked,0.0776189554066846,2.0107,,,new,15:06:34,2026-06-19 15:06:34
FIZZ,36.6,36.29,0.008542272710167359,1.6893897746014293,0.0,363800,1,0.44023381979060316,1.2610008239746093,0.034747886254118746,,,yf_premarket,0.17534628684037434,0.4418231487665232,0.07016580237012184,0.2,0.5,blocked,0.08085881519051451,2.003,,,new,15:06:34,2026-06-19 15:06:34
FIZZ,36.6,36.29,0.0085,1.6894,,363800,1,0.4402,1.261,0.0347,,,yf_premarket,0.17534735055418932,0.4417892068799547,0.07006542424049618,0.2,0.5,blocked,0.08045867328741696,2.0023,,,new,15:06:34,2026-06-19 15:06:34
CSWC,23.1696,22.98,0.0083,1.3159,,619720,3,0.2785,0.3597,0.0157,,,yf_premarket,0.13649340201255028,0.27950543870074374,0.03023803540030112,0.6,0.5,blocked,0.07856552803359539,1.9967,,,new,15:06:34,2026-06-19 15:06:34
DEA,23.51,23.16,0.015112269209578647,2.191049368749717,0.0,441980,3,0.15987415081095238,0.4604999542236328,0.01988341784359247,,,yf_premarket,0.22753224683088863,0.16045132732252823,0.03900722535492047,0.6,0.5,blocked,0.14304860364293873,1.9963,,,new,15:06:34,2026-06-19 15:06:34
DEA,23.51,23.16,0.0151,2.191,,441980,3,0.1599,0.4605,0.0199,,,yf_premarket,0.2275271111659326,0.16047726983213256,0.03904198451234424,0.6,0.5,blocked,0.14293246666352896,1.9962,,,new,15:06:34,2026-06-19 15:06:34
CSWC,23.1696,22.98,0.008250672825958627,1.3159168656812754,0.0,619720,3,0.2784514297718771,0.35972138925264546,0.015653672603060404,,,yf_premarket,0.136495156492637,0.2794566931247319,0.030140924913360734,0.6,0.5,blocked,0.0780986105064911,1.9959,,,new,15:06:34,2026-06-19 15:06:34
BEPC,37.25,37.42,-0.0045429764100414416,1.262600041803483,0.0,1483130,2,0.433525648305052,1.090000534057617,0.029128823821327806,,,yf_premarket,0.13094878666304832,0.43509075948843057,0.05838724529495883,0.4,0.5,blocked,0.0,1.9958,,,new,15:06:34,2026-06-19 15:06:34
BEPC,37.25,37.42,-0.0045,1.2626,,1483130,2,0.4335,1.09,0.0291,,,yf_premarket,0.1309487823143726,0.43506501858805174,0.058326825424438684,0.4,0.5,blocked,0.0,1.9957,,,new,15:06:34,2026-06-19 15:06:34
QDEL,13.66,13.67,-0.000731534472431128,1.2761803020861153,0.0,1684950,3,0.3065135233593602,1.0089998245239258,0.0738112522964575,,,yf_premarket,0.13236149545609638,0.3076200962810364,0.1520495849372322,0.6,0.5,blocked,0.0,1.9898,,,new,15:06:34,2026-06-19 15:06:34
QDEL,13.66,13.67,-0.0007,1.2762,,1684950,3,0.3065,1.009,0.0738,,,yf_premarket,0.1323635445638138,0.3076065240997413,0.15202599811689757,0.6,0.5,blocked,0.0,1.9898,,,new,15:06:34,2026-06-19 15:06:34
GLNG,49.51,49.6,-0.001814485421164935,1.4031471174328318,0.0,1164240,3,0.32193669338405106,1.2039985656738281,0.02427416537728357,,,yf_premarket,0.14556942613876603,0.3230989469234327,0.0482110153193122,0.6,0.5,blocked,0.0,1.9887,,,new,15:06:34,2026-06-19 15:06:34
GLNG,49.51,49.6,-0.0018,1.4031,,1164240,3,0.3219,1.204,0.0243,,,yf_premarket,0.14556452467073214,0.32306212106919,0.0482651692963894,0.6,0.5,blocked,0.0,1.9886,,,new,15:06:34,2026-06-19 15:06:34
ARR,16.7684,16.76,0.0005,1.3867,,3878640,2,0.4224,0.3044,0.0182,,,yf_premarket,0.1438584878405236,0.42392494544773485,0.03547848130032679,0.4,0.5,blocked,0.004732863134553939,1.9885,,,new,15:06:34,2026-06-19 15:06:34
ARR,16.7684,16.76,0.0005011796541439673,1.3866716168553925,0.0,3878640,2,0.42238145382698455,0.30437577912719577,0.018160845761963487,,,yf_premarket,0.14385553523747133,0.42390633231945873,0.03539640703385196,0.4,0.5,blocked,0.004744029417772952,1.9884,,,new,15:06:34,2026-06-19 15:06:34
AREC,2.14,2.15,-0.004651206941329236,0.6977338878902519,0.0,2659180,2,0.4516133249861179,0.14100003242492676,0.06558140752120761,,,yf_premarket,0.07218766088779197,0.45324373617000513,0.13479836241310983,0.4,0.5,blocked,0.0,1.9822,,,new,15:06:34,2026-06-19 15:06:34
AREC,2.14,2.15,-0.0047,0.6977,,2659180,2,0.4516,0.141,0.0656,,,yf_premarket,0.07218413564456833,0.45323036307811804,0.1348373355648134,0.4,0.5,blocked,0.0,1.9822,,,new,15:06:34,2026-06-19 15:06:34
AKAN,15.4,18.2,-0.1538,0.0714,,596670,2,0.4565,2.6719,0.1468,,,yf_premarket,0.007032253525080963,0.45814805302294265,0.305047018397647,0.4,0.5,blocked,0.0,1.9794,,,new,15:06:34,2026-06-19 15:06:34
AKAN,15.4,18.2,-0.15384618931671018,0.07139624918296546,0.0,596670,2,0.4564610653277929,2.6719000816345213,0.14680769063896384,,,yf_premarket,0.007031863340202651,0.4581089777890614,0.30506313934861756,0.4,0.5,blocked,0.0,1.9793,,,new,15:06:34,2026-06-19 15:06:34
CPB,21.21,21.15,0.0028368975201852453,3.796720478132244,0.0,16367020,2,0.20228969288762508,0.8329996109008789,0.03938532510284577,,,yf_premarket,0.39456481084359324,0.20301999768471946,0.07988670133069435,0.4,0.5,blocked,0.02685329537958447,1.9781,,,new,15:06:34,2026-06-19 15:06:34
CPB,21.21,21.15,0.0028,3.7967,,16367020,2,0.2023,0.833,0.0394,,,yf_premarket,0.3945626805723846,0.2030303420077575,0.07991746253254442,0.4,0.5,blocked,0.026504033553502056,1.9776,,,new,15:06:34,2026-06-19 15:06:34
BNED,10.78,11.01,-0.020890120263439373,0.7191098317094774,0.0,361280,2,0.4529414965620037,0.6114999771118164,0.0555404145685399,,,yf_premarket,0.0744113284143814,0.45457670270137973,0.11375065027271218,0.4,0.5,blocked,0.0,1.9776,,,new,15:06:34,2026-06-19 15:06:34
BNED,10.78,11.01,-0.0209,0.7191,,361280,2,0.4529,0.6115,0.0555,,,yf_premarket,0.07441030565471846,0.4545350563287858,0.11366593412870969,0.4,0.5,blocked,0.0,1.9775,,,new,15:06:34,2026-06-19 15:06:34
TFSL,16.03,16.42,-0.0238,1.2545,,999670,2,0.429,0.3177,0.0194,,,yf_premarket,0.13010616656286716,0.4305487727203557,0.03799389533233911,0.4,0.5,blocked,0.0,1.9753,,,new,15:06:34,2026-06-19 15:06:34
TFSL,16.03,16.42,-0.02375152706953998,1.2545139896165736,0.0,999670,2,0.4289699183844009,0.3177281408796107,0.019350069391188645,,,yf_premarket,0.13010762185561808,0.4305185825043239,0.037889231870646606,0.4,0.5,blocked,0.0,1.9751,,,new,15:06:34,2026-06-19 15:06:34
DOCU,43.78,43.47,0.007131326675676176,1.7205537063569456,0.0,5506890,3,0.22333207284565024,2.4042007446289064,0.0553071239271987,,,yf_premarket,0.17858816582507042,0.224138344691813,0.11326163147873984,0.6,0.5,blocked,0.06750318624753773,1.974,,,new,15:06:34,2026-06-19 15:06:34
DOCU,43.78,43.47,0.0071,1.7206,,5506890,3,0.2233,2.4042,0.0553,,,yf_premarket,0.178592981597025,0.22410615605700565,0.11324669845670765,0.6,0.5,blocked,0.06720665651066593,1.9735,,,new,15:06:34,2026-06-19 15:06:34
MAN,33.55,33.55,2.2740371613483034e-08,1.247104247104247,0.0,880600,2,0.4170399751959202,1.355000114440918,0.040387485700570026,,,yf_premarket,0.1293368112685211,0.4185455699205851,0.08198740868889888,0.4,0.5,blocked,2.1525413295102144e-07,1.9721,,,new,15:06:34,2026-06-19 15:06:34
MAN,33.55,33.55,0.0,1.2471,,880600,2,0.417,1.355,0.0404,,,yf_premarket,0.12933636945655358,0.41850545040649956,0.08201364089255468,0.4,0.5,blocked,0.0,1.972,,,new,15:06:34,2026-06-19 15:06:34
FAST,45.8521,45.89,-0.0008258747036938622,1.5902220765577402,0.0,6834580,2,0.398089249354903,1.0189994812011718,0.022205262470128315,,,yf_premarket,0.16503020481418346,0.3995264283051775,0.04387422581637102,0.4,0.5,blocked,0.0,1.9685,,,new,15:06:34,2026-06-19 15:06:34
FAST,45.8521,45.89,-0.0008,1.5902,,6834580,2,0.3981,1.019,0.0222,,,yf_premarket,0.16502790826414757,0.39953721776217627,0.04386319474036785,0.4,0.5,blocked,0.0,1.9685,,,new,15:06:34,2026-06-19 15:06:34
CWEN,37.0,37.42,-0.0112,4.2692,,2027290,2,0.1827,1.185,0.0317,,,yf_premarket,0.4437152660768677,0.1833595822284592,0.06377688916046537,0.4,0.5,blocked,0.0,1.9642,,,new,15:06:34,2026-06-19 15:06:34
CWEN,37.0,37.42,-0.01122389603145056,4.26919680953391,0.0,2027290,2,0.1827405220715169,1.185000228881836,0.031667565122043814,,,yf_premarket,0.4437149341834131,0.18340025059246776,0.06370889987118404,0.4,0.5,blocked,0.0,1.9642,,,new,15:06:34,2026-06-19 15:06:34
ADPT,17.7,17.53,0.0097,0.8691,,4466570,1,0.4497,1.451,0.0828,,,yf_premarket,0.09001430105296707,0.45132350371175745,0.17089160335698994,0.2,0.5,blocked,0.09181754481034642,1.9608,,,new,15:06:34,2026-06-19 15:06:34
ADPT,17.7,17.53,0.009697621602718948,0.8691456755407393,0.0,4466570,1,0.4496554670662716,1.4510000228881836,0.08277238825173389,,,yf_premarket,0.09001905252581711,0.4512788100055514,0.17083372420779247,0.2,0.5,blocked,0.09179503155272478,1.9607,,,new,15:06:34,2026-06-19 15:06:34
KODK,9.55,9.4,0.016,1.4967,,936660,1,0.375,0.439,0.0467,,,yf_premarket,0.15530141779923926,0.37635382230800324,0.09521956456061935,0.2,0.5,blocked,0.15145162030572604,1.9604,,,new,15:06:34,2026-06-19 15:06:34
KODK,9.55,9.4,0.015957488037981474,1.4967010441355455,0.0,936660,1,0.374999627470985,0.4390000343322754,0.04670213320720483,,,yf_premarket,0.15530152641714756,0.37635344843408663,0.09522403614339954,0.2,0.5,blocked,0.15104921371009597,1.9598,,,new,15:06:34,2026-06-19 15:06:34
AAT,24.05,24.05,3.172305521988828e-08,1.9686341841328336,0.0,477590,2,0.36507857215301776,0.46700000762939453,0.01941788035110443,,,yf_premarket,0.20439514338247225,0.36639657619343036,0.0380313757373936,0.4,0.5,blocked,3.0028175713125623e-07,1.9584,,,new,15:06:34,2026-06-19 15:06:34
AAT,24.05,24.05,0.0,1.9686,,477590,2,0.3651,0.467,0.0194,,,yf_premarket,0.20439158732212936,0.36641808139907195,0.03799389533233911,0.4,0.5,blocked,0.0,1.9584,,,new,15:06:34,2026-06-19 15:06:34
FA,16.07,16.07,1.8990403691949496e-08,0.7648227111911559,0.0,2809540,3,0.34444434436752064,0.697199821472168,0.04338517950916453,,,yf_premarket,0.07916668548820009,0.3456878548669081,0.08827110958041144,0.6,0.5,blocked,1.7975796308784956e-07,1.9543,,,new,15:06:34,2026-06-19 15:06:34
FA,16.07,16.07,0.0,0.7648,,2809540,3,0.3444,0.6972,0.0434,,,yf_premarket,0.07916432291938487,0.34564335040767014,0.08830217597258548,0.6,0.5,blocked,0.0,1.9542,,,new,15:06:34,2026-06-19 15:06:34
BRAI,8.5,8.55,-0.005847975394087777,0.9917451911844872,0.0,256820,2,0.3734440466184527,1.2269999027252196,0.14350875735123936,,,yf_premarket,0.10277266771203412,0.3747922516347275,0.298147986779772,0.4,0.5,blocked,0.0,1.9528,,,new,15:06:34,2026-06-19 15:06:34
BRAI,8.5,8.55,-0.0058,0.9917,,256820,2,0.3734,1.227,0.1435,,,yf_premarket,0.1027679666251356,0.3747480459994891,0.29812962980961305,0.4,0.5,blocked,0.0,1.9527,,,new,15:06:34,2026-06-19 15:06:34
CBAN,20.56,20.56,0.0,1.0781,,294400,2,0.4297,0.466,0.0227,,,yf_premarket,0.11175586797452682,0.43125129985533067,0.04491128392037298,0.4,0.5,blocked,0.0,1.9526,,,new,15:06:34,2026-06-19 15:06:34
CBAN,20.56,20.56,2.5975565650825475e-08,1.078125,0.0,294400,2,0.4296866734516584,0.46599998474121096,0.022665369496392227,,,yf_premarket,0.11175846864042652,0.4312379251955799,0.04483869220811411,0.4,0.5,blocked,2.4587759413595496e-07,1.9525,,,new,15:06:34,2026-06-19 15:06:34
DLX,23.39,22.94,0.019616366846822723,2.67272987000619,0.0,420020,2,0.15950942499844956,0.8350000381469727,0.03639930334383816,,,yf_premarket,0.2776398489977692,0.16008528477951534,0.0736274671369428,0.4,0.5,blocked,0.1856831589664267,1.952,,,new,15:06:34,2026-06-19 15:06:34
DLX,23.39,22.94,0.0196,2.6727,,420020,2,0.1595,0.835,0.0364,,,yf_premarket,0.2776367417215083,0.16007582575500404,0.07362892745251362,0.4,0.5,blocked,0.1855282348745144,1.9517,,,new,15:06:34,2026-06-19 15:06:34
NTGR,23.25,23.05,0.0087,1.5596,,399460,3,0.2135,1.271,0.0551,,,yf_premarket,0.16184469320290484,0.2142707761673565,0.1128274627847056,0.6,0.5,blocked,0.08235181854123853,1.9513,,,new,15:06:34,2026-06-19 15:06:34
NTGR,23.25,23.05,0.008676822974374998,1.5596054673809643,0.0,399460,3,0.2134501537869514,1.2710000991821289,0.055141003958844956,,,yf_premarket,0.16184526195615423,0.2142207499998674,0.11291341439591114,0.6,0.5,blocked,0.08213243116094017,1.9509,,,new,15:06:34,2026-06-19 15:06:34
BNL,20.58,20.58,3.7071887215759714e-09,2.0779655158958006,0.0,1793870,3,0.2520321799297227,0.4213998794555664,0.02047618469474127,,,yf_premarket,0.21576851403389707,0.25294206469645214,0.040249770400830005,0.6,0.5,blocked,3.509123366636212e-08,1.9497,,,new,15:06:34,2026-06-19 15:06:34
BNL,20.58,20.58,0.0,2.078,,1793870,3,0.252,0.4214,0.0205,,,yf_premarket,0.215772101299252,0.2529097685909782,0.0402996915283504,0.6,0.5,blocked,0.0,1.9496,,,new,15:06:34,2026-06-19 15:06:34
AMX,26.46,26.46,3.4600429942565796e-08,0.5768711269738619,0.0,1221590,2,0.4609163090172885,0.7549999237060547,0.028533633780399723,,,yf_premarket,0.059614714453398825,0.4625803057673421,0.05713962081107176,0.4,0.5,blocked,3.2751819862977184e-07,1.9432,,,new,15:06:34,2026-06-19 15:06:34
AMX,26.46,26.46,0.0,0.5769,,1221590,2,0.4609,0.755,0.0285,,,yf_premarket,0.05961771801717877,0.46256393787135647,0.057069118408432526,0.4,0.5,blocked,0.0,1.9431,,,new,15:06:34,2026-06-19 15:06:34
MOMO,5.54,5.44,0.0184,2.9374,,1139530,2,0.1477,0.1388,0.0255,,,yf_premarket,0.30517259226761767,0.1482332254797122,0.05078058332840172,0.4,0.5,blocked,0.17416936335158495,1.9409,,,new,15:06:34,2026-06-19 15:06:34
MOMO,5.54,5.44,0.018382342229355697,2.9373513641589075,0.0,1139530,2,0.14772738356234158,0.13880009651184083,0.025514723355124384,,,yf_premarket,0.3051675328446804,0.14826070790199397,0.050811446106800204,0.4,0.5,blocked,0.17400221972814328,1.9407,,,new,15:06:34,2026-06-19 15:06:34
FBK,53.7528,53.75,0.0001,1.5299,,384330,3,0.2875,1.1579,0.0215,,,yf_premarket,0.1587551021140516,0.2885379304361358,0.04239586988836066,0.6,0.5,blocked,0.0009465726269107877,1.9378,,,new,15:06:34,2026-06-19 15:06:34
FBK,53.7528,53.75,5.209302325582474e-05,1.52993521192725,0.0,384330,3,0.2874880206574338,1.1579010009765625,0.021542344204215115,,,yf_premarket,0.1587587650923901,0.28852590784583304,0.04248463089290824,0.6,0.5,blocked,0.0004930982986699078,1.9372,,,new,15:06:34,2026-06-19 15:06:34
KRO,6.89,6.84,0.0073099190492257205,1.994547280815038,0.0,278760,1,0.3833334260516844,0.3509999752044678,0.051315784703845096,,,yf_premarket,0.20709079565836216,0.38471733363459665,0.10489507257128584,0.2,0.5,blocked,0.06919369276930798,1.9363,,,new,15:06:34,2026-06-19 15:06:34
KRO,6.89,6.84,0.0073,1.9945,,278760,1,0.3833,0.351,0.0513,,,yf_premarket,0.20708587719422697,0.38468378690842037,0.10486198501666658,0.2,0.5,blocked,0.0690998017644875,1.9361,,,new,15:06:34,2026-06-19 15:06:34
SKBL,2.86,2.86,0.0,0.6795490524442815,0.0,244587,3,0.3043477697498678,0.3228999853134155,0.11290209690815274,,,prev_close,0.07029595363034644,0.30544652388341026,0.23399096748679166,0.6,0.5,blocked,0.0,1.9333,,,new,15:06:34,2026-06-19 15:06:34
SKBL,2.86,2.86,0.0,0.6795,,244587,3,0.3043,0.3229,0.1129,,,prev_close,0.07029085086958083,0.30539858167553435,0.23398657199329895,0.6,0.5,blocked,0.0,1.9332,,,new,15:06:34,2026-06-19 15:06:34
CAG,13.25,13.2,0.0038,1.3473,,16596410,2,0.363,0.436,0.033,,,yf_premarket,0.13975983838258363,0.3643104999941471,0.06650192102847872,0.4,0.5,blocked,0.035969759822609935,1.9255,,,new,15:06:34,2026-06-19 15:06:34
CAG,13.25,13.2,0.0037878932922232266,1.347327524446552,0.0,16596410,2,0.3629626908584338,0.43600006103515626,0.033030308131453606,,,yf_premarket,0.13976270165816587,0.3642730561593859,0.06656545227776411,0.4,0.5,blocked,0.035855161040774915,1.9253,,,new,15:06:34,2026-06-19 15:06:34
CNX,32.67,32.67,5.604697862964143e-08,2.3182633621278006,0.0,2051320,2,0.31343173109588185,0.9729999542236328,0.029782675505275188,,,yf_premarket,0.2407658906126516,0.314563280081465,0.0597578350455056,0.4,0.5,blocked,5.305253579187247e-07,1.9202,,,new,15:06:34,2026-06-19 15:06:34
CDZI,4.03,4.07,-0.009828051590732146,1.2347475366314393,0.0,783480,2,0.3797470952165384,0.26100006103515627,0.06412777641938425,,,yf_premarket,0.1280513842461532,0.3811180554536146,0.1317512923540298,0.4,0.5,blocked,0.0,1.9202,,,new,15:06:34,2026-06-19 15:06:34
CNX,32.67,32.67,0.0,2.3183,,2051320,2,0.3134,0.973,0.0298,,,yf_premarket,0.24076970192724625,0.3145314344302086,0.05979415027644587,0.4,0.5,blocked,0.0,1.9201,,,new,15:06:34,2026-06-19 15:06:34
CDZI,4.03,4.07,-0.0098,1.2347,,783480,2,0.3797,0.261,0.0641,,,yf_premarket,0.12804643917029834,0.38107079021426354,0.131693068024798,0.4,0.5,blocked,0.0,1.9201,,,new,15:06:34,2026-06-19 15:06:34
BANR,64.8328,64.83,4.316163606798032e-05,2.149843662310591,0.0,249460,3,0.23033715089066814,1.3740005493164062,0.021193899591380797,,,yf_premarket,0.22324575580650394,0.23116871241930198,0.04175422883582279,0.6,0.5,blocked,0.00040855623234635534,1.9187,,,new,15:06:34,2026-06-19 15:06:34
BANR,64.8328,64.83,0.0,2.1498,,249460,3,0.2303,1.374,0.0212,,,yf_premarket,0.22324121376321368,0.23113142740675505,0.04176701638035758,0.6,0.5,blocked,0.0,1.918,,,new,15:06:34,2026-06-19 15:06:34
QGEN,36.95,36.95,-0.0,0.9143,,2148110,2,0.4246,0.88,0.0238,,,yf_premarket,0.09471630499963932,0.42613288787194176,0.04721708011638428,0.4,0.5,blocked,-0.0,1.9179,,,new,15:06:34,2026-06-19 15:06:34
QGEN,36.95,36.95,-2.064788726738136e-08,0.9143386511863918,0.0,2148110,2,0.4245819818514272,0.8800006866455078,0.023815985615029844,,,yf_premarket,0.09472032575253661,0.42611480467437834,0.04725058881668129,0.4,0.5,blocked,0.0,1.9179,,,new,15:06:34,2026-06-19 15:06:34
EFC,13.499,13.44,0.004389912310921153,1.9103201113960266,0.0,1314230,3,0.22222104484602392,0.16999988555908202,0.012648801403774577,,,yf_premarket,0.19832892656488377,0.22302330566687814,0.02384217893079969,0.6,0.5,blocked,0.04155370828056642,1.9178,,,new,15:06:34,2026-06-19 15:06:34
EFC,13.499,13.44,0.0044,1.9103,,1314230,3,0.2222,0.17,0.0126,,,yf_premarket,0.1983268344440101,0.2230021848449022,0.0237398824842693,0.6,0.5,blocked,0.041649195584074664,1.9178,,,new,15:06:34,2026-06-19 15:06:34
ETH,16.2114,16.21,0.0001,0.6783,,3919420,1,0.534,0.5805,0.0358,,,yf_premarket,0.07016601890639483,0.5359278429665967,0.07237122043650746,0.2,0.5,blocked,0.0009465726269107877,1.9147,,,new,15:06:34,2026-06-19 15:06:34
ETH,16.2114,16.21,8.642292451989161e-05,0.6783146485959657,0.0,3919420,1,0.5340132534798575,0.5804997444152832,0.03581121389274699,,,yf_premarket,0.07016754275055509,0.5359411442940719,0.07239472675581518,0.2,0.5,blocked,0.0008180557468810653,1.9146,,,new,15:06:34,2026-06-19 15:06:34
ASST,14.86,14.85,0.0007,1.3504,,5132770,2,0.3493,1.1614,0.0782,,,yf_premarket,0.14008232095414744,0.35056104035249475,0.16124918290094273,0.4,0.5,blocked,0.006626008388375514,1.9018,,,new,15:06:34,2026-06-19 15:06:34
CTNM,11.94,11.94,0.0,1.2581,,249500,2,0.3573,1.0244,0.0858,,,yf_premarket,0.13048066245242512,0.3585899218950655,0.17718013843702074,0.4,0.5,blocked,0.0,1.9015,,,new,15:06:34,2026-06-19 15:06:34
CTNM,11.94,11.94,3.5143778347427665e-08,1.2581162324649298,0.0,249500,2,0.3573083988403673,1.0244001388549804,0.08579565953570116,,,yf_premarket,0.13048235106114559,0.358598351056866,0.17717104004968512,0.4,0.5,blocked,3.326613858989507e-07,1.9015,,,new,15:06:34,2026-06-19 15:06:34
ASST,14.86,14.85,0.0006733749679057713,1.3504014401580433,0.0,5132770,2,0.34928235996556734,1.161400032043457,0.07820875435752087,,,yf_premarket,0.14008247076894398,0.3505433366341364,0.16126753359573376,0.4,0.5,blocked,0.006373983122665333,1.9014,,,new,15:06:34,2026-06-19 15:06:34
AIG,74.02,74.02,4.5351712267139245e-08,1.3674463550869593,0.0,4284190,2,0.38268025787583,1.3842685166881068,0.0187012777555668,,,yf_premarket,0.14185559592970629,0.3840618073956826,0.036529248883900425,0.4,0.5,blocked,4.292868941560819e-07,1.8992,,,new,15:06:34,2026-06-19 15:06:34
AIG,74.02,74.02,0.0,1.3674,,4284190,2,0.3827,1.3843,0.0187,,,yf_premarket,0.14185077376594896,0.38408162079272756,0.03652657048033192,0.4,0.5,blocked,0.0,1.8992,,,new,15:06:34,2026-06-19 15:06:34
ACEL,12.96,12.96,-0.0,1.2552,,326790,1,0.4839,0.3909,0.0302,,,yf_premarket,0.130178985208059,0.48564697230624737,0.060632621620449974,0.2,0.5,blocked,-0.0,1.8969,,,new,15:06:34,2026-06-19 15:06:34
ACEL,12.96,12.96,-2.9434391737126097e-09,1.2552403684323266,0.0,326790,1,0.48387107461328865,0.3908999443054199,0.030162032650835623,,,yf_premarket,0.13018318460027406,0.4856179424933126,0.060553035284744657,0.2,0.5,blocked,0.0,1.8968,,,new,15:06:34,2026-06-19 15:06:34
ASGN,21.02,21.02,0.0,0.9296,,894782,2,0.3921,1.317,0.0627,,,prev_close,0.09630791253026066,0.3935155566052482,0.1287584183207836,0.4,0.5,blocked,0.0,1.8959,,,new,15:06:34,2026-06-19 15:06:34
ASGN,21.02,21.02,0.0,0.9295890342066369,0.0,894782,2,0.3921115414078359,1.3169794082641602,0.06265363366239785,,,prev_close,0.09630677179566616,0.3935271396797918,0.12866122620726905,0.4,0.5,blocked,0.0,1.8958,,,new,15:06:34,2026-06-19 15:06:34
EVH,4.47,4.49,-0.0045,1.1615,,2445290,1,0.4645,0.3322,0.074,,,yf_premarket,0.12043168941595303,0.46617693456551335,0.1524452337888996,0.2,0.5,blocked,0.0,1.8892,,,new,15:06:34,2026-06-19 15:06:34
EVH,4.47,4.49,-0.0044542922355614465,1.1615391221491111,0.0,2445290,1,0.4645156288743014,0.3321999549865723,0.0739866307173203,,,yf_premarket,0.12043575916151769,0.4661926198630646,0.15241720938785755,0.2,0.5,blocked,0.0,1.8892,,,new,15:06:34,2026-06-19 15:06:34
SSTK,13.61,13.22,0.029500735634920162,1.489101216298938,0.0,375730,1,0.2398193110846729,0.7260000228881835,0.05491679336034929,,,yf_premarket,0.15451094189321488,0.24068510503996995,0.11244342899125957,0.2,0.5,blocked,0.27924588825747065,1.8882,,,new,15:06:34,2026-06-19 15:06:34
SSTK,13.61,13.22,0.0295,1.4891,,375730,1,0.2398,0.726,0.0549,,,yf_premarket,0.154510815365728,0.2406657242385578,0.11240822711270353,0.2,0.5,blocked,0.27923892493868235,1.8882,,,new,15:06:34,2026-06-19 15:06:34
CUZ,28.35,28.28,0.0025,1.4101,,2150770,2,0.3527,0.707,0.025,,,yf_premarket,0.14629271112265038,0.3539733150080873,0.049732494148396596,0.4,0.5,blocked,0.023664315672769692,1.8877,,,new,15:06:34,2026-06-19 15:06:34
CUZ,28.35,28.28,0.0024752231844021476,1.4100996387340348,0.0,2150770,2,0.35267901618266273,0.7069999694824218,0.024999998313871473,,,yf_premarket,0.14629267354136732,0.3539522554351233,0.04973249061397046,0.4,0.5,blocked,0.02342978511850026,1.8874,,,new,15:06:34,2026-06-19 15:06:34
BBW,32.6,32.37,0.007105377686271176,1.654556679489006,0.0,421140,3,0.18609824814696338,1.5760000228881836,0.04868705822958209,,,yf_premarket,0.17172271713476764,0.18677009870648786,0.09938479302154964,0.6,0.5,blocked,0.06725756021687002,1.8817,,,new,15:06:34,2026-06-19 15:06:34
BBW,32.6,32.37,0.0071,1.6546,,421140,3,0.1861,1.576,0.0487,,,yf_premarket,0.17172722362179563,0.18677185688405173,0.09941192128063989,0.6,0.5,blocked,0.06720665651066593,1.8817,,,new,15:06:34,2026-06-19 15:06:34
OHI,44.5001,44.53,-0.0007,1.3561,,3056380,2,0.3713,1.129,0.0254,,,yf_premarket,0.1406752727792809,0.3726404645945643,0.0505709654924007,0.4,0.5,blocked,0.0,1.8816,,,new,15:06:34,2026-06-19 15:06:34
OHI,44.5001,44.53,-0.0006714300497751727,1.356081377315648,0.0,3056380,2,0.3713353429872934,1.1289997100830078,0.025353688323205354,,,yf_premarket,0.14067333552407468,0.3726759351768567,0.05047388795768797,0.4,0.5,blocked,0.0,1.8816,,,new,15:06:34,2026-06-19 15:06:34
HCKT,10.4,10.4,0.0,2.1235,,330910,2,0.3,0.49,0.0471,,,yf_premarket,0.22050531323672076,0.3010830578464026,0.09605803590462347,0.4,0.5,blocked,0.0,1.881,,,new,15:06:34,2026-06-19 15:06:34
HCKT,10.4,10.4,3.667978277980751e-08,2.123538122148016,0.0,330910,2,0.29999948648313574,0.4899998664855957,0.047115373505642724,,,yf_premarket,0.22050927895553551,0.3010825424756434,0.09609026151446924,0.4,0.5,blocked,3.4720078340399466e-07,1.881,,,new,15:06:34,2026-06-19 15:06:34
CODX,3.43,3.37,0.01780418886600767,1.3873378962536023,0.0,444160,2,0.13461532730322845,0.7739999532699585,0.229673584437393,,,yf_premarket,0.1439248460418954,0.13510131459150115,0.47876483271179365,0.4,0.5,blocked,0.1685295782491268,1.8783,,,new,15:06:34,2026-06-19 15:06:34
CODX,3.43,3.37,0.0178,1.3873,,444160,2,0.1346,0.774,0.2297,,,yf_premarket,0.1439209038221166,0.13508593195375262,0.4788202044424979,0.4,0.5,blocked,0.16848992759012021,1.8782,,,new,15:06:34,2026-06-19 15:06:34
ADC,74.55,73.25,0.017747440273037506,1.3986960077658623,0.0,1308290,2,0.24324273660966178,1.3389999389648437,0.018279862647984216,,,yf_premarket,0.14510639217369609,0.24412088979121355,0.03564588765480442,0.4,0.5,blocked,0.1679924116019142,1.8757,,,new,15:06:34,2026-06-19 15:06:34
ADC,74.55,73.25,0.0177,1.3987,,1308290,2,0.2432,1.339,0.0183,,,yf_premarket,0.1451068074723835,0.24407799889415036,0.03568809913632781,0.4,0.5,blocked,0.16754335496320943,1.875,,,new,15:06:34,2026-06-19 15:06:34
DSP,11.24,11.24,2.0363153097101307e-08,1.2639909553420012,0.0,353800,3,0.2551250769022221,0.6659002304077148,0.05924379394729032,,,yf_premarket,0.13109347871941096,0.2560461276233988,0.12151359398535708,0.6,0.5,blocked,1.9275203319309727e-07,1.8695,,,new,15:06:34,2026-06-19 15:06:34
DSP,11.24,11.24,0.0,1.264,,353800,3,0.2551,0.6659,0.0592,,,yf_premarket,0.13109441960475626,0.25602096018872433,0.12142179406074768,0.6,0.5,blocked,0.0,1.8694,,,new,15:06:34,2026-06-19 15:06:34
FLOC,22.71,22.71,0.0,2.2018,,725500,2,0.2817,0.962,0.0424,,,yf_premarket,0.22865059883460653,0.28271699131777206,0.08620599761257522,0.4,0.5,blocked,0.0,1.8515,,,new,15:06:34,2026-06-19 15:06:34
FLOC,22.71,22.71,4.031384330740102e-08,2.2017918676774637,0.0,725500,2,0.28168985706974853,0.9620000839233398,0.042360199150385754,,,yf_premarket,0.2286497528564503,0.28270681176958656,0.0861225679329038,0.4,0.5,blocked,3.815998056035646e-07,1.8515,,,new,15:06:34,2026-06-19 15:06:34
ABM,44.15,44.15,-0.0,1.0772,,953410,1,0.4742,1.389,0.0315,,,yf_premarket,0.11166224400213731,0.4759119534358804,0.06335765348846333,0.2,0.5,blocked,-0.0,1.851,,,new,15:06:34,2026-06-19 15:06:34
ABM,44.15,44.15,-3.456124246737972e-08,1.0771861004184977,0.0,953410,1,0.47416984558212866,1.3889995574951173,0.03146091754223254,,,yf_premarket,0.11166079807543199,0.4758816901547461,0.06327572968623515,0.2,0.5,blocked,0.0,1.8509,,,new,15:06:34,2026-06-19 15:06:34
CBL,47.4,47.4,-0.0,1.555,,254270,3,0.2367,1.325,0.028,,,yf_premarket,0.16136617067735853,0.23755453264081164,0.05602102922842739,0.6,0.5,blocked,-0.0,1.8452,,,new,15:06:34,2026-06-19 15:06:34
CBL,47.4,47.4,-3.21915371002257e-08,1.555039918197192,0.0,254270,3,0.23669513175363552,1.3250313457439304,0.027954246900614658,,,yf_premarket,0.16137032323312714,0.2375496468191391,0.055925122571592434,0.6,0.5,blocked,0.0,1.8451,,,new,15:06:34,2026-06-19 15:06:34
ARCO,8.55,8.55,-2.2308170563246948e-08,0.9083372120083779,0.0,1375040,1,0.48000049591064453,0.2570000648498535,0.030058486446392068,,,yf_premarket,0.0940960162237593,0.4817333902552217,0.060335983971728874,0.2,0.5,blocked,0.0,1.8348,,,new,15:06:34,2026-06-19 15:06:34
ARCO,8.55,8.55,-0.0,0.9083,,1375040,1,0.48,0.257,0.0301,,,yf_premarket,0.09409214518370937,0.4817328925542441,0.060423003784448946,0.2,0.5,blocked,-0.0,1.8348,,,new,15:06:34,2026-06-19 15:06:34
DAN,29.25,29.18,0.0024,2.2669,,2410110,3,0.1362,1.955,0.067,,,yf_premarket,0.23542273283744644,0.13669170826226676,0.13777198526882775,0.6,0.5,blocked,0.022717743045858902,1.8295,,,new,15:06:34,2026-06-19 15:06:34
DAN,29.25,29.18,0.0023988928749874828,2.266867487376095,0.0,2410110,3,0.13617456877964,1.9549999237060547,0.06699794048183365,,,yf_premarket,0.23541935065855443,0.13666618523029758,0.1377676681514154,0.6,0.5,blocked,0.022707263303544736,1.8294,,,new,15:06:34,2026-06-19 15:06:34
CRMT,2.41,2.4,0.0042,0.3911,,1950720,2,0.1541,1.148,0.4783,,,yf_premarket,0.04028956905054816,0.15465633071376877,0.99993014474105,0.4,0.5,blocked,0.03975605033025308,1.8293,,,new,15:06:34,2026-06-19 15:06:34
CRMT,2.41,2.4,0.004166626764670003,0.3910863681102362,0.0,1950720,2,0.1540785648642144,1.1480000257492065,0.4783333250549107,,,yf_premarket,0.04028815097091387,0.15463481819300987,1.0,0.4,0.5,blocked,0.039440148419904814,1.8289,,,new,15:06:34,2026-06-19 15:06:34
TMQ,3.81,3.79,0.0053,1.0568,,2266410,2,0.3049,0.265,0.0699,,,yf_premarket,0.10954010062797549,0.30600074779122716,0.14385090251285754,0.4,0.5,blocked,0.05016834922627175,1.8235,,,new,15:06:34,2026-06-19 15:06:34
TMQ,3.81,3.79,0.005277054973159995,1.0567814296618883,0.0,2266410,2,0.3048779849563723,0.26499998569488525,0.06992084125650493,,,yf_premarket,0.10953816881817258,0.305978653269047,0.14389458950373857,0.4,0.5,blocked,0.04995115788296693,1.8231,,,new,15:06:34,2026-06-19 15:06:34
AQN,5.88,5.89,-0.0017,0.8922,,4271790,4,0.1818,0.107,0.0182,,,yf_premarket,0.09241731634429735,0.18245633305491996,0.03547848130032679,0.8,0.5,blocked,0.0,1.8213,,,new,15:06:34,2026-06-19 15:06:34
AQN,5.88,5.89,-0.0016977702397746337,0.8922020979495715,0.0,4271790,4,0.1818177877383641,0.10700001716613769,0.018166387027438377,,,yf_premarket,0.09241753458693375,0.18247418501044943,0.03540802251462749,0.8,0.5,blocked,0.0,1.8213,,,new,15:06:34,2026-06-19 15:06:34
ARE,50.4,51.03,-0.012345655386385587,1.0916967710180998,0.0,2153620,2,0.34554117687078134,2.246998977661133,0.044032902829947776,,,yf_premarket,0.11317029432384326,0.3467886471469983,0.08962885318871126,0.4,0.5,blocked,0.0,1.8081,,,new,15:06:34,2026-06-19 15:06:34
ARE,50.4,51.03,-0.0123,1.0917,,2153620,2,0.3455,2.247,0.044,,,yf_premarket,0.113170630223968,0.3467473216197736,0.08955988298859163,0.4,0.5,blocked,0.0,1.808,,,new,15:06:34,2026-06-19 15:06:34
ABOS,2.26,2.26,0.0,1.6187,,430460,1,0.3919,0.146,0.0646,,,yf_premarket,0.1679926673898148,0.3933148345666839,0.13274115720480312,0.2,0.5,blocked,0.0,1.805,,,new,15:06:34,2026-06-19 15:06:34
ABOS,2.26,2.26,4.219797783691507e-09,1.6187334479394138,0.0,430460,1,0.39189196155402567,0.14600000381469727,0.06460177187202999,,,yf_premarket,0.16799614686643274,0.39330676710036966,0.13274487136460908,0.2,0.5,blocked,3.99434507314119e-08,1.805,,,new,15:06:34,2026-06-19 15:06:34
BMNR,16.01,16.14,-0.008054485412918444,1.2669312268999289,0.0,40603230,2,0.31928659890219235,1.0506999969482422,0.06509913486255273,,,yf_premarket,0.13139934527847433,0.32043928508949976,0.13378743290241285,0.4,0.5,blocked,0.0,1.8049,,,new,15:06:34,2026-06-19 15:06:34
BMNR,16.01,16.14,-0.0081,1.2669,,40603230,2,0.3193,1.0507,0.0651,,,yf_premarket,0.13139609684912237,0.32045273456785445,0.13378924638480827,0.4,0.5,blocked,0.0,1.8049,,,new,15:06:34,2026-06-19 15:06:34
CTKB,3.7707,3.77,0.0002,5.4555,,3347220,1,0.0933,0.2314,0.0614,,,yf_premarket,0.5671220643498165,0.09363683099023119,0.12603338645277026,0.2,0.5,blocked,0.0018931452538215755,1.8038,,,new,15:06:34,2026-06-19 15:06:34
CTKB,3.7707,3.77,0.0001856814527925951,5.455482460071343,0.0,3347220,1,0.09333327399357923,0.23139991760253906,0.06137928879927217,,,yf_premarket,0.5671202397300429,0.09367022510934318,0.12598997208199478,0.2,0.5,blocked,0.0017576098053849816,1.8037,,,new,15:06:34,2026-06-19 15:06:34
CDRE,28.25,28.25,0.0,2.8422228318375984,0.0,510340,1,0.29837819692250844,1.5925003051757813,0.05637169221861173,,,yf_premarket,0.29527163164078807,0.299455399747083,0.11549315649395293,0.2,0.5,blocked,0.0,1.7996,,,new,15:06:34,2026-06-19 15:06:34
CDRE,28.25,28.25,0.0,2.8422,,510340,1,0.2984,1.5925,0.0564,,,yf_premarket,0.29526925652152924,0.29947728153788844,0.11555249465271893,0.2,0.5,blocked,0.0,1.7996,,,new,15:06:34,2026-06-19 15:06:34
ACB,2.97,2.93,0.0137,1.1937,,1347010,2,0.2235,0.1837,0.0627,,,yf_premarket,0.12378134709477706,0.22430687809556993,0.1287584183207836,0.4,0.5,blocked,0.12968044988677793,1.7932,,,new,15:06:34,2026-06-19 15:06:34
ACB,2.97,2.93,0.013651854038033607,1.1936808189991166,0.0,1347010,2,0.22346374519100393,0.18370001316070556,0.06269624879702368,,,yf_premarket,0.12377935175978028,0.2242704923997227,0.12875055513028064,0.4,0.5,blocked,0.12922471338984118,1.7924,,,new,15:06:34,2026-06-19 15:06:34
EXEL,51.94,51.91,0.0006,2.6573,,2463110,1,0.3199,1.337,0.0258,,,yf_premarket,0.27603473152728814,0.3210549006835473,0.0514094368364048,0.2,0.5,blocked,0.0056794357614647255,1.7904,,,new,15:06:34,2026-06-19 15:06:34
CNM,48.0,48.58,-0.0119,1.3691,,3597510,2,0.3128,2.3408,0.0482,,,yf_premarket,0.1420276190471291,0.3139292683145158,0.09836383210063476,0.4,0.5,blocked,0.0,1.7901,,,new,15:06:34,2026-06-19 15:06:34
EXEL,51.94,51.91,0.0005779262700071836,2.657290985786262,0.0,2463110,1,0.3198654452790251,1.3369998931884766,0.025756114373310494,,,yf_premarket,0.27603379380895693,0.3210202212133668,0.051317444735422775,0.2,0.5,blocked,0.00547049187561453,1.79,,,new,15:06:34,2026-06-19 15:06:34
CNM,48.0,48.58,-0.011939106817487237,1.3690858399281725,0.0,3597510,2,0.3127871654072746,2.340800476074219,0.04818444602399883,,,yf_premarket,0.14202614602249153,0.31391638738643585,0.09833122819272898,0.4,0.5,blocked,0.0,1.79,,,new,15:06:34,2026-06-19 15:06:34
FLYE,2.11,2.17,-0.027649803771628026,0.07105871984135728,0.0,544620,2,0.33742335775124765,0.42119995355606077,0.1941013542614298,,,yf_premarket,0.006996751298247799,0.33864152113515433,0.4041990935996354,0.4,0.5,blocked,0.0,1.7899,,,new,15:06:34,2026-06-19 15:06:34
FLYE,2.11,2.17,-0.0276,0.0711,,544620,2,0.3374,0.4212,0.1941,,,yf_premarket,0.007001045534284464,0.33861807905792074,0.4041962548261325,0.4,0.5,blocked,0.0,1.7898,,,new,15:06:34,2026-06-19 15:06:34
BLDP,4.3696,4.37,-9.150699532128722e-05,1.0187073783641811,0.0,8452280,3,0.2063491502836929,0.48199992179870604,0.11029746783094954,,,yf_premarket,0.10557745334322521,0.2070941105047371,0.2285312003793048,0.6,0.5,blocked,0.0,1.7868,,,new,15:06:34,2026-06-19 15:06:34
BLDP,4.3696,4.37,-0.0001,1.0187,,8452280,3,0.2063,0.482,0.1103,,,yf_premarket,0.10557668579682035,0.20704478277904287,0.22853650825727226,0.6,0.5,blocked,0.0,1.7867,,,new,15:06:34,2026-06-19 15:06:34
BBDC,8.23,8.29,-0.0072,1.1689,,709280,3,0.2414,0.141,0.017,,,yf_premarket,0.12120148652226663,0.24227150054707194,0.032963067268314473,0.6,0.5,blocked,0.0,1.7828,,,new,15:06:34,2026-06-19 15:06:34
BBDC,8.23,8.29,-0.007237631137409003,1.1689318745770358,0.0,709280,3,0.24137828976575781,0.14099998474121095,0.01700844214596279,,,yf_premarket,0.12120480232728922,0.24224971193469796,0.032980763511993715,0.6,0.5,blocked,0.0,1.7828,,,new,15:06:34,2026-06-19 15:06:34
PANL,7.38,7.38,-0.0,1.4973,,478870,2,0.3012,0.281,0.0381,,,yf_premarket,0.15536383378083227,0.3022873900777882,0.07719243066453108,0.4,0.5,blocked,-0.0,1.7762,,,new,15:06:34,2026-06-19 15:06:34
PANL,7.38,7.38,-1.550689922773816e-08,1.4972748345062334,0.0,478870,2,0.30120484696398325,0.28099994659423827,0.038075872931815774,,,yf_premarket,0.15536121589917273,0.30229225454024605,0.07714185602631281,0.4,0.5,blocked,0.0,1.7762,,,new,15:06:34,2026-06-19 15:06:34
AVA,39.95,39.76,0.0048,1.4416,,993920,3,0.1778,1.004,0.0253,,,yf_premarket,0.1495695501562826,0.1784418922836346,0.05036134765639967,0.6,0.5,blocked,0.045435486091717804,1.7746,,,new,15:06:34,2026-06-19 15:06:34
AVA,39.95,39.76,0.004778714448886148,1.4415647134578236,0.0,993920,3,0.17783464864976467,1.0039997100830078,0.025251502828642275,,,yf_premarket,0.14956587941600433,0.17847666602170592,0.0502596889352779,0.6,0.5,blocked,0.04523400289138698,1.7743,,,new,15:06:34,2026-06-19 15:06:34
AIRO,7.98,7.99,-0.0012515358453839122,1.0841271708024618,0.0,510180,2,0.3065325260487304,0.6911996841430664,0.08650809811554427,,,yf_premarket,0.11238285427763395,0.30763916757377935,0.1786644383835887,0.4,0.5,blocked,0.0,1.7732,,,new,15:06:34,2026-06-19 15:06:34
AIRO,7.98,7.99,-0.0013,1.0841,,510180,2,0.3065,0.6912,0.0865,,,yf_premarket,0.11238002779045675,0.3076065240997413,0.17864746328902792,0.4,0.5,blocked,0.0,1.7731,,,new,15:06:34,2026-06-19 15:06:34
BBNX,13.93,13.88,0.003602297200780371,1.1058585176430862,0.0,1125370,1,0.3879781790969173,0.9570000648498536,0.06894813090485347,,,yf_premarket,0.1146434931849596,0.3893788551339303,0.14185561511404882,0.2,0.5,blocked,0.03409835924256053,1.7728,,,new,15:06:34,2026-06-19 15:06:34
BBNX,13.93,13.88,0.0036,1.1059,,1125370,1,0.388,0.957,0.0689,,,yf_premarket,0.11464780845500222,0.38940075481468067,0.14175472415284726,0.2,0.5,blocked,0.034076614568788355,1.7728,,,new,15:06:34,2026-06-19 15:06:34
CBU,62.0,62.34,-0.005453964577409074,2.0267333188437298,0.0,368080,2,0.2635138269931155,1.6999134799597528,0.02726842277508697,,,yf_premarket,0.2104390009202792,0.26446516271965037,0.054487512880888336,0.4,0.5,blocked,0.0,1.7718,,,new,15:06:34,2026-06-19 15:06:34
CBU,62.0,62.34,-0.0055,2.0267,,368080,2,0.2635,1.6999,0.0273,,,yf_premarket,0.21043553487305097,0.26445128580842364,0.05455370437642021,0.4,0.5,blocked,0.0,1.7718,,,new,15:06:34,2026-06-19 15:06:34
ABR,5.2,5.2,3.667978277980751e-08,1.3309146061171118,0.0,3850510,2,0.30882344691402347,0.21300015449523926,0.04096156967462282,,,yf_premarket,0.13805532097760312,0.30993835910513456,0.08319079109213705,0.4,0.5,blocked,3.4720078340399466e-07,1.7686,,,new,15:06:34,2026-06-19 15:06:34
ABR,5.2,5.2,0.0,1.3309,,3850510,2,0.3088,0.213,0.041,,,yf_premarket,0.13805380155237512,0.3099148275432304,0.08327134790856085,0.4,0.5,blocked,0.0,1.7685,,,new,15:06:34,2026-06-19 15:06:34
SSSS,13.4501,13.21,0.0182,1.2231,,259920,1,0.2866,0.552,0.0418,,,yf_premarket,0.1268397301928338,0.2876346812625966,0.08494829059656905,0.2,0.5,blocked,0.17227621809776336,1.7664,,,new,15:06:34,2026-06-19 15:06:34
SSSS,13.4501,13.21,0.01817562158665278,1.2230686365035395,0.0,259920,1,0.2866241380483325,0.5520000457763672,0.04178652870418907,,,yf_premarket,0.12683646755380418,0.2876589064539379,0.08492005235780889,0.2,0.5,blocked,0.17204545871014343,1.7661,,,new,15:06:34,2026-06-19 15:06:34
CODI,10.11,10.11,3.3958730464552e-08,0.9035467684522023,0.0,1165850,2,0.33774802649321156,0.4589999198913574,0.04540058708985282,,,yf_premarket,0.0935976824957184,0.3389673619938798,0.09249576333765087,0.4,0.5,blocked,3.214440470238638e-07,1.7646,,,new,15:06:34,2026-06-19 15:06:34
CODI,10.11,10.11,0.0,0.9035,,1165850,2,0.3377,0.459,0.0454,,,yf_premarket,0.0935928173309654,0.33891916211576717,0.09249453269260602,0.4,0.5,blocked,0.0,1.7645,,,new,15:06:34,2026-06-19 15:06:34
AMTM,21.51,21.66,-0.0069252007603328525,1.7761410352426468,0.0,1855990,2,0.27191553792015455,0.8668996810913085,0.0400230695844111,,,yf_premarket,0.18437072865262652,0.2728972054431652,0.08122352751216755,0.4,0.5,blocked,0.0,1.763,,,new,15:06:34,2026-06-19 15:06:34
AMTM,21.51,21.66,-0.0069,1.7761,,1855990,2,0.2719,0.8669,0.04,,,yf_premarket,0.184366459894377,0.27288161142812284,0.08117516954855059,0.4,0.5,blocked,0.0,1.7629,,,new,15:06:34,2026-06-19 15:06:34
CVGI,4.8261,4.84,-0.0029,1.6598,,405720,3,0.1579,0.41,0.0847,,,yf_premarket,0.1722681621289349,0.1584700494464899,0.17487434224100945,0.6,0.5,blocked,0.0,1.7628,,,new,15:06:34,2026-06-19 15:06:34
CVGI,4.8261,4.84,-0.002871932262328153,1.6597653554175293,0.0,405720,3,0.15789486892998725,0.4100000858306885,0.08471075886463894,,,yf_premarket,0.17226455816956526,0.158464899852325,0.1748968947402439,0.6,0.5,blocked,0.0,1.7628,,,new,15:06:34,2026-06-19 15:06:34
AVNS,24.9485,24.94,0.000340796542116161,2.853539679820303,0.0,1050660,1,0.3043471049707263,0.07899990081787109,0.003167598200729396,,,yf_premarket,0.2964488852664201,0.30544585670428787,0.003967885949716364,0.2,0.5,blocked,0.0032258867811300745,1.7624,,,new,15:06:34,2026-06-19 15:06:34
ARDT,8.75,8.91,-0.017957334472747607,0.794296392845365,0.0,636790,1,0.4401296256288386,0.4824997901916504,0.05415261486584553,,,yf_premarket,0.08223273344087825,0.4417185784437438,0.11084157456789556,0.2,0.5,blocked,0.0,1.7622,,,new,15:06:34,2026-06-19 15:06:34
ARDT,8.75,8.91,-0.018,0.7943,,636790,1,0.4401,0.4825,0.0542,,,yf_premarket,0.08223310868104043,0.4416888458606726,0.11094090226069635,0.2,0.5,blocked,0.0,1.7622,,,new,15:06:34,2026-06-19 15:06:34
AVNS,24.9485,24.94,0.0003,2.8535,,1050660,1,0.3043,0.079,0.0032,,,yf_premarket,0.2964447575081973,0.30539858167553435,0.004035805900172801,0.2,0.5,blocked,0.0028397178807323628,1.7617,,,new,15:06:34,2026-06-19 15:06:34
CUPR,4.02,4.37,-0.08009150909034972,0.01906926331763807,0.0,13534870,2,0.1908456071502415,1.9820999503135681,0.4535697945584695,,,yf_premarket,0.0015884630292240607,0.19153459659115993,0.9480912232559057,0.4,0.5,blocked,0.0,1.7595,,,new,15:06:34,2026-06-19 15:06:34
AIV,2.95,2.9,0.017241345858036435,1.2348752269991226,0.0,1960360,2,0.20000076293945312,0.06200003623962402,0.021379322138183787,,,yf_premarket,0.1280646674455514,0.20072280425808006,0.042142907565889204,0.4,0.5,blocked,0.1632018604031898,1.7594,,,new,15:06:34,2026-06-19 15:06:34
CUPR,4.02,4.37,-0.0801,0.0191,,13534870,2,0.1908,1.9821,0.4536,,,yf_premarket,0.0015916604628916137,0.19148882479031204,0.9481545392487964,0.4,0.5,blocked,0.0,1.7594,,,new,15:06:34,2026-06-19 15:06:34
AIV,2.95,2.9,0.0172,1.2349,,1960360,2,0.2,0.062,0.0214,,,yf_premarket,0.12806724449749604,0.2007220385642684,0.04218625205235963,0.4,0.5,blocked,0.16281049182865548,1.7589,,,new,15:06:34,2026-06-19 15:06:34
EPR,57.5,57.51,-0.00017385362241367864,1.4695543547731102,0.0,688440,2,0.30079645096404684,1.329000473022461,0.023109033416974546,,,yf_premarket,0.1524775476445534,0.30188238415200236,0.04576869091755608,0.4,0.5,blocked,0.0,1.7554,,,new,15:06:34,2026-06-19 15:06:34
EPR,57.5,57.51,-0.0002,1.4696,,688440,2,0.3008,1.329,0.0231,,,yf_premarket,0.15248229596395568,0.30188594600065966,0.045749755264377086,0.4,0.5,blocked,0.0,1.7554,,,new,15:06:34,2026-06-19 15:06:34
ALRM,44.38,44.38,-0.0,2.5137,,589160,2,0.2118,1.42,0.032,,,yf_premarket,0.2610965065993648,0.21256463883956023,0.06440574266846845,0.4,0.5,blocked,-0.0,1.749,,,new,15:06:34,2026-06-19 15:06:34
ALRM,44.38,44.38,-2.406748999797642e-08,2.5137483875347955,0.0,589160,2,0.21178158736409133,1.4199993133544921,0.031996378530389204,,,yf_premarket,0.26110154019183335,0.21254615973048557,0.06439815142223887,0.4,0.5,blocked,0.0,1.7489,,,new,15:06:34,2026-06-19 15:06:34
BDN,3.14,3.09,0.0162,1.7976,,1882380,2,0.1538,0.09,0.0291,,,yf_premarket,0.18660303256812596,0.15435524765592237,0.058326825424438684,0.4,0.5,blocked,0.1533447655595476,1.7478,,,new,15:06:34,2026-06-19 15:06:34
BDN,3.14,3.09,0.0161812579998502,1.7976179092425546,0.0,1882380,2,0.15384601277006638,0.08999998569488525,0.02912620977178249,,,yf_premarket,0.18660489560638202,0.15440142654096095,0.05838176578086994,0.4,0.5,blocked,0.15316735891639402,1.7477,,,new,15:06:34,2026-06-19 15:06:34
CWK,13.16,12.9,0.0202,1.8444,,2010680,2,0.1119,0.565,0.0438,,,yf_premarket,0.19147147913237952,0.11230398057670817,0.08914064731658959,0.4,0.5,blocked,0.19120767063597913,1.7432,,,new,15:06:34,2026-06-19 15:06:34
CWK,13.16,12.9,0.020155068926998088,1.8443511647800743,0.0,2010680,2,0.11188798130531977,0.5649999618530274,0.043798447950450334,,,yf_premarket,0.1914663989687329,0.11229191849222267,0.08913739394390992,0.4,0.5,blocked,0.19078236539796573,1.7425,,,new,15:06:34,2026-06-19 15:06:34
BYRN,5.8322,5.9,-0.0115,1.14,,308160,2,0.2979,0.381,0.0646,,,yf_premarket,0.11819511674220405,0.29897547644147776,0.13274115720480312,0.4,0.5,blocked,0.0,1.7416,,,new,15:06:34,2026-06-19 15:06:34
BYRN,5.8322,5.9,-0.011491541401951284,1.1399922118380061,0.0,308160,2,0.2978725454935594,0.38099989891052244,0.06457625300882221,,,yf_premarket,0.11819430656591132,0.2989479228189751,0.13269137927578087,0.4,0.5,blocked,0.0,1.7415,,,new,15:06:34,2026-06-19 15:06:34
MAC,23.44,23.63,-0.008,1.7394,,4799420,2,0.2692,0.6984,0.0296,,,yf_premarket,0.18054868235360552,0.27017186390750525,0.059374914604443815,0.4,0.5,blocked,0.0,1.7409,,,new,15:06:34,2026-06-19 15:06:34
MAC,23.44,23.63,-0.008040591092447435,1.739376841368332,0.0,4799420,2,0.26923038447764297,0.6984149485709444,0.029556283257535527,,,yf_premarket,0.18054627323905897,0.2702023580789713,0.059283276514919644,0.4,0.5,blocked,0.0,1.7409,,,new,15:06:34,2026-06-19 15:06:34
FSK,10.32,10.27,0.0049,1.3463,,2840610,2,0.2662,0.275,0.0268,,,yf_premarket,0.13965581174659533,0.26716103332904123,0.05350561519641507,0.4,0.5,blocked,0.0463820587186286,1.7401,,,new,15:06:34,2026-06-19 15:06:34
FSK,10.32,10.27,0.004868504382444398,1.346330541679428,0.0,2840610,2,0.26621756585338846,0.2749675338767316,0.026773857996166706,,,yf_premarket,0.13965898889476364,0.2671786625985475,0.05345081689369242,0.4,0.5,blocked,0.04608392982417076,1.7397,,,new,15:06:34,2026-06-19 15:06:34
FIVN,19.46,19.395,0.0034,1.594,,2747390,3,0.1322,1.4326,0.0739,,,yf_premarket,0.1654232094809032,0.1326772674909814,0.15223561595289858,0.6,0.5,blocked,0.03218346931496678,1.7379,,,new,15:06:34,2026-06-19 15:06:34
FIVN,19.46,19.395,0.003351355540201091,1.5939855644811984,0.0,2747390,3,0.1322380358671017,1.4325998306274415,0.07386438756457891,,,yf_premarket,0.1654217078024435,0.13271544067489746,0.15216096593642164,0.6,0.5,blocked,0.03172301417400169,1.7372,,,new,15:06:34,2026-06-19 15:06:34
CNMD,32.5828,32.58,0.0001,2.0152,,609430,3,0.1312,1.616,0.0496,,,yf_premarket,0.20923922855918528,0.13167365729816008,0.10129848180464912,0.6,0.5,blocked,0.0009465726269107877,1.7293,,,new,15:06:34,2026-06-19 15:06:34
CNMD,32.5828,32.58,8.588608925872462e-05,2.015161708481696,0.0,609430,3,0.13120598555825802,1.6159996032714843,0.049600967232946616,,,yf_premarket,0.2092352452213492,0.13167966446543755,0.10130050929742092,0.6,0.5,blocked,0.0008129742112472536,1.7291,,,new,15:06:34,2026-06-19 15:06:34
TITN,20.68,20.68,-1.4757049179435352e-08,1.0070976977215793,0.0,335320,2,0.2987013308711196,1.4450000762939452,0.06987427731963289,,,yf_premarket,0.10436973732107659,0.2997797002715558,0.14379698318691053,0.4,0.5,blocked,0.0,1.728,,,new,15:06:34,2026-06-19 15:06:34
TITN,20.68,20.68,-0.0,1.0071,,335320,2,0.2987,1.445,0.0699,,,yf_premarket,0.10436997681935581,0.29977836459573487,0.14385090251285754,0.4,0.5,blocked,-0.0,1.728,,,new,15:06:34,2026-06-19 15:06:34
CWT,45.1972,45.2,-6.196378080035951e-05,1.6271878757801912,0.0,523910,3,0.17557224122291673,0.9739997863769532,0.021548667476473996,,,yf_premarket,0.16887563255391486,0.17620609086780661,0.042497885599381766,0.6,0.5,blocked,0.0,1.727,,,new,15:06:34,2026-06-19 15:06:34
CWT,45.1972,45.2,-0.0001,1.6272,,523910,3,0.1756,0.974,0.0215,,,yf_premarket,0.16887689379571555,0.17623394985942767,0.04239586988836066,0.6,0.5,blocked,0.0,1.727,,,new,15:06:34,2026-06-19 15:06:34
EROK,20.65,20.65,1.8473110517595495e-08,1.3159347157612553,0.0,253660,2,0.27863769228498037,1.2380001068115234,0.05995158012984195,,,yf_premarket,0.13649701337640943,0.2796436280814229,0.12299724006473607,0.4,0.5,blocked,1.748614074985367e-07,1.7255,,,new,15:06:34,2026-06-19 15:06:34
EROK,20.65,20.65,0.0,1.3159,,253660,2,0.2786,1.238,0.06,,,yf_premarket,0.13649340201255028,0.27960579972002586,0.12309873674875589,0.4,0.5,blocked,0.0,1.7255,,,new,15:06:34,2026-06-19 15:06:34
AES,14.59,14.62,-0.002051975772497412,1.2516462487357538,0.0,8246020,2,0.31250149011754047,0.06300010681152343,0.004309172866256438,,,yf_premarket,0.1298093004189002,0.31362968075382147,0.0063608300599301065,0.4,0.5,blocked,0.0,1.7252,,,new,15:06:34,2026-06-19 15:06:34
AES,14.59,14.62,-0.0021,1.2516,,8246020,2,0.3125,0.063,0.0043,,,yf_premarket,0.12980448931850103,0.31362818525666936,0.006341602096184093,0.4,0.5,blocked,0.0,1.7251,,,new,15:06:34,2026-06-19 15:06:34
FNMA,6.36,6.36,-0.0,0.6495,,4632200,3,0.227,0.424,0.0667,,,yf_premarket,0.0671700517899311,0.22781951377044463,0.13714313176082465,0.6,0.5,blocked,-0.0,1.725,,,new,15:06:34,2026-06-19 15:06:34
FNMA,6.36,6.36,-2.0992830373315336e-08,0.6495401752946764,0.0,4632200,3,0.226950500915798,0.4239999771118164,0.0666666616683737,,,yf_premarket,0.06717423109068613,0.22776983598500417,0.1370732486715108,0.6,0.5,blocked,0.0,1.7248,,,new,15:06:34,2026-06-19 15:06:34
DXCM,73.22,72.47,0.010349092957964727,1.5382530920471758,0.0,5572360,2,0.19600490338484047,2.895001220703125,0.03994758068081949,,,yf_premarket,0.15962404617982012,0.19671251887998825,0.08106528930603792,0.4,0.5,blocked,0.09796168107364607,1.7203,,,new,15:06:34,2026-06-19 15:06:34
DXCM,73.22,72.47,0.0103,1.5383,,5572360,2,0.196,2.895,0.0399,,,yf_premarket,0.15962892585635355,0.19670759779298302,0.08096555171254954,0.4,0.5,blocked,0.09749698057181114,1.7196,,,new,15:06:34,2026-06-19 15:06:34
IPI,34.0,34.49,-0.0142,0.9897,,223190,2,0.3102,1.458,0.0423,,,yf_premarket,0.10255991335315895,0.31131988181318027,0.08599637977657418,0.4,0.5,blocked,0.0,1.7195,,,new,15:06:34,2026-06-19 15:06:34
IPI,34.0,34.49,-0.01420706450045552,0.9897396836775841,0.0,223190,2,0.3101605641675285,1.4579994201660156,0.0422731037753556,,,yf_premarket,0.10256404151264167,0.3112803036097495,0.08594000049250862,0.4,0.5,blocked,0.0,1.7194,,,new,15:06:34,2026-06-19 15:06:34
TIGR,4.6802,4.71,-0.006326971954483587,0.7740999450080148,0.0,3418680,1,0.42372870397310314,0.2221999168395996,0.047176202768571186,,,yf_premarket,0.08013176491344505,0.4252584462983834,0.09621777049907526,0.2,0.5,blocked,0.0,1.7188,,,new,15:06:34,2026-06-19 15:06:34
TIGR,4.6802,4.71,-0.0063,0.7741,,3418680,1,0.4237,0.2222,0.0472,,,yf_premarket,0.08013177063407628,0.42522963869840263,0.09626765374062449,0.2,0.5,blocked,0.0,1.7188,,,new,15:06:34,2026-06-19 15:06:34
AMPX,16.3517,16.17,0.01123685360845713,1.1617856059394667,0.0,6691510,2,0.18572825779493324,1.589699935913086,0.09831168388450832,,,yf_premarket,0.12046140004105403,0.18639877261794485,0.20340685944301629,0.4,0.5,blocked,0.1063649803836923,1.7147,,,new,15:06:34,2026-06-19 15:06:34
AMPX,16.3517,16.17,0.0112,1.1618,,6691510,2,0.1857,1.5897,0.0983,,,yf_premarket,0.12046289740674952,0.1863704128069232,0.20338236793714906,0.4,0.5,blocked,0.10601613421400823,1.7142,,,new,15:06:34,2026-06-19 15:06:34
PFE,25.25,25.21,0.0016,2.7072,,44163830,2,0.1742,0.479,0.019,,,yf_premarket,0.2812256606631055,0.17482889558947776,0.037155423988335,0.4,0.5,blocked,0.015145162030572604,1.7128,,,new,15:06:34,2026-06-19 15:06:34
PFE,25.25,25.21,0.0015867083292351691,2.707161041060071,0.0,44163830,2,0.17419269891194936,0.47899932861328126,0.01900037072624515,,,yf_premarket,0.28122160789564304,0.17482156814309147,0.03715620109666757,0.4,0.5,blocked,0.015019346713453612,1.7126,,,new,15:06:34,2026-06-19 15:06:34
BLFS,26.04,26.04,-0.0,1.6413,,681040,2,0.2509,1.283,0.0493,,,yf_premarket,0.1703436693631509,0.2518057973788747,0.10066962829664604,0.4,0.5,blocked,-0.0,1.7095,,,new,15:06:34,2026-06-19 15:06:34
BLFS,26.04,26.04,-3.515849894063303e-08,1.6413132855632562,0.0,681040,2,0.2509227066060444,1.2830001831054687,0.04927035860203948,,,yf_premarket,0.17034505141560366,0.25182858596014523,0.10060749463968076,0.4,0.5,blocked,0.0,1.7095,,,new,15:06:34,2026-06-19 15:06:34
CUBE,40.61,40.62,-0.0002461578569101711,1.2151820537171414,0.0,2169140,2,0.29824523831831995,0.8619998931884766,0.02122107129135958,,,yf_premarket,0.12601605287709175,0.2993219611366962,0.041811185565323004,0.4,0.5,blocked,0.0,1.7086,,,new,15:06:34,2026-06-19 15:06:34
CUBE,40.61,40.62,-0.0002,1.2152,,2169140,2,0.2982,0.862,0.0212,,,yf_premarket,0.12601791976852603,0.2992765594993242,0.04176701638035758,0.4,0.5,blocked,0.0,1.7085,,,new,15:06:34,2026-06-19 15:06:34
ENB,54.99,54.55,0.0081,1.2139,,3756120,2,0.2424,0.9,0.0165,,,yf_premarket,0.12588268514174122,0.2432751107398933,0.031914978088309336,0.4,0.5,blocked,0.0766723827797738,1.7063,,,new,15:06:34,2026-06-19 15:06:34
ENB,54.99,54.55,0.008066008599327797,1.2138589821411456,0.0,3756120,2,0.2424240672774037,0.9000003814697266,0.016498632338353515,,,yf_premarket,0.12587841819186915,0.2432992649048091,0.03191211122556216,0.4,0.5,blocked,0.07635062948550717,1.7059,,,new,15:06:34,2026-06-19 15:06:34
COO,66.6352,65.91,0.01100282654524455,0.9123828355594377,0.0,4167220,2,0.23891670049158886,1.8520011901855469,0.028098939269976603,,,yf_premarket,0.09451686883225117,0.2397792358486023,0.05622842358510756,0.4,0.5,blocked,0.10414974426375881,1.7057,,,new,15:06:34,2026-06-19 15:06:34
COO,66.6352,65.91,0.011,0.9124,,4167220,2,0.2389,1.852,0.0281,,,yf_premarket,0.09451865439126149,0.2397624750650186,0.056230647064428416,0.4,0.5,blocked,0.10412298896018664,1.7056,,,new,15:06:34,2026-06-19 15:06:34
BIPC,39.601,39.61,-0.0002,1.5899,,941520,3,0.1658,0.9895,0.025,,,yf_premarket,0.16499670027335106,0.1663985699697785,0.049732494148396596,0.6,0.5,blocked,0.0,1.7052,,,new,15:06:34,2026-06-19 15:06:34
BIPC,39.601,39.61,-0.00022672583219342845,1.589875945279973,0.0,941520,3,0.1657655725693485,0.9894996643066406,0.024981056527629733,,,yf_premarket,0.164994197941747,0.166364018249464,0.04969278525155059,0.6,0.5,blocked,0.0,1.7051,,,new,15:06:34,2026-06-19 15:06:34
TAP,39.0,39.4,-0.010152322598672369,1.636379809527089,0.0,3485010,2,0.2605043094328816,1.0669990539550782,0.027081193214021745,,,yf_premarket,0.1698318384998322,0.26144478022072487,0.05409504632662919,0.4,0.5,blocked,0.0,1.7047,,,new,15:06:34,2026-06-19 15:06:34
TAP,39.0,39.4,-0.0102,1.6364,,3485010,2,0.2605,1.067,0.0271,,,yf_premarket,0.16983393884680814,0.26144045522995957,0.05413446870441815,0.4,0.5,blocked,0.0,1.7047,,,new,15:06:34,2026-06-19 15:06:34
CABO,41.57,40.99,0.01414975110474057,2.951735004966944,0.0,291930,2,0.024706223431755516,3.546000671386719,0.08650891744777686,,,yf_premarket,0.3066638146112048,0.02479541766223131,0.1786661558500843,0.4,0.5,blocked,0.13393767073348103,1.6998,,,new,15:06:34,2026-06-19 15:06:34
CABO,41.57,40.99,0.0141,2.9517,,291930,2,0.0247,3.546,0.0865,,,yf_premarket,0.30666017316225075,0.024789171762687145,0.17864746328902792,0.4,0.5,blocked,0.13346674039442108,1.6991,,,new,15:06:34,2026-06-19 15:06:34
CTSH,43.795,43.7,0.0022,4.2627,,14382920,2,0.0259,1.96,0.0449,,,yf_premarket,0.4430390929429436,0.025993503994072756,0.09144644351260088,0.4,0.5,blocked,0.020824597792037332,1.6935,,,new,15:06:34,2026-06-19 15:06:34
PKX,60.9322,60.69,0.004,1.1259,,419750,2,0.2656,1.709,0.0282,,,yf_premarket,0.11672834117476868,0.2665588672133484,0.05644026490042944,0.4,0.5,blocked,0.03786290507643151,1.6932,,,new,15:06:34,2026-06-19 15:06:34
CTSH,43.795,43.7,0.0021738955469564735,4.26269491869523,0.0,14382920,2,0.025892937122553614,1.9599990844726562,0.04485123684791483,,,yf_premarket,0.4430385643519019,0.025986415618276918,0.09134422724843407,0.4,0.5,blocked,0.020577500185122527,1.6931,,,new,15:06:34,2026-06-19 15:06:34
OZK,50.07,49.26,0.01644339638787032,1.834265119982924,0.0,1218090,2,0.12408716442734999,1.2319992065429688,0.02501013496795879,,,yf_premarket,0.19041718165805785,0.1245351430175863,0.049753738848911204,0.4,0.5,blocked,0.15564868914201768,1.693,,,new,15:06:34,2026-06-19 15:06:34
PKX,60.9322,60.69,0.0039907954979657425,1.1259082787373436,0.0,419750,2,0.26558249333332645,1.7089988708496093,0.028159481125733594,,,yf_premarket,0.11672920238396478,0.26654129734423254,0.05635533011302023,0.4,0.5,blocked,0.03777577777973178,1.693,,,new,15:06:34,2026-06-19 15:06:34
OZK,50.07,49.26,0.0164,1.8343,,1218090,2,0.1241,1.232,0.025,,,yf_premarket,0.19042081010889747,0.12454802492912855,0.049732494148396596,0.4,0.5,blocked,0.1552379108133692,1.6925,,,new,15:06:34,2026-06-19 15:06:34
BAK,3.0304,2.94,0.030748279258541008,1.3331781676678338,0.0,3823870,2,0.026086934888292588,0.2661999940872192,0.0905442139136863,,,yf_premarket,0.13829079167107725,0.02618111375335712,0.1871248569781496,0.4,0.5,blocked,0.2910547947074365,1.6899,,,new,15:06:34,2026-06-19 15:06:34
ABEV,3.18,3.12,0.019230806615932464,1.1155918352422827,0.0,27349250,1,0.25925903032507935,0.07100002765655518,0.022756419955391273,,,yf_premarket,0.11565601747180997,0.26019500541522705,0.04502955020993691,0.2,0.5,blocked,0.18203355136056548,1.6894,,,new,15:06:34,2026-06-19 15:06:34
CAL,12.55,13.14,-0.044901090403895526,1.2337011033099299,0.0,797600,1,0.35561707598878944,1.0643304528415394,0.08099927131146473,,,yf_premarket,0.1279425273079305,0.3569009222036708,0.16711695484783265,0.2,0.5,blocked,0.0,1.6893,,,new,15:06:34,2026-06-19 15:06:34
BAK,3.0304,2.94,0.0307,1.3332,,3823870,2,0.0261,0.2662,0.0905,,,yf_premarket,0.13829306281514828,0.026194226032637026,0.187032176729069,0.4,0.5,blocked,0.2905977964616118,1.6892,,,new,15:06:34,2026-06-19 15:06:34
CAL,12.55,13.14,-0.0449,1.2337,,797600,1,0.3556,1.0643,0.081,,,yf_premarket,0.12794241253431002,0.3568837845672692,0.16711848230897147,0.2,0.5,blocked,0.0,1.6892,,,new,15:06:34,2026-06-19 15:06:34
ABEV,3.18,3.12,0.0192,1.1156,,27349250,1,0.2593,0.071,0.0228,,,yf_premarket,0.11565686682408895,0.26023612299857396,0.04512090175637401,0.2,0.5,blocked,0.18174194436687122,1.6891,,,new,15:06:34,2026-06-19 15:06:34
EAF,7.65,7.71,-0.0078,3.1456,,270630,2,0.0919,0.7442,0.0965,,,yf_premarket,0.32683093788038675,0.09223177672028132,0.1996092468891306,0.4,0.5,blocked,0.0,1.6745,,,new,15:06:34,2026-06-19 15:06:34
EAF,7.65,7.71,-0.007782106076538069,3.1456231755533386,0.0,270630,2,0.09186352363013627,0.7442001342773438,0.09652401175035602,,,yf_premarket,0.3268333487552378,0.09219516866368896,0.19965957980061286,0.4,0.5,blocked,0.0,1.6745,,,new,15:06:34,2026-06-19 15:06:34
FPI,9.7984,9.76,0.003934402686234799,0.9439087328534564,0.0,441780,3,0.17045517351993558,0.2406001091003418,0.02465164994446997,,,yf_premarket,0.09779640187426136,0.17107054956373785,0.04900229030028617,0.6,0.5,blocked,0.037241978860341335,1.6692,,,new,15:06:34,2026-06-19 15:06:34
FPI,9.7984,9.76,0.0039,0.9439,,441780,3,0.1705,0.2406,0.0247,,,yf_premarket,0.0977954934248937,0.1711155378760388,0.04910364064039351,0.6,0.5,blocked,0.03691633244952072,1.6689,,,new,15:06:34,2026-06-19 15:06:34
BBD,3.41,3.36,0.0149,1.4385,,29180410,1,0.25,0.099,0.0295,,,yf_premarket,0.14924706758471878,0.2509025482053355,0.05916529676844279,0.2,0.5,blocked,0.14103932140970737,1.6668,,,new,15:06:34,2026-06-19 15:06:34
BBD,3.41,3.36,0.014880984067039376,1.438502748933274,0.0,29180410,1,0.24999981373544622,0.09900000095367431,0.029464286918036018,,,yf_premarket,0.14924735354699986,0.25090236126833076,0.05909043577886062,0.2,0.5,blocked,0.1408593217935504,1.6665,,,new,15:06:34,2026-06-19 15:06:34
CLB,11.9,11.69,0.018,1.9631,,715030,1,0.1752,0.599,0.0512,,,yf_premarket,0.2038194408241936,0.17583250578229911,0.10465236718066556,0.2,0.5,blocked,0.17038307284394177,1.6653,,,new,15:06:34,2026-06-19 15:06:34
CLB,11.9,11.69,0.01796410839647044,1.963134413940674,0.0,715030,1,0.17518232931838734,0.599000072479248,0.05124038442947554,,,yf_premarket,0.203823020790673,0.17581477130611856,0.10473702014781354,0.2,0.5,blocked,0.17004333274957162,1.6648,,,new,15:06:34,2026-06-19 15:06:34
AADX,19.0,18.82,0.0096,0.7101,,1980430,1,0.2939,2.312,0.1228,,,yf_premarket,0.07347406593082353,0.2949610356701924,0.2547387377574006,0.2,0.5,blocked,0.09087097218343561,1.6638,,,new,15:06:34,2026-06-19 15:06:34
AADX,19.0,18.82,0.009564309675588573,0.7100983119827512,0.0,1980430,1,0.29391887646856985,2.312000274658203,0.12284805059237264,,,yf_premarket,0.07347389033206765,0.29497998028645356,0.25483946036931776,0.2,0.5,blocked,0.09053313734210139,1.6634,,,new,15:06:34,2026-06-19 15:06:34
CGEN,2.0101,2.01,4.9755988665508464e-05,1.4406634257935373,0.0,349700,2,0.23999977111816406,0.1049999475479126,0.052238780122438024,,,yf_premarket,0.14947212149223085,0.24086621656897858,0.10682983559412895,0.4,0.5,blocked,0.0004709765689565373,1.6601,,,new,15:06:34,2026-06-19 15:06:34
CGEN,2.0101,2.01,0.0,1.4407,,349700,2,0.24,0.105,0.0522,,,yf_premarket,0.14947592618389313,0.24086644627712206,0.10674854554067582,0.4,0.5,blocked,0.0,1.6593,,,new,15:06:34,2026-06-19 15:06:34
CYD,48.01,48.7,-0.0142,1.3234,,226310,3,0.1336,3.431,0.0705,,,yf_premarket,0.1372736017824627,0.1340823217609313,0.14510860952886367,0.6,0.5,blocked,0.0,1.6466,,,new,15:06:34,2026-06-19 15:06:34
CYD,48.01,48.7,-0.014168393267552955,1.3234059475940083,0.0,226310,3,0.1336206414611608,3.4310001373291015,0.07045174709607153,,,yf_premarket,0.1372742204906596,0.13410303774174698,0.14500746283584118,0.6,0.5,blocked,0.0,1.6466,,,new,15:06:34,2026-06-19 15:06:34
DBX,25.47,25.97,-0.019252958281650006,2.4149676104983366,0.0,4398030,3,0.06873562615614551,0.7534997940063477,0.029014240043467282,,,yf_premarket,0.25082570825641787,0.06898377502026487,0.05814705725939938,0.6,0.5,blocked,0.0,1.6433,,,new,15:06:34,2026-06-19 15:06:34
DBX,25.47,25.97,-0.0193,2.415,,4398030,3,0.0687,0.7535,0.029,,,yf_premarket,0.2508290776273172,0.0689480202468262,0.05811720758843766,0.6,0.5,blocked,0.0,1.6432,,,new,15:06:34,2026-06-19 15:06:34
AESI,15.76,16.2,-0.0272,1.2909,,2408560,2,0.2421,0.8638,0.0533,,,yf_premarket,0.13389273611284216,0.2429740276820469,0.10905434173668711,0.4,0.5,blocked,0.0,1.6413,,,new,15:06:34,2026-06-19 15:06:34
AESI,15.76,16.2,-0.027160539643062104,1.290937323546019,0.0,2408560,2,0.24205761361402522,0.8638001441955566,0.053320994044127566,,,yf_premarket,0.13389661875577769,0.24293148827304575,0.10909834899767641,0.4,0.5,blocked,0.0,1.6413,,,new,15:06:34,2026-06-19 15:06:34
CWAN,24.29,24.29,-3.769153191004624e-08,1.041298154802912,0.0,4296560,2,0.2820532884698149,0.07549972534179687,0.0031082635856770923,,,yf_premarket,0.10792749582051069,0.28307155522708455,0.0038435100136441852,0.4,0.5,blocked,0.0,1.63,,,new,15:06:34,2026-06-19 15:06:34
CWAN,24.29,24.29,-0.0,1.0413,,4296560,2,0.2821,0.0755,0.0031,,,yf_premarket,0.10792768777015647,0.2831184353949006,0.0038261880641717733,0.4,0.5,blocked,-0.0,1.63,,,new,15:06:34,2026-06-19 15:06:34
AMSS,2.1292,2.11,0.009099576236378353,1.4352961815098533,0.0,342020,1,0.1674640760794858,0.4819999933242798,0.22843602715079275,,,yf_premarket,0.14891378512487163,0.16806865368478063,0.4761706919083492,0.2,0.5,blocked,0.08613409781843637,1.6268,,,new,15:06:34,2026-06-19 15:06:34
AMSS,2.1292,2.11,0.0091,1.4353,,342020,1,0.1675,0.482,0.2284,,,yf_premarket,0.14891418234955617,0.1681047072975748,0.4760951725744846,0.2,0.5,blocked,0.08613810904888168,1.6268,,,new,15:06:34,2026-06-19 15:06:34
SSMR,13.485,13.69,-0.015,0.6937,,380580,2,0.2671,1.036,0.0757,,,yf_premarket,0.07176802910061503,0.26806428250258046,0.15600873700091708,0.4,0.5,blocked,0.0,1.6218,,,new,15:06:34,2026-06-19 15:06:34
SSMR,13.485,13.69,-0.014974403701008854,0.6936780703137316,0.0,380580,2,0.2671231892435991,1.0359999656677246,0.07567567548739969,,,yf_premarket,0.07176574782912425,0.26808755546382035,0.1559577484839865,0.4,0.5,blocked,0.0,1.6218,,,new,15:06:34,2026-06-19 15:06:34
BSY,29.35,29.38,-0.0010210742553954989,1.9187349349720553,0.0,3775300,2,0.18810892044753189,1.2900005340576173,0.04390743944541208,,,yf_premarket,0.19920429235393328,0.18878802992176194,0.08936585955707389,0.4,0.5,blocked,0.0,1.6211,,,new,15:06:34,2026-06-19 15:06:34
BSY,29.35,29.38,-0.001,1.9187,,3775300,2,0.1881,1.29,0.0439,,,yf_premarket,0.19920065818631202,0.18877907726969442,0.08935026515259062,0.4,0.5,blocked,0.0,1.621,,,new,15:06:34,2026-06-19 15:06:34
BBIO,66.67,66.27,0.006035964647592092,1.6146710565293565,0.0,2363020,2,0.17325681223974101,2.3301986694335937,0.03516219688351824,,,yf_premarket,0.16757354995397664,0.17388230273953753,0.07103427134579128,0.4,0.5,blocked,0.05713478912411894,1.6203,,,new,15:06:34,2026-06-19 15:06:34
BBIO,66.67,66.27,0.006,1.6147,,2363020,2,0.1733,2.3302,0.0352,,,yf_premarket,0.1675765608458615,0.17392564641593858,0.0711135134205013,0.4,0.5,blocked,0.05679435761464727,1.62,,,new,15:06:34,2026-06-19 15:06:34
FIG,18.94,18.88,0.0032,1.1337,,18194940,2,0.2174,1.1017,0.0584,,,yf_premarket,0.11753974893547761,0.21818485591935977,0.11974485137273946,0.4,0.5,blocked,0.030290324061145207,1.618,,,new,15:06:34,2026-06-19 15:06:34
FIG,18.94,18.88,0.0031780106938820146,1.1336943128144419,0.0,18194940,2,0.21739114982322472,1.1017000198364257,0.05835275788178014,,,yf_premarket,0.11753915731669577,0.2181759737917398,0.11964582346684595,0.4,0.5,blocked,0.030082179308584738,1.6176,,,new,15:06:34,2026-06-19 15:06:34
ENPH,52.45,52.28,0.0033,1.7766,,7860710,1,0.2434,5.263,0.1007,,,yf_premarket,0.18441847321237115,0.24427872093271463,0.2084131960011737,0.2,0.5,blocked,0.031236896688055994,1.6162,,,new,15:06:34,2026-06-19 15:06:34
ENPH,52.45,52.28,0.0032517449248764927,1.7766334084325717,0.0,7860710,1,0.2434002120439685,5.263000106811523,0.1006694764670824,,,yf_premarket,0.18442194857922523,0.24427893374220275,0.20834921323200076,0.2,0.5,blocked,0.03078012735584164,1.6155,,,new,15:06:34,2026-06-19 15:06:34
DAVA,2.68,2.65,0.01132071832186441,2.4814438875848506,0.0,315260,2,0.05128201993180004,0.16200001239776612,0.061132077950096925,,,yf_premarket,0.2577410117347556,0.051467157912021735,0.12547177404959384,0.4,0.5,blocked,0.10715882080444279,1.613,,,new,15:06:34,2026-06-19 15:06:34
DAVA,2.68,2.65,0.0113,2.4814,,315260,2,0.0513,0.162,0.0611,,,yf_premarket,0.2577364462569419,0.05148520289173484,0.1254045329447672,0.4,0.5,blocked,0.106962706840919,1.6127,,,new,15:06:34,2026-06-19 15:06:34
ALKT,14.7701,14.68,0.006137581263704151,1.2913245091054533,0.0,1600140,3,0.08585864424086544,0.6994999885559082,0.04764986199007659,,,yf_premarket,0.13393689636702888,0.08616861050195396,0.0972106447092142,0.6,0.5,blocked,0.058096664196628706,1.609,,,new,15:06:34,2026-06-19 15:06:34
ALKT,14.7701,14.68,0.0061,1.2913,,1600140,3,0.0859,0.6995,0.0476,,,yf_premarket,0.13393434676723748,0.08621011556335328,0.09710612508462861,0.6,0.5,blocked,0.057740930241558054,1.6085,,,new,15:06:34,2026-06-19 15:06:34
CXDO,7.06,7.06,0.0,0.9884,,895990,2,0.2304,0.6149,0.0871,,,yf_premarket,0.10242467872637412,0.23123178842603717,0.17990517030503408,0.4,0.5,blocked,0.0,1.6061,,,new,15:06:34,2026-06-19 15:06:34
CXDO,7.06,7.06,8.104880886308995e-09,0.9884038884362548,0.0,895990,2,0.2304346951735159,0.6148999691009521,0.08709631360972282,,,yf_premarket,0.10242508322731697,0.23126660885581946,0.17989744297350851,0.4,0.5,blocked,7.671858391352539e-08,1.6061,,,new,15:06:34,2026-06-19 15:06:34
ESRT,5.24,5.24,4.367974163132868e-08,0.7147279175673124,0.0,3812080,3,0.17584295699667277,0.21511849935313335,0.04105315052470493,,,yf_premarket,0.07395549262698231,0.1764777839777057,0.08338276088827051,0.6,0.5,blocked,4.134604777875129e-07,1.6056,,,new,15:06:34,2026-06-19 15:06:34
ESRT,5.24,5.24,0.0,0.7147,,3812080,3,0.1758,0.2151,0.0411,,,yf_premarket,0.07395258845636983,0.17643467189799192,0.08348096574456186,0.6,0.5,blocked,0.0,1.6055,,,new,15:06:34,2026-06-19 15:06:34
FTI,65.12,65.17,-0.0007671961078730394,2.137744977237059,0.0,3854950,2,0.16666634311306452,2.2640007019042967,0.03473992274842712,,,yf_premarket,0.22198717029842224,0.16726804074853063,0.07014910944182123,0.4,0.5,blocked,0.0,1.6026,,,new,15:06:34,2026-06-19 15:06:34
FTI,65.12,65.17,-0.0008,2.1377,,3854950,2,0.1667,2.264,0.0347,,,yf_premarket,0.22198249146775498,0.16730181914331768,0.07006542424049618,0.4,0.5,blocked,0.0,1.6026,,,new,15:06:34,2026-06-19 15:06:34
BGS,3.93,3.89,0.0103,1.1236,,2085420,0,0.3714,0.137,0.0352,,,yf_premarket,0.11648907991199554,0.3727408256138464,0.0711135134205013,0.0,0.5,blocked,0.09749698057181114,1.602,,,new,15:06:34,2026-06-19 15:06:34
BGS,3.93,3.89,0.010282749104658623,1.123610591631422,0.0,2085420,0,0.3714287465931702,0.13700008392333984,0.03521852962179153,,,yf_premarket,0.11649018172378202,0.3727696759877609,0.07115235481271989,0.0,0.5,blocked,0.09733368831861264,1.6019,,,new,15:06:34,2026-06-19 15:06:34
ALC,65.0257,64.68,0.005344769529887524,1.1930109323530815,0.0,1675760,2,0.20665080983123796,1.2862998962402343,0.01988713497481698,,,yf_premarket,0.12370966570549975,0.2073968591014152,0.03901501712495461,0.4,0.5,blocked,0.050592125341383694,1.5958,,,new,15:06:34,2026-06-19 15:06:34
ALC,65.0257,64.68,0.0053,1.193,,1675760,2,0.2067,1.2863,0.0199,,,yf_premarket,0.12370852844958524,0.20744622685617137,0.03904198451234424,0.4,0.5,blocked,0.05016834922627175,1.5952,,,new,15:06:34,2026-06-19 15:06:34
AVD,2.65,2.65,-3.5987708791466974e-08,1.3066453162530025,0.0,499600,2,0.19354854835800772,0.256000018119812,0.09660377694602185,,,yf_premarket,0.1355306683952143,0.19424729593787096,0.19982678187764955,0.4,0.5,blocked,0.0,1.5917,,,new,15:06:34,2026-06-19 15:06:34
AVD,2.65,2.65,-0.0,1.3066,,499600,2,0.1935,0.256,0.0966,,,yf_premarket,0.13552595429785885,0.19419857231092968,0.19981886472513163,0.4,0.5,blocked,-0.0,1.5916,,,new,15:06:34,2026-06-19 15:06:34
CLBK,20.03,20.03,-0.0,1.9365,,424530,2,0.1825,0.431,0.0215,,,yf_premarket,0.2010523323069042,0.1831588601898949,0.04239586988836066,0.4,0.5,blocked,-0.0,1.5891,,,new,15:06:34,2026-06-19 15:06:34
CLBK,20.03,20.03,-3.428085287752561e-08,1.9364944762443173,0.0,424530,2,0.18245639865615504,0.4310001373291016,0.02151772953340236,,,yf_premarket,0.2010517576891825,0.1831151014367914,0.04243303415261177,0.4,0.5,blocked,0.0,1.589,,,new,15:06:34,2026-06-19 15:06:34
CSX,45.8,45.63,0.0037255956148454384,1.7957316442070836,0.0,12560340,2,0.16666666666666666,0.9999996185302734,0.021915397657727445,,,yf_premarket,0.18640867380015957,0.16726836547022364,0.04326661746928789,0.4,0.5,blocked,0.03526546827951558,1.5887,,,new,15:06:34,2026-06-19 15:06:34
CSX,45.8,45.63,0.0037,1.7957,,12560340,2,0.1667,1.0,0.0219,,,yf_premarket,0.18640538195974815,0.16730181914331768,0.04323434123236477,0.4,0.5,blocked,0.03502318719569915,1.5884,,,new,15:06:34,2026-06-19 15:06:34
FRSH,8.81,8.86,-0.0056,1.3258,,16676890,2,0.2124,0.4161,0.047,,,yf_premarket,0.1375232657088347,0.21316680495525303,0.09584841806862243,0.4,0.5,blocked,0.0,1.5805,,,new,15:06:34,2026-06-19 15:06:34
FRSH,8.81,8.86,-0.005643302326717798,1.3257687734343753,0.0,16676890,2,0.21238915647093276,0.41610002517700195,0.04696388727999696,,,yf_premarket,0.13752001731425925,0.213155922278955,0.09577271936643095,0.4,0.5,blocked,0.0,1.5805,,,new,15:06:34,2026-06-19 15:06:34
ACM,68.16,68.81,-0.0094,2.2367,,1738300,2,0.1431,2.489,0.0362,,,yf_premarket,0.23228112843059903,0.14361661859273403,0.07320969178051158,0.4,0.5,blocked,0.0,1.5723,,,new,15:06:34,2026-06-19 15:06:34
ACM,68.16,68.81,-0.009446266264437246,2.236668008974285,0.0,1738300,2,0.14308112348821642,2.48900146484375,0.03617209058500971,,,yf_premarket,0.2322778005118121,0.14359767393310313,0.07315118866876838,0.4,0.5,blocked,0.0,1.5722,,,new,15:06:34,2026-06-19 15:06:34
CNC,60.96,61.02,-0.001,1.8631,,6358290,2,0.1684,2.562,0.042,,,yf_premarket,0.19341677722536119,0.16900795647111397,0.08536752626857111,0.4,0.5,blocked,0.0,1.5708,,,new,15:06:34,2026-06-19 15:06:34
CNC,60.96,61.02,-0.0009832916636112064,1.8630638111819373,0.0,6358290,2,0.16842085336765986,2.562001037597656,0.04198625071087964,,,yf_premarket,0.19341301262435773,0.16902888512345207,0.0853387053062515,0.4,0.5,blocked,0.0,1.5708,,,new,15:06:34,2026-06-19 15:06:34
PRGO,10.2044,10.25,-0.004448780487804908,1.3172716537454434,0.0,3895400,2,0.1981132542293434,0.6179998397827149,0.060292667295874625,,,yf_premarket,0.13663609053742953,0.19882848127757485,0.123712219601051,0.4,0.5,blocked,0.0,1.5645,,,new,15:06:34,2026-06-19 15:06:34
PRGO,10.2044,10.25,-0.0044,1.3173,,3895400,2,0.1981,0.618,0.0603,,,yf_premarket,0.13663903930293392,0.19881517919790784,0.12372759025675897,0.4,0.5,blocked,0.0,1.5645,,,new,15:06:34,2026-06-19 15:06:34
CCOI,14.45,14.19,0.01832279262193434,1.7840130991366479,0.0,1074880,2,0.01570666381063726,1.3029999732971191,0.09182522986811269,,,yf_premarket,0.18518963297780458,0.015763367895573657,0.18981009490064607,0.4,0.5,blocked,0.17343853944485987,1.5644,,,new,15:06:34,2026-06-19 15:06:34
CCOI,14.45,14.19,0.0183,1.784,,1074880,2,0.0157,1.303,0.0918,,,yf_premarket,0.18518827031868476,0.015756680027295068,0.18975720859708237,0.4,0.5,blocked,0.17322279072467417,1.564,,,new,15:06:34,2026-06-19 15:06:34
ACRE,4.7126,4.62,0.020043315310539718,1.2136444344411934,0.0,399870,2,0.07843126255203133,0.13700013160705565,0.029653708874600285,,,yf_premarket,0.12585609951638407,0.07871441453306545,0.059487497985121436,0.4,0.5,blocked,0.18972453625498792,1.5605,,,new,15:06:34,2026-06-19 15:06:34
ACRE,4.7126,4.62,0.02,1.2136,,399870,2,0.0784,0.137,0.0297,,,yf_premarket,0.12585147715094472,0.07868303911719321,0.05958453244044484,0.4,0.5,blocked,0.18931452538215754,1.5599,,,new,15:06:34,2026-06-19 15:06:34
MX,5.9895,5.92,0.011739851826076803,0.8459987441840512,0.0,2564070,1,0.2100313995067799,0.7839999675750733,0.13243242524852722,,,yf_premarket,0.0876111551233282,0.2107896533575357,0.2749300191177798,0.2,0.5,blocked,0.11112622382552928,1.5572,,,new,15:06:34,2026-06-19 15:06:34
MX,5.9895,5.92,0.0117,0.846,,2564070,1,0.21,0.784,0.1324,,,yf_premarket,0.08761128576163678,0.21075814049248182,0.27486205001349906,0.2,0.5,blocked,0.11074899734856217,1.5565,,,new,15:06:34,2026-06-19 15:06:34
CION,6.62,6.55,0.0107,3.0019,,648200,2,0.0,0.2258,0.0345,,,yf_premarket,0.3118823102888646,0.0,0.06964618856849412,0.4,0.5,blocked,0.10128327107945428,1.5546,,,new,15:06:34,2026-06-19 15:06:34
CION,6.62,6.55,0.010686993469733525,3.001851280468991,0.0,648200,2,0.0,0.22578720347095108,0.03447132777039192,,,yf_premarket,0.31187724215994683,0.0,0.06958608646125641,0.4,0.5,blocked,0.10116015482424097,1.5543,,,new,15:06:34,2026-06-19 15:06:34
BHC,4.7,4.77,-0.014675048470947135,2.059228682297236,0.0,2141530,1,0.24390229719294002,0.2049999713897705,0.04297693337725167,,,yf_premarket,0.2138193842655654,0.24478283151537478,0.0874153528731378,0.2,0.5,blocked,0.0,1.554,,,new,15:06:34,2026-06-19 15:06:34
BHC,4.7,4.77,-0.0147,2.0592,,2141530,1,0.2439,0.205,0.043,,,yf_premarket,0.21381640054267154,0.2447805260291253,0.08746370462858137,0.2,0.5,blocked,0.0,1.554,,,new,15:06:34,2026-06-19 15:06:34
CSR,55.65,55.65,-0.0,1.6574,,272960,2,0.1772,2.013,0.0362,,,yf_premarket,0.17201849820256293,0.1778397261679418,0.07320969178051158,0.4,0.5,blocked,-0.0,1.5503,,,new,15:06:34,2026-06-19 15:06:34
CSR,55.65,55.65,-2.7419206933202084e-08,1.6573856975381007,0.0,272960,2,0.1771958749555491,2.0130001068115235,0.03617250766606751,,,yf_premarket,0.1720170103655652,0.177835586231285,0.07315206294505612,0.4,0.5,blocked,0.0,1.5503,,,new,15:06:34,2026-06-19 15:06:34
DRS,44.89,46.08,-0.0258,1.5505,,928720,1,0.2761,1.976,0.0429,,,yf_premarket,0.1608980508154111,0.2770967742379725,0.08725408679258034,0.2,0.5,blocked,0.0,1.5392,,,new,15:06:34,2026-06-19 15:06:34
DRS,44.89,46.08,-0.025824691488026574,1.550521147385649,0.0,928720,1,0.2760836833200972,1.9759998321533203,0.04288193909796321,,,yf_premarket,0.1609002507068001,0.2770803986517091,0.08721622792056856,0.2,0.5,blocked,0.0,1.5391,,,new,15:06:34,2026-06-19 15:06:34
ELS,62.1874,62.19,-4.178528326694081e-05,1.5156835643219146,0.0,1606140,2,0.18983924220154852,1.367999267578125,0.021997094352573354,,,yf_premarket,0.157276214134716,0.19052459847095354,0.04343786831310824,0.4,0.5,blocked,0.0,1.5387,,,new,15:06:34,2026-06-19 15:06:34
ELS,62.1874,62.19,-0.0,1.5157,,1606140,2,0.1898,1.368,0.022,,,yf_premarket,0.15727792388301742,0.1904852145974907,0.043443959068365796,0.4,0.5,blocked,-0.0,1.5386,,,new,15:06:34,2026-06-19 15:06:34
BOX,24.8428,24.84,0.00011271527354713474,2.039795095574634,0.0,2108300,2,0.14381282210432242,0.7358999252319336,0.02962560067276271,,,yf_premarket,0.21179777361362573,0.14433201412230037,0.05942857818069071,0.4,0.5,blocked,0.0010669319257447935,1.5377,,,new,15:06:34,2026-06-19 15:06:34
BOX,24.8428,24.84,0.0001,2.0398,,2108300,2,0.1438,0.7359,0.0296,,,yf_premarket,0.21179828380449803,0.144319145727709,0.059374914604443815,0.4,0.5,blocked,0.0009465726269107877,1.5374,,,new,15:06:34,2026-06-19 15:06:34
ADNT,20.68,20.75,-0.0034,1.1515,,1066820,3,0.1028,1.055,0.0508,,,yf_premarket,0.11939142305606978,0.10317112782203396,0.10381389583666144,0.6,0.5,blocked,0.0,1.5373,,,new,15:06:34,2026-06-19 15:06:34
ADNT,20.68,20.75,-0.0033734939759036283,1.1514594777000806,0.0,1066820,3,0.10277800000741746,1.0550003051757812,0.05084338820124247,,,yf_premarket,0.11938720765752667,0.10314904840523613,0.10390484524518569,0.6,0.5,blocked,0.0,1.5373,,,new,15:06:34,2026-06-19 15:06:34
CABA,2.85,2.84,0.003521157089053487,3.2733291280841406,0.0,5247410,1,0.09459450316307347,0.23189995288848878,0.08165491545668535,,,yf_premarket,0.3401181693927017,0.09493600755933121,0.16849130191691156,0.2,0.5,blocked,0.03333030915550902,1.5343,,,new,15:06:34,2026-06-19 15:06:34
CABA,2.85,2.84,0.0035,3.2733,,5247410,1,0.0946,0.2319,0.0817,,,yf_premarket,0.34011513929609577,0.09494152424089895,0.16858580716097865,0.2,0.5,blocked,0.03313004194187757,1.534,,,new,15:06:34,2026-06-19 15:06:34
FOX,47.5499,46.95,0.0128,3.0635,,3339780,1,0.063,2.2159,0.0472,,,yf_premarket,0.3182903510657454,0.06322744214774455,0.09626765374062449,0.2,0.5,blocked,0.12116129624458083,1.5338,,,new,15:06:34,2026-06-19 15:06:34
FOX,47.5499,46.95,0.012777406332527379,3.0635251423746475,0.0,3339780,1,0.06304632380587716,2.215899658203125,0.04719701005739434,,,yf_premarket,0.3182929665424007,0.06327393319149313,0.09626138628763682,0.2,0.5,blocked,0.12094743077286975,1.5335,,,new,15:06:34,2026-06-19 15:06:34
EXLS,26.06,25.93,0.005013486050683492,2.5893827655980868,0.0,2391960,2,0.05919676823332723,1.001999855041504,0.038642492990696144,,,yf_premarket,0.2689695301068266,0.059410479981049834,0.07832959273208558,0.4,0.5,blocked,0.04745628660976064,1.5326,,,new,15:06:34,2026-06-19 15:06:34
BSX,45.45,45.29,0.003532768408883043,1.6127226250280977,0.0,19129700,2,0.14912318860463078,1.4449996948242188,0.031905490519184586,,,yf_premarket,0.167370861179447,0.14966155206962684,0.06420763393996738,0.4,0.5,blocked,0.033440218730638654,1.5326,,,new,15:06:34,2026-06-19 15:06:34
EXLS,26.06,25.93,0.005,2.5894,,2391960,2,0.0592,1.002,0.0386,,,yf_premarket,0.2689713229436809,0.05941372341502345,0.07824051984453621,0.4,0.5,blocked,0.047328631345539385,1.5324,,,new,15:06:34,2026-06-19 15:06:34
BSX,45.45,45.29,0.0035,1.6127,,19129700,2,0.1491,1.445,0.0319,,,yf_premarket,0.16736850757388486,0.1496382797496621,0.06419612483246742,0.4,0.5,blocked,0.03313004194187757,1.5321,,,new,15:06:34,2026-06-19 15:06:34
WMG,28.55,28.17,0.0135,1.2445,,1905870,2,0.1038,0.9247,0.0328,,,yf_premarket,0.12906590020298392,0.1041747380148553,0.06608268535647667,0.4,0.5,blocked,0.12778730463295634,1.5267,,,new,15:06:34,2026-06-19 15:06:34
WMG,28.55,28.17,0.013489525121650206,1.244523498454774,0.0,1905870,2,0.10384631467286408,0.9246999740600585,0.03282570009072262,,,yf_premarket,0.12906834466818498,0.10422121989261887,0.06613655733049972,0.4,0.5,blocked,0.12768815230179498,1.5266,,,new,15:06:34,2026-06-19 15:06:34
DMRC,9.55,9.58,-0.0031315160694122854,1.2215271094000641,0.0,249360,3,0.06102351783427318,1.054000186920166,0.11002089721441487,,,yf_premarket,0.1266761076749448,0.061243824500291505,0.22795145903791011,0.6,0.5,blocked,0.0,1.5265,,,new,15:06:34,2026-06-19 15:06:34
DMRC,9.55,9.58,-0.0031,1.2215,,249360,3,0.061,1.054,0.11,,,yf_premarket,0.12667328757525248,0.06122022176210186,0.2279076547492692,0.6,0.5,blocked,0.0,1.5264,,,new,15:06:34,2026-06-19 15:06:34
FIS,38.6,38.21,0.0102,1.5909,,6959730,2,0.0985,1.3097,0.0343,,,yf_premarket,0.16510072690933938,0.09885560399290219,0.06922695289649206,0.4,0.5,blocked,0.09655040794490036,1.5248,,,new,15:06:34,2026-06-19 15:06:34
FIS,38.6,38.21,0.010206776364091286,1.5909237858365195,0.0,6959730,2,0.09846803338389838,1.3097118118134374,0.034276677393213106,,,yf_premarket,0.16510320126989667,0.09882352197115259,0.06917806455284635,0.4,0.5,blocked,0.09661455115248826,1.5248,,,new,15:06:34,2026-06-19 15:06:34
FINV,4.73,4.67,0.01284794919182749,2.823163736293055,0.0,749620,1,0.07999992370605469,0.16170001029968262,0.0346252693057782,,,yf_premarket,0.29328897804630916,0.08028873885632619,0.06990877537643989,0.2,0.5,blocked,0.1216151701692448,1.5179,,,new,15:06:34,2026-06-19 15:06:34
FINV,4.73,4.67,0.0128,2.8232,,749620,1,0.08,0.1617,0.0346,,,yf_premarket,0.2932927504377511,0.08028881542570736,0.06985580640449514,0.2,0.5,blocked,0.12116129624458083,1.5172,,,new,15:06:34,2026-06-19 15:06:34
DPRO,5.81,5.79,0.0035,0.8776,,1457420,2,0.1586,0.5926,0.1023,,,yf_premarket,0.09089852745886783,0.15917257658146483,0.21176708137719014,0.4,0.5,blocked,0.03313004194187757,1.5103,,,new,15:06:34,2026-06-19 15:06:34
DPRO,5.81,5.79,0.0034542380446875628,0.8776468005104912,0.0,1457420,2,0.1586206715115505,0.5926000118255615,0.1023488800915132,,,yf_premarket,0.09090339595853675,0.15919332272115794,0.21186954276725542,0.4,0.5,blocked,0.03269687179935089,1.5097,,,new,15:06:34,2026-06-19 15:06:34
MIAX,37.9148,37.65,0.007033159718176449,1.3619666260146126,0.0,2714090,2,0.1133178814351281,2.5244007110595703,0.0670491529548654,,,yf_premarket,0.14128555814818264,0.11372698083721487,0.13787501862914717,0.4,0.5,blocked,0.06657396469917416,1.5082,,,new,15:06:34,2026-06-19 15:06:34
MIAX,37.9148,37.65,0.007,1.362,,2714090,2,0.1133,2.5244,0.067,,,yf_premarket,0.14128902993161202,0.11370903484665804,0.13777198526882775,0.4,0.5,blocked,0.06626008388375514,1.5076,,,new,15:06:34,2026-06-19 15:06:34
BAND,51.79,51.39,0.0078,1.0245,,1949260,2,0.1074,6.0382,0.1175,,,yf_premarket,0.10618004028555263,0.10778773470901212,0.24362899244934616,0.4,0.5,blocked,0.07383266489904144,1.5074,,,new,15:06:34,2026-06-19 15:06:34
BAND,51.79,51.39,0.007783627458694509,1.0244913454336517,0.0,1949260,2,0.10744097120104656,6.038200759887696,0.11749758380234539,,,yf_premarket,0.10617913998012948,0.1078288538239946,0.24362392766810906,0.4,0.5,blocked,0.073677686904714,1.5073,,,new,15:06:34,2026-06-19 15:06:34
ACHV,4.8994,4.85,0.0102,3.3669,,2061970,1,0.0224,0.421,0.0868,,,yf_premarket,0.3498520324246029,0.02248086831919806,0.17927631679703102,0.2,0.5,blocked,0.09655040794490036,1.5042,,,new,15:06:34,2026-06-19 15:06:34
ACHV,4.8994,4.85,0.010185586873980388,3.36692580396417,0.0,2061970,1,0.02238786584361232,0.42099995613098146,0.08680411637304476,,,yf_premarket,0.34985471672419066,0.022468690356166096,0.17928494544912918,0.2,0.5,blocked,0.09641397723931655,1.504,,,new,15:06:34,2026-06-19 15:06:34
AMCX,9.36,9.36,3.667978268491665e-08,2.0419684510519343,0.0,550890,1,0.21428522771705294,0.4289999008178711,0.04583332441810836,,,yf_premarket,0.2120238604727361,0.21505883870787668,0.0934028579607088,0.2,0.5,blocked,3.4720078250578377e-07,1.4949,,,new,15:06:34,2026-06-19 15:06:34
AMCX,9.36,9.36,0.0,2.042,,550890,1,0.2143,0.429,0.0458,,,yf_premarket,0.21202714240367232,0.21507366432161357,0.09333300403661011,0.2,0.5,blocked,0.0,1.4949,,,new,15:06:34,2026-06-19 15:06:34
SND,4.79,4.79,7.963877452103331e-09,2.1258151330090054,0.0,386440,2,0.09599990844726562,0.32509984970092776,0.06787053283715723,,,yf_premarket,0.2207461487355131,0.09634648662759143,0.1395967773637551,0.4,0.5,blocked,7.538388400233041e-08,1.4936,,,new,15:06:34,2026-06-19 15:06:34
SND,4.79,4.79,0.0,2.1258,,386440,2,0.096,0.3251,0.0679,,,yf_premarket,0.2207445744994939,0.09634657851084884,0.13965854579283699,0.4,0.5,blocked,0.0,1.4936,,,new,15:06:34,2026-06-19 15:06:34
AGH,4.73,4.73,0.0,0.3289,,1879201,1,0.2868,0.7515,0.1589,,,prev_close,0.03381911229207441,0.28783540330116086,0.33041077655377116,0.2,0.5,blocked,0.0,1.4916,,,new,15:06:34,2026-06-19 15:06:34
AGH,4.73,4.73,0.0,0.32893602191526794,0.0,1879201,1,0.2868216910991789,0.751500153541565,0.15887952442096798,,,prev_close,0.033822859530741586,0.2878571727093903,0.33036785608809555,0.2,0.5,blocked,0.0,1.4916,,,new,15:06:34,2026-06-19 15:06:34
DQ,14.44,14.18,0.01833566214588281,1.3641825095057034,0.0,1315000,1,0.11881205569960336,1.0409998893737793,0.07341324872847911,,,yf_premarket,0.14151606905350286,0.11924099013017896,0.151215298470829,0.2,0.5,blocked,0.1735603588357698,1.4867,,,new,15:06:34,2026-06-19 15:06:34
EDHL,5.4,5.58,-0.0323,0.0038,,8053710,1,0.1723,2.3529,0.4217,,,yf_premarket,5.2932270255594674e-08,0.17292203622311722,0.881286449564469,0.2,0.5,blocked,0.0,1.4865,,,new,15:06:34,2026-06-19 15:06:34
EDHL,5.4,5.58,-0.03225805128443519,0.0037994911661830386,0.0,8053710,1,0.17234190702457355,2.3529000520706176,0.42166668176366173,,,yf_premarket,0.0,0.17296409454013006,0.881216608598463,0.2,0.5,blocked,0.0,1.4865,,,new,15:06:34,2026-06-19 15:06:34
DQ,14.44,14.18,0.0183,1.3642,,1315000,1,0.1188,1.041,0.0734,,,yf_premarket,0.14151788853078634,0.11922889090717542,0.15118752677289346,0.2,0.5,blocked,0.17322279072467417,1.4862,,,new,15:06:34,2026-06-19 15:06:34
CODA,9.9886,10.0,-0.0011400000000000078,0.9571484575254063,0.0,331610,1,0.2645307999572097,1.0079700469970703,0.10079700469970702,,,yf_premarket,0.09917368589329592,0.2654858071522391,0.20861653515351886,0.2,0.5,blocked,0.0,1.484,,,new,15:06:34,2026-06-19 15:06:34
CODA,9.9886,10.0,-0.0011,0.9571,,331610,1,0.2645,1.008,0.1008,,,yf_premarket,0.09916864501993958,0.26545489600124494,0.20862281383717474,0.2,0.5,blocked,0.0,1.484,,,new,15:06:34,2026-06-19 15:06:34
BLSH,24.2,24.1,0.00414936169906294,1.5882800795736425,0.0,2035850,2,0.09753339167408226,1.8357999801635743,0.07617427183009941,,,yf_premarket,0.1648281854008283,0.09788550602454517,0.1570028953479339,0.4,0.5,blocked,0.039276722034850164,1.4804,,,new,15:06:34,2026-06-19 15:06:34
DBI,6.1817,6.32,-0.0219,1.1828,,1189280,3,0.0426,0.676,0.107,,,yf_premarket,0.12264745676250434,0.042753794214189164,0.22161911966923836,0.6,0.5,blocked,0.0,1.4803,,,new,15:06:34,2026-06-19 15:06:34
DBI,6.1817,6.32,-0.021882937959639477,1.1828164940131844,0.0,1189280,3,0.042553310212936485,0.6760001659393311,0.10696204866741749,,,yf_premarket,0.12264917257920986,0.04270693586799157,0.22153956690714535,0.6,0.5,blocked,0.0,1.4802,,,new,15:06:34,2026-06-19 15:06:34
BLSH,24.2,24.1,0.0041,1.5883,,2035850,2,0.0975,1.8358,0.0762,,,yf_premarket,0.16483025765576975,0.09785199380008085,0.1570568261809222,0.4,0.5,blocked,0.0388094777033423,1.4797,,,new,15:06:34,2026-06-19 15:06:34
CRC,55.3,55.3,1.3796373613175892e-08,2.2553801254157517,0.0,760670,1,0.19329891585940287,2.0209991455078127,0.036546097167997685,,,yf_premarket,0.23422435903743968,0.19399676221781167,0.07393517317452915,0.2,0.5,blocked,1.305926961286658e-07,1.4763,,,new,15:06:34,2026-06-19 15:06:34
CRC,55.3,55.3,0.0,2.2554,,760670,1,0.1933,2.021,0.0365,,,yf_premarket,0.2342264265235807,0.1939978502723654,0.07383854528851465,0.2,0.5,blocked,0.0,1.4763,,,new,15:06:34,2026-06-19 15:06:34
EH,7.09,7.03,0.008534820540679038,0.8147300133562297,0.0,2201220,1,0.20776713160299146,0.7505999565124511,0.10677097213527877,,,yf_premarket,0.08435837424368553,0.20851721101001539,0.22113903641537036,0.2,0.5,blocked,0.08078827499402706,1.4753,,,new,15:06:34,2026-06-19 15:06:34
EH,7.09,7.03,0.0085,0.8147,,2201220,1,0.2078,0.7506,0.1068,,,yf_premarket,0.08435525205520224,0.20855019806827488,0.22119988399723634,0.2,0.5,blocked,0.08045867328741696,1.4749,,,new,15:06:34,2026-06-19 15:06:34
BSBR,5.29,5.2,0.0173,0.679,,1835390,2,0.0976,0.133,0.0256,,,yf_premarket,0.07023883755158666,0.09795235481936299,0.050990201164402754,0.4,0.5,blocked,0.16375706445556626,1.4724,,,new,15:06:34,2026-06-19 15:06:34
BSBR,5.29,5.2,0.017307729622317455,0.6790382425533538,0.0,1835390,2,0.09756080541221376,0.13300004005432128,0.025576931717833436,,,yf_premarket,0.07024281579576366,0.09791301873155728,0.05094184593052259,0.4,0.5,blocked,0.1638302309445869,1.4724,,,new,15:06:34,2026-06-19 15:06:34
CMTL,2.387,2.4,-0.0054,1.4408,,1427380,2,0.0418,0.605,0.2521,,,yf_premarket,0.14948632884749194,0.04195090605993209,0.5257745997067279,0.4,0.5,blocked,0.0,1.471,,,new,15:06:34,2026-06-19 15:06:34
CMTL,2.387,2.4,-0.005416706187855947,1.4408216452521403,0.0,1427380,2,0.04180067809000815,0.6050000429153443,0.25208334119783476,,,yf_premarket,0.1494885805302572,0.041951586597975925,0.5257396798861255,0.4,0.5,blocked,0.0,1.471,,,new,15:06:34,2026-06-19 15:06:34
VZ,45.4855,45.37,0.0025457586694820323,2.3210459837394732,0.0,28564880,1,0.16959015406031241,1.0490001678466796,0.023121009313259465,,,yf_premarket,0.24105535737814232,0.17020240721707122,0.045793794532190256,0.2,0.5,blocked,0.024097454712525192,1.461,,,new,15:06:34,2026-06-19 15:06:34
VZ,45.4855,45.37,0.0025,2.321,,28564880,1,0.1696,1.049,0.0231,,,yf_premarket,0.24105057384441478,0.1702122887024996,0.045749755264377086,0.2,0.5,blocked,0.023664315672769692,1.4604,,,new,15:06:34,2026-06-19 15:06:34
AGEN,3.0,3.0,0.0,1.3031599489604444,0.0,666150,1,0.2372882520285779,0.22400004863739015,0.07466668287913004,,,yf_premarket,0.13516809736058574,0.23814490837264024,0.15384272001312135,0.2,0.5,blocked,0.0,1.456,,,new,15:06:34,2026-06-19 15:06:34
AGEN,3.0,3.0,0.0,1.3032,,666150,1,0.2373,0.224,0.0747,,,yf_premarket,0.13517226373549854,0.23815669875650447,0.1539125586409068,0.2,0.5,blocked,0.0,1.456,,,new,15:06:34,2026-06-19 15:06:34
FLGT,18.0,18.0,0.0,2.1334164588528677,0.0,320800,1,0.1935486517305594,0.6175003051757812,0.034305572509765625,,,yf_premarket,0.2215368890921012,0.19424739968361748,0.06923863387087371,0.2,0.5,blocked,0.0,1.4554,,,new,15:06:34,2026-06-19 15:06:34
FLGT,18.0,18.0,0.0,2.1334,,320800,1,0.1935,0.6175,0.0343,,,yf_premarket,0.22153517693300517,0.19419857231092968,0.06922695289649206,0.2,0.5,blocked,0.0,1.4553,,,new,15:06:34,2026-06-19 15:06:34
ANGI,5.0,5.02,-0.003984059960658085,2.694601502594687,0.0,1032880,1,0.12429366811432993,0.4049999713897705,0.08067728544393778,,,yf_premarket,0.27991508135952314,0.12474239222269455,0.1664420150400935,0.2,0.5,blocked,0.0,1.4526,,,new,15:06:34,2026-06-19 15:06:34
ANGI,5.0,5.02,-0.004,2.6946,,1032880,1,0.1243,0.405,0.0807,,,yf_premarket,0.2799149250496526,0.1247487469676928,0.16648962880096838,0.2,0.5,blocked,0.0,1.4526,,,new,15:06:34,2026-06-19 15:06:34
FLNG,30.0,29.74,0.008742442195118431,1.2889421833486163,0.0,425310,1,0.2010048565510724,0.7307001113891601,0.024569607162498217,,,yf_premarket,0.1336890710327168,0.20173052284124796,0.04883031399612194,0.2,0.5,blocked,0.08275356474248967,1.4525,,,new,15:06:34,2026-06-19 15:06:34
FLNG,30.0,29.74,0.0087,1.2889,,425310,1,0.201,0.7307,0.0246,,,yf_premarket,0.13368468284086552,0.20172564875708976,0.048894022804392485,0.2,0.5,blocked,0.08235181854123853,1.452,,,new,15:06:34,2026-06-19 15:06:34
BRZE,20.39,20.06,0.0165,1.1873,,2381510,1,0.1353,1.1548,0.0576,,,yf_premarket,0.1231155766244518,0.13578845908872758,0.11806790868473126,0.2,0.5,blocked,0.15618448344028,1.4496,,,new,15:06:34,2026-06-19 15:06:34
BRZE,20.39,20.06,0.01645067511681087,1.1873139310773417,0.0,2381510,1,0.13525475166819056,1.1548002243041993,0.057567310819963115,,,yf_premarket,0.12311702582756334,0.13574304740171544,0.11799938633293146,0.2,0.5,blocked,0.15571758759775597,1.4487,,,new,15:06:34,2026-06-19 15:06:34
BBSI,33.04,33.04,-2.770966462571718e-08,1.3330723729993041,0.0,229920,1,0.24809228659162486,1.1799991607666016,0.03571425932412895,,,yf_premarket,0.13827978620760462,0.24898794758370826,0.07219149268717391,0.2,0.5,blocked,0.0,1.4415,,,new,15:06:34,2026-06-19 15:06:34
BBSI,33.04,33.04,-0.0,1.3331,,229920,1,0.2481,1.18,0.0357,,,yf_premarket,0.13828266015154944,0.24899568883897494,0.07216160260050644,0.2,0.5,blocked,-0.0,1.4415,,,new,15:06:34,2026-06-19 15:06:34
CVRX,4.95,4.95,3.8532297132997595e-08,1.0512351654655623,0.0,278910,2,0.15254224959680987,0.33999996185302733,0.06868686362707209,,,yf_premarket,0.10896120961152629,0.15309295653125563,0.1413079523001847,0.4,0.5,blocked,3.647361771808855e-07,1.4403,,,new,15:06:34,2026-06-19 15:06:34
CVRX,4.95,4.95,0.0,1.0512,,278910,2,0.1525,0.34,0.0687,,,yf_premarket,0.10895755146644087,0.15305055440525464,0.1413354884808452,0.4,0.5,blocked,0.0,1.4402,,,new,15:06:34,2026-06-19 15:06:34
APTV,63.76,63.68,0.0013,1.6295,,3349040,2,0.1072,3.099,0.0487,,,yf_premarket,0.16911615505848868,0.10758701267044786,0.09941192128063989,0.4,0.5,blocked,0.01230544414984024,1.437,,,new,15:06:34,2026-06-19 15:06:34
APTV,63.76,63.68,0.0012562766086814002,1.6294520220719968,0.0,3349040,2,0.10717692345600596,3.099000930786133,0.048665215388421605,,,yf_premarket,0.16911116407603682,0.10756385281568036,0.0993390065305879,0.4,0.5,blocked,0.011891570496061286,1.4363,,,new,15:06:34,2026-06-19 15:06:34
FDP,27.65,27.44,0.0077,2.0085,,590490,2,0.0396,0.887,0.0323,,,yf_premarket,0.20854225009806351,0.039742963635725145,0.06503459617647153,0.4,0.5,blocked,0.07288609227213065,1.4341,,,new,15:06:34,2026-06-19 15:06:34
DEI,11.87,11.71,0.0137,1.3708,,2268500,1,0.1462,0.378,0.0323,,,yf_premarket,0.14220446432830927,0.1467278101904802,0.06503459617647153,0.2,0.5,blocked,0.12968044988677793,1.4338,,,new,15:06:34,2026-06-19 15:06:34
FDP,27.65,27.44,0.007653041612799425,2.008501414079832,0.0,590490,2,0.03963446368914876,0.8869997024536133,0.03232506141363586,,,yf_premarket,0.20854239720003143,0.03977755174543707,0.06508712936940628,0.4,0.5,blocked,0.07244159703285123,1.4336,,,new,15:06:34,2026-06-19 15:06:34
DEI,11.87,11.71,0.013663532137643397,1.3708177209609875,0.0,2268500,1,0.1461536091458888,0.3779998779296875,0.0322800919469086,,,yf_premarket,0.14220630778026727,0.1466812518564405,0.0649928653463914,0.2,0.5,blocked,0.12933525508409083,1.4332,,,new,15:06:34,2026-06-19 15:06:34
BWA,72.0,71.84,0.002227222581649606,1.0814982119329946,0.0,3187800,1,0.24227601529848292,3.0279998779296875,0.04214922093937562,,,yf_premarket,0.11210937253029161,0.24315067842969684,0.08568031997255068,0.2,0.5,blocked,0.02108227929827094,1.4289,,,new,15:06:34,2026-06-19 15:06:34
BWA,72.0,71.84,0.0022,1.0815,,3187800,1,0.2423,3.028,0.0421,,,yf_premarket,0.1121095585368871,0.24317474972061115,0.08557714410457214,0.2,0.5,blocked,0.020824597792037332,1.4285,,,new,15:06:34,2026-06-19 15:06:34
HPK,7.17,7.18,-0.0013927337851952252,1.3404153581721139,0.0,773790,1,0.21590885692394557,0.558500099182129,0.07778553099371871,,,yf_premarket,0.13904365225324414,0.21668832952927655,0.16038038193908094,0.2,0.5,blocked,0.0,1.4221,,,new,15:06:34,2026-06-19 15:06:34
HPK,7.17,7.18,-0.0014,1.3404,,773790,1,0.2159,0.5585,0.0778,,,yf_premarket,0.13904205459426422,0.21667944063012773,0.16041071155693862,0.2,0.5,blocked,0.0,1.4221,,,new,15:06:34,2026-06-19 15:06:34
FF,4.31,4.24,0.016509488835037184,0.6438063760930938,0.0,290460,2,0.07272717814803448,0.1700000762939453,0.04009435978085283,,,yf_premarket,0.06657776324831295,0.07298973728450096,0.08137296447922959,0.4,0.5,blocked,0.15627430215535468,1.4209,,,new,15:06:34,2026-06-19 15:06:34
FF,4.31,4.24,0.0165,0.6438,,290460,2,0.0727,0.17,0.0401,,,yf_premarket,0.06657709996479766,0.07296246101811156,0.0813847873845516,0.4,0.5,blocked,0.15618448344028,1.4208,,,new,15:06:34,2026-06-19 15:06:34
BTI,58.96,58.91,0.0008487549264539332,1.0701482727505653,0.0,4488350,2,0.15962440473738598,1.1530006408691407,0.019572239753108598,,,yf_premarket,0.11092867653847142,0.16020067961747989,0.03835494057553886,0.4,0.5,blocked,0.00803408180336972,1.418,,,new,15:06:34,2026-06-19 15:06:34
GIB,61.28,61.28,1.9920090575283702e-08,2.0955769315236967,0.0,455340,1,0.17934756242938146,1.9269989013671875,0.03144580515263022,,,yf_premarket,0.2176005703566593,0.1799950417117892,0.06324405142218273,0.2,0.5,blocked,1.885581246414712e-07,1.418,,,new,15:06:34,2026-06-19 15:06:34
GIB,61.28,61.28,0.0,2.0956,,455340,1,0.1793,1.927,0.0314,,,yf_premarket,0.21760297009264654,0.1799473075728666,0.06314803565246228,0.2,0.5,blocked,0.0,1.4179,,,new,15:06:34,2026-06-19 15:06:34
BTI,58.96,58.91,0.0008,1.0701,,4488350,2,0.1596,1.153,0.0196,,,yf_premarket,0.11092365488662022,0.16017618677428616,0.038413131004341156,0.4,0.5,blocked,0.007572581015286302,1.4173,,,new,15:06:34,2026-06-19 15:06:34
OVV,52.4486,52.41,0.0007365035813827734,2.276947998112269,0.0,3136040,2,0.058107395813598875,1.7412689186428068,0.03322398251693158,,,yf_premarket,0.2364679922794828,0.058317174716832,0.06697142833349133,0.4,0.5,blocked,0.006971541297586949,1.4153,,,new,15:06:34,2026-06-19 15:06:34
OVV,52.4486,52.41,0.0007,2.2769,,3136040,2,0.0581,1.7413,0.0332,,,yf_premarket,0.23646299919732966,0.058309752202919965,0.06692115670048077,0.4,0.5,blocked,0.006626008388375514,1.4147,,,new,15:06:34,2026-06-19 15:06:34
BRX,30.91,30.91,0.0,1.4263,,2531850,1,0.2348,0.665,0.0215,,,yf_premarket,0.14797794262566125,0.2356476732744511,0.04239586988836066,0.2,0.5,blocked,0.0,1.4145,,,new,15:06:34,2026-06-19 15:06:34
BRX,30.91,30.91,4.936521886779748e-09,1.4263088255623357,0.0,2531850,1,0.23481784815492926,0.6649997711181641,0.021514065816918473,,,yf_premarket,0.14797886071922173,0.23566558586466116,0.042425354349401034,0.2,0.5,blocked,4.672776490171704e-08,1.4145,,,new,15:06:34,2026-06-19 15:06:34
EXPI,4.625,4.625,0.0,0.7935,,1060365,1,0.266,0.25,0.0541,,,prev_close,0.08214988737224976,0.266960311290477,0.11073128442469533,0.2,0.5,blocked,0.0,1.4125,,,new,15:06:34,2026-06-19 15:06:34
EXPI,4.625,4.625,0.0,0.7935056355567962,0.0,1060365,1,0.2659575655321657,0.2499999523162842,0.05405404374406145,,,prev_close,0.0821504736202652,0.2669177236260315,0.11063495191548983,0.2,0.5,blocked,0.0,1.4124,,,new,15:06:34,2026-06-19 15:06:34
CCRN,13.17,13.17,-0.0,2.7175,,532990,1,0.1429,0.032,0.0024,,,yf_premarket,0.2822971350137852,0.14341589655416975,0.0023588632121645872,0.2,0.5,blocked,-0.0,1.4115,,,new,15:06:34,2026-06-19 15:06:34
CCRN,13.17,13.17,-5.79301024613384e-09,2.717499390232462,0.0,532990,1,0.14286103542234332,0.03199977874755859,0.002429747802747422,,,yf_premarket,0.2822970715817195,0.14337679130687456,0.002421219912541587,0.2,0.5,blocked,0.0,1.4114,,,new,15:06:34,2026-06-19 15:06:34
ARMK,53.1,53.33,-0.004312803734440401,1.1865678166949687,0.0,2172990,1,0.2523369483839227,0.9489994049072266,0.01779485040922337,,,yf_premarket,0.12303941005830257,0.25324793342353763,0.0346292154955738,0.2,0.5,blocked,0.0,1.4084,,,new,15:06:34,2026-06-19 15:06:34
BL,25.7992,26.77,-0.03626449163851722,1.3734311926605505,0.0,1362500,1,0.21823679949861596,1.4791999816894532,0.05525588182276122,,,yf_premarket,0.14247817844942348,0.2190246764255185,0.11315421888829662,0.2,0.5,blocked,0.0,1.4083,,,new,15:06:34,2026-06-19 15:06:34
ARMK,53.1,53.33,-0.0043,1.1866,,2172990,1,0.2523,0.949,0.0178,,,yf_premarket,0.12304275797925998,0.2532108516488246,0.03464000995632268,0.2,0.5,blocked,0.0,1.4083,,,new,15:06:34,2026-06-19 15:06:34
BL,25.7992,26.77,-0.0363,1.3734,,1362500,1,0.2182,1.4792,0.0553,,,yf_premarket,0.1424749335818789,0.21898774407361682,0.11324669845670765,0.2,0.5,blocked,0.0,1.4083,,,new,15:06:34,2026-06-19 15:06:34
BAH,67.4,66.36,0.0157,2.8348,,2050120,1,0.0007,2.7102,0.0408,,,yf_premarket,0.29449945941521566,0.0007025271349749394,0.08285211223655879,0.2,0.5,blocked,0.14861190242499367,1.4075,,,new,15:06:34,2026-06-19 15:06:34
BAH,67.4,66.36,0.015672082279731214,2.8348096696778726,0.0,2050120,1,0.0007141879865257644,2.710201851729528,0.04084089552143194,,,yf_premarket,0.2945004653192758,0.0007167663428678084,0.08293783654360576,0.2,0.5,blocked,0.14834764092687183,1.4072,,,new,15:06:34,2026-06-19 15:06:34
EQT,50.75,50.72,0.0006,1.8497,,7330690,2,0.0894,1.373,0.0271,,,yf_premarket,0.19202282030311765,0.08972275123822797,0.05413446870441815,0.4,0.5,blocked,0.0056794357614647255,1.4031,,,new,15:06:34,2026-06-19 15:06:34
EQT,50.75,50.72,0.0005914585681167129,1.849716738806306,0.0,7330690,2,0.08935387275297217,1.3730003356933593,0.027070195241496203,,,yf_premarket,0.19202456158482814,0.08967645746294406,0.05407199261461716,0.4,0.5,blocked,0.0055985849053113,1.4028,,,new,15:06:34,2026-06-19 15:06:34
EPRT,29.35,29.36,-0.00034062023650078285,2.214429807340816,0.0,2215830,2,0.06632704200543983,0.7194002151489258,0.024502731614224976,,,yf_premarket,0.22996443520545226,0.06656649541634872,0.04869013091901775,0.4,0.5,blocked,0.0,1.4024,,,new,15:06:34,2026-06-19 15:06:34
EPRT,29.35,29.36,-0.0003,2.2144,,2215830,2,0.0663,0.7194,0.0245,,,yf_premarket,0.2299613344480594,0.06653935578405497,0.048684404968391465,0.4,0.5,blocked,0.0,1.4024,,,new,15:06:34,2026-06-19 15:06:34
CNTB,2.0,2.0,0.0,0.7655,,266760,2,0.1406,0.1864,0.0932,,,yf_premarket,0.07923714156457669,0.1411075931106807,0.19269185830109672,0.4,0.5,blocked,0.0,1.3974,,,new,15:06:34,2026-06-19 15:06:34
CNTB,2.0,2.0,0.0,0.7654820812715549,0.0,266760,2,0.1405623470536516,0.18640000820159913,0.09320000410079957,,,yf_premarket,0.07923527753953537,0.14106980422993565,0.19269186689710402,0.4,0.5,blocked,0.0,1.3973,,,new,15:06:34,2026-06-19 15:06:34
PBR,16.6781,16.75,-0.0042925373134328005,1.3227259517582097,0.0,16516800,1,0.23144125535140178,0.4180000305175781,0.024955225702541977,,,yf_premarket,0.1372034828113754,0.23227680291003377,0.04963863923498042,0.2,0.5,blocked,0.0,1.3952,,,new,15:06:34,2026-06-19 15:06:34
PBR,16.6781,16.75,-0.0043,1.3227,,16516800,1,0.2314,0.418,0.025,,,yf_premarket,0.13720078313727088,0.23223539861885853,0.049732494148396596,0.2,0.5,blocked,0.0,1.3951,,,new,15:06:34,2026-06-19 15:06:34
BMY,54.0459,54.0,0.0009,2.5371,,12493410,1,0.1279,1.328,0.0246,,,yf_premarket,0.2635307298814916,0.12836174366184966,0.048894022804392485,0.2,0.5,blocked,0.008519153642197089,1.3892,,,new,15:06:34,2026-06-19 15:06:34
BMY,54.0459,54.0,0.0008500000000000585,2.5371135662721387,0.0,12493410,1,0.12785416363653782,1.328000259399414,0.024592597396285446,,,yf_premarket,0.26353214113514506,0.12831574182027713,0.04887850562667831,0.2,0.5,blocked,0.008045867328742249,1.3884,,,new,15:06:34,2026-06-19 15:06:34
GLPI,45.45,44.59,0.0193,1.7778,,2131400,1,0.0566,1.0657,0.0239,,,yf_premarket,0.18454330517555714,0.056804336913687956,0.047426697952385306,0.2,0.5,blocked,0.18268851699378205,1.3882,,,new,15:06:34,2026-06-19 15:06:34
GLPI,45.45,44.59,0.019286832125345935,1.7778455475274468,0.0,2131400,1,0.05664650485053554,1.065670476393413,0.023899315378933996,,,yf_premarket,0.18454804333161504,0.05685100965570106,0.047425262864521936,0.2,0.5,blocked,0.18256387349676073,1.3881,,,new,15:06:34,2026-06-19 15:06:34
BMRN,55.34,54.69,0.0119,1.74,,2000650,1,0.1075,1.366,0.025,,,yf_premarket,0.1806110983351985,0.10788809572829426,0.049732494148396596,0.2,0.5,blocked,0.11264214260238375,1.3805,,,new,15:06:34,2026-06-19 15:06:34
BMRN,55.34,54.69,0.011885196372515129,1.740034488791143,0.0,2000650,1,0.10750007629394531,1.3659996032714843,0.02497713727504777,,,yf_premarket,0.1806146860881204,0.10788817229767543,0.04968456979910086,0.2,0.5,blocked,0.11250201551682211,1.3803,,,new,15:06:34,2026-06-19 15:06:34
ASTI,6.2,6.22,-0.003215400460814803,0.4739022931713793,0.0,2357870,2,0.09283815971740889,1.30600004196167,0.20996785948789068,,,yf_premarket,0.04890321306128573,0.09317332337516727,0.4374581185043325,0.4,0.5,blocked,0.0,1.3784,,,new,15:06:34,2026-06-19 15:06:34
ASTI,6.2,6.22,-0.0032,0.4739,,2357870,2,0.0928,1.306,0.21,,,yf_premarket,0.04890297451038139,0.09313502589382053,0.4375254907502957,0.4,0.5,blocked,0.0,1.3784,,,new,15:06:34,2026-06-19 15:06:34
DXC,8.63,8.6,0.0035,1.2804,,5607310,2,0.0763,0.556,0.0647,,,yf_premarket,0.13280045643496477,0.0765754577122684,0.13295077504080413,0.4,0.5,blocked,0.03313004194187757,1.3685,,,new,15:06:34,2026-06-19 15:06:34
DXC,8.63,8.6,0.003488327581346843,1.280417883084759,0.0,5607310,2,0.07627135766928335,0.55600004196167,0.06465116480223347,,,yf_premarket,0.13280231675211335,0.076546711977215,0.13284840775603912,0.4,0.5,blocked,0.03301955402200835,1.3683,,,new,15:06:34,2026-06-19 15:06:34
CBZ,31.1,31.1,-1.2265907410364701e-08,1.914496903509356,0.0,600680,2,0.05773211850262467,1.5489994049072267,0.04980705420923934,,,yf_premarket,0.19876342419765597,0.057940542582403706,0.10173250435740566,0.4,0.5,blocked,0.0,1.3649,,,new,15:06:34,2026-06-19 15:06:34
CBZ,31.1,31.1,-0.0,1.9145,,600680,2,0.0577,1.549,0.0498,,,yf_premarket,0.19876374631516106,0.05790830812579143,0.10171771747665118,0.4,0.5,blocked,-0.0,1.3648,,,new,15:06:34,2026-06-19 15:06:34
CPSH,6.5006,6.65,-0.0225,0.5025,,2919020,1,0.1851,1.357,0.2041,,,yf_premarket,0.05187813629964746,0.18576824669123038,0.4251580384262352,0.2,0.5,blocked,0.0,1.3619,,,new,15:06:34,2026-06-19 15:06:34
CPSH,6.5006,6.65,-0.0224661794323142,0.5025316715884098,0.0,2919020,1,0.18506499538334922,1.356999969482422,0.20406014286041058,,,yf_premarket,0.051881430988446144,0.18573311570116388,0.4250744907527359,0.2,0.5,blocked,0.0,1.3618,,,new,15:06:34,2026-06-19 15:06:34
FISV,48.1791,47.86,0.0067,1.3116,,10310290,2,0.0579,2.15,0.0449,,,yf_premarket,0.13604608747780048,0.0581090301643557,0.09144644351260088,0.4,0.5,blocked,0.06342036600302278,1.3611,,,new,15:06:34,2026-06-19 15:06:34
FISV,48.1791,47.86,0.006667350304617804,1.3116410886599699,0.0,10310290,2,0.05791980030111749,2.1500003814697264,0.04492269858025673,,,yf_premarket,0.1360503617928744,0.05812890194837815,0.091494023785338,0.4,0.5,blocked,0.06311131292376515,1.3607,,,new,15:06:34,2026-06-19 15:06:34
ARX,12.74,12.99,-0.01924555623734581,0.9950692404532102,0.0,1525120,1,0.2123412028480764,0.8925000190734863,0.0687067001385067,,,yf_premarket,0.10311845737531883,0.21310779553427364,0.14134953316619203,0.2,0.5,blocked,0.0,1.3516,,,new,15:06:34,2026-06-19 15:06:34
ARX,12.74,12.99,-0.0192,0.9951,,1525120,1,0.2123,0.8925,0.0687,,,yf_premarket,0.1031216571874959,0.21306644393597088,0.1413354884808452,0.2,0.5,blocked,0.0,1.3515,,,new,15:06:34,2026-06-19 15:06:34
AZ,5.72,5.72,0.0,0.871,,289550,2,0.1194,0.424,0.0741,,,yf_premarket,0.09021195166134488,0.11983105702286824,0.15265485162490064,0.4,0.5,blocked,0.0,1.3513,,,new,15:06:34,2026-06-19 15:06:34
AZ,5.72,5.72,3.667978270216953e-08,0.871006734588154,0.0,289550,2,0.11940285760647701,0.4239999771118164,0.07412587284336423,,,yf_premarket,0.0902126522378953,0.11983392494585562,0.1527090857192727,0.4,0.5,blocked,3.4720078266909485e-07,1.3513,,,new,15:06:34,2026-06-19 15:06:34
ACI,13.5019,13.45,0.0039,2.0795,,9536970,2,0.0118,0.5135,0.0382,,,yf_premarket,0.21592814125323448,0.011842600275291834,0.07740204850053209,0.4,0.5,blocked,0.03691633244952072,1.3417,,,new,15:06:34,2026-06-19 15:06:34
ACI,13.5019,13.45,0.0038587502952312724,2.0795388891859785,0.0,9536970,2,0.011784459348592334,0.5135001182556153,0.038178447995358834,,,yf_premarket,0.21593218676442816,0.011827003519136018,0.07735687165478845,0.4,0.5,blocked,0.03652587403549843,1.341,,,new,15:06:34,2026-06-19 15:06:34
CENX,51.861,51.71,0.0029201492593466903,1.5792684979465428,0.0,2376480,2,0.03780306035657905,3.729999542236328,0.07213304212485207,,,yf_premarket,0.16389074087922695,0.03793953669370313,0.14853175709196376,0.4,0.5,blocked,0.027641333553913877,1.3374,,,new,15:06:34,2026-06-19 15:06:34
CENX,51.861,51.71,0.0029,1.5793,,2376480,2,0.0378,3.73,0.0721,,,yf_premarket,0.16389401793187483,0.03793646528864673,0.1484624949048801,0.4,0.5,blocked,0.027450606180412843,1.3371,,,new,15:06:34,2026-06-19 15:06:34
BHR,2.08,2.08,0.0,2.0241,,837290,1,0.1231,0.15,0.0721,,,yf_premarket,0.2101650656194813,0.1235444147363072,0.1484624949048801,0.2,0.5,blocked,0.0,1.3366,,,new,15:06:34,2026-06-19 15:06:34
BHR,2.08,2.08,3.667978277980751e-08,2.024149338938719,0.0,837290,1,0.12307678764390394,0.15,0.07211538726056126,,,yf_premarket,0.2101701981832995,0.12352111857912978,0.14849474934748846,0.2,0.5,blocked,3.4720078340399466e-07,1.3365,,,new,15:06:34,2026-06-19 15:06:34
AIRS,4.9157,4.94,-0.0049,1.3503,,729110,1,0.1667,0.4249,0.086,,,yf_premarket,0.14007191829054863,0.16730181914331768,0.1775993741090228,0.2,0.5,blocked,0.0,1.3335,,,new,15:06:34,2026-06-19 15:06:34
AIRS,4.9157,4.94,-0.004919039866192122,1.3502763643345996,0.0,729110,1,0.16666675496983477,0.4249000072479248,0.08601214621989278,,,yf_premarket,0.14006945955178768,0.16726845409218322,0.17762483475231797,0.2,0.5,blocked,0.0,1.3335,,,new,15:06:34,2026-06-19 15:06:34
THO,72.51,72.38,0.0017961142790164626,1.2379704371527414,0.0,953900,2,0.08512935021116472,3.118999481201172,0.04309200883609988,,,yf_premarket,0.12838665174550926,0.08543668358018257,0.08765657155974367,0.4,0.5,blocked,0.017001526113205885,1.3328,,,new,15:06:34,2026-06-19 15:06:34
THO,72.51,72.38,0.0018,1.238,,953900,2,0.0851,3.119,0.0431,,,yf_premarket,0.12838972706905982,0.08540722740909619,0.0876733224645824,0.4,0.5,blocked,0.017038307284394177,1.3328,,,new,15:06:34,2026-06-19 15:06:34
PN,3.61,3.61,0.0,0.0298,,1293210,1,0.1708,0.9794,0.2713,,,yf_premarket,0.002704745467966681,0.1714166209338852,0.566021224218925,0.2,0.5,blocked,0.0,1.3299,,,new,15:06:34,2026-06-19 15:06:34
PN,3.61,3.61,2.9059329010744446e-08,0.0297708802128038,0.0,1293210,1,0.1707779620884599,0.9793999433517456,0.27130193124998636,,,yf_premarket,0.0027017162344639646,0.17139450346123508,0.5660252724633542,0.2,0.5,blocked,2.750676539796523e-07,1.3299,,,new,15:06:34,2026-06-19 15:06:34
CNNE,13.68,13.68,-0.0,2.0054,,466790,1,0.136,0.4893,0.0358,,,yf_premarket,0.20821976752649968,0.1364909862237025,0.07237122043650746,0.2,0.5,blocked,-0.0,1.3215,,,new,15:06:34,2026-06-19 15:06:34
CNNE,13.68,13.68,-2.2308170667127462e-08,2.0053985732342166,0.0,466790,1,0.1359666061153078,0.4893110884362953,0.03576835361993129,,,yf_premarket,0.2082196191048549,0.13645747178064752,0.07230488397943477,0.2,0.5,blocked,0.0,1.3214,,,new,15:06:34,2026-06-19 15:06:34
EQR,64.21,64.09,0.0019,1.696,,3406050,2,0.0536,1.405,0.0219,,,yf_premarket,0.17603392635171225,0.05379350633522393,0.04323434123236477,0.4,0.5,blocked,0.017984879911304968,1.3202,,,new,15:06:34,2026-06-19 15:06:34
EQR,64.21,64.09,0.0018724242310249816,1.6960408684546615,0.0,3406050,2,0.05363890876218858,1.4050006866455078,0.021922308736579812,,,yf_premarket,0.17603817775956873,0.053832555565546454,0.04328110432322254,0.4,0.5,blocked,0.017723855230527285,1.3199,,,new,15:06:34,2026-06-19 15:06:34
FOXA,52.475,52.23,0.0047,2.1238,,11450540,1,0.0838,2.606,0.0499,,,yf_premarket,0.22053652122751727,0.08410253415842846,0.1019273353126522,0.2,0.5,blocked,0.044488913464807024,1.3167,,,new,15:06:34,2026-06-19 15:06:34
FOXA,52.475,52.23,0.004690799538789028,2.1237688353562363,0.0,11450540,1,0.08380638047469306,2.605999755859375,0.04989469229751776,,,yf_premarket,0.22053327927446473,0.08410893766786545,0.10191620942156757,0.2,0.5,blocked,0.04440182441743442,1.3166,,,new,15:06:34,2026-06-19 15:06:34
DNUT,3.66,3.63,0.0083,0.604,,3311940,1,0.1636,0.2689,0.0741,,,yf_premarket,0.06243683985246235,0.16419062754557154,0.15265485162490064,0.2,0.5,blocked,0.07856552803359539,1.3162,,,new,15:06:34,2026-06-19 15:06:34
DNUT,3.66,3.63,0.008264431022945757,0.6040266429947403,0.0,3311940,1,0.16363640304438812,0.2689000129699707,0.0740771362238334,,,yf_premarket,0.062439611433577846,0.16422716201196919,0.15260692507207207,0.2,0.5,blocked,0.07822884183312774,1.3158,,,new,15:06:34,2026-06-19 15:06:34
BORR,4.2401,4.22,0.0048,1.0032,,8078710,1,0.1667,0.2325,0.0551,,,yf_premarket,0.10396427293900133,0.16730181914331768,0.1128274627847056,0.2,0.5,blocked,0.045435486091717804,1.3151,,,new,15:06:34,2026-06-19 15:06:34
BORR,4.2401,4.22,0.004763083129782986,1.0031799631376792,0.0,8078710,1,0.1666662770938177,0.23249998092651367,0.05509478494925582,,,yf_premarket,0.10396218857161833,0.1672679744909416,0.11281653110818929,0.2,0.5,blocked,0.04508604110353138,1.3145,,,new,15:06:34,2026-06-19 15:06:34
MAIR,38.13,38.13,-0.0,1.4846,,1217530,1,0.1595,2.286,0.06,,,yf_premarket,0.15404269550378052,0.16007582575500404,0.12309873674875589,0.2,0.5,blocked,-0.0,1.3128,,,new,15:06:34,2026-06-19 15:06:34
MAIR,38.13,38.13,-2.8012462677590036e-08,1.484645142214155,0.0,1217530,1,0.15949815520354288,2.28599853515625,0.05995275297980072,,,yf_premarket,0.15404739149646013,0.160073974298476,0.12299969856743918,0.2,0.5,blocked,0.0,1.3127,,,new,15:06:34,2026-06-19 15:06:34
DVN,42.18,42.12,0.0014245268194870105,2.1322567047699987,0.0,17626630,1,0.11118703625017107,1.5145421840945552,0.035957792557018545,,,yf_premarket,0.22141624377628663,0.11158844289026773,0.07270198177990042,0.2,0.5,blocked,0.01348418093626689,1.3119,,,new,15:06:34,2026-06-19 15:06:34
DVN,42.18,42.12,0.0014,2.1323,,17626630,1,0.1112,1.5145,0.036,,,yf_premarket,0.22142074763341799,0.11160145344173322,0.07279045610850951,0.2,0.5,blocked,0.013252016776751028,1.3116,,,new,15:06:34,2026-06-19 15:06:34
TIPT,17.49,17.49,0.0,1.4236,,211300,2,0.0809,0.414,0.0237,,,yf_premarket,0.14769707070849278,0.08119206459924656,0.047007462280383244,0.4,0.5,blocked,0.0,1.3074,,,new,15:06:34,2026-06-19 15:06:34
TIPT,17.49,17.49,1.308644010117521e-08,1.4235683861807855,0.0,211300,2,0.08088276542988253,0.4139997482299805,0.023670654868368408,,,yf_premarket,0.14769378202922914,0.08117476780900777,0.04694594965048545,0.4,0.5,blocked,1.2387265983480094e-07,1.3074,,,new,15:06:34,2026-06-19 15:06:34
BCYC,3.98,4.0,-0.005,0.3833,,828540,2,0.1458,0.2068,0.0517,,,yf_premarket,0.039478161289839234,0.14632636611335167,0.10570045636067069,0.4,0.5,blocked,0.0,1.3047,,,new,15:06:34,2026-06-19 15:06:34
BCYC,3.98,4.0,-0.0050000000000000044,0.38332488473700727,0.0,828540,2,0.14577238196722336,0.20679998397827148,0.05169999599456787,,,yf_premarket,0.03948074996531756,0.14629864837415135,0.10570044796457054,0.4,0.5,blocked,0.0,1.3047,,,new,15:06:34,2026-06-19 15:06:34
SSNC,65.42,65.42,0.0,1.4076,,2340300,1,0.1792,1.692,0.0259,,,yf_premarket,0.14603264453267958,0.1798469465535845,0.05161905467240583,0.2,0.5,blocked,0.0,1.3046,,,new,15:06:34,2026-06-19 15:06:34
SSNC,65.42,65.42,2.7989219511695112e-08,1.4075545870187582,0.0,2340300,1,0.17918008754273632,1.6919990539550782,0.02586363652266602,,,yf_premarket,0.1460279203730108,0.17982696220851052,0.05154283033812362,0.2,0.5,blocked,2.6493829038367917e-07,1.3045,,,new,15:06:34,2026-06-19 15:06:34
AMPL,6.6181,6.53,0.0135,0.7218,,2452260,1,0.1163,0.414,0.0634,,,yf_premarket,0.07469117757188692,0.11671986542512207,0.1302257431727908,0.2,0.5,blocked,0.12778730463295634,1.3023,,,new,15:06:34,2026-06-19 15:06:34
AMPL,6.6181,6.53,0.013491544771977296,0.7217831714418537,0.0,2452260,1,0.11627921805371737,0.4140000343322754,0.06339969694188202,,,yf_premarket,0.07468942695359443,0.11669900845200616,0.13022510790892206,0.2,0.5,blocked,0.12770726975895053,1.3021,,,new,15:06:34,2026-06-19 15:06:34
CSGP,30.12,30.12,-0.0,2.0713,,7792640,1,0.1126,1.545,0.0513,,,yf_premarket,0.21507512283813024,0.11300650771168311,0.10486198501666658,0.2,0.5,blocked,-0.0,1.3011,,,new,15:06:34,2026-06-19 15:06:34
CSGP,30.12,30.12,-2.7862993826666173e-08,2.071287779237845,0.0,7792640,1,0.11259545388529481,1.5450006484985352,0.05129484081839946,,,yf_premarket,0.215073851553354,0.11300194518462724,0.10485117045184017,0.2,0.5,blocked,0.0,1.301,,,new,15:06:34,2026-06-19 15:06:34
DOX,51.63,51.47,0.003108583164993596,1.756775266607964,0.0,1533150,2,0.02274897590738276,1.7099994659423827,0.033223225672949046,,,yf_premarket,0.18235617288823225,0.022831104096896475,0.06696984185351323,0.4,0.5,blocked,0.029424997324586387,1.2968,,,new,15:06:34,2026-06-19 15:06:34
DOX,51.63,51.47,0.0031,1.7568,,1533150,2,0.0227,1.71,0.0332,,,yf_premarket,0.18235874581980233,0.022781951377044463,0.06692115670048077,0.4,0.5,blocked,0.029343751434234417,1.2966,,,new,15:06:34,2026-06-19 15:06:34
APA,33.1779,33.03,0.0045,2.0526,,6041740,1,0.087,1.232,0.0373,,,yf_premarket,0.21312982474514858,0.08731408677545674,0.07551548797652285,0.2,0.5,blocked,0.042595768210985444,1.296,,,new,15:06:34,2026-06-19 15:06:34
APA,33.1779,33.03,0.004477784625164146,2.052570948104354,0.0,6041740,1,0.08695606770382219,1.2320003509521484,0.03729943676910952,,,yf_premarket,0.21312680257417543,0.08726999587521866,0.07551430734411854,0.2,0.5,blocked,0.04238548355382363,1.2956,,,new,15:06:34,2026-06-19 15:06:34
CVI,27.4,27.4,1.3922252936216517e-08,2.072398538921925,0.0,1037590,1,0.11153830823580792,1.2729999542236328,0.04645985299075402,,,yf_premarket,0.21518940014668034,0.11194098303550545,0.09471617359661676,0.2,0.5,blocked,1.3178423534350896e-07,1.294,,,new,15:06:34,2026-06-19 15:06:34
CVI,27.4,27.4,0.0,2.0724,,1037590,1,0.1115,1.273,0.0465,,,yf_premarket,0.2151895521377174,0.11190253649957962,0.09480032888861731,0.2,0.5,blocked,0.0,1.294,,,new,15:06:34,2026-06-19 15:06:34
APPN,21.01,20.95,0.0029,2.0176,,858430,1,0.0856,1.36,0.0649,,,yf_premarket,0.20948889248555722,0.08590903250550687,0.1333700107128062,0.2,0.5,blocked,0.027450606180412843,1.2939,,,new,15:06:34,2026-06-19 15:06:34
APPN,21.01,20.95,0.0028639252923888707,2.017636848665587,0.0,858430,1,0.08559497542944222,1.360000228881836,0.06491647634150334,,,yf_premarket,0.20949272572827893,0.08590398979528054,0.13340454806331764,0.2,0.5,blocked,0.027109132872927794,1.2934,,,new,15:06:34,2026-06-19 15:06:34
DXYZ,27.44,27.8,-0.0129,0.4306,,6835570,2,0.0718,4.76,0.1712,,,yf_premarket,0.04439862117208696,0.07205921184457235,0.35619377038189737,0.4,0.5,blocked,0.0,1.2888,,,new,15:06:34,2026-06-19 15:06:34
CINT,3.74,3.7,0.010810797783996049,1.6389318885448916,0.0,206720,1,0.0652173236998414,0.17849998474121093,0.04824323849751191,,,yf_premarket,0.17009732269483058,0.0654527708136897,0.09845446770343858,0.2,0.5,blocked,0.10233205257398463,1.2888,,,new,15:06:34,2026-06-19 15:06:34
DXYZ,27.44,27.8,-0.012949613199291957,0.4306005205125542,0.0,6835570,2,0.07179484520987044,4.759999847412109,0.17122302079298227,,,yf_premarket,0.04439867531925697,0.07205403844465647,0.3562420260699771,0.4,0.5,blocked,0.0,1.2888,,,new,15:06:34,2026-06-19 15:06:34
CINT,3.74,3.7,0.0108,1.6389,,206720,1,0.0652,0.1785,0.0482,,,yf_premarket,0.17009400543677894,0.06543538457195149,0.09836383210063476,0.2,0.5,blocked,0.10222984370636508,1.2885,,,new,15:06:34,2026-06-19 15:06:34
CVLG,43.01,42.63,0.008913885112918301,1.0609988749205106,0.0,204430,1,0.12401591358962884,1.8289997100830078,0.042904050299238515,,,yf_premarket,0.10997689546089195,0.12446363495060228,0.08726257694219569,0.2,0.5,blocked,0.0843763964731604,1.2841,,,new,15:06:34,2026-06-19 15:06:34
CVLG,43.01,42.63,0.0089,1.061,,204430,1,0.124,1.829,0.0429,,,yf_premarket,0.10997701249912646,0.1244476639098464,0.08725408679258034,0.2,0.5,blocked,0.08424496379506011,1.2839,,,new,15:06:34,2026-06-19 15:06:34
CEPT,11.1492,11.11,0.0035283838464562384,1.0601577283060082,0.0,787430,2,0.049723328988230286,0.660999870300293,0.05949593975937019,,,yf_premarket,0.1098893938082123,0.04990283979359682,0.12204213658020611,0.4,0.5,blocked,0.03339871566289671,1.2758,,,new,15:06:34,2026-06-19 15:06:34
CEPT,11.1492,11.11,0.0035,1.0602,,787430,2,0.0497,0.661,0.0595,,,yf_premarket,0.10989379119033581,0.0498794265832207,0.12205064756875075,0.4,0.5,blocked,0.03313004194187757,1.2753,,,new,15:06:34,2026-06-19 15:06:34
CRNT,2.71,2.7,0.0037036859776587534,0.8225301743406348,0.0,693470,2,0.058823474413244856,0.19600000381469726,0.0725925927234121,,,yf_premarket,0.08516979875106057,0.059035838498297945,0.1494950571119951,0.4,0.5,blocked,0.035058077651250956,1.2732,,,new,15:06:34,2026-06-19 15:06:34
CRNT,2.71,2.7,0.0037,0.8225,,693470,2,0.0588,0.196,0.0726,,,yf_premarket,0.08516665981591116,0.05901227933789491,0.14951058408488524,0.4,0.5,blocked,0.03502318719569915,1.2731,,,new,15:06:34,2026-06-19 15:06:34
ADIL,2.5636,2.6,-0.013999963833734174,0.06770516516357673,0.0,2268660,1,0.16013071258867945,0.5810000419616699,0.22346156279716353,,,yf_premarket,0.00664789228651538,0.16070881533774348,0.4657433273776292,0.2,0.5,blocked,0.0,1.2643,,,new,15:06:34,2026-06-19 15:06:34
ADIL,2.5636,2.6,-0.014,0.0677,,2268660,1,0.1601,0.581,0.2235,,,yf_premarket,0.006647354971924162,0.16067799187069684,0.46582389861043433,0.2,0.5,blocked,0.0,1.2642,,,new,15:06:34,2026-06-19 15:06:34
AVEX,18.3001,18.3,5.506171784397714e-06,1.8301206634752472,0.0,2588190,1,0.08219158038743742,1.9939998626708983,0.10896174567224662,,,yf_premarket,0.1899860477895643,0.0824883078409269,0.22573128849524554,0.2,0.5,blocked,5.211991490179404e-05,1.2629,,,new,15:06:34,2026-06-19 15:06:34
AVEX,18.3001,18.3,0.0,1.8301,,2588190,1,0.0822,1.994,0.109,,,yf_premarket,0.1899838982377465,0.08249675784991431,0.2258114763892589,0.2,0.5,blocked,0.0,1.2629,,,new,15:06:34,2026-06-19 15:06:34
CMRE,15.19,15.19,0.0,1.3818,,462140,1,0.1522,0.574,0.0378,,,yf_premarket,0.14334875732418081,0.15274947134740824,0.07656357715652799,0.2,0.5,blocked,0.0,1.2588,,,new,15:06:34,2026-06-19 15:06:34
CMRE,15.19,15.19,2.762453655780691e-08,1.3818323451767862,0.0,462140,1,0.15217375529962993,0.5740001678466797,0.03778803052687086,,,yf_premarket,0.14335212208411233,0.1527231318986093,0.07653848700597396,0.2,0.5,blocked,2.6148630136716377e-07,1.2587,,,new,15:06:34,2026-06-19 15:06:34
DSX,2.14,2.1,0.019047665325694612,2.105544357286835,0.0,823540,0,0.055555481969601646,0.09789280105484606,0.04661562166688484,,,yf_premarket,0.2186374481282619,0.055756047971794495,0.09504269252468962,0.0,0.5,blocked,0.18029998603860273,1.2574,,,new,15:06:34,2026-06-19 15:06:34
DSX,2.14,2.1,0.019,2.1055,,823540,0,0.0556,0.0979,0.0466,,,yf_premarket,0.21863283378893095,0.05580072672086661,0.09500994672461834,0.0,0.5,blocked,0.17984879911304966,1.2568,,,new,15:06:34,2026-06-19 15:06:34
DRVN,12.47,12.68,-0.016561537864479524,0.9123125690066602,0.0,1123080,2,0.07801417480333565,0.7161999702453613,0.056482646136295396,,,yf_premarket,0.09450955923914324,0.07829582101717357,0.1157257356951598,0.4,0.5,blocked,0.0,1.2562,,,new,15:06:34,2026-06-19 15:06:34
DRVN,12.47,12.68,-0.0166,0.9123,,1123080,2,0.078,0.7162,0.0565,,,yf_premarket,0.09450825172766267,0.07828159504006467,0.11576211248871997,0.4,0.5,blocked,0.0,1.2562,,,new,15:06:34,2026-06-19 15:06:34
APPS,8.57,8.61,-0.0046,0.8127,,7263190,1,0.1544,0.96,0.1115,,,yf_premarket,0.08414719878322559,0.1549574137716152,0.2310519222892846,0.2,0.5,blocked,0.0,1.2517,,,new,15:06:34,2026-06-19 15:06:34
APPS,8.57,8.61,-0.0046457210536849656,0.812673219343016,0.0,7263190,1,0.15443999805583009,0.9599998474121094,0.11149824456353005,,,yf_premarket,0.08414441288156999,0.15499755622813932,0.2310482425813439,0.2,0.5,blocked,0.0,1.2517,,,new,15:06:34,2026-06-19 15:06:34
BLCO,14.65,14.87,-0.014794881456100974,0.8370340801357218,0.0,400820,1,0.19730952826936876,0.3803999900817871,0.025581707667073385,,,yf_premarket,0.08667859127961502,0.1980218537119092,0.05095185717196788,0.2,0.5,blocked,0.0,1.2515,,,new,15:06:34,2026-06-19 15:06:34
BLCO,14.65,14.87,-0.0148,0.837,,400820,1,0.1973,0.3804,0.0256,,,yf_premarket,0.08667504603774186,0.19801229104365078,0.050990201164402754,0.2,0.5,blocked,0.0,1.2515,,,new,15:06:34,2026-06-19 15:06:34
EDU,44.9218,45.02,-0.0021812629223716446,0.5667099896921077,0.0,446260,2,0.11881213049039653,1.0689998626708985,0.023744998929393617,,,yf_premarket,0.05855768552416239,0.11924106519098131,0.04710178806240178,0.4,0.5,blocked,0.0,1.2499,,,new,15:06:34,2026-06-19 15:06:34
EDU,44.9218,45.02,-0.0022,0.5667,,446260,2,0.1188,1.069,0.0237,,,yf_premarket,0.05855664633009787,0.11922889090717542,0.047007462280383244,0.4,0.5,blocked,0.0,1.2498,,,new,15:06:34,2026-06-19 15:06:34
EPM,3.9,3.86,0.0104,0.8697,,388520,1,0.1113,0.1461,0.0379,,,yf_premarket,0.09007671703456006,0.11170181446101536,0.07677319499252902,0.2,0.5,blocked,0.09844355319872192,1.2446,,,new,15:06:34,2026-06-19 15:06:34
SLB,48.1181,48.09,0.0006,2.5527,,16395820,1,0.0466,2.105,0.0438,,,yf_premarket,0.2651535454029095,0.04676823498547454,0.08914064731658959,0.2,0.5,blocked,0.0056794357614647255,1.2444,,,new,15:06:34,2026-06-19 15:06:34
EPM,3.9,3.86,0.010362721759395723,0.8697106970040153,0.0,388520,1,0.11133186306378733,0.14610105709034665,0.03785001581890449,,,yf_premarket,0.09007782980790292,0.11173379255660684,0.07666841923377377,0.2,0.5,blocked,0.0980906875773679,1.2441,,,new,15:06:34,2026-06-19 15:06:34
SLB,48.1181,48.09,0.0005843178898512759,2.552705506647426,0.0,16395820,1,0.046556707652780326,2.104999542236328,0.04377208433265207,,,yf_premarket,0.2651541182409167,0.04672478634453371,0.08908213109878961,0.2,0.5,blocked,0.005530993199474905,1.244,,,new,15:06:34,2026-06-19 15:06:34
BTU,24.94,24.8,0.005645192227677188,1.2788926942081917,0.0,3165160,2,0.0031543454154139036,1.3570003509521484,0.054717757770100184,,,yf_premarket,0.13264365648403723,0.0031657332105886637,0.11202621489410752,0.4,0.5,blocked,0.053435844363687576,1.2415,,,new,15:06:34,2026-06-19 15:06:34
BTU,24.94,24.8,0.0056,1.2789,,3165160,2,0.0032,1.357,0.0547,,,yf_premarket,0.13264441648098227,0.0032115526170282942,0.11198899144070149,0.4,0.5,blocked,0.05300806710700411,1.2409,,,new,15:06:34,2026-06-19 15:06:34
LYB,60.24,60.07,0.0028300367244788066,1.6859398551203908,0.0,5745460,1,0.0967741651947714,2.5350006103515623,0.042200776148330565,,,yf_premarket,0.17498740332233134,0.09712353859124893,0.08578838888590785,0.2,0.5,blocked,0.02678835296543905,1.2398,,,new,15:06:34,2026-06-19 15:06:34
LYB,60.24,60.07,0.0028,1.6859,,5745460,1,0.0968,2.535,0.0422,,,yf_premarket,0.17498325732823017,0.0971494666651059,0.08578676194057316,0.2,0.5,blocked,0.026504033553502056,1.2394,,,new,15:06:34,2026-06-19 15:06:34
CGNT,8.32,8.32,3.667978277980751e-08,1.6110366398570153,0.0,895200,0,0.21632613341326037,0.3589000701904297,0.043137029249375757,,,yf_premarket,0.1671954738137731,0.2171071124671776,0.08775094237581128,0.0,0.5,blocked,3.4720078340399466e-07,1.2289,,,new,15:06:34,2026-06-19 15:06:34
CGNT,8.32,8.32,0.0,1.611,,895200,0,0.2163,0.3589,0.0431,,,yf_premarket,0.16719166229270468,0.21708088470725626,0.0876733224645824,0.0,0.5,blocked,0.0,1.2288,,,new,15:06:34,2026-06-19 15:06:34
DBVT,15.53,15.53,1.7194385869005662e-08,1.1303243109715213,0.0,283370,2,0.04193551562702848,1.0319998741149903,0.06645202136893717,,,yf_premarket,0.11718858736170229,0.04208691092450445,0.1366233243206458,0.4,0.5,blocked,1.6275735000142419e-07,1.2283,,,new,15:06:34,2026-06-19 15:06:34
DBVT,15.53,15.53,0.0,1.1303,,283370,2,0.0419,1.032,0.0665,,,yf_premarket,0.11718605837311732,0.04205126707921423,0.13672389608882263,0.4,0.5,blocked,0.0,1.2282,,,new,15:06:34,2026-06-19 15:06:34
CXM,5.04,5.04,0.0,2.1634,,3813340,0,0.1613,0.215,0.0427,,,yf_premarket,0.2246559760126549,0.16188232410208245,0.0868348511205783,0.0,0.5,blocked,0.0,1.2042,,,new,15:06:34,2026-06-19 15:06:34
CXM,5.04,5.04,7.568843845338416e-09,2.163405308731978,0.0,3813340,0,0.16129019853349474,0.21499996185302733,0.04265872291276358,,,yf_premarket,0.2246565282621839,0.1618724872503932,0.08674832698354906,0.0,0.5,blocked,7.164460401359533e-08,1.2041,,,new,15:06:34,2026-06-19 15:06:34
DAR,53.5,53.68,-0.00335320983890579,1.9934002124857404,0.0,2042490,0,0.17873822612961418,1.813999557495117,0.03379283806226455,,,yf_premarket,0.20697146999881658,0.1793835055904867,0.06816385101759015,0.0,0.5,blocked,0.0,1.2033,,,new,15:06:34,2026-06-19 15:06:34
DAR,53.5,53.68,-0.0034,1.9934,,2042490,0,0.1787,1.814,0.0338,,,yf_premarket,0.20697144789463984,0.1793451414571738,0.06817886371648692,0.0,0.5,blocked,0.0,1.2032,,,new,15:06:34,2026-06-19 15:06:34
COLD,14.07,14.07,0.0,0.9936,,4231540,2,0.0494,0.4826,0.0343,,,yf_premarket,0.10296561723351341,0.04957834352537429,0.06922695289649206,0.4,0.5,blocked,0.0,1.1882,,,new,15:06:34,2026-06-19 15:06:34
COLD,14.07,14.07,2.168982147501246e-08,0.9935862593760192,0.0,4231540,2,0.049382270294029924,0.48260021209716797,0.03429994474517985,,,yf_premarket,0.1029641878426243,0.049560549811747,0.06922683707253377,0.4,0.5,blocked,2.053099129082856e-07,1.1882,,,new,15:06:34,2026-06-19 15:06:34
EARN,4.42,4.39,0.006833743605195315,0.9140618146729437,0.0,341990,1,0.10869502119851973,0.10799994468688964,0.024601354891007947,,,yf_premarket,0.09469152738132386,0.10908743118376624,0.04889686289760352,0.2,0.5,blocked,0.06468634636004526,1.1817,,,new,15:06:34,2026-06-19 15:06:34
EARN,4.42,4.39,0.0068,0.9141,,341990,1,0.1087,0.108,0.0246,,,yf_premarket,0.09469549967244165,0.10909242795967988,0.048894022804392485,0.2,0.5,blocked,0.06436693862993356,1.1812,,,new,15:06:34,2026-06-19 15:06:34
ASIX,19.86,19.86,-3.073270615864446e-08,1.6197454685692247,0.0,207440,1,0.09036179879078682,0.882499885559082,0.04443604523854342,,,yf_premarket,0.16810142396810276,0.09068802230810487,0.09047391158161187,0.2,0.5,blocked,0.0,1.1788,,,new,15:06:34,2026-06-19 15:06:34
ASIX,19.86,19.86,-0.0,1.6197,,207440,1,0.0904,0.8825,0.0444,,,yf_premarket,0.1680966940258031,0.09072636143104931,0.09039835433259576,0.2,0.5,blocked,-0.0,1.1788,,,new,15:06:34,2026-06-19 15:06:34
ASAN,6.95,6.92,0.0043352490426736435,1.320433724102193,0.0,5113850,1,0.06885246721783828,0.4733999729156494,0.06841039995611996,,,yf_premarket,0.13696503007940058,0.0691010379007198,0.14072843513580582,0.2,0.5,blocked,0.04103628074636068,1.1756,,,new,15:06:34,2026-06-19 15:06:34
ASAN,6.95,6.92,0.0043,1.3204,,5113850,1,0.0689,0.4734,0.0684,,,yf_premarket,0.13696152187449773,0.06914874228539046,0.14070663497284214,0.2,0.5,blocked,0.04070262295716387,1.1751,,,new,15:06:34,2026-06-19 15:06:34
CLF,12.29,12.28,0.0008143540102820621,1.528420285964207,0.0,19331790,1,0.07441851387418333,0.8170000076293945,0.06653094669340993,,,yf_premarket,0.15860117244068336,0.07468717905874685,0.1367887658778624,0.2,0.5,blocked,0.007708452147480262,1.1672,,,new,15:06:34,2026-06-19 15:06:34
CLF,12.29,12.28,0.0008,1.5284,,19331790,1,0.0744,0.817,0.0665,,,yf_premarket,0.15859906216006914,0.07466859834590783,0.13672389608882263,0.2,0.5,blocked,0.007572581015286302,1.167,,,new,15:06:34,2026-06-19 15:06:34
MUR,34.34,34.29,0.0015,1.5642,,1896890,1,0.0793,1.414,0.0412,,,yf_premarket,0.16232321572845113,0.07958628829073242,0.0836905835805629,0.2,0.5,blocked,0.014198589403661817,1.1658,,,new,15:06:34,2026-06-19 15:06:34
MUR,34.34,34.29,0.0014581243259757064,1.56424463200291,0.0,1896890,1,0.0792506262096138,1.4139995574951172,0.04123649809687885,,,yf_premarket,0.16232785864557128,0.0795367362514426,0.0837670901014219,0.2,0.5,blocked,0.013802205736013462,1.1652,,,new,15:06:34,2026-06-19 15:06:34
AMPH,18.81,18.81,2.839221855776734e-08,1.9961208257529057,0.0,665090,1,0.05313947788396684,0.8079998016357421,0.04295586520875328,,,yf_premarket,0.207254486244825,0.053331321645553396,0.08737119023424643,0.2,0.5,blocked,2.687529690405105e-07,1.1612,,,new,15:06:34,2026-06-19 15:06:34
AMPH,18.81,18.81,0.0,1.9961,,665090,1,0.0531,0.808,0.043,,,yf_premarket,0.2072523198118083,0.05329170123881326,0.08746370462858137,0.2,0.5,blocked,0.0,1.1612,,,new,15:06:34,2026-06-19 15:06:34
CMCSA,22.5,22.43,0.003120806681757652,2.206758754709451,0.0,33777820,1,0.022222730848524306,0.6020002365112305,0.026839065016522418,,,yf_premarket,0.22916644140572198,0.022302959191904264,0.05358750243868281,0.2,0.5,blocked,0.029540701788320793,1.1595,,,new,15:06:34,2026-06-19 15:06:34
CMCSA,22.5,22.43,0.0031,2.2068,,33777820,1,0.0222,0.602,0.0268,,,yf_premarket,0.22917073201454813,0.02228014628063379,0.05350561519641507,0.2,0.5,blocked,0.029343751434234417,1.1591,,,new,15:06:34,2026-06-19 15:06:34
AMH,31.71,31.71,0.0,1.9681,,2608850,1,0.0637,0.6285,0.0198,,,yf_premarket,0.20433957400413522,0.06392996928271949,0.03883236667634322,0.2,0.5,blocked,0.0,1.1538,,,new,15:06:34,2026-06-19 15:06:34
AMH,31.71,31.71,2.8871881773435777e-08,1.9680702225118347,0.0,2608850,1,0.06371822773622786,0.6285207359539455,0.019820900476206934,,,yf_premarket,0.2043364763522132,0.06394826282458982,0.03887617780228209,0.2,0.5,blocked,2.7329332974138797e-07,1.1538,,,new,15:06:34,2026-06-19 15:06:34
AR,33.5,33.22,0.008428620379531359,1.4392491662771687,0.0,5070630,1,0.03740684438136298,1.0830005645751952,0.03260085866283038,,,yf_premarket,0.14932500083232855,0.03754189030241763,0.06566524959491819,0.2,0.5,blocked,0.07978301333886799,1.1516,,,new,15:06:34,2026-06-19 15:06:34
AR,33.5,33.22,0.0084,1.4392,,5070630,1,0.0374,1.083,0.0326,,,yf_premarket,0.14931988622991063,0.037535021211518194,0.0656634496844746,0.2,0.5,blocked,0.07951210066050617,1.1511,,,new,15:06:34,2026-06-19 15:06:34
BP,39.087,39.1,-0.0003324418063518259,1.767428756428665,0.0,8092660,1,0.0681397626317054,0.9140003204345704,0.023375968186789442,,,yf_premarket,0.18346441959581564,0.06838576031360633,0.04632823380557639,0.2,0.5,blocked,0.0,1.1351,,,new,15:06:34,2026-06-19 15:06:34
BP,39.087,39.1,-0.0003,1.7674,,8092660,1,0.0681,0.914,0.0234,,,yf_premarket,0.18346142816127858,0.06834585413113338,0.04637860877238017,0.2,0.5,blocked,0.0,1.1351,,,new,15:06:34,2026-06-19 15:06:34
BCE,23.45,23.28,0.007302375787815634,0.7970688010177038,0.0,3773200,1,0.09134541623525738,0.4118177743900322,0.017689766419391476,,,yf_premarket,0.08252113773663321,0.0916751908012124,0.03440894071010464,0.2,0.5,blocked,0.06912229032162377,1.128,,,new,15:06:34,2026-06-19 15:06:34
BCE,23.45,23.28,0.0073,0.7971,,3773200,1,0.0913,0.4118,0.0177,,,yf_premarket,0.08252438326180773,0.09162961060458853,0.03443039212032165,0.2,0.5,blocked,0.0690998017644875,1.1279,,,new,15:06:34,2026-06-19 15:06:34
ASTC,13.68,13.65,0.0022,0.3445,,698630,0,0.049,5.791,0.4242,,,yf_premarket,0.03544192781349226,0.049176899448245756,0.8865268954644947,0.0,0.5,blocked,0.020824597792037332,1.126,,,new,15:06:34,2026-06-19 15:06:34
ASTC,13.68,13.65,0.0021978302057239535,0.34453144010420395,0.0,698630,0,0.04898648098971034,5.790999889373779,0.4242490880008764,,,yf_premarket,0.03544519842176772,0.0491633316317222,0.8866297926696679,0.0,0.5,blocked,0.020804059113359998,1.126,,,new,15:06:34,2026-06-19 15:06:34
BB,8.38,8.38,-0.0,0.9566,,33825100,1,0.0938,0.708,0.0845,,,yf_premarket,0.09911663170194542,0.09413863608664187,0.17445510656900742,0.2,0.5,blocked,-0.0,1.1242,,,new,15:06:34,2026-06-19 15:06:34
BB,8.38,8.38,-1.3656433845381642e-08,0.9565943633573885,0.0,33825100,1,0.09375015522042293,0.7080000877380371,0.0844868828244965,,,yf_premarket,0.09911604534097627,0.0940886113577994,0.17442761062957252,0.2,0.5,blocked,0.0,1.1241,,,new,15:06:34,2026-06-19 15:06:34
DK,41.47,41.47,-0.0,2.0292,,1208310,1,0.0232,2.205,0.0532,,,yf_premarket,0.2106956014630218,0.023283756473455132,0.10884472390068609,0.2,0.5,blocked,-0.0,1.117,,,new,15:06:34,2026-06-19 15:06:34
DK,41.47,41.47,-2.9435811193742024e-08,2.0291978051989967,0.0,1208310,1,0.023153563165600275,2.205000305175781,0.053170972757892655,,,yf_premarket,0.21069537314525677,0.023237151993129212,0.1087838776239299,0.2,0.5,blocked,0.0,1.1169,,,new,15:06:34,2026-06-19 15:06:34
API,4.15,4.15,-0.0,1.0589,,440640,1,0.0889,0.2775,0.0669,,,yf_premarket,0.10975855656355098,0.0892209461418173,0.13756236743282674,0.2,0.5,blocked,-0.0,1.1119,,,new,15:06:34,2026-06-19 15:06:34
API,4.15,4.15,-2.2980103396096433e-08,1.058914306463326,0.0,440640,1,0.08888884179384096,0.27750000953674314,0.06686747064090703,,,yf_premarket,0.10976004481680367,0.08920974765238249,0.13749418009423103,0.2,0.5,blocked,0.0,1.1118,,,new,15:06:34,2026-06-19 15:06:34
IRT,15.7,15.82,-0.0076,1.6699,,3283980,1,0.0621,0.352,0.0223,,,yf_premarket,0.17331883115241697,0.06232419297420534,0.04407281257636888,0.2,0.5,blocked,0.0,1.1067,,,new,15:06:34,2026-06-19 15:06:34
IRT,15.7,15.82,-0.007585315874783448,1.669864006479942,0.0,3283980,1,0.062069038091705275,0.3520000457763672,0.02225031937842135,,,yf_premarket,0.17331508686760796,0.06229311928745155,0.043968673132503855,0.2,0.5,blocked,0.0,1.1065,,,new,15:06:34,2026-06-19 15:06:34
CMND,3.0601,3.07,-0.0032247340254307013,0.27342237811594355,0.0,4675550,1,0.09202444565490214,0.5199000120162964,0.1693485417985444,,,yf_premarket,0.028047961914843784,0.09235667164799344,0.35231278376554265,0.2,0.5,blocked,0.0,1.1029,,,new,15:06:34,2026-06-19 15:06:34
CMND,3.0601,3.07,-0.0032,0.2734,,4675550,1,0.092,0.5199,0.1693,,,yf_premarket,0.02804563399472242,0.09233213773956346,0.3522110314978779,0.2,0.5,blocked,0.0,1.1028,,,new,15:06:34,2026-06-19 15:06:34
CMC,72.3574,72.36,-0.0,2.206,,1193180,1,0.0092,2.749,0.038,,,yf_premarket,0.22908751070575747,0.009233213773956346,0.07698281282853005,0.2,0.5,blocked,-0.0,1.1006,,,new,15:06:34,2026-06-19 15:06:34
CMC,72.3574,72.36,-3.593988846915627e-05,2.205953837643943,0.0,1193180,1,0.0091863083455734,2.7490005493164062,0.037990609813830546,,,yf_premarket,0.2290827085911476,0.009219472690017223,0.07696312932348517,0.2,0.5,blocked,0.0,1.1005,,,new,15:06:34,2026-06-19 15:06:34
ARCC,18.13,18.03,0.005546273407995977,1.327147546787868,0.0,5196860,1,0.042554141277638784,0.29698737241289164,0.01647184476442448,,,yf_premarket,0.13766344646801346,0.042707769932997686,0.031855959692774945,0.2,0.5,blocked,0.052499505893721994,1.0866,,,new,15:06:34,2026-06-19 15:06:34
ARCC,18.13,18.03,0.0055,1.3271,,5196860,1,0.0426,0.297,0.0165,,,yf_premarket,0.1376585003356195,0.042753794214189164,0.031914978088309336,0.2,0.5,blocked,0.05206149448009332,1.086,,,new,15:06:34,2026-06-19 15:06:34
ATOS,2.03,2.01,0.01,0.4869,,394090,1,0.0211,0.237,0.1179,,,yf_premarket,0.050255320778229605,0.021176175068530315,0.2444674637933503,0.2,0.5,blocked,0.09465726269107877,1.082,,,new,15:06:34,2026-06-19 15:06:34
ATOS,2.03,2.01,0.009950253548077603,0.4869446065619529,0.0,394090,1,0.021052610444891557,0.2370000123977661,0.11791045448868051,,,yf_premarket,0.05025996104881257,0.021128614427990213,0.24448937826628733,0.2,0.5,blocked,0.09418637639432204,1.0812,,,new,15:06:34,2026-06-19 15:06:34
LBTYA,11.2,11.2,0.0,1.8146,,1882950,1,0.0303,0.389,0.0347,,,yf_premarket,0.18837148537992748,0.030409388842486663,0.07006542424049618,0.2,0.5,blocked,0.0,1.0784,,,new,15:06:34,2026-06-19 15:06:34
LBTYA,11.2,11.2,1.7029898733830595e-08,1.814599431742744,0.0,1882950,1,0.030303008409675463,0.38899984359741213,0.034732129484110724,,,yf_premarket,0.18837142626603676,0.030412408113101138,0.07013277336980736,0.2,0.5,blocked,1.6120035980506725e-07,1.0784,,,new,15:06:34,2026-06-19 15:06:34
CSHR,3.9739,3.97,0.001,0.8097,,216760,1,0.0833,0.266,0.067,,,yf_premarket,0.08383511887526061,0.08360072906201778,0.13777198526882775,0.2,0.5,blocked,0.009465726269107877,1.076,,,new,15:06:34,2026-06-19 15:06:34
CSHR,3.9739,3.97,0.0009823605444999836,0.8096512271636833,0.0,216760,1,0.08333326710593972,0.2659998893737793,0.06700249054328027,,,yf_premarket,0.08383004520117099,0.08363411626862455,0.13777720589175652,0.2,0.5,blocked,0.009298756011808611,1.0759,,,new,15:06:34,2026-06-19 15:06:34
AKR,21.13,21.13,3.971762568741591e-08,1.074655190246842,0.0,2223690,1,0.08762888118302775,0.4910003662109375,0.023237121898358082,,,yf_premarket,0.111397516004286,0.08794523834081695,0.046037187220398824,0.2,0.5,blocked,3.759561728159666e-07,1.066,,,new,15:06:34,2026-06-19 15:06:34
AKR,21.13,21.13,0.0,1.0747,,2223690,1,0.0876,0.491,0.0232,,,yf_premarket,0.1114021774121665,0.08791625289114956,0.04595937310037811,0.2,0.5,blocked,0.0,1.0659,,,new,15:06:34,2026-06-19 15:06:34
DDL,2.08,2.05,0.014634169942208532,1.9411823604296892,0.0,699110,0,0.0,0.0996999979019165,0.048634146449255275,,,yf_premarket,0.20153942251088958,0.0,0.09927388049263895,0.0,0.5,blocked,0.1385230468485522,1.0597,,,new,15:06:34,2026-06-19 15:06:34
DDL,2.08,2.05,0.0146,1.9412,,699110,0,0.0,0.0997,0.0486,,,yf_premarket,0.20154125749604931,0.0,0.09920230344463886,0.0,0.5,blocked,0.138199603528975,1.0592,,,new,15:06:34,2026-06-19 15:06:34
BILI,17.2383,17.2,0.002226699730331898,0.8763873668563888,0.0,2637190,1,0.07419457648893062,0.5673000335693359,0.032982558628234925,,,yf_premarket,0.09077238131225,0.07446243321635346,0.06646536080241587,0.2,0.5,blocked,0.021077330130818077,1.0499,,,new,15:06:34,2026-06-19 15:06:34
BILI,17.2383,17.2,0.0022,0.8764,,2637190,1,0.0742,0.5673,0.033,,,yf_premarket,0.09077369549568183,0.07446787630734357,0.06650192102847872,0.2,0.5,blocked,0.020824597792037332,1.0496,,,new,15:06:34,2026-06-19 15:06:34
FATN,5.37,5.29,0.015122880666137027,0.47843689491286745,0.0,284050,0,0.03557317989104366,0.8127999782562256,0.15364839019233395,,,yf_premarket,0.04937493242599954,0.03570160592971861,0.3194024657197239,0.0,0.5,blocked,0.1431490487860369,1.0199,,,new,15:06:34,2026-06-19 15:06:34
FATN,5.37,5.29,0.0151,0.4784,,284050,0,0.0356,0.8128,0.1536,,,yf_premarket,0.04937109437232885,0.035728522864439775,0.3193010312457167,0.0,0.5,blocked,0.14293246666352896,1.0196,,,new,15:06:34,2026-06-19 15:06:34
BEKE,15.01,14.91,0.006706918417926555,1.132103173279055,0.0,4495350,1,0.0095691443804149,0.3484999656677246,0.02337357271859482,,,yf_premarket,0.11737363642344144,0.009603690836763459,0.04632321247698473,0.2,0.5,blocked,0.06348585385333085,1.0137,,,new,15:06:34,2026-06-19 15:06:34
BEKE,15.01,14.91,0.0067,1.1321,,4495350,1,0.0096,0.3485,0.0234,,,yf_premarket,0.11737330631789632,0.009634657851084883,0.04637860877238017,0.2,0.5,blocked,0.06342036600302278,1.0136,,,new,15:06:34,2026-06-19 15:06:34
CIG,2.06,2.05,0.0049,1.2126,,9179060,0,0.1111,0.055,0.0268,,,yf_premarket,0.1257474505149564,0.1115010924224511,0.05350561519641507,0.0,0.5,blocked,0.0463820587186286,1.0079,,,new,15:06:34,2026-06-19 15:06:34
CIG,2.06,2.05,0.004878072154302673,1.2126078269452427,0.0,9179060,0,0.11111096393920329,0.05499999523162842,0.02682926659070612,,,yf_premarket,0.12574826472574005,0.11151209594358899,0.053566963190524515,0.0,0.5,blocked,0.046174495733586465,1.0077,,,new,15:06:34,2026-06-19 15:06:34
CVE,25.2645,25.16,0.0042,1.1004,,9688910,0,0.1181,0.9287,0.0369,,,yf_premarket,0.11407566195706643,0.11852636377220048,0.07467701663251876,0.0,0.5,blocked,0.03975605033025308,1.0051,,,new,15:06:34,2026-06-19 15:06:34
CVE,25.2645,25.16,0.004153424213897241,1.1004024188479407,0.0,9688910,0,0.11812072948138448,0.9286846566413203,0.03691115509831143,,,yf_premarket,0.11407591358168066,0.11854716809100985,0.07470039970820296,0.0,0.5,blocked,0.03931517668823585,1.0045,,,new,15:06:34,2026-06-19 15:06:34
OXLC,8.32,8.32,3.667978277980751e-08,1.276347117336878,0.0,1369220,1,0.03629711513175952,0.23402556781440875,0.028128074086348046,,,yf_premarket,0.13237884868546476,0.03642815471624362,0.05628949535670825,0.2,0.5,blocked,3.4720078340399466e-07,0.9996,,,new,15:06:34,2026-06-19 15:06:34
OXLC,8.32,8.32,0.0,1.2763,,1369220,1,0.0363,0.234,0.0281,,,yf_premarket,0.13237394722741264,0.03643104999941471,0.056230647064428416,0.2,0.5,blocked,0.0,0.9995,,,new,15:06:34,2026-06-19 15:06:34
RELX,31.28,31.18,0.0032071742734274527,0.9226212007942058,0.0,2488020,1,0.03056756556409652,0.7809999465942383,0.025048105803404844,,,yf_premarket,0.09558193152564391,0.030677920369861923,0.049833332492484735,0.2,0.5,blocked,0.03035823376958921,0.9752,,,new,15:06:34,2026-06-19 15:06:34
RELX,31.28,31.18,0.0032,0.9226,,2488020,1,0.0306,0.781,0.025,,,yf_premarket,0.0955797260783424,0.03071047190033306,0.049732494148396596,0.2,0.5,blocked,0.030290324061145207,0.9751,,,new,15:06:34,2026-06-19 15:06:34
FJET,5.1744,5.22,-0.008735592341848711,0.9089756235028885,0.0,2129100,0,0.0582241130892457,1.0179999351501465,0.19501915250321705,,,yf_premarket,0.0941624280239095,0.0584343133643495,0.40612296241292534,0.0,0.5,blocked,0.0,0.9612,,,new,15:06:34,2026-06-19 15:06:34
FJET,5.1744,5.22,-0.0087,0.909,,2129100,0,0.0582,1.018,0.195,,,yf_premarket,0.0941649638289012,0.058410113222202104,0.40608281535014173,0.0,0.5,blocked,0.0,0.9611,,,new,15:06:34,2026-06-19 15:06:34
ERIC,11.38,11.38,-0.0,1.145,,10574910,1,0.0116,0.356,0.0313,,,yf_premarket,0.11871524992214569,0.011641878236727566,0.06293841781646127,0.2,0.5,blocked,-0.0,0.9328,,,new,15:06:34,2026-06-19 15:06:34
ERIC,11.38,11.38,-1.005631951109829e-08,1.145021565195354,0.0,10574910,1,0.011560954930908245,0.3560000419616699,0.03128295592105621,,,yf_premarket,0.11871749327687278,0.011602692207407667,0.06290269038701299,0.2,0.5,blocked,0.0,0.9327,,,new,15:06:34,2026-06-19 15:06:34
ELME,2.03,2.01,0.01,1.7125,,986750,0,0.0,0.027,0.0134,,,yf_premarket,0.1777503658455196,0.0,0.025416825172277512,0.0,0.5,blocked,0.09465726269107877,0.9213,,,new,15:06:34,2026-06-19 15:06:34
ELME,2.03,2.01,0.009950253548077603,1.7124904991132506,0.0,986750,0,0.0,0.02699997425079346,0.013432823074079026,,,yf_premarket,0.17774937750023215,0.0,0.02548562818987098,0.0,0.5,blocked,0.09418637639432204,0.9206,,,new,15:06:34,2026-06-19 15:06:34
EQNR,32.38,32.38,-0.0,1.3212,,4396600,0,0.0831,0.9,0.0278,,,yf_premarket,0.13704474318328838,0.08340000702345352,0.05560179355642533,0.0,0.5,blocked,-0.0,0.9002,,,new,15:06:34,2026-06-19 15:06:34
EQNR,32.38,32.38,-3.29868806850913e-08,1.3212027475776738,0.0,4396600,0,0.08308173333598402,0.9000001907348633,0.02779494011879754,,,yf_premarket,0.1370450290045509,0.08338167441325824,0.05559118714294452,0.0,0.5,blocked,0.0,0.9001,,,new,15:06:34,2026-06-19 15:06:34
CNQ,41.16,41.05,0.0027,1.6637,,10115120,0,0.0345,1.293,0.0315,,,yf_premarket,0.17267386600928938,0.0346245516523363,0.06335765348846333,0.0,0.5,blocked,0.02555746092659127,0.8983,,,new,15:06:34,2026-06-19 15:06:34
CNQ,41.16,41.05,0.002679677587914287,1.663677741835984,0.0,10115120,0,0.03453208189252978,1.292999267578125,0.031498155703028274,,,yf_premarket,0.17267155056736352,0.034656749366684184,0.06335378751306175,0.0,0.5,blocked,0.0253650945366599,0.898,,,new,15:06:34,2026-06-19 15:06:34
AGRO,9.24,9.24,2.4770762101757612e-08,1.6521396239125257,0.0,1217270,0,0.03960392611698721,0.55,0.05952381099825965,,,yf_premarket,0.17147127897414954,0.03974690392675172,0.12210055966803289,0.0,0.5,blocked,2.3447325353242887e-07,0.8978,,,new,15:06:34,2026-06-19 15:06:34
AGRO,9.24,9.24,0.0,1.6521,,1217270,0,0.0396,0.55,0.0595,,,yf_premarket,0.1714671570318248,0.039742963635725145,0.12205064756875075,0.0,0.5,blocked,0.0,0.8977,,,new,15:06:34,2026-06-19 15:06:34
BWLP,18.07,18.1,-0.0017,1.7847,,569720,0,0.035,0.7275,0.0402,,,yf_premarket,0.18526108896387658,0.03512635674874697,0.08159440522055263,0.0,0.5,blocked,0.0,0.8889,,,new,15:06:34,2026-06-19 15:06:34
BWLP,18.07,18.1,-0.0016574796042788944,1.7847363617215475,0.0,569720,0,0.03496495412803247,0.7274932136685486,0.04019299438321204,,,yf_premarket,0.1852648715514479,0.03509118435442405,0.0815797201982432,0.0,0.5,blocked,0.0,0.8889,,,new,15:06:34,2026-06-19 15:06:34
XRX,3.01,3.02,-0.0033,1.3016,,4503240,0,0.0395,0.278,0.0921,,,yf_premarket,0.13500582111791723,0.03964260261644301,0.19038606210508544,0.0,0.5,blocked,0.0,0.877,,,new,15:06:34,2026-06-19 15:06:34
XRX,3.01,3.02,-0.00331125198333477,1.301618390314529,0.0,4503240,0,0.039473647060816505,0.278000020980835,0.09205298766112795,,,yf_premarket,0.13500773420047246,0.039616154538067654,0.19028751585768836,0.0,0.5,blocked,0.0,0.8769,,,new,15:06:34,2026-06-19 15:06:34
AA,59.472,59.37,0.001718057435578895,1.1907108273704958,0.0,5834750,0,0.021843876399046985,3.6707996368408202,0.06182920166551343,,,yf_premarket,0.12347039352174137,0.021922737004813106,0.12693306969609988,0.0,0.5,blocked,0.01626266139979526,0.8169,,,new,15:06:34,2026-06-19 15:06:34
AA,59.472,59.37,0.0017,1.1907,,5834750,0,0.0218,3.6708,0.0618,,,yf_premarket,0.1234692671868121,0.021878702203505254,0.12687185779677437,0.0,0.5,blocked,0.01609173465748339,0.8165,,,new,15:06:34,2026-06-19 15:06:34
DSGX,67.33,67.33,-2.7195227081677626e-08,1.074986991462545,0.0,518890,0,0.0026245650477621446,2.713001251220703,0.04029409145165629,,,yf_premarket,0.11143203216857242,0.0026340402336567205,0.0817916376853765,0.0,0.5,blocked,0.0,0.7133,,,new,15:06:34,2026-06-19 15:06:34
DSGX,67.33,67.33,-0.0,1.075,,518890,0,0.0026,2.713,0.0403,,,yf_premarket,0.11143338540296299,0.002609386501335489,0.08180402305655367,0.0,0.5,blocked,-0.0,0.7133,,,new,15:06:34,2026-06-19 15:06:34
