ticker,premarket_price,yesterday_close,gap_pct,rvol,avg_volume_10d,trend_5d,breakout_score,atr_10d,volatility_score,rsi,price_source,norm_rvol,norm_breakout,norm_volatility,norm_trend,rsi_score,rsi_label,norm_gap,score,score_prev,score_trend,trend_dir,scan_time_utc,snapshot_utc
LFST,10.555,10.28,0.0268,3.1426,4588360,5,0.9897,0.3437,0.0334,94.2,yf_premarket,0.4021652888331499,0.9897,0.053788509575353874,1.0,5.0,🔥 90+,0.0948001414927485,8.7517,8.7107,0.041,steady,16:43:01,2026-06-29 16:43:01
BCAX,28.01,26.87,0.0424,3.8527,1194320,5,0.8458,1.4792,0.0551,93.9,yf_premarket,0.4930383148626859,0.8458,0.08992506244796004,1.0,5.0,🔥 90+,0.14998231340643792,8.7011,8.6419,0.059,steady,16:43:01,2026-06-29 16:43:01
CRVS,14.05,13.49,0.0415,2.4233,1415570,5,0.9803,0.7114,0.0527,90.2,yf_premarket,0.310114918993627,0.9803,0.08592839300582847,1.0,5.0,🔥 90+,0.14679872656526352,8.6889,8.602,0.087,steady,16:43:01,2026-06-29 16:43:01
GALT,4.85,4.99,-0.0281,4.024,1608370,4,0.9841,0.446,0.0894,96.2,yf_premarket,0.5149599447160298,0.9841,0.14704412989175683,0.8,5.0,🔥 90+,0.0,8.6142,8.6359,-0.022,steady,16:43:01,2026-06-29 16:43:01
ETON,36.285,35.7,0.0164,2.3442,428070,5,0.9431,1.546,0.0433,90.2,yf_premarket,0.2999923216708044,0.9431,0.07027477102414655,1.0,5.0,🔥 90+,0.05801202688362222,8.4583,8.4417,0.017,steady,16:43:01,2026-06-29 16:43:01
BLZE,15.435,14.56,0.0601,1.088,7688660,4,0.9867,1.226,0.0842,93.0,yf_premarket,0.13923370274628244,0.9867,0.13838467943380514,0.8,5.0,🔥 90+,0.21259285461620092,8.3703,8.2055,0.165,steady,16:43:01,2026-06-29 16:43:01
AVAH,8.685,8.66,0.0029,2.357,2731780,5,0.9284,0.3205,0.037,98.1,yf_premarket,0.30163036523252545,0.9284,0.0597835137385512,1.0,5.0,🔥 90+,0.010258224266006366,8.3545,8.3554,-0.001,steady,16:43:01,2026-06-29 16:43:01
CARE,33.12,33.6,-0.0143,2.2861,550290,5,0.9397,0.844,0.0251,94.7,yf_premarket,0.2925571395664303,0.9397,0.03996669442131557,1.0,5.0,🔥 90+,0.0,8.3382,8.3442,-0.006,steady,16:43:01,2026-06-29 16:43:01
CON,29.76,30.18,-0.0139,2.6704,1121430,4,0.9788,0.6235,0.0207,97.1,yf_premarket,0.34173683806403726,0.9788,0.03263946711074105,0.8,5.0,🔥 90+,0.0,8.2865,8.2914,-0.005,steady,16:43:01,2026-06-29 16:43:01
AGIO,37.815,37.9,-0.0022,2.645,1450350,4,0.9601,1.624,0.0428,90.8,yf_premarket,0.3384863453712472,0.9601,0.0694421315570358,0.8,5.0,🔥 90+,0.0,8.2627,8.273,-0.01,steady,16:43:01,2026-06-29 16:43:01
ANRO,27.54,27.04,0.0185,5.8827,750490,5,0.9891,1.7586,0.065,84.6,yf_premarket,0.7528217859793709,0.9891,0.1064113238967527,1.0,4.0,strong ✓,0.06544039617969578,8.2588,8.2389,0.02,steady,16:43:01,2026-06-29 16:43:01
DNLI,25.594,25.57,0.0009,2.8721,2272480,4,0.9217,1.2496,0.0489,90.2,yf_premarket,0.3675488213764685,0.9217,0.07960033305578684,0.8,5.0,🔥 90+,0.0031835868411743897,8.2393,8.2575,-0.018,steady,16:43:01,2026-06-29 16:43:01
AMLX,18.33,17.79,0.0304,1.7805,2000730,5,0.8061,1.0212,0.0574,90.3,yf_premarket,0.22785441887845206,0.8061,0.09375520399666944,1.0,5.0,🔥 90+,0.10753448885744606,8.1622,8.0559,0.106,steady,16:43:01,2026-06-29 16:43:01
GPCR,50.43,49.71,0.0145,0.9612,921490,5,0.9324,2.1139,0.0425,92.8,yf_premarket,0.12300683371298407,0.9324,0.06894254787676937,1.0,5.0,🔥 90+,0.05129112133003184,8.1607,8.1403,0.02,steady,16:43:01,2026-06-29 16:43:01
DIBS,5.55,5.23,0.0612,5.711,517140,3,0.9925,0.3014,0.0576,80.6,yf_premarket,0.7308489672647233,0.9925,0.09408825978351373,0.6,4.0,strong ✓,0.2164839051998585,8.053,7.9495,0.104,steady,16:43:01,2026-06-29 16:43:01
CXW,30.53,30.77,-0.0078,1.5627,1693530,4,0.9604,1.185,0.0385,95.0,yf_premarket,0.1999820838985437,0.9604,0.06228143213988343,0.8,5.0,🔥 90+,0.0,8.0519,8.0612,-0.009,steady,16:43:01,2026-06-29 16:43:01
ATAI,5.24,5.29,-0.0095,5.3751,11757470,4,0.987,0.369,0.0698,80.7,yf_premarket,0.6878631209848737,0.987,0.11440466278101581,0.8,4.0,strong ✓,0.0,7.863,7.8799,-0.017,steady,16:43:01,2026-06-29 16:43:01
GLUE,22.98,22.29,0.031,2.9823,1985010,5,0.9845,1.488,0.0668,86.9,yf_premarket,0.38165135266565997,0.9845,0.10940882597835136,1.0,4.0,strong ✓,0.10965688008489564,7.7607,7.7211,0.04,steady,16:43:01,2026-06-29 16:43:01
EVC,12.87,12.03,0.0698,2.0434,2134210,5,0.9646,0.6913,0.0575,81.0,yf_premarket,0.26149829797036167,0.9646,0.09392173189009159,1.0,4.0,strong ✓,0.24690484612663602,7.7388,7.6473,0.091,steady,16:43:01,2026-06-29 16:43:01
FENC,11.09,11.02,0.0064,3.1371,358070,5,0.9821,0.5124,0.0465,86.5,yf_premarket,0.401461441990223,0.9821,0.07560366361365528,1.0,4.0,strong ✓,0.022638839759462327,7.6382,7.6616,-0.023,steady,16:43:01,2026-06-29 16:43:01
BY,37.44,37.55,-0.0029,3.1452,407920,5,0.9967,0.7213,0.0192,89.0,yf_premarket,0.4024980164316245,0.9967,0.03014154870940882,1.0,4.0,strong ✓,0.0,7.6122,7.6168,-0.005,steady,16:43:01,2026-06-29 16:43:01
ALMS,26.79,26.4,0.0148,3.2687,1885930,4,0.9821,1.7828,0.0675,82.4,yf_premarket,0.41830257735916665,0.9821,0.1105745212323064,0.8,4.0,strong ✓,0.05235231694375663,7.5255,7.4891,0.036,steady,16:43:01,2026-06-29 16:43:01
RAIL,9.645,10.2,-0.0544,4.7193,438900,3,0.9612,0.6,0.0588,82.9,yf_premarket,0.6039389828773258,0.9612,0.09608659450457951,0.6,4.0,strong ✓,0.0,7.4764,,,new,16:43:01,2026-06-29 16:43:01
ALOT,28.475,28.47,0.0002,0.4425,428890,2,0.983,0.404,0.0142,95.9,yf_premarket,0.05662767781730696,0.983,0.021815154038301414,0.4,5.0,🔥 90+,0.0007074637424831977,7.4629,7.4652,-0.002,steady,16:43:01,2026-06-29 16:43:01
CLDX,35.89,35.26,0.0179,3.0365,1576080,4,0.962,1.399,0.0397,86.4,yf_premarket,0.3885874433723222,0.962,0.0642797668609492,0.8,4.0,strong ✓,0.0633180049522462,7.434,7.3919,0.042,steady,16:43:01,2026-06-29 16:43:01
ALKS,53.275,55.08,-0.0328,2.2145,3415360,5,0.9832,2.094,0.038,89.1,yf_premarket,0.2833943333930537,0.9832,0.06144879267277269,1.0,4.0,strong ✓,0.0,7.4222,7.4314,-0.009,steady,16:43:01,2026-06-29 16:43:01
EVER,23.29,23.2,0.0039,3.2819,803990,5,0.8629,1.17,0.0504,86.7,yf_premarket,0.4199918097821914,0.8629,0.08209825145711906,1.0,4.0,strong ✓,0.013795542978422354,7.4175,7.4476,-0.03,steady,16:43:01,2026-06-29 16:43:01
ATEN,36.43,34.98,0.0415,1.4567,1511790,5,0.9428,1.378,0.0394,82.4,yf_premarket,0.18641703565304193,0.9428,0.06378018318068276,1.0,4.0,strong ✓,0.14679872656526352,7.4173,7.3303,0.087,steady,16:43:01,2026-06-29 16:43:01
BIOA,24.315,23.76,0.0234,3.4526,903600,4,0.8679,1.7625,0.0742,88.4,yf_premarket,0.44183665634357966,0.8679,0.12173189009159033,0.8,4.0,strong ✓,0.08277325787053413,7.3836,7.405,-0.021,steady,16:43:01,2026-06-29 16:43:01
ASB,30.72,31.34,-0.0198,1.9032,2702590,5,1.0,0.606,0.0193,85.4,yf_premarket,0.24355660208338667,1.0,0.030308076602830972,1.0,4.0,strong ✓,0.0,7.3805,7.3851,-0.005,steady,16:43:01,2026-06-29 16:43:01
FSBC,48.12,48.44,-0.0066,2.6151,204010,5,0.9094,1.327,0.0274,87.1,yf_premarket,0.33465997798878966,0.9094,0.043796835970024976,1.0,4.0,strong ✓,0.0,7.3427,7.3492,-0.006,steady,16:43:01,2026-06-29 16:43:01
GEF,73.09,74.86,-0.0236,1.9111,299820,5,0.9664,2.0209,0.027,85.7,yf_premarket,0.24456758209413634,0.9664,0.04313072439633638,1.0,4.0,strong ✓,0.0,7.3212,7.3277,-0.006,steady,16:43:01,2026-06-29 16:43:01
BCAL,20.7,20.83,-0.0062,3.2031,364300,4,0.9405,0.5026,0.0241,80.9,yf_premarket,0.4099076041053467,0.9405,0.038301415487094086,0.8,4.0,strong ✓,0.0,7.315,7.3207,-0.006,steady,16:43:01,2026-06-29 16:43:01
BKD,15.595,15.71,-0.0073,2.9279,5868330,4,0.96,0.617,0.0393,82.5,yf_premarket,0.37468966752834587,0.96,0.06361365528726062,0.8,4.0,strong ✓,0.0,7.3138,7.3233,-0.01,steady,16:43:01,2026-06-29 16:43:01
KURA,10.88,10.9,-0.0018,2.9164,1808070,4,0.9321,0.522,0.0479,80.2,yf_premarket,0.3732179877658622,0.9321,0.07793505412156536,0.8,4.0,strong ✓,0.0,7.263,7.2746,-0.012,steady,16:43:01,2026-06-29 16:43:01
AROC,40.68,41.95,-0.0303,2.6202,2882730,4,0.9609,1.511,0.036,86.7,yf_premarket,0.3353126359704129,0.9609,0.058118234804329726,0.8,4.0,strong ✓,0.0,7.2538,7.2625,-0.009,steady,16:43:01,2026-06-29 16:43:01
BHRB,70.96,71.34,-0.0053,2.2818,258740,4,0.9943,1.605,0.0225,80.2,yf_premarket,0.2920068593074147,0.9943,0.03563696919233971,0.8,4.0,strong ✓,0.0,7.2444,7.2498,-0.005,steady,16:43:01,2026-06-29 16:43:01
BFST,30.22,30.81,-0.0191,3.0056,401650,4,0.9145,0.6125,0.0199,80.7,yf_premarket,0.38463310383660515,0.9145,0.031307243963363866,0.8,4.0,strong ✓,0.0,7.2216,7.2263,-0.005,steady,16:43:01,2026-06-29 16:43:01
CARG,33.85,33.03,0.0248,1.9088,1620730,4,0.9391,1.4513,0.0439,81.3,yf_premarket,0.2442732461416396,0.9391,0.07127393838467944,0.8,4.0,strong ✓,0.08772550406791652,7.2118,7.1747,0.037,steady,16:43:01,2026-06-29 16:43:01
AOUT,13.25,11.6,0.1422,7.8142,231720,3,0.6375,0.7502,0.0647,73.0,yf_premarket,1.0,0.6375,0.10591174021648624,0.6,3.0,good,0.5030067209055535,7.1825,6.8626,0.32,rising,16:43:01,2026-06-29 16:43:01
CCS,71.39,71.84,-0.0063,1.9443,450040,4,0.987,2.934,0.0408,84.5,yf_premarket,0.24881625758235007,0.987,0.06611157368859284,0.8,4.0,strong ✓,0.0,7.1803,7.1901,-0.01,steady,16:43:01,2026-06-29 16:43:01
EFSC,65.395,66.86,-0.0219,2.9787,395070,4,0.8948,1.5405,0.023,80.3,yf_premarket,0.38119065291392595,0.8948,0.03646960865945045,0.8,4.0,strong ✓,0.0,7.1796,7.1851,-0.006,steady,16:43:01,2026-06-29 16:43:01
APOG,45.95,48.92,-0.0607,3.4004,430950,4,0.8315,2.103,0.043,85.1,yf_premarket,0.4351565099434363,0.8315,0.0697751873438801,0.8,4.0,strong ✓,0.0,7.1506,7.161,-0.01,steady,16:43:01,2026-06-29 16:43:01
CCNE,33.52,33.97,-0.0132,2.839,269600,4,0.8836,0.853,0.0251,80.8,yf_premarket,0.3633129431035807,0.8836,0.03996669442131557,0.8,4.0,strong ✓,0.0,7.1322,7.1381,-0.006,steady,16:43:01,2026-06-29 16:43:01
COMP,11.25,11.4,-0.0132,1.9831,17985840,4,0.9513,0.5703,0.05,87.1,yf_premarket,0.25378157712881677,0.9513,0.08143213988343048,0.8,4.0,strong ✓,0.0,7.124,7.1361,-0.012,steady,16:43:01,2026-06-29 16:43:01
AAL,17.775,17.87,-0.0053,0.9925,164213850,5,0.9517,0.641,0.0359,84.7,yf_premarket,0.12701236211000488,0.9517,0.057951706910907584,1.0,4.0,strong ✓,0.0,7.1229,7.1315,-0.009,steady,16:43:01,2026-06-29 16:43:01
ANAB,63.795,63.15,0.0102,2.3132,588310,3,0.9851,3.1719,0.0502,80.0,yf_premarket,0.2960251849197615,0.9851,0.08176519567027478,0.6,4.0,strong ✓,0.03608065086664309,7.1092,7.0956,0.014,steady,16:43:01,2026-06-29 16:43:01
FTDR,76.23,74.73,0.0201,2.3614,838690,4,0.8593,2.163,0.0289,87.5,yf_premarket,0.30219344270686704,0.8593,0.046294754371357195,0.8,4.0,strong ✓,0.07110010611956137,7.1017,7.0613,0.04,steady,16:43:01,2026-06-29 16:43:01
APLE,16.785,17.04,-0.015,1.5756,3445630,4,0.9808,0.3391,0.0199,84.7,yf_premarket,0.20163292467559057,0.9808,0.031307243963363866,0.8,4.0,strong ✓,0.0,7.0797,7.0844,-0.005,steady,16:43:01,2026-06-29 16:43:01
RIGL,38.43,38.69,-0.0067,1.9887,445120,4,0.9273,1.656,0.0428,87.0,yf_premarket,0.2544982211870697,0.9273,0.0694421315570358,0.8,4.0,strong ✓,0.0,7.0711,,,new,16:43:01,2026-06-29 16:43:01
ACAD,25.04,25.32,-0.0111,3.4261,2151010,5,0.6924,0.869,0.0343,80.3,yf_premarket,0.4384453942822042,0.6924,0.0552872606161532,1.0,4.0,strong ✓,0.0,7.0701,7.0796,-0.01,steady,16:43:01,2026-06-29 16:43:01
EIKN,12.01,11.45,0.0489,5.6566,560900,4,0.9277,0.894,0.0781,76.4,yf_premarket,0.7238872821274092,0.9277,0.12822647793505412,0.8,3.0,good,0.17297488503714184,7.0648,7.0137,0.051,steady,16:43:01,2026-06-29 16:43:01
FBRX,21.96,21.03,0.0442,6.1829,498050,4,0.8922,1.3645,0.0649,76.1,yf_premarket,0.791239026387858,0.8922,0.10624479600333055,0.8,3.0,good,0.1563494870887867,7.0589,6.9932,0.066,steady,16:43:01,2026-06-29 16:43:01
AMTB,24.99,25.42,-0.0169,2.4058,412790,5,0.785,0.669,0.0263,82.5,yf_premarket,0.3078754063115866,0.785,0.041965029142381344,1.0,4.0,strong ✓,0.0,7.0528,7.0591,-0.006,steady,16:43:01,2026-06-29 16:43:01
CTNM,14.8,14.19,0.043,5.7908,671430,4,0.9068,1.085,0.0765,75.2,yf_premarket,0.7410611450948273,0.9068,0.12556203164029975,0.8,3.0,good,0.1521047046338875,7.0161,6.9334,0.083,steady,16:43:01,2026-06-29 16:43:01
AKTS,31.59,29.44,0.073,1.9594,628060,4,0.6862,2.5804,0.0876,80.6,yf_premarket,0.2507486370965678,0.6862,0.14404662781015817,0.8,4.0,strong ✓,0.25822426600636716,7.0079,6.7901,0.218,steady,16:43:01,2026-06-29 16:43:01
BJRI,59.15,59.86,-0.0119,1.8038,771550,4,0.9095,2.454,0.041,88.3,yf_premarket,0.23083617004939727,0.9095,0.06644462947543714,0.8,4.0,strong ✓,0.0,6.9985,7.0083,-0.01,steady,16:43:01,2026-06-29 16:43:01
CPRX,31.445,31.5,-0.0017,1.9214,2116760,3,1.0,0.043,0.0014,84.8,yf_premarket,0.24588569527270868,1.0,0.0004995836802664445,0.6,4.0,strong ✓,0.0,6.9691,6.9693,-0.0,steady,16:43:01,2026-06-29 16:43:01
EE,37.515,37.7,-0.0049,2.1068,483680,4,0.8667,1.287,0.0341,83.5,yf_premarket,0.2696117324870108,0.8667,0.054954204829308906,0.8,4.0,strong ✓,0.0,6.9653,6.9735,-0.008,steady,16:43:01,2026-06-29 16:43:01
CNA,48.5501,48.36,0.0039,0.8593,771890,4,0.9798,0.971,0.0201,80.0,yf_premarket,0.10996647129584602,0.9798,0.031640299750208156,0.8,4.0,strong ✓,0.013795542978422354,6.9611,6.9617,-0.001,steady,16:43:01,2026-06-29 16:43:01
GNW,9.45,9.46,-0.0011,2.1398,3935350,4,0.8667,0.155,0.0164,80.8,yf_premarket,0.27383481354457273,0.8667,0.025478767693588675,0.8,4.0,strong ✓,0.0,6.9569,6.9623,-0.005,steady,16:43:01,2026-06-29 16:43:01
CBRL,53.23,52.85,0.0072,1.9791,1358060,3,0.9448,2.879,0.0545,84.2,yf_premarket,0.25326968851577897,0.9448,0.08892589508742714,0.6,4.0,strong ✓,0.025468694729395117,6.9522,6.9271,0.025,steady,16:43:01,2026-06-29 16:43:01
FWRD,14.5,14.87,-0.0249,1.1632,1807940,4,0.9353,0.868,0.0584,86.4,yf_premarket,0.14885720867139313,0.9353,0.09542048293089092,0.8,4.0,strong ✓,0.0,6.9416,6.9557,-0.014,steady,16:43:01,2026-06-29 16:43:01
CGON,71.27,71.96,-0.0096,3.1408,1544820,3,0.837,3.9458,0.0548,87.1,yf_premarket,0.40193493895728294,0.837,0.08942547876769359,0.6,4.0,strong ✓,0.0,6.9216,6.9349,-0.013,steady,16:43:01,2026-06-29 16:43:01
ALHC,23.355,23.19,0.0071,1.2815,5109860,4,0.8879,0.9753,0.0421,86.8,yf_premarket,0.16399631440198614,0.8879,0.06827643630308076,0.8,4.0,strong ✓,0.02511496285815352,6.8936,6.8964,-0.003,steady,16:43:01,2026-06-29 16:43:01
EPC,27.01,27.72,-0.0256,1.4019,1525250,3,0.9856,1.545,0.0557,83.8,yf_premarket,0.179404161654424,0.9856,0.09092422980849292,0.6,4.0,strong ✓,0.0,6.8858,6.8992,-0.013,steady,16:43:01,2026-06-29 16:43:01
ALXO,2.16,2.04,0.0588,4.8419,2988450,4,0.8816,0.1561,0.0765,72.3,yf_premarket,0.6196283688669346,0.8816,0.12556203164029975,0.8,3.0,good,0.20799434029006011,6.8674,6.8632,0.004,steady,16:43:01,2026-06-29 16:43:01
CNO,51.97,52.52,-0.0105,2.9797,1016400,3,0.835,0.975,0.0186,82.7,yf_premarket,0.3813186250671854,0.835,0.029142381348875934,0.6,4.0,strong ✓,0.0,6.8565,6.8609,-0.004,steady,16:43:01,2026-06-29 16:43:01
GEO,29.68,30.36,-0.0224,1.8836,2754990,3,0.9272,1.033,0.034,87.9,yf_premarket,0.2410483478795014,0.9272,0.054787676935886764,0.6,4.0,strong ✓,0.0,6.8434,6.8515,-0.008,steady,16:43:01,2026-06-29 16:43:01
NVST,26.78,26.96,-0.0067,1.2659,2604340,3,0.9876,0.758,0.0281,81.0,yf_premarket,0.16199994881113872,0.9876,0.044962531223980015,0.6,4.0,strong ✓,0.0,6.8407,6.8474,-0.007,steady,16:43:01,2026-06-29 16:43:01
SMG,66.99,69.91,-0.0418,1.3061,858610,4,0.8639,2.531,0.0362,83.4,yf_premarket,0.16714442937216864,0.8639,0.05845129059117403,0.8,4.0,strong ✓,0.0,6.8077,,,new,16:43:01,2026-06-29 16:43:01
CNOB,32.95,33.23,-0.0084,3.0799,632590,3,0.7991,0.72,0.0217,80.7,yf_premarket,0.39414143482378233,0.7991,0.03430474604496253,0.6,4.0,strong ✓,0.0,6.8066,6.8117,-0.005,steady,16:43:01,2026-06-29 16:43:01
FLNT,3.51,3.32,0.0572,0.07,405790,3,0.8839,0.37,0.1114,83.5,yf_premarket,0.008958050728161554,0.8839,0.18368026644462945,0.6,4.0,strong ✓,0.20233463035019456,6.7766,6.6969,0.08,steady,16:43:01,2026-06-29 16:43:01
BTSG,69.25,68.98,0.0039,2.6352,3965360,3,0.8009,1.9279,0.0279,89.8,yf_premarket,0.33723221826930466,0.8009,0.04462947543713572,0.6,4.0,strong ✓,0.013795542978422354,6.7507,6.7621,-0.011,steady,16:43:01,2026-06-29 16:43:01
ENGS,2.57,2.55,0.0078,0.6679,663700,4,0.8333,0.2263,0.0887,81.1,yf_premarket,0.08547260116198717,0.8333,0.1458784346378018,0.8,4.0,strong ✓,0.02759108595684471,6.7091,6.7017,0.007,steady,16:43:01,2026-06-29 16:43:01
BROS,72.045,71.85,0.0027,1.3985,3790900,2,0.9886,3.301,0.0459,80.3,yf_premarket,0.1789690563333419,0.9886,0.0746044962531224,0.4,4.0,strong ✓,0.00955076052352317,6.6973,6.6998,-0.002,steady,16:43:01,2026-06-29 16:43:01
BOBS,16.5,16.18,0.0198,4.0618,1208080,4,0.9761,0.994,0.0614,77.3,yf_premarket,0.5197972921092371,0.9761,0.10041631973355537,0.8,3.0,good,0.07003891050583658,6.6872,6.654,0.033,steady,16:43:01,2026-06-29 16:43:01
CYH,3.29,3.28,0.003,3.5015,1476200,5,0.9677,0.093,0.0284,79.3,yf_premarket,0.4480944946379668,0.9677,0.04546211490424646,1.0,3.0,good,0.010611956137247965,6.6462,6.6565,-0.01,steady,16:43:01,2026-06-29 16:43:01
CLPT,19.29,18.48,0.0438,0.9939,1501630,2,0.8782,1.475,0.0798,80.0,yf_premarket,0.1271915231245681,0.8782,0.1310574521232306,0.4,4.0,strong ✓,0.1549345596038203,6.6451,6.5851,0.06,steady,16:43:01,2026-06-29 16:43:01
ALRS,30.675,30.82,-0.0047,3.5592,361010,5,0.9643,0.6957,0.0226,79.3,yf_premarket,0.4554784878810371,0.9643,0.03580349708576186,1.0,3.0,good,0.0,6.6297,6.637,-0.007,steady,16:43:01,2026-06-29 16:43:01
GBCI,51.1,52.04,-0.0181,3.2756,1575570,5,0.9893,1.29,0.0248,78.2,yf_premarket,0.41918558521665683,0.9893,0.039467110741049125,1.0,3.0,good,0.0,6.6271,6.633,-0.006,steady,16:43:01,2026-06-29 16:43:01
DMAC,6.97,6.55,0.0641,3.7656,255710,4,0.8561,0.4061,0.062,72.9,yf_premarket,0.48189194031378774,0.8561,0.10141548709408826,0.8,3.0,good,0.2267421294658649,6.6259,6.4541,0.172,steady,16:43:01,2026-06-29 16:43:01
AMRX,17.0,17.23,-0.0133,3.0184,2732900,3,0.7042,0.5714,0.0332,89.9,yf_premarket,0.3862711473983262,0.7042,0.05345545378850958,0.6,4.0,strong ✓,0.0,6.6145,6.6225,-0.008,steady,16:43:01,2026-06-29 16:43:01
ABCL,7.9,7.38,0.0705,2.0836,7471870,4,0.9916,0.5125,0.0694,75.6,yf_premarket,0.2666427785313916,0.9916,0.11373855120732722,0.8,3.0,good,0.24938096922532718,6.6141,6.488,0.126,steady,16:43:01,2026-06-29 16:43:01
CRBP,8.73,8.74,-0.0011,4.2535,566950,4,0.9709,0.5212,0.0596,72.4,yf_premarket,0.5443295538890738,0.9709,0.0974188176519567,0.8,3.0,good,0.0,6.607,6.6508,-0.044,steady,16:43:01,2026-06-29 16:43:01
CTMX,3.5801,3.4,0.053,3.8472,7510450,4,0.8699,0.1798,0.0529,70.0,yf_premarket,0.49233446801975894,0.8699,0.08626144879267278,0.8,3.0,good,0.18747789175804738,6.6026,6.4656,0.137,steady,16:43:01,2026-06-29 16:43:01
AMAL,46.015,46.95,-0.0199,3.5541,207030,5,0.9503,1.124,0.0239,78.1,yf_premarket,0.4548258298994139,0.9503,0.03796835970024979,1.0,3.0,good,0.0,6.6018,6.6075,-0.006,steady,16:43:01,2026-06-29 16:43:01
ESNT,63.82,64.01,-0.003,2.9165,1224780,5,1.0,1.347,0.021,76.8,yf_premarket,0.3732307849811881,1.0,0.03313905079100749,1.0,3.0,good,0.0,6.5764,6.5814,-0.005,steady,16:43:01,2026-06-29 16:43:01
AUB,41.7,41.86,-0.0038,3.0968,1527840,5,0.9808,0.9,0.0215,76.6,yf_premarket,0.3963041642138671,0.9808,0.03397169025811823,1.0,3.0,good,0.0,6.573,6.588,-0.015,steady,16:43:01,2026-06-29 16:43:01
PAYS,8.23,8.17,0.0073,3.8411,694620,4,0.9763,0.41,0.0502,78.8,yf_premarket,0.4915538378848763,0.9763,0.08176519567027478,0.8,3.0,good,0.025822426600636716,6.5695,,,new,16:43:01,2026-06-29 16:43:01
VNCE,7.34,7.76,-0.0541,0.5565,522380,3,0.8725,1.02,0.1314,84.0,yf_premarket,0.07121650328888435,0.8725,0.2169858451290591,0.6,4.0,strong ✓,0.0,6.5603,,,new,16:43:01,2026-06-29 16:43:01
TCBK,53.06,53.91,-0.0158,3.4895,218770,5,0.9326,1.113,0.0206,72.2,yf_premarket,0.4465588287988534,0.9326,0.0324729392173189,1.0,3.0,good,0.0,6.5513,,,new,16:43:01,2026-06-29 16:43:01
XENE,59.31,59.74,-0.0072,4.3331,2040130,4,0.9339,1.8545,0.031,78.8,yf_premarket,0.554516137288526,0.9339,0.04979184013322231,0.8,3.0,good,0.0,6.5245,,,new,16:43:01,2026-06-29 16:43:01
FFIN,34.4,35.24,-0.0238,3.1879,1411950,5,0.9429,0.75,0.0213,78.5,yf_premarket,0.407962427375803,0.9429,0.03363863447127394,1.0,3.0,good,0.0,6.5146,6.5196,-0.005,steady,16:43:01,2026-06-29 16:43:01
FIHL,24.74,24.74,0.0,3.5697,470682,4,1.0,0.6585,0.0266,78.7,prev_close,0.4568221954902614,1.0,0.04246461282264779,0.8,3.0,good,0.0,6.5065,6.5128,-0.006,steady,16:43:01,2026-06-29 16:43:01
ZION,69.17,69.14,0.0004,0.9391,1956140,3,0.8451,1.472,0.0213,80.2,yf_premarket,0.12017864912595021,0.8451,0.03363863447127394,0.6,4.0,strong ✓,0.0014149274849663955,6.4894,,,new,16:43:01,2026-06-29 16:43:01
CSTL,24.42,24.3,0.0049,2.3362,446790,5,0.9904,0.8983,0.037,74.4,yf_premarket,0.2989685444447288,0.9904,0.0597835137385512,1.0,3.0,good,0.017332861690838343,6.4851,6.468,0.017,steady,16:43:01,2026-06-29 16:43:01
FDMT,12.9,11.6,0.1121,1.6746,1206500,4,0.8403,0.9261,0.0798,78.0,yf_premarket,0.21430216784827624,0.8403,0.1310574521232306,0.8,3.0,good,0.39653342766183236,6.4624,6.1672,0.295,steady,16:43:01,2026-06-29 16:43:01
EGBN,28.295,29.13,-0.0287,2.9628,425040,5,0.9316,0.803,0.0276,70.2,yf_premarket,0.3791558956771007,0.9316,0.04412989175686927,1.0,3.0,good,0.0,6.454,6.4606,-0.007,steady,16:43:01,2026-06-29 16:43:01
FFBC,33.575,33.78,-0.0061,2.9587,1147280,5,0.9298,0.697,0.0206,79.1,yf_premarket,0.37863120984873694,0.9298,0.0324729392173189,1.0,3.0,good,0.0,6.4438,6.4487,-0.005,steady,16:43:01,2026-06-29 16:43:01
CBL,53.225,53.43,-0.0038,2.2583,396310,5,0.9928,1.4823,0.0277,72.2,yf_premarket,0.28899951370581767,0.9928,0.04429641965029142,1.0,3.0,good,0.0,6.4412,6.4479,-0.007,steady,16:43:01,2026-06-29 16:43:01
FRME,43.055,43.68,-0.0143,3.494,559530,5,0.8625,1.015,0.0232,77.0,yf_premarket,0.44713470348852097,0.8625,0.03680266444629475,1.0,3.0,good,0.0,6.4141,6.4196,-0.005,steady,16:43:01,2026-06-29 16:43:01
HBNC,19.9,20.29,-0.0192,3.2357,1138790,4,0.9876,0.45,0.0222,77.5,yf_premarket,0.4140794963016048,0.9876,0.03513738551207327,0.8,3.0,good,0.0,6.4139,6.4192,-0.005,steady,16:43:01,2026-06-29 16:43:01
FCF,20.2,20.53,-0.0161,2.3459,876000,5,0.9708,0.376,0.0183,78.4,yf_premarket,0.3002098743313455,0.9708,0.028642797668609492,1.0,3.0,good,0.0,6.4062,6.4106,-0.004,steady,16:43:01,2026-06-29 16:43:01
ALMR,27.38,26.67,0.0266,4.0329,531500,4,0.8147,1.886,0.0707,72.8,yf_premarket,0.5160988968800388,0.8147,0.11590341382181514,0.8,3.0,good,0.0940926777502653,6.4026,6.3265,0.076,steady,16:43:01,2026-06-29 16:43:01
FISI,38.435,38.93,-0.0127,3.2003,289880,5,0.8803,0.87,0.0223,77.4,yf_premarket,0.4095492820762202,0.8803,0.03530391340549542,1.0,3.0,good,0.0,6.3926,6.3979,-0.005,steady,16:43:01,2026-06-29 16:43:01
HOPE,13.39,13.59,-0.0147,2.5334,1405190,5,0.9439,0.277,0.0204,75.9,yf_premarket,0.3242046530674925,0.9439,0.0321398834304746,1.0,3.0,good,0.0,6.3902,6.395,-0.005,steady,16:43:01,2026-06-29 16:43:01
ZBIO,25.25,25.87,-0.024,2.9186,1199390,4,0.9842,1.7762,0.0687,79.7,yf_premarket,0.373499526503033,0.9842,0.11257285595337217,0.8,3.0,good,0.0,6.3849,,,new,16:43:01,2026-06-29 16:43:01
CWT,48.79,49.08,-0.0059,2.959,695780,4,0.9977,0.842,0.0172,70.3,yf_premarket,0.3786696014947148,0.9977,0.02681099084096586,0.8,3.0,good,0.0,6.3768,6.3809,-0.004,steady,16:43:01,2026-06-29 16:43:01
HBT,31.37,31.75,-0.012,3.2886,338650,5,0.859,0.6762,0.0213,75.8,yf_premarket,0.4208492232090298,0.859,0.03363863447127394,1.0,3.0,good,0.0,6.3661,6.3711,-0.005,steady,16:43:01,2026-06-29 16:43:01
BOW,29.68,29.77,-0.003,3.6204,210640,4,0.92,1.068,0.0359,79.5,yf_premarket,0.4633103836605155,0.92,0.057951706910907584,0.8,3.0,good,0.0,6.3639,6.393,-0.029,steady,16:43:01,2026-06-29 16:43:01
GENB,17.255,16.47,0.0477,3.1389,1303560,4,0.819,1.142,0.0693,76.7,yf_premarket,0.40169179186608994,0.819,0.11357202331390506,0.8,3.0,good,0.16873010258224266,6.3504,6.2962,0.054,steady,16:43:01,2026-06-29 16:43:01
CURB,31.205,31.66,-0.0144,2.6949,1279850,5,0.9075,0.7026,0.0222,75.0,yf_premarket,0.34487215581889386,0.9075,0.03513738551207327,1.0,3.0,good,0.0,6.3499,6.3551,-0.005,steady,16:43:01,2026-06-29 16:43:01
FIBK,38.22,38.63,-0.0106,2.0404,1183580,5,0.9668,0.825,0.0214,74.8,yf_premarket,0.2611143815105833,0.9668,0.033805162364696086,1.0,3.0,good,0.0,6.3422,6.3472,-0.005,steady,16:43:01,2026-06-29 16:43:01
CNP,45.02,45.04,-0.0004,1.8136,7649380,5,0.9885,0.93,0.0206,70.1,yf_premarket,0.23209029715133989,0.9885,0.0324729392173189,1.0,3.0,good,0.0,6.3414,6.3463,-0.005,steady,16:43:01,2026-06-29 16:43:01
TDOC,8.6,8.39,0.025,1.9436,4650900,4,0.9962,0.425,0.0507,75.6,yf_premarket,0.2487266770750685,0.9962,0.08259783513738551,0.8,3.0,good,0.08843296781039972,6.3394,,,new,16:43:01,2026-06-29 16:43:01
AARD,4.97,4.79,0.0376,5.3574,310750,4,0.6162,0.4392,0.0917,73.0,yf_premarket,0.6855980138721814,0.6162,0.15087427144046628,0.8,3.0,good,0.13300318358684118,6.3357,6.2083,0.127,steady,16:43:01,2026-06-29 16:43:01
BWB,20.78,20.84,-0.0029,2.6505,382500,5,0.9029,0.5,0.024,72.3,yf_premarket,0.33919019221417424,0.9029,0.03813488759367194,1.0,3.0,good,0.0,6.3337,6.3502,-0.016,steady,16:43:01,2026-06-29 16:43:01
BCRX,9.585,9.94,-0.0357,1.4726,7454370,4,0.5984,0.518,0.0521,80.7,yf_premarket,0.18845179288986716,0.5984,0.08492922564529559,0.8,4.0,strong ✓,0.0,6.3219,6.3345,-0.013,steady,16:43:01,2026-06-29 16:43:01
FHTX,4.69,4.22,0.1114,4.8832,250920,2,0.6753,0.2079,0.0493,70.2,yf_premarket,0.6249136187965499,0.6753,0.08026644462947544,0.4,3.0,good,0.39405730456314114,6.3192,6.0649,0.254,steady,16:43:01,2026-06-29 16:43:01
BUSE,29.33,29.8,-0.0158,2.7262,972420,5,0.8904,0.553,0.0186,77.9,yf_premarket,0.34887768421591464,0.8904,0.029142381348875934,1.0,3.0,good,0.0,6.3187,6.3231,-0.004,steady,16:43:01,2026-06-29 16:43:01
CPF,37.63,37.85,-0.0058,2.1528,219950,5,0.942,0.898,0.0237,77.0,yf_premarket,0.2754984515369456,0.942,0.03763530391340549,1.0,3.0,good,0.0,6.3161,6.3268,-0.011,steady,16:43:01,2026-06-29 16:43:01
ARQT,26.56,27.0,-0.0163,1.6344,2270890,3,0.682,1.179,0.0437,84.6,yf_premarket,0.20915768728724632,0.682,0.07094088259783514,0.6,4.0,strong ✓,0.0,6.3132,6.3237,-0.01,steady,16:43:01,2026-06-29 16:43:01
FBNC,63.45,63.53,-0.0013,2.8387,364220,4,0.9646,1.37,0.0216,75.1,yf_premarket,0.3632745514576028,0.9646,0.03413821815154038,0.8,3.0,good,0.0,6.2912,6.2963,-0.005,steady,16:43:01,2026-06-29 16:43:01
LGIH,63.565,65.84,-0.0346,2.6273,509870,4,0.9717,3.38,0.0513,78.7,yf_premarket,0.33622123825855493,0.9717,0.0835970024979184,0.8,3.0,good,0.0,6.2895,6.3019,-0.012,steady,16:43:01,2026-06-29 16:43:01
HOMB,28.67,29.3,-0.0215,2.8255,2360020,4,0.9631,0.57,0.0195,75.3,yf_premarket,0.3615853190345781,0.9631,0.03064113238967527,0.8,3.0,good,0.0,6.2839,6.2885,-0.005,steady,16:43:01,2026-06-29 16:43:01
ANTX,4.88,5.2,-0.0615,5.3879,676740,3,0.7825,0.462,0.0888,76.1,yf_premarket,0.6895011645465947,0.7825,0.14604496253122398,0.6,3.0,good,0.0,6.2723,6.2938,-0.021,steady,16:43:01,2026-06-29 16:43:01
CNTA,40.5,40.5,0.0,0.0,2877308,2,0.9348,0.171,0.0042,88.6,prev_close,0.0,0.9348,0.005162364696086593,0.4,4.0,strong ✓,0.0,6.2722,6.273,-0.001,steady,16:43:01,2026-06-29 16:43:01
AAT,24.795,25.18,-0.0153,1.8648,529750,5,0.949,0.482,0.0191,74.8,yf_premarket,0.23864247139822375,0.949,0.029975020815986672,1.0,3.0,good,0.0,6.271,6.2755,-0.005,steady,16:43:01,2026-06-29 16:43:01
FHB,29.165,29.55,-0.013,1.5715,1753920,5,0.963,0.6529,0.0221,75.5,yf_premarket,0.20110823884722684,0.963,0.034970857618651124,1.0,3.0,good,0.0,6.2451,6.2504,-0.005,steady,16:43:01,2026-06-29 16:43:01
CBSH,57.83,57.79,0.0007,1.5673,1469310,5,0.9612,0.946,0.0164,79.6,yf_premarket,0.20057075580353714,0.9612,0.025478767693588675,1.0,3.0,good,0.002476123098691192,6.2397,6.2504,-0.011,steady,16:43:01,2026-06-29 16:43:01
COLB,31.77,32.15,-0.0118,1.5771,3420440,5,0.9558,0.722,0.0225,74.9,yf_premarket,0.20182488290547976,0.9558,0.03563696919233971,1.0,3.0,good,0.0,6.2322,6.2375,-0.005,steady,16:43:01,2026-06-29 16:43:01
CIVB,27.875,28.67,-0.0277,3.9426,201870,3,0.9266,0.677,0.0236,72.9,yf_premarket,0.5045430114407106,0.9266,0.037468776019983344,0.6,3.0,good,0.0,6.2287,6.2344,-0.006,steady,16:43:01,2026-06-29 16:43:01
GABC,46.915,47.65,-0.0154,3.9874,255780,5,0.7202,1.186,0.0249,73.1,yf_premarket,0.5102761639067339,0.7202,0.039633638634471266,1.0,3.0,good,0.0,6.2256,6.2316,-0.006,steady,16:43:01,2026-06-29 16:43:01
RRR,66.84,67.26,-0.0062,2.5981,847420,4,0.9505,2.0998,0.0312,76.2,yf_premarket,0.332484451383379,0.9505,0.05012489592006661,0.8,3.0,good,0.0,6.2248,,,new,16:43:01,2026-06-29 16:43:01
ACRS,4.985,5.0,-0.003,3.5754,2472120,4,0.8436,0.2769,0.0554,70.5,yf_premarket,0.45755163676384025,0.8436,0.09042464612822647,0.8,3.0,good,0.0,6.2187,6.2321,-0.013,steady,16:43:01,2026-06-29 16:43:01
DGICA,18.705,18.71,-0.0003,3.789,216390,4,0.8352,0.431,0.023,75.6,yf_premarket,0.4848864887000589,0.8352,0.03646960865945045,0.8,3.0,good,0.0,6.216,6.2214,-0.005,steady,16:43:01,2026-06-29 16:43:01
FTEK,2.005,2.15,-0.0674,0.4779,1177940,2,0.8113,0.233,0.1084,85.0,yf_premarket,0.061157892042691515,0.8113,0.17868442964196501,0.4,4.0,strong ✓,0.0,6.2037,6.23,-0.026,steady,16:43:01,2026-06-29 16:43:01
AGNC,10.84,10.9,-0.0055,2.1756,15480310,4,0.9853,0.17,0.0156,72.4,yf_premarket,0.2784162166312611,0.9853,0.024146544546211488,0.8,3.0,good,0.0,6.2003,6.204,-0.004,steady,16:43:01,2026-06-29 16:43:01
CTO,21.725,21.74,-0.0007,3.2078,436680,3,0.9846,0.393,0.0181,74.2,yf_premarket,0.41050907322566615,0.9846,0.028309741881765195,0.6,3.0,good,0.0,6.1991,6.2034,-0.004,steady,16:43:01,2026-06-29 16:43:01
FSUN,38.01,38.31,-0.0078,4.4042,438720,3,0.8644,1.058,0.0276,70.0,yf_premarket,0.563614957385273,0.8644,0.04412989175686927,0.6,3.0,good,0.0,6.1963,6.2029,-0.007,steady,16:43:01,2026-06-29 16:43:01
BLMN,8.945,8.97,-0.0028,2.2611,2552470,4,0.9565,0.468,0.0522,73.5,yf_premarket,0.28935783573494406,0.9565,0.08509575353871775,0.8,3.0,good,0.0,6.1896,6.2022,-0.013,steady,16:43:01,2026-06-29 16:43:01
EVH,5.595,5.51,0.0154,2.3873,2609770,3,1.0,0.3207,0.0582,76.5,yf_premarket,0.3055079214762868,1.0,0.09508742714404662,0.6,3.0,good,0.054474708171206226,6.1875,6.2095,-0.022,steady,16:43:01,2026-06-29 16:43:01
CMG,32.785,33.34,-0.0166,2.7112,23260850,4,0.9204,1.008,0.0302,70.4,yf_premarket,0.34695810191702287,0.9204,0.048459616985845125,0.8,3.0,good,0.0,6.1855,6.1927,-0.007,steady,16:43:01,2026-06-29 16:43:01
ERAS,17.08,16.01,0.0668,2.8229,6493000,2,0.9148,1.0455,0.0653,78.5,yf_premarket,0.36125259143610355,0.9148,0.10691090757701914,0.4,3.0,good,0.23629288998938802,6.1794,6.0818,0.098,steady,16:43:01,2026-06-29 16:43:01
PCRX,24.78,25.24,-0.0182,1.8543,551540,5,0.895,0.839,0.0332,75.8,yf_premarket,0.23729876378899953,0.895,0.05345545378850958,1.0,3.0,good,0.0,6.1727,,,new,16:43:01,2026-06-29 16:43:01
BRBS,3.575,3.59,-0.0042,3.6183,638800,4,0.8293,0.0764,0.0213,78.7,yf_premarket,0.46304164213867066,0.8293,0.03363863447127394,0.8,3.0,good,0.0,6.17,6.175,-0.005,steady,16:43:01,2026-06-29 16:43:01
ACIW,49.085,49.26,-0.0036,2.3246,1207800,4,0.9477,1.725,0.035,74.8,yf_premarket,0.29748406746691924,0.9477,0.05645295587010825,0.8,3.0,good,0.0,6.1699,6.1783,-0.008,steady,16:43:01,2026-06-29 16:43:01
CMPS,14.91,14.82,0.0061,1.781,3075380,4,0.9683,0.9232,0.0623,71.9,yf_premarket,0.22791840495508178,0.9683,0.1019150707743547,0.8,3.0,good,0.021577644145737533,6.1618,6.1573,0.005,steady,16:43:01,2026-06-29 16:43:01
NWBI,14.955,15.14,-0.0122,2.5929,1710000,5,0.8214,0.301,0.0199,73.9,yf_premarket,0.33181899618642985,0.8214,0.031307243963363866,1.0,3.0,good,0.0,6.1562,6.1609,-0.005,steady,16:43:01,2026-06-29 16:43:01
ACIC,11.07,11.15,-0.0072,3.3744,390470,3,0.9444,0.236,0.0212,75.4,yf_premarket,0.4318292339586906,0.9444,0.03347210657785179,0.6,3.0,good,0.0,6.1533,6.1583,-0.005,steady,16:43:01,2026-06-29 16:43:01
FWRG,12.92,12.74,0.0141,2.5608,1365150,3,0.9726,0.6325,0.0496,71.8,yf_premarket,0.3277110900668015,0.9726,0.08076602830974187,0.6,3.0,good,0.04987619384506544,6.152,6.1191,0.033,steady,16:43:01,2026-06-29 16:43:01
ACT,45.17,45.24,-0.0015,1.8533,381160,5,0.889,0.9199,0.0203,73.9,yf_premarket,0.23717079163574006,0.889,0.03197335553705245,1.0,3.0,good,0.0,6.1497,6.1545,-0.005,steady,16:43:01,2026-06-29 16:43:01
IDYA,36.51,36.74,-0.0063,2.2248,1654610,5,0.8421,1.6145,0.0439,76.0,yf_premarket,0.28471244657162603,0.8421,0.07127393838467944,1.0,3.0,good,0.0,6.1469,6.1575,-0.011,steady,16:43:01,2026-06-29 16:43:01
CFFN,8.375,8.48,-0.0124,2.236,1014860,5,0.8413,0.161,0.019,76.0,yf_premarket,0.2861457346881319,0.8413,0.029808492922564527,1.0,3.0,good,0.0,6.1267,6.1312,-0.005,steady,16:43:01,2026-06-29 16:43:01
AOMR,8.9,9.05,-0.0166,3.169,243070,3,0.939,0.25,0.0276,70.5,yf_premarket,0.4055437536791994,0.939,0.04412989175686927,0.6,3.0,good,0.0,6.1084,6.115,-0.007,steady,16:43:01,2026-06-29 16:43:01
DLO,13.015,12.69,0.0256,4.7811,2891240,3,0.7129,0.4421,0.0348,73.0,yf_premarket,0.6118476619487601,0.7129,0.056119900083263945,0.6,3.0,good,0.09055535903784931,6.1075,6.0718,0.036,steady,16:43:01,2026-06-29 16:43:01
CDNA,29.25,28.82,0.0149,1.3561,1214450,4,0.9598,1.4911,0.0517,76.3,yf_premarket,0.17354303703514118,0.9598,0.084263114071607,0.8,3.0,good,0.05270604881499823,6.1011,6.0766,0.024,steady,16:43:01,2026-06-29 16:43:01
ARHS,8.325,8.41,-0.0101,1.709,1413600,4,0.9632,0.471,0.056,75.6,yf_premarket,0.21870440992040135,0.9632,0.09142381348875937,0.8,3.0,good,0.0,6.1002,6.1137,-0.013,steady,16:43:01,2026-06-29 16:43:01
GHRS,28.68,28.22,0.0163,0.9549,288400,4,0.9886,1.7674,0.0626,78.3,yf_premarket,0.12220060914744951,0.9886,0.10241465445462115,0.8,3.0,good,0.05765829501238061,6.0982,6.0364,0.062,steady,16:43:01,2026-06-29 16:43:01
COYA,5.73,5.5,0.0418,1.148,216990,3,1.0,0.3552,0.0646,74.1,yf_premarket,0.14691203194184946,1.0,0.10574521232306411,0.6,3.0,good,0.1478599221789883,6.095,6.0107,0.084,steady,16:43:01,2026-06-29 16:43:01
FLYW,17.305,17.54,-0.0134,1.89,2839030,4,0.9486,0.7345,0.0419,76.0,yf_premarket,0.2418673696603619,0.9486,0.06794338051623647,0.8,3.0,good,0.0,6.094,6.1041,-0.01,steady,16:43:01,2026-06-29 16:43:01
EBC,21.925,22.09,-0.0075,0.9472,7460800,5,0.9452,0.471,0.0213,78.3,yf_premarket,0.12121522356735176,0.9452,0.03363863447127394,1.0,3.0,good,0.0,6.089,6.0941,-0.005,steady,16:43:01,2026-06-29 16:43:01
FND,58.41,59.61,-0.0201,1.3844,2880100,4,0.9907,2.8083,0.0471,71.9,yf_premarket,0.17716464897238363,0.9907,0.07660283097418819,0.8,3.0,good,0.0,6.0854,6.0968,-0.011,steady,16:43:01,2026-06-29 16:43:01
FMBH,47.525,48.13,-0.0126,3.6838,250420,4,0.7756,1.313,0.0273,76.3,yf_premarket,0.4714238181771647,0.7756,0.04363030807660283,0.8,3.0,good,0.0,6.0802,6.0867,-0.007,steady,16:43:01,2026-06-29 16:43:01
FNB,19.06,19.24,-0.0094,0.9319,4870300,5,0.942,0.376,0.0195,77.6,yf_premarket,0.11925724962248214,0.942,0.03064113238967527,1.0,3.0,good,0.0,6.0782,6.0828,-0.005,steady,16:43:01,2026-06-29 16:43:01
DCTH,12.95,12.94,0.0008,2.5035,563330,3,0.9755,0.5743,0.0444,73.6,yf_premarket,0.32037828568503496,0.9755,0.07210657785179019,0.6,3.0,good,0.002829854969932791,6.0719,6.0796,-0.008,steady,16:43:01,2026-06-29 16:43:01
AM,23.06,23.19,-0.0056,1.3568,3001360,4,0.9951,0.4894,0.0211,74.8,yf_premarket,0.1736326175424228,0.9951,0.03330557868442964,0.8,3.0,good,0.0,6.0673,6.0723,-0.005,steady,16:43:01,2026-06-29 16:43:01
TBPH,17.2,17.63,-0.0244,2.0334,644930,4,0.9281,0.4125,0.0234,76.6,yf_premarket,0.26021857643776714,0.9281,0.03713572023313905,0.8,3.0,good,0.0,6.0651,,,new,16:43:01,2026-06-29 16:43:01
ACVA,7.035,6.93,0.0152,2.7266,3191770,3,0.9034,0.339,0.0489,72.8,yf_premarket,0.3489288730772184,0.9034,0.07960033305578684,0.6,3.0,good,0.05376724442872303,6.0506,6.007,0.044,steady,16:43:01,2026-06-29 16:43:01
BHB,38.175,39.07,-0.0229,3.7532,230070,3,0.8504,1.044,0.0267,76.4,yf_premarket,0.48030508561337054,0.8504,0.042631140716069944,0.6,3.0,good,0.0,6.0426,6.0489,-0.006,steady,16:43:01,2026-06-29 16:43:01
EVMN,16.22,25.18,-0.3558,2.0948,669470,4,0.8876,1.6773,0.0666,76.5,yf_premarket,0.26807606664789746,0.8876,0.10907577019150708,0.8,3.0,good,0.0,6.0319,6.048,-0.016,steady,16:43:01,2026-06-29 16:43:01
CLDT,13.26,13.58,-0.0236,1.6389,538600,4,0.9455,0.439,0.0323,78.5,yf_premarket,0.20973356197691384,0.9455,0.05195670274771024,0.8,3.0,good,0.0,6.0316,6.0393,-0.008,steady,16:43:01,2026-06-29 16:43:01
CLAR,3.255,3.15,0.0333,4.6114,702890,3,0.6667,0.135,0.0429,70.6,yf_premarket,0.5901307875406312,0.6667,0.06960865945045795,0.6,3.0,good,0.11779271312345244,6.0301,5.9903,0.04,steady,16:43:01,2026-06-29 16:43:01
ADPT,21.55,20.96,0.0281,1.2796,5058990,3,0.9912,1.3095,0.0625,71.3,yf_premarket,0.1637531673107932,0.9912,0.102248126561199,0.6,3.0,good,0.09939865581888928,6.0283,5.8943,0.134,steady,16:43:01,2026-06-29 16:43:01
ABSI,11.075,10.89,0.017,1.232,10908560,4,0.906,1.1358,0.1043,78.4,yf_premarket,0.15766169281564332,0.906,0.17185678601165694,0.8,3.0,good,0.06013441811107181,6.0246,6.0197,0.005,steady,16:43:01,2026-06-29 16:43:01
PTLO,4.72,4.74,-0.0042,2.3215,1556990,4,0.8667,0.2435,0.0514,70.3,yf_premarket,0.2970873537918149,0.8667,0.08376353039134055,0.8,3.0,good,0.0,6.0209,,,new,16:43:01,2026-06-29 16:43:01
BLX,61.8399,62.2,-0.0058,3.0687,279500,4,0.7971,1.57,0.0252,75.0,yf_premarket,0.39270814670727655,0.7971,0.04013322231473772,0.8,3.0,good,0.0,6.0033,6.0093,-0.006,steady,16:43:01,2026-06-29 16:43:01
BAX,22.045,22.04,0.0002,1.4324,7162760,4,0.95,0.695,0.0315,71.0,yf_premarket,0.18330731232883724,0.95,0.050624479600333054,0.8,3.0,good,0.0007074637424831977,6.0013,6.0078,-0.006,steady,16:43:01,2026-06-29 16:43:01
DRH,12.27,12.47,-0.016,2.9759,2471470,3,0.9054,0.253,0.0203,76.5,yf_premarket,0.3808323308847995,0.9054,0.03197335553705245,0.6,3.0,good,0.0,5.998,6.0028,-0.005,steady,16:43:01,2026-06-29 16:43:01
FULT,23.99,24.21,-0.0091,1.7683,2672600,4,0.9125,0.645,0.0266,77.3,yf_premarket,0.22629315860868676,0.9125,0.04246461282264779,0.8,3.0,good,0.0,5.9857,5.992,-0.006,steady,16:43:01,2026-06-29 16:43:01
CENTA,38.74,39.32,-0.0148,3.6823,572030,3,0.8255,1.281,0.0326,77.4,yf_premarket,0.4712318599472755,0.8255,0.05245628642797669,0.6,3.0,good,0.0,5.9841,5.9919,-0.008,steady,16:43:01,2026-06-29 16:43:01
DIN,36.045,36.86,-0.0221,1.7638,438040,3,1.0,1.5739,0.0427,78.3,yf_premarket,0.22571728391901924,1.0,0.06927560366361366,0.6,3.0,good,0.0,5.9732,5.9835,-0.01,steady,16:43:01,2026-06-29 16:43:01
ATMU,50.935,53.87,-0.0545,2.4313,1167410,3,0.9361,1.8966,0.0352,75.0,yf_premarket,0.3111386962197026,0.9361,0.056786011656952545,0.6,3.0,good,0.0,5.9673,5.9758,-0.008,steady,16:43:01,2026-06-29 16:43:01
ENTA,14.21,14.0,0.015,3.229,290520,3,0.8061,0.8415,0.0601,74.0,yf_premarket,0.41322208287476647,0.8061,0.09825145711906745,0.6,3.0,good,0.05305978068623983,5.9607,5.9639,-0.003,steady,16:43:01,2026-06-29 16:43:01
BRBR,11.84,11.55,0.0251,2.3678,9103310,4,0.7558,0.7734,0.067,73.9,yf_premarket,0.30301246448772745,0.7558,0.10974188176519567,0.8,3.0,good,0.08878669968164132,5.9542,5.9214,0.033,steady,16:43:01,2026-06-29 16:43:01
ALK,51.78,53.86,-0.0386,1.1809,3392410,4,0.9456,2.162,0.0401,75.4,yf_premarket,0.1511223157840854,0.9456,0.0649458784346378,0.8,3.0,good,0.0,5.9504,5.96,-0.01,steady,16:43:01,2026-06-29 16:43:01
GT,6.505,6.84,-0.049,1.7311,10672060,3,0.98,0.348,0.0509,71.5,yf_premarket,0.2215325945074352,0.98,0.08293089092422981,0.6,3.0,good,0.0,5.9338,5.9461,-0.012,steady,16:43:01,2026-06-29 16:43:01
EIG,50.805,50.74,0.0013,1.6137,428890,3,1.0,1.045,0.0206,75.4,yf_premarket,0.20650866371477566,1.0,0.0324729392173189,0.6,3.0,good,0.004598514326140785,5.9329,5.9309,0.002,steady,16:43:01,2026-06-29 16:43:01
DYN,21.05,20.94,0.0053,2.0782,2615900,4,0.8289,1.173,0.056,76.4,yf_premarket,0.26595172890379054,0.8289,0.09142381348875937,0.8,3.0,good,0.01874778917580474,5.9306,5.9176,0.013,steady,16:43:01,2026-06-29 16:43:01
ATEC,9.36,9.3,0.0065,1.5985,3857060,3,0.9712,0.498,0.0535,73.6,yf_premarket,0.20456348698523202,0.9712,0.08726061615320566,0.6,3.0,good,0.022992571630703926,5.9274,5.9058,0.022,steady,16:43:01,2026-06-29 16:43:01
CART,47.49,47.46,0.0006,1.3847,4671560,4,0.9018,1.8857,0.0397,73.3,yf_premarket,0.17720304061836145,0.9018,0.0642797668609492,0.8,3.0,good,0.002122391227449593,5.9047,5.9159,-0.011,steady,16:43:01,2026-06-29 16:43:01
TFSL,17.355,17.49,-0.0077,1.1499,1002700,4,0.9324,0.344,0.0197,75.1,yf_premarket,0.1471551790330424,0.9324,0.030974188176519563,0.8,3.0,good,0.0,5.901,,,new,16:43:01,2026-06-29 16:43:01
EYE,18.57,18.86,-0.0154,1.3134,2683180,4,0.9023,1.0045,0.0533,70.4,yf_premarket,0.1680786260909626,0.9023,0.08692756036636137,0.8,3.0,good,0.0,5.9002,5.9131,-0.013,steady,16:43:01,2026-06-29 16:43:01
CARS,11.13,10.75,0.0353,1.4944,881310,2,0.9963,0.4035,0.0375,75.5,yf_premarket,0.19124158583092318,0.9963,0.060616153205661945,0.4,3.0,good,0.12486735054828439,5.8971,5.8358,0.061,steady,16:43:01,2026-06-29 16:43:01
FVCB,17.31,17.54,-0.0131,1.8613,308770,4,0.8542,0.3783,0.0216,76.5,yf_premarket,0.23819456886181567,0.8542,0.03413821815154038,0.8,3.0,good,0.0,5.8828,5.8879,-0.005,steady,16:43:01,2026-06-29 16:43:01
BANC,20.55,20.81,-0.0125,2.1717,3547330,4,0.8219,0.4288,0.0206,76.4,yf_premarket,0.27791712523354917,0.8219,0.0324729392173189,0.8,3.0,good,0.0,5.8769,5.8818,-0.005,steady,16:43:01,2026-06-29 16:43:01
BBCP,11.735,11.59,0.0125,1.5751,348540,4,0.8333,0.4782,0.0413,70.9,yf_premarket,0.20156893859896086,0.8333,0.06694421315570359,0.8,3.0,good,0.04421648390519986,5.8688,5.8124,0.056,steady,16:43:01,2026-06-29 16:43:01
ASTE,60.36,61.07,-0.0116,2.82,238900,3,0.8494,2.148,0.0352,78.6,yf_premarket,0.3608814721916511,0.8494,0.056786011656952545,0.6,3.0,good,0.0,5.8685,5.877,-0.008,steady,16:43:01,2026-06-29 16:43:01
GIS,36.3329,36.01,0.009,1.267,10403930,4,0.8702,0.831,0.0231,75.5,yf_premarket,0.16214071817972409,0.8702,0.0366361365528726,0.8,3.0,good,0.03183586841174389,5.8497,5.8189,0.031,steady,16:43:01,2026-06-29 16:43:01
FITB,56.38,56.31,0.0012,1.1869,8457550,4,0.8971,1.269,0.0225,71.7,yf_premarket,0.1518901487036421,0.8971,0.03563696919233971,0.8,3.0,good,0.004244782454899186,5.8462,5.8631,-0.017,steady,16:43:01,2026-06-29 16:43:01
CRCT,4.455,4.63,-0.0378,3.37,661280,2,0.881,0.1505,0.0325,76.9,yf_premarket,0.431266156484349,0.881,0.052289758534554545,0.4,3.0,good,0.0,5.835,5.8428,-0.008,steady,16:43:01,2026-06-29 16:43:01
AEBI,12.9,13.08,-0.0138,3.5626,289340,3,0.7572,0.5425,0.0415,73.7,yf_premarket,0.45591359320211927,0.7572,0.06727726894254789,0.6,3.0,good,0.0,5.8319,5.8419,-0.01,steady,16:43:01,2026-06-29 16:43:01
EXTR,32.3,31.74,0.0176,2.7633,2586580,3,0.7876,1.237,0.039,70.2,yf_premarket,0.3536254511018403,0.7876,0.06311407160699417,0.6,3.0,good,0.0622568093385214,5.8306,5.7807,0.05,steady,16:43:01,2026-06-29 16:43:01
AVBH,32.82,32.7,0.0037,5.0973,225000,3,0.59,0.833,0.0255,71.0,yf_premarket,0.6523124568093983,0.59,0.040632805995004156,0.6,3.0,good,0.013088079235939158,5.7984,5.8126,-0.014,steady,16:43:01,2026-06-29 16:43:01
DSGN,13.795,13.35,0.0333,2.9389,989940,3,0.6938,0.8428,0.0631,76.8,yf_premarket,0.3760973612141998,0.6938,0.10324729392173189,0.6,3.0,good,0.11779271312345244,5.7801,5.7596,0.021,steady,16:43:01,2026-06-29 16:43:01
FBP,26.065,26.36,-0.0112,2.0948,1990080,4,0.7811,0.526,0.02,77.1,yf_premarket,0.26807606664789746,0.7811,0.03147377185678601,0.8,3.0,good,0.0,5.7801,5.7848,-0.005,steady,16:43:01,2026-06-29 16:43:01
LTM,58.295,58.73,-0.0074,0.976,982310,3,0.9745,1.8928,0.0322,78.6,yf_premarket,0.12490082158122393,0.9745,0.051790174854288086,0.6,3.0,good,0.0,5.7622,5.77,-0.008,steady,16:43:01,2026-06-29 16:43:01
AVBP,33.815,34.0,-0.0054,2.3935,817450,4,0.7269,1.9115,0.0562,72.1,yf_premarket,0.30630134882649535,0.7269,0.09175686927560367,0.8,3.0,good,0.0,5.7591,5.7756,-0.016,steady,16:43:01,2026-06-29 16:43:01
GO,9.73,9.92,-0.0192,1.1351,3183420,4,0.8514,0.4343,0.0438,71.7,yf_premarket,0.14526119116480254,0.8514,0.07110741049125728,0.8,3.0,good,0.0,5.7562,5.7668,-0.011,steady,16:43:01,2026-06-29 16:43:01
BEAM,35.17,34.81,0.0103,1.7348,2756610,4,0.7479,2.378,0.0683,70.5,yf_premarket,0.22200609147449515,0.7479,0.11190674437968358,0.8,3.0,good,0.036434382737884685,5.7394,5.7737,-0.034,steady,16:43:01,2026-06-29 16:43:01
BNED,13.75,13.74,0.0007,2.8123,489600,3,0.7624,0.734,0.0534,75.2,yf_premarket,0.35989608661155337,0.7624,0.08709408825978351,0.6,3.0,good,0.002476123098691192,5.7119,5.7641,-0.052,steady,16:43:01,2026-06-29 16:43:01
AVO,12.145,12.26,-0.0094,1.1759,1868050,3,0.9261,0.4485,0.0366,73.2,yf_premarket,0.15048245501778812,0.9261,0.059117402164862616,0.6,3.0,good,0.0,5.7075,5.7163,-0.009,steady,16:43:01,2026-06-29 16:43:01
CFG,70.245,70.4,-0.0022,0.9775,4805260,4,0.8318,1.3696,0.0195,78.3,yf_premarket,0.1250927798111131,0.8318,0.03064113238967527,0.8,3.0,good,0.0,5.6666,5.6731,-0.006,steady,16:43:01,2026-06-29 16:43:01
ANGO,13.19,13.4,-0.0157,2.0009,479480,3,0.8219,0.481,0.0359,70.2,yf_premarket,0.25605948145683505,0.8219,0.057951706910907584,0.6,3.0,good,0.0,5.6569,5.6655,-0.009,steady,16:43:01,2026-06-29 16:43:01
SANA,3.435,3.42,0.0044,2.4185,4285730,2,0.8523,0.2316,0.0677,79.4,yf_premarket,0.3095006526579816,0.8523,0.11090757701915069,0.4,3.0,good,0.01556420233463035,5.6477,,,new,16:43:01,2026-06-29 16:43:01
CGEM,18.37,18.4,-0.0016,1.5355,1774760,3,0.8449,1.2797,0.0695,78.9,yf_premarket,0.19650124132988664,0.8449,0.11390507910074937,0.6,3.0,good,0.0,5.6415,5.6584,-0.017,steady,16:43:01,2026-06-29 16:43:01
ADMA,8.36,8.75,-0.0446,1.3956,4248680,5,0.6667,0.3185,0.0364,71.0,yf_premarket,0.17859793708888946,0.6667,0.058784346378018326,1.0,3.0,good,0.0,5.6307,5.6394,-0.009,steady,16:43:01,2026-06-29 16:43:01
ADAG,4.235,4.19,0.0107,1.7455,264510,3,0.7737,0.4144,0.0989,73.0,yf_premarket,0.2233753935143713,0.7737,0.16286427976686094,0.6,3.0,good,0.037849310222851075,5.6207,5.6109,0.01,steady,16:43:01,2026-06-29 16:43:01
AMCR,42.3,43.03,-0.017,0.9085,3617100,3,0.9049,0.989,0.023,76.0,yf_premarket,0.116262701236211,0.9049,0.03646960865945045,0.6,3.0,good,0.0,5.6024,5.6079,-0.005,steady,16:43:01,2026-06-29 16:43:01
FHN,25.355,25.58,-0.0088,1.0701,5180150,4,0.7842,0.446,0.0174,77.9,yf_premarket,0.13694300120293826,0.7842,0.027144046627810153,0.8,3.0,good,0.0,5.5874,5.5915,-0.004,steady,16:43:01,2026-06-29 16:43:01
GBX,48.92,50.37,-0.0288,1.7892,494030,3,0.8017,1.23,0.0244,77.8,yf_premarket,0.22896777661180928,0.8017,0.03880099916736053,0.6,3.0,good,0.0,5.5663,5.5721,-0.006,steady,16:43:01,2026-06-29 16:43:01
APPS,12.725,11.07,0.1495,1.5718,5777290,5,0.9502,0.919,0.083,69.0,yf_premarket,0.2011466304932047,0.9502,0.1363863447127394,1.0,1.5,neutral,0.5288291475061903,5.5636,5.2197,0.344,rising,16:43:01,2026-06-29 16:43:01
FORR,8.52,7.81,0.0909,5.527,265460,4,0.8261,0.582,0.0745,60.7,yf_premarket,0.7073020910649843,0.8261,0.12223147377185677,0.8,1.5,neutral,0.3215422709586133,5.5566,5.3701,0.187,steady,16:43:01,2026-06-29 16:43:01
GMRS,14.415,14.53,-0.0079,0.7068,1066060,3,0.8554,0.94,0.0647,73.8,yf_premarket,0.09045071792377979,0.8554,0.10591174021648624,0.6,3.0,good,0.0,5.4994,5.5151,-0.016,steady,16:43:01,2026-06-29 16:43:01
ENR,21.89,22.64,-0.0331,1.1749,1187750,3,0.8211,0.8539,0.0377,76.6,yf_premarket,0.15035448286452868,0.8211,0.06094920899250624,0.6,3.0,good,0.0,5.4982,5.5073,-0.009,steady,16:43:01,2026-06-29 16:43:01
RIOT,27.6,28.57,-0.034,1.9447,14526830,4,0.6324,1.9477,0.0682,70.2,yf_premarket,0.24886744644365388,0.6324,0.11174021648626144,0.8,3.0,good,0.0,5.494,,,new,16:43:01,2026-06-29 16:43:01
CRI,41.92,43.35,-0.033,1.6793,1016140,3,0.7424,1.724,0.0398,71.7,yf_premarket,0.21490363696859566,0.7424,0.06444629475437136,0.6,3.0,good,0.0,5.4394,5.449,-0.01,steady,16:43:01,2026-06-29 16:43:01
FLR,53.43,53.64,-0.0039,1.4273,3135830,3,0.7594,2.057,0.0383,70.9,yf_premarket,0.18265465434721406,0.7594,0.06194837635303914,0.6,3.0,good,0.0,5.4238,5.433,-0.009,steady,16:43:01,2026-06-29 16:43:01
EVTC,27.82,27.37,0.0164,1.6081,859570,3,0.6863,1.199,0.0438,76.0,yf_premarket,0.20579201965652277,0.6863,0.07110741049125728,0.6,3.0,good,0.05801202688362222,5.4039,5.3928,0.011,steady,16:43:01,2026-06-29 16:43:01
ACEL,13.14,13.3,-0.012,3.2482,434050,4,0.4737,0.37,0.0278,71.4,yf_premarket,0.41567914821734797,0.4737,0.04446294754371356,0.8,3.0,good,0.0,5.3932,5.3998,-0.007,steady,16:43:01,2026-06-29 16:43:01
FRMI,9.475,9.49,-0.0016,1.245,24486710,2,0.8211,0.9182,0.0968,76.3,yf_premarket,0.1593253308080162,0.8211,0.15936719400499583,0.4,3.0,good,0.0,5.3609,5.3844,-0.024,steady,16:43:01,2026-06-29 16:43:01
RAL,71.935,72.17,-0.0033,1.5739,1873000,3,0.7128,2.469,0.0342,78.0,yf_premarket,0.20141537201504955,0.7128,0.05512073272273106,0.6,3.0,good,0.0,5.3553,,,new,16:43:01,2026-06-29 16:43:01
GLBS,3.03,2.87,0.0557,0.3119,326400,3,0.663,0.199,0.0693,73.2,yf_premarket,0.03991451460162269,0.663,0.11357202331390506,0.6,3.0,good,0.19702865228157057,5.3382,5.2674,0.071,steady,16:43:01,2026-06-29 16:43:01
PAY,23.8,23.43,0.0158,5.9191,1927650,3,0.9794,1.062,0.0453,64.8,yf_premarket,0.757479972358015,0.9794,0.07360532889258951,0.6,1.5,neutral,0.05588963565617262,5.3157,,,new,16:43:01,2026-06-29 16:43:01
CTRN,55.0,59.12,-0.0697,1.8271,338840,3,0.591,4.066,0.0688,73.7,yf_premarket,0.23381792122034245,0.591,0.11273938384679433,0.6,3.0,good,0.0,5.1891,5.2058,-0.017,steady,16:43:01,2026-06-29 16:43:01
AHR,51.35,51.0,0.0069,4.7295,5903640,5,0.8618,1.3095,0.0257,69.6,yf_premarket,0.6052442988405723,0.8618,0.04096586178184846,1.0,1.5,neutral,0.02440749911567032,5.1886,5.1976,-0.009,steady,16:43:01,2026-06-29 16:43:01
CV,7.39,7.52,-0.0173,5.5134,301010,3,0.9753,0.4729,0.0629,54.4,yf_premarket,0.7055616697806557,0.9753,0.10291423813488759,0.6,1.5,neutral,0.0,5.1604,5.1756,-0.015,steady,16:43:01,2026-06-29 16:43:01
DTIL,7.69,7.29,0.0549,5.7988,576120,3,0.7994,0.4652,0.0638,63.2,yf_premarket,0.742084922320903,0.7994,0.10441298917568691,0.6,1.5,neutral,0.19419879731163778,5.1554,5.0129,0.143,steady,16:43:01,2026-06-29 16:43:01
FCEL,29.15,24.0,0.2146,1.9734,13716550,2,0.7705,3.756,0.1565,64.0,yf_premarket,0.2525402472422001,0.7705,0.25878434637801834,0.4,1.5,neutral,0.7591085956844712,5.0879,4.7485,0.339,rising,16:43:01,2026-06-29 16:43:01
CAST,6.115,7.65,-0.2007,0.0235,52624900,3,0.6084,2.209,0.2888,78.0,yf_premarket,0.0030073456015970927,0.6084,0.4791007493755204,0.6,3.0,good,0.0,5.0609,5.1314,-0.07,steady,16:43:01,2026-06-29 16:43:01
ARTV,9.73,9.62,0.0114,1.1981,868360,2,0.6344,0.9563,0.0994,71.3,yf_premarket,0.15332343682014793,0.6344,0.16369691923397167,0.4,3.0,good,0.04032543332154227,5.0411,5.038,0.003,steady,16:43:01,2026-06-29 16:43:01
ACHV,6.12,6.02,0.0166,3.3746,3686520,4,0.9677,0.469,0.0779,64.7,yf_premarket,0.4318548283893425,0.9677,0.1278934221482098,0.8,1.5,neutral,0.05871949062610541,5.0352,5.019,0.016,steady,16:43:01,2026-06-29 16:43:01
ILPT,9.16,9.28,-0.0129,2.9762,737450,5,0.9455,0.4077,0.0439,61.4,yf_premarket,0.3808707225307773,0.9455,0.07127393838467944,1.0,1.5,neutral,0.0,4.9979,5.0085,-0.011,steady,16:43:01,2026-06-29 16:43:01
BB,12.215,11.4,0.0715,1.6314,35362850,4,0.9726,0.757,0.0664,68.1,yf_premarket,0.20877377082746795,0.9726,0.10874271440466277,0.8,1.5,neutral,0.2529182879377432,4.9921,4.7994,0.193,steady,16:43:01,2026-06-29 16:43:01
ACHC,26.765,27.42,-0.0239,3.8464,4078920,4,0.9455,1.102,0.0402,63.3,yf_premarket,0.49223209029715137,0.9455,0.06511240632805995,0.8,1.5,neutral,0.0,4.9619,4.9716,-0.01,steady,16:43:01,2026-06-29 16:43:01
CABO,57.475,52.87,0.0871,1.6588,345800,3,0.9993,4.8205,0.0912,61.6,yf_premarket,0.21228020782677692,0.9993,0.15004163197335552,0.6,1.5,neutral,0.3081004598514326,4.9542,4.7664,0.188,steady,16:43:01,2026-06-29 16:43:01
DEA,24.95,24.9,0.002,2.2372,563510,5,0.9901,0.6455,0.0259,62.2,yf_premarket,0.2862993012720432,0.9901,0.04129891756869275,1.0,1.5,neutral,0.007074637424831978,4.9409,4.9365,0.004,steady,16:43:01,2026-06-29 16:43:01
ACCO,4.19,4.21,-0.0048,3.0359,1131410,4,1.0,0.121,0.0287,68.2,yf_premarket,0.3885106600803665,1.0,0.045961698584512906,0.8,1.5,neutral,0.0,4.9057,4.9126,-0.007,steady,16:43:01,2026-06-29 16:43:01
BBVA,24.625,24.37,0.0105,0.6452,1865040,2,0.6507,0.343,0.0141,72.1,yf_premarket,0.08256763328299763,0.6507,0.021648626144879266,0.4,3.0,good,0.037141846480367884,4.8918,4.8655,0.026,steady,16:43:01,2026-06-29 16:43:01
CTRE,39.85,40.83,-0.024,2.0389,4315120,5,0.9856,0.86,0.0211,67.4,yf_premarket,0.26092242328069415,0.9856,0.03330557868442964,1.0,1.5,neutral,0.0,4.8792,4.8842,-0.005,steady,16:43:01,2026-06-29 16:43:01
CCO,2.41,2.43,-0.0082,5.0348,11960370,2,1.0,0.017,0.007,61.5,yf_premarket,0.6443141972306826,1.0,0.009825145711906744,0.4,1.5,neutral,0.0,4.8714,4.8729,-0.001,steady,16:43:01,2026-06-29 16:43:01
NESR,28.27,28.24,0.0011,1.8698,3272380,5,0.975,1.5771,0.0558,67.4,yf_premarket,0.239282332164521,0.975,0.09109075770191508,1.0,1.5,neutral,0.0038910505836575876,4.8603,4.8686,-0.008,steady,16:43:01,2026-06-29 16:43:01
IDN,4.31,4.35,-0.0092,4.5469,515630,3,0.9211,0.209,0.048,62.4,yf_premarket,0.5818765836553966,0.9211,0.07810158201498751,0.6,1.5,neutral,0.0,4.8541,4.8657,-0.012,steady,16:43:01,2026-06-29 16:43:01
BVS,9.835,9.78,0.0056,2.1788,658610,5,0.9329,0.3498,0.0358,63.9,yf_premarket,0.27882572752169127,0.9329,0.05778517901748543,1.0,1.5,neutral,0.019808984789529537,4.8426,4.8231,0.019,steady,16:43:01,2026-06-29 16:43:01
COAG,37.685,32.37,0.1642,0.8315,395890,2,0.9136,2.9,0.0896,66.1,yf_premarket,0.1064088454352333,0.9136,0.14737718567860114,0.4,1.5,neutral,0.5808277325787053,4.8317,4.5368,0.295,steady,16:43:01,2026-06-29 16:43:01
GTY,33.555,34.0,-0.0131,2.8249,761810,5,0.883,0.5458,0.0161,66.1,yf_premarket,0.3615085357426224,0.883,0.02497918401332223,1.0,1.5,neutral,0.0,4.8208,4.8245,-0.004,steady,16:43:01,2026-06-29 16:43:01
AUNA,5.09,5.15,-0.0117,0.6401,272750,3,0.5306,0.2065,0.0401,70.8,yf_premarket,0.08191497530137443,0.5306,0.0649458784346378,0.6,3.0,good,0.0,4.8165,4.8262,-0.01,steady,16:43:01,2026-06-29 16:43:01
ANNX,5.575,5.48,0.0173,3.0183,4905360,4,0.8947,0.3665,0.0669,54.1,yf_premarket,0.3862583501830002,0.8947,0.10957535387177351,0.8,1.5,neutral,0.0611956137247966,4.8154,4.7659,0.05,steady,16:43:01,2026-06-29 16:43:01
CPAC,11.9146,12.03,-0.0096,0.1393,201760,2,0.6825,0.338,0.0281,73.1,yf_premarket,0.01782652094904149,0.6825,0.044962531223980015,0.4,3.0,good,0.0,4.8142,4.8209,-0.007,steady,16:43:01,2026-06-29 16:43:01
MRP,30.68,30.93,-0.0081,1.4994,2441940,5,1.0,0.7519,0.0243,68.2,yf_premarket,0.19188144659722045,1.0,0.03863447127393838,1.0,1.5,neutral,0.0,4.8071,4.8129,-0.006,steady,16:43:01,2026-06-29 16:43:01
AII,19.04,18.72,0.0171,2.1489,227560,4,0.9814,0.7541,0.0403,66.1,yf_premarket,0.2749993601392337,0.9814,0.06527893422148211,0.8,1.5,neutral,0.06048814998231341,4.7987,4.7875,0.011,steady,16:43:01,2026-06-29 16:43:01
DHC,9.515,9.49,0.0026,2.3788,2254030,5,0.8971,0.384,0.0405,69.7,yf_premarket,0.3044201581735814,0.8971,0.0656119900083264,1.0,1.5,neutral,0.00919702865228157,4.7974,4.7969,0.0,steady,16:43:01,2026-06-29 16:43:01
ABOS,2.595,2.36,0.0996,5.5765,998210,3,0.5161,0.1489,0.0631,62.4,yf_premarket,0.7136367126513271,0.5161,0.10324729392173189,0.6,1.5,neutral,0.3523169437566324,4.7828,4.6073,0.175,steady,16:43:01,2026-06-29 16:43:01
BBIO,71.75,70.24,0.0215,5.2223,5180710,4,0.669,2.3207,0.033,62.3,yf_premarket,0.6683089759668296,0.669,0.05312239800166529,0.8,1.5,neutral,0.07605235231694375,4.7811,4.7572,0.024,steady,16:43:01,2026-06-29 16:43:01
FMNB,14.54,14.77,-0.0156,3.2268,696750,4,0.9231,0.251,0.017,68.8,yf_premarket,0.4129405441375957,0.9231,0.026477935054121566,0.8,1.5,neutral,0.0,4.7788,4.7828,-0.004,steady,16:43:01,2026-06-29 16:43:01
CVRX,5.75,5.86,-0.0188,2.5812,306600,4,0.9649,0.3228,0.0551,60.9,yf_premarket,0.3303217219932943,0.9649,0.08992506244796004,0.8,1.5,neutral,0.0,4.7702,4.7836,-0.013,steady,16:43:01,2026-06-29 16:43:01
OLMA,11.97,11.39,0.0509,2.3001,2409100,4,0.8504,0.732,0.0643,61.6,yf_premarket,0.29434874971206265,0.8504,0.10524562864279766,0.8,1.5,neutral,0.1800495224619738,4.765,4.6757,0.089,steady,16:43:01,2026-06-29 16:43:01
CADL,10.22,9.79,0.0439,1.9133,2572240,4,0.9029,0.563,0.0575,67.6,yf_premarket,0.2448491208313071,0.9029,0.09392173189009159,0.8,1.5,neutral,0.1552882914750619,4.753,4.7116,0.041,steady,16:43:01,2026-06-29 16:43:01
ES,73.48,73.48,0.0,1.2446,3113710,5,0.9984,1.343,0.0183,62.7,yf_premarket,0.15927414194671238,0.9984,0.028642797668609492,1.0,1.5,neutral,0.0,4.75,4.7543,-0.004,steady,16:43:01,2026-06-29 16:43:01
INVH,30.33,30.46,-0.0043,1.2203,8030670,5,1.0,0.5638,0.0185,56.9,yf_premarket,0.15616441862250774,1.0,0.028975853455453785,1.0,1.5,neutral,0.0,4.7487,4.7531,-0.004,steady,16:43:01,2026-06-29 16:43:01
FA,17.95,17.82,0.0073,1.1039,3450990,5,0.9786,0.7932,0.0445,68.4,yf_premarket,0.1412684599831077,0.9786,0.07227310574521233,1.0,1.5,neutral,0.025822426600636716,4.744,4.7204,0.024,steady,16:43:01,2026-06-29 16:43:01
ARMK,55.425,56.06,-0.0113,1.7133,2399880,5,0.9479,1.055,0.0188,67.6,yf_premarket,0.21925469017941698,0.9479,0.029475437135720234,1.0,1.5,neutral,0.0,4.7394,4.7439,-0.005,steady,16:43:01,2026-06-29 16:43:01
BREZ,9.92,9.92,-0.0,1.7674,263830,2,0.5,0.011,0.0011,,yf_premarket,0.22617798367075326,0.5,0.0,0.4,3.0,—,-0.0,4.7393,4.7394,-0.0,steady,16:43:01,2026-06-29 16:43:01
CHCT,18.235,18.33,-0.0052,2.7528,215890,4,0.9462,0.3725,0.0203,67.8,yf_premarket,0.35228174349261604,0.9462,0.03197335553705245,0.8,1.5,neutral,0.0,4.7368,4.7416,-0.005,steady,16:43:01,2026-06-29 16:43:01
DRVN,13.75,14.07,-0.0227,2.2084,1052090,4,0.9898,0.5677,0.0403,60.6,yf_premarket,0.28261370325817103,0.9898,0.06527893422148211,0.8,1.5,neutral,0.0,4.7362,4.7459,-0.01,steady,16:43:01,2026-06-29 16:43:01
FCPT,25.12,25.58,-0.018,3.3461,1122890,3,0.9859,0.431,0.0168,60.6,yf_premarket,0.42820762202144813,0.9859,0.026144879267277266,0.6,1.5,neutral,0.0,4.7272,4.7311,-0.004,steady,16:43:01,2026-06-29 16:43:01
FE,48.21,48.47,-0.0054,1.1326,4569900,5,0.9922,0.89,0.0184,65.6,yf_premarket,0.14494126078165392,0.9922,0.028809325562031637,1.0,1.5,neutral,0.0,4.7162,4.7206,-0.004,steady,16:43:01,2026-06-29 16:43:01
DV,10.89,10.82,0.0065,4.9248,4453770,2,0.8927,0.4185,0.0387,60.4,yf_premarket,0.6302372603721431,0.8927,0.06261448792672773,0.4,1.5,neutral,0.022992571630703926,4.6966,4.7039,-0.007,steady,16:43:01,2026-06-29 16:43:01
FRSH,10.055,9.85,0.0208,1.6683,26530970,4,0.9609,0.4521,0.0459,57.8,yf_premarket,0.21349594328274168,0.9609,0.0746044962531224,0.8,1.5,neutral,0.07357622921825256,4.6897,4.6488,0.041,steady,16:43:01,2026-06-29 16:43:01
EBF,21.36,21.89,-0.0242,2.9525,236310,3,1.0,0.601,0.0275,65.0,yf_premarket,0.37783778249852834,1.0,0.043963363863447125,0.6,1.5,neutral,0.0,4.6887,4.6953,-0.007,steady,16:43:01,2026-06-29 16:43:01
ALGM,65.515,57.89,0.1317,2.9089,4181680,2,0.7335,3.684,0.0636,64.7,yf_premarket,0.3722581966164163,0.7335,0.10407993338884262,0.4,1.5,neutral,0.46586487442518576,4.6762,4.3873,0.289,steady,16:43:01,2026-06-29 16:43:01
EDIT,3.115,2.85,0.093,2.0589,3105670,3,0.8065,0.2048,0.0719,56.0,yf_premarket,0.26348186634588316,0.8065,0.11790174854288094,0.6,1.5,neutral,0.3289706402546869,4.6606,4.5258,0.135,steady,16:43:01,2026-06-29 16:43:01
COLD,15.645,15.97,-0.0204,1.876,4038150,4,0.9857,0.496,0.0311,64.1,yf_premarket,0.2400757595147296,0.9857,0.04995836802664446,0.8,1.5,neutral,0.0,4.6565,4.6639,-0.007,steady,16:43:01,2026-06-29 16:43:01
CBLL,19.81,19.98,-0.0085,2.7982,427270,5,0.7886,0.8702,0.0436,66.4,yf_premarket,0.3580916792505951,0.7886,0.07077435470441298,1.0,1.5,neutral,0.0,4.6497,4.6602,-0.01,steady,16:43:01,2026-06-29 16:43:01
EQR,67.84,68.38,-0.0079,1.0143,3343770,5,0.9694,1.269,0.0186,50.8,yf_premarket,0.12980215505106088,0.9694,0.029142381348875934,1.0,1.5,neutral,0.0,4.6481,4.6525,-0.004,steady,16:43:01,2026-06-29 16:43:01
FLO,7.94,7.97,-0.0038,3.6108,9372260,3,0.908,0.372,0.0467,62.2,yf_premarket,0.4620818509892247,0.908,0.07593671940049958,0.6,1.5,neutral,0.0,4.6471,4.6584,-0.011,steady,16:43:01,2026-06-29 16:43:01
GLRE,16.69,16.73,-0.0024,3.0807,202810,3,0.9617,0.548,0.0328,69.1,yf_premarket,0.39424381254638996,0.9617,0.05278934221482099,0.6,1.5,neutral,0.0,4.6412,4.6509,-0.01,steady,16:43:01,2026-06-29 16:43:01
NCNO,15.51,15.63,-0.0077,3.9195,5001430,3,0.8706,0.8778,0.0562,56.0,yf_premarket,0.5015868547004172,0.8706,0.09175686927560367,0.6,1.5,neutral,0.0,4.6395,4.6531,-0.014,steady,16:43:01,2026-06-29 16:43:01
CBIO,18.945,18.56,0.0207,6.1893,493110,1,0.7924,1.221,0.0658,54.2,yf_premarket,0.7920580481687186,0.7924,0.10774354704412988,0.2,1.5,neutral,0.07322249734701096,4.6366,4.6011,0.035,steady,16:43:01,2026-06-29 16:43:01
BRCB,8.36,8.13,0.0283,1.8403,621090,3,0.9846,0.5815,0.0715,69.0,yf_premarket,0.23550715364336722,0.9846,0.11723563696919231,0.6,1.5,neutral,0.10010611956137247,4.6312,4.6336,-0.002,steady,16:43:01,2026-06-29 16:43:01
CHYM,20.225,20.32,-0.0047,3.093,7116880,3,0.9424,1.164,0.0573,64.0,yf_premarket,0.39581787003148117,0.9424,0.0935886761032473,0.6,1.5,neutral,0.0,4.6253,4.6392,-0.014,steady,16:43:01,2026-06-29 16:43:01
EMA,53.45,53.8,-0.0065,0.5749,504800,5,1.0,0.825,0.0153,67.5,yf_premarket,0.07357119090885823,1.0,0.023646960865945043,1.0,1.5,neutral,0.0,4.6222,4.6258,-0.004,steady,16:43:01,2026-06-29 16:43:01
ALLT,8.5095,7.81,0.0896,0.7247,531250,3,0.934,0.348,0.0446,58.0,yf_premarket,0.09274141946712396,0.934,0.07243963363863447,0.6,1.5,neutral,0.3169437566324726,4.6187,4.399,0.22,steady,16:43:01,2026-06-29 16:43:01
NTSK,11.135,10.29,0.0821,0.4653,9392120,3,0.9706,0.6553,0.0637,57.9,yf_premarket,0.059545442911622434,0.9706,0.10424646128226478,0.6,1.5,neutral,0.2904138662893527,4.6183,4.4398,0.178,steady,16:43:01,2026-06-29 16:43:01
CCCC,4.415,4.26,0.0364,4.7002,4285190,3,0.6753,0.3314,0.0778,64.1,yf_premarket,0.6014947147500703,0.6753,0.12772689425478764,0.6,1.5,neutral,0.12875840113194198,4.6098,4.529,0.081,steady,16:43:01,2026-06-29 16:43:01
ARDT,9.74,9.73,0.001,1.6001,630400,4,0.978,0.395,0.0406,66.8,yf_premarket,0.20476824243044717,0.978,0.06577851790174855,0.8,1.5,neutral,0.003537318712415989,4.6013,4.6058,-0.005,steady,16:43:01,2026-06-29 16:43:01
IIPR,62.27,62.93,-0.0105,1.906,413740,4,0.9522,1.5945,0.0253,64.0,yf_premarket,0.24391492411251312,0.9522,0.04029975020815987,0.8,1.5,neutral,0.0,4.5904,4.5965,-0.006,steady,16:43:01,2026-06-29 16:43:01
FLGT,19.94,19.96,-0.001,1.5654,323180,4,0.9831,0.59,0.0296,57.7,yf_premarket,0.2003276087123442,0.9831,0.04746044962531224,0.8,1.5,neutral,0.0,4.5904,4.5975,-0.007,steady,16:43:01,2026-06-29 16:43:01
EXPO,60.265,60.83,-0.0093,1.7551,720630,4,0.9602,2.096,0.0345,54.6,yf_premarket,0.22460392618566202,0.9602,0.055620316402997506,0.8,1.5,neutral,0.0,4.5851,4.5934,-0.008,steady,16:43:01,2026-06-29 16:43:01
ASMB,26.29,26.74,-0.0168,4.4995,353220,3,0.7811,1.758,0.0657,68.2,yf_premarket,0.5758107035908987,0.7811,0.10757701915070772,0.6,1.5,neutral,0.0,4.5797,4.5956,-0.016,steady,16:43:01,2026-06-29 16:43:01
AMH,33.93,34.09,-0.0047,1.442,2927820,4,0.9924,0.5947,0.0174,60.1,yf_premarket,0.18453584500012798,0.9924,0.027144046627810153,0.8,1.5,neutral,0.0,4.5752,4.5793,-0.004,steady,16:43:01,2026-06-29 16:43:01
COLL,35.8,36.59,-0.0216,3.2964,490990,3,0.904,1.41,0.0385,67.6,yf_premarket,0.4218474060044535,0.904,0.06228143213988343,0.6,1.5,neutral,0.0,4.5719,4.5812,-0.009,steady,16:43:01,2026-06-29 16:43:01
FVN,11.03,10.94,0.0082,0.8374,279090,1,0.0741,0.1745,0.016,87.5,yf_premarket,0.10716388113946407,0.0741,0.024812656119900082,0.2,4.0,strong ✓,0.02900601344181111,4.5649,4.5573,0.008,steady,16:43:01,2026-06-29 16:43:01
FBK,55.01,55.89,-0.0157,2.347,446820,4,0.8972,1.1624,0.0208,67.1,yf_premarket,0.3003506436999309,0.8972,0.032805995004163195,0.8,1.5,neutral,0.0,4.5613,4.5663,-0.005,steady,16:43:01,2026-06-29 16:43:01
BMRN,56.96,59.0,-0.0346,1.6519,2226540,5,0.8603,1.413,0.0239,61.2,yf_premarket,0.2113971999692867,0.8603,0.03796835970024979,1.0,1.5,neutral,0.0,4.5567,4.5624,-0.006,steady,16:43:01,2026-06-29 16:43:01
APEI,54.0425,54.51,-0.0086,2.2528,310990,4,0.8924,2.145,0.0394,57.6,yf_premarket,0.28829566686289065,0.8924,0.06378018318068276,0.8,1.5,neutral,0.0,4.5491,4.5586,-0.01,steady,16:43:01,2026-06-29 16:43:01
BGS,4.09,4.14,-0.0121,1.9494,2126890,4,0.925,0.12,0.029,62.0,yf_premarket,0.2494689155639733,0.925,0.04646128226477935,0.8,1.5,neutral,0.0,4.5474,4.5544,-0.007,steady,16:43:01,2026-06-29 16:43:01
GLBE,36.585,36.41,0.0048,1.3444,2020820,4,0.9585,1.7651,0.0485,69.9,yf_premarket,0.1720457628420056,0.9585,0.07893422148209825,0.8,1.5,neutral,0.016979129819596744,4.54,4.5393,0.001,steady,16:43:01,2026-06-29 16:43:01
CUZ,30.06,29.96,0.0033,1.0578,1905510,4,1.0,0.703,0.0235,69.7,yf_premarket,0.13536894371784702,1.0,0.037302248126561195,0.8,1.5,neutral,0.011673151750972763,4.5392,4.5273,0.012,steady,16:43:01,2026-06-29 16:43:01
CBU,66.425,67.47,-0.0155,2.5987,568280,4,0.8577,1.9015,0.0282,65.7,yf_premarket,0.33256123467533466,0.8577,0.045129059117402164,0.8,1.5,neutral,0.0,4.5368,4.5435,-0.007,steady,16:43:01,2026-06-29 16:43:01
QGEN,39.74,39.41,0.0084,1.3379,2712520,4,0.9583,0.761,0.0193,66.0,yf_premarket,0.17121394384581917,0.9583,0.030308076602830972,0.8,1.5,neutral,0.029713477184294304,4.5331,,,new,16:43:01,2026-06-29 16:43:01
BBSI,35.92,36.06,-0.0039,2.4647,278820,3,0.963,1.455,0.0403,69.4,yf_premarket,0.3154129661385683,0.963,0.06527893422148211,0.6,1.5,neutral,0.0,4.5318,4.5424,-0.011,steady,16:43:01,2026-06-29 16:43:01
PPL,37.01,37.02,-0.0003,1.604,13130370,5,0.8522,0.78,0.0211,66.7,yf_premarket,0.205267333828159,0.8522,0.03330557868442964,1.0,1.5,neutral,0.0,4.529,,,new,16:43:01,2026-06-29 16:43:01
CAG,14.055,14.08,-0.0018,1.0413,17805760,4,1.0,0.444,0.0315,68.1,yf_premarket,0.13325740318906606,1.0,0.050624479600333054,0.8,1.5,neutral,0.0,4.5252,4.5327,-0.008,steady,16:43:01,2026-06-29 16:43:01
FOUR,48.59,47.65,0.0197,1.6809,2170940,3,0.9731,2.9935,0.0628,69.4,yf_premarket,0.21510839241381077,0.9731,0.10274771024146544,0.6,1.5,neutral,0.06968517863459497,4.5248,4.4909,0.034,steady,16:43:01,2026-06-29 16:43:01
FATE,2.385,2.1,0.1357,2.8064,5456940,3,0.537,0.233,0.111,54.8,yf_premarket,0.35914105090732257,0.537,0.18301415487094086,0.6,1.5,neutral,0.4800141492748496,4.5242,4.3475,0.177,steady,16:43:01,2026-06-29 16:43:01
CYRX,16.39,16.0,0.0244,2.258,766650,3,0.914,0.59,0.0369,53.8,yf_premarket,0.2889611220598398,0.914,0.05961698584512907,0.6,1.5,neutral,0.08631057658295013,4.5207,4.44,0.081,steady,16:43:01,2026-06-29 16:43:01
EXC,47.15,47.4,-0.0053,1.5655,9597450,4,0.9524,0.881,0.0186,63.4,yf_premarket,0.20034040592767013,0.9524,0.029142381348875934,0.8,1.5,neutral,0.0,4.5199,4.5243,-0.004,steady,16:43:01,2026-06-29 16:43:01
CERT,6.155,5.84,0.0539,3.1067,5655710,4,0.6416,0.3857,0.066,59.8,yf_premarket,0.39757108853113565,0.6416,0.10807660283097419,0.8,1.5,neutral,0.1906614785992218,4.5196,4.4052,0.114,steady,16:43:01,2026-06-29 16:43:01
PFS,23.385,23.64,-0.0108,2.0193,1383040,4,0.9078,0.488,0.0206,68.4,yf_premarket,0.25841416907680886,0.9078,0.0324729392173189,0.8,1.5,neutral,0.0,4.5195,,,new,16:43:01,2026-06-29 16:43:01
BMY,57.705,57.52,0.0032,1.4805,16210810,4,0.9488,1.335,0.0232,51.0,yf_premarket,0.18946277290061683,0.9488,0.03680266444629475,0.8,1.5,neutral,0.011319419879731164,4.5172,4.514,0.003,steady,16:43:01,2026-06-29 16:43:01
CBC,30.32,29.86,0.0154,0.7224,1061030,4,0.9805,0.9345,0.0313,62.4,yf_premarket,0.09244708351462723,0.9805,0.05029142381348876,0.8,1.5,neutral,0.054474708171206226,4.5065,4.4703,0.036,steady,16:43:01,2026-06-29 16:43:01
DGII,72.46,70.55,0.0271,3.8871,421190,2,0.8418,2.391,0.0339,64.3,yf_premarket,0.49744055693481104,0.8418,0.054621149042464616,0.4,1.5,neutral,0.0958613371064733,4.5009,4.4548,0.046,steady,16:43:01,2026-06-29 16:43:01
DT,44.57,43.37,0.0277,2.1848,6429660,2,1.0,1.495,0.0345,57.4,yf_premarket,0.279593560441248,1.0,0.055620316402997506,0.4,1.5,neutral,0.09798372833392288,4.4942,4.4352,0.059,steady,16:43:01,2026-06-29 16:43:01
CNTB,2.24,2.19,0.0228,4.2577,584660,3,0.6923,0.1856,0.0847,51.2,yf_premarket,0.5448670369327634,0.6923,0.13921731890091588,0.6,1.5,neutral,0.08065086664308455,4.4925,4.3921,0.1,steady,16:43:01,2026-06-29 16:43:01
CIM,13.52,13.67,-0.011,2.4381,1018770,3,0.95,0.272,0.0199,60.2,yf_premarket,0.3120089068618669,0.95,0.031307243963363866,0.6,1.5,neutral,0.0,4.4837,4.4884,-0.005,steady,16:43:01,2026-06-29 16:43:01
BANR,66.19,67.78,-0.0235,2.3329,320710,4,0.8549,1.353,0.02,66.6,yf_premarket,0.29854623633897265,0.8549,0.03147377185678601,0.8,1.5,neutral,0.0,4.4734,4.4781,-0.005,steady,16:43:01,2026-06-29 16:43:01
AESI,16.725,17.0,-0.0162,2.4874,2606910,3,0.9298,0.7479,0.044,52.6,yf_premarket,0.3183179340175578,0.9298,0.07144046627810158,0.6,1.5,neutral,0.0,4.4728,4.4834,-0.011,steady,16:43:01,2026-06-29 16:43:01
CLBK,20.745,20.86,-0.0055,1.7237,518650,4,0.9091,0.462,0.0221,58.3,yf_premarket,0.22058560057331525,0.9091,0.034970857618651124,0.8,1.5,neutral,0.0,4.4666,4.4763,-0.01,steady,16:43:01,2026-06-29 16:43:01
BDN,3.245,3.28,-0.0107,2.2078,2074400,3,0.9583,0.1,0.0305,58.2,yf_premarket,0.2825369199662154,0.9583,0.04895920066611157,0.6,1.5,neutral,0.0,4.4649,4.4722,-0.007,steady,16:43:01,2026-06-29 16:43:01
EMBC,3.38,3.49,-0.0315,1.8862,3295570,3,0.9796,0.1866,0.0535,55.4,yf_premarket,0.24138107547797602,0.9796,0.08726061615320566,0.6,1.5,neutral,0.0,4.4649,4.4778,-0.013,steady,16:43:01,2026-06-29 16:43:01
BKV,26.21,25.95,0.01,2.4626,1056630,4,0.8027,1.0495,0.0404,50.0,yf_premarket,0.3151442246167234,0.8027,0.06544546211490425,0.8,1.5,neutral,0.035373187124159884,4.4639,4.4416,0.022,steady,16:43:01,2026-06-29 16:43:01
CRON,2.8018,2.81,-0.0029,1.3388,959920,4,0.9412,0.0835,0.0297,55.9,yf_premarket,0.17132911878375268,0.9412,0.04762697751873438,0.8,1.5,neutral,0.0,4.4632,4.4703,-0.007,steady,16:43:01,2026-06-29 16:43:01
EPRT,30.37,30.62,-0.0082,3.2046,2590740,4,0.7658,0.6169,0.0201,53.4,yf_premarket,0.41009956233523587,0.7658,0.031640299750208156,0.8,1.5,neutral,0.0,4.4626,4.4673,-0.005,steady,16:43:01,2026-06-29 16:43:01
FRPT,58.87,57.43,0.0251,1.6765,1433330,3,0.9327,2.9626,0.0516,66.8,yf_premarket,0.21454531493946918,0.9327,0.08409658617818484,0.6,1.5,neutral,0.08878669968164132,4.4624,4.4565,0.006,steady,16:43:01,2026-06-29 16:43:01
RDCM,13.88,13.43,0.0335,1.2051,206210,3,0.9565,0.652,0.0485,68.9,yf_premarket,0.1542192418929641,0.9565,0.07893422148209825,0.6,1.5,neutral,0.11850017686593563,4.4615,,,new,16:43:01,2026-06-29 16:43:01
BNL,20.85,21.21,-0.017,2.1946,2135610,4,0.8624,0.3949,0.0186,61.2,yf_premarket,0.2808476875431906,0.8624,0.029142381348875934,0.8,1.5,neutral,0.0,4.4606,4.465,-0.004,steady,16:43:01,2026-06-29 16:43:01
GFL,36.59,37.32,-0.0196,4.7864,3853660,3,0.7077,1.0411,0.0279,61.5,yf_premarket,0.6125259143610351,0.7077,0.04462947543713572,0.6,1.5,neutral,0.0,4.4565,4.4632,-0.007,steady,16:43:01,2026-06-29 16:43:01
AHCO,10.27,10.29,-0.0019,2.1312,2033960,4,0.8579,0.3455,0.0336,57.9,yf_premarket,0.2727342530265415,0.8579,0.054121565362198164,0.8,1.5,neutral,0.0,4.452,4.46,-0.008,steady,16:43:01,2026-06-29 16:43:01
EBS,8.335,8.53,-0.0229,1.6836,1258830,3,0.9896,0.449,0.0526,56.6,yf_premarket,0.21545391722761129,0.9896,0.08576186511240633,0.6,1.5,neutral,0.0,4.4453,4.458,-0.013,steady,16:43:01,2026-06-29 16:43:01
ANGI,6.0,5.97,0.005,1.5795,1203740,3,0.9767,0.451,0.0755,50.8,yf_premarket,0.20213201607330245,0.9767,0.12389675270607825,0.6,1.5,neutral,0.017686593562079942,4.4451,4.4369,0.008,steady,16:43:01,2026-06-29 16:43:01
CNNE,14.37,14.49,-0.0083,2.0643,626560,3,0.9574,0.5588,0.0386,53.2,yf_premarket,0.26417291597348413,0.9574,0.062447960033305584,0.6,1.5,neutral,0.0,4.4423,4.4516,-0.009,steady,16:43:01,2026-06-29 16:43:01
ALKT,16.465,16.42,0.0027,2.198,2223230,3,0.9349,0.7215,0.0439,55.7,yf_premarket,0.28128279286427277,0.9349,0.07127393838467944,0.6,1.5,neutral,0.00955076052352317,4.4417,4.4427,-0.001,steady,16:43:01,2026-06-29 16:43:01
FTS,57.9,58.21,-0.0053,0.8036,741000,4,0.9877,0.827,0.0142,67.6,yf_premarket,0.10283842235929462,0.9877,0.021815154038301414,0.8,1.5,neutral,0.0,4.4406,4.4439,-0.003,steady,16:43:01,2026-06-29 16:43:01
ARR,17.165,17.26,-0.0055,1.5912,4022780,4,0.908,0.2728,0.0158,56.4,yf_premarket,0.20362929026643803,0.908,0.02447960033305579,0.8,1.5,neutral,0.0,4.4337,4.4374,-0.004,steady,16:43:01,2026-06-29 16:43:01
AAP,62.44,62.18,0.0042,1.9405,1703210,3,0.9478,2.724,0.0438,61.6,yf_premarket,0.24832996339996416,0.9478,0.07110741049125728,0.6,1.5,neutral,0.014856738592147152,4.4259,4.4148,0.011,steady,16:43:01,2026-06-29 16:43:01
FTRE,17.32,17.65,-0.0187,1.9735,1839240,4,0.8445,0.9629,0.0546,62.7,yf_premarket,0.2525530444575261,0.8445,0.0890924229808493,0.8,1.5,neutral,0.0,4.4124,4.4256,-0.013,steady,16:43:01,2026-06-29 16:43:01
TAP,39.91,41.48,-0.0378,1.1283,3545650,5,0.8367,1.094,0.0264,66.2,yf_premarket,0.1443909805226383,0.8367,0.04213155703580349,1.0,1.5,neutral,0.0,4.4111,,,new,16:43:01,2026-06-29 16:43:01
BRX,32.095,32.45,-0.0109,1.2717,2686380,5,0.8259,0.617,0.019,65.0,yf_premarket,0.16274218730004353,0.8259,0.029808492922564527,1.0,1.5,neutral,0.0,4.4108,4.4153,-0.005,steady,16:43:01,2026-06-29 16:43:01
BLCO,16.46,16.32,0.0086,1.0693,387630,5,0.8186,0.4359,0.0267,64.1,yf_premarket,0.1368406234803307,0.8186,0.042631140716069944,1.0,1.5,neutral,0.030420940926777502,4.4094,4.3781,0.031,steady,16:43:01,2026-06-29 16:43:01
CTKB,4.385,4.48,-0.0212,0.9687,3526970,5,0.8387,0.2425,0.0541,62.7,yf_premarket,0.12396662486242994,0.8387,0.08825978351373856,1.0,1.5,neutral,0.0,4.4075,4.4206,-0.013,steady,16:43:01,2026-06-29 16:43:01
ABR,5.365,5.4,-0.0065,1.4574,3739710,3,1.0,0.183,0.0339,57.7,yf_premarket,0.18650661616032352,1.0,0.054621149042464616,0.6,1.5,neutral,0.0,4.4071,4.4152,-0.008,steady,16:43:01,2026-06-29 16:43:01
ALLO,2.19,2.13,0.0282,2.4538,10559210,3,0.8182,0.126,0.0592,69.8,yf_premarket,0.3140180696680403,0.8182,0.09675270607826811,0.6,1.5,neutral,0.09975238769013088,4.4054,4.3374,0.068,steady,16:43:01,2026-06-29 16:43:01
BBNX,17.01,16.82,0.0113,1.6596,1230240,3,0.9291,1.1233,0.0668,69.0,yf_premarket,0.21238258554938447,0.9291,0.10940882597835136,0.6,1.5,neutral,0.03997170145030067,4.3914,4.3741,0.017,steady,16:43:01,2026-06-29 16:43:01
AVBC,20.73,20.21,0.0257,7.7245,318870,1,0.5241,0.568,0.0281,63.0,yf_premarket,0.9885208978526273,0.5241,0.044962531223980015,0.2,1.5,neutral,0.09090909090909091,4.3898,4.3329,0.057,steady,16:43:01,2026-06-29 16:43:01
BZH,29.2696,29.2,0.0024,1.3136,413610,3,0.9968,1.13,0.0387,69.4,yf_premarket,0.16810422052161453,0.9968,0.06261448792672773,0.6,1.5,neutral,0.008489564909798372,4.3898,4.4253,-0.035,steady,16:43:01,2026-06-29 16:43:01
CERS,2.95,2.92,0.0103,2.3813,3121940,3,0.8644,0.172,0.0589,60.8,yf_premarket,0.30474008855673007,0.8644,0.09625312239800167,0.6,1.5,neutral,0.036434382737884685,4.3887,4.3591,0.03,steady,16:43:01,2026-06-29 16:43:01
CRK,14.16,14.3,-0.0098,1.7362,2665920,4,0.8617,0.544,0.038,67.2,yf_premarket,0.22218525248905838,0.8617,0.06144879267277269,0.8,1.5,neutral,0.0,4.3874,4.3965,-0.009,steady,16:43:01,2026-06-29 16:43:01
AMPH,20.52,21.78,-0.0579,0.8665,720140,4,0.9418,0.943,0.0433,63.4,yf_premarket,0.11088787079931409,0.9418,0.07027477102414655,0.8,1.5,neutral,0.0,4.3851,4.3955,-0.01,steady,16:43:01,2026-06-29 16:43:01
CCC,4.885,5.01,-0.025,1.3932,9965060,3,0.9873,0.2574,0.0514,61.4,yf_premarket,0.17829080392106678,0.9873,0.08376353039134055,0.6,1.5,neutral,0.0,4.3839,4.3963,-0.012,steady,16:43:01,2026-06-29 16:43:01
HLF,12.62,12.54,0.0064,2.1848,2049680,4,0.7956,0.571,0.0455,65.7,yf_premarket,0.279593560441248,0.7956,0.07393838467943381,0.8,1.5,neutral,0.022638839759462327,4.3815,4.3636,0.018,steady,16:43:01,2026-06-29 16:43:01
AVTR,9.92,10.28,-0.035,1.2579,8444250,4,0.904,0.3665,0.0357,67.8,yf_premarket,0.1609761715850631,0.904,0.05761865112406329,0.8,1.5,neutral,0.0,4.3783,4.3868,-0.008,steady,16:43:01,2026-06-29 16:43:01
DOCS,20.25,20.88,-0.0302,2.6082,3775310,3,0.869,0.8214,0.0393,52.7,yf_premarket,0.3337769701312995,0.869,0.06361365528726062,0.6,1.5,neutral,0.0,4.3705,4.3799,-0.009,steady,16:43:01,2026-06-29 16:43:01
DX,13.015,13.14,-0.0095,1.9962,5574110,4,0.8355,0.1838,0.014,64.3,yf_premarket,0.2554580123365156,0.8355,0.021482098251457117,0.8,1.5,neutral,0.0,4.3649,4.3682,-0.003,steady,16:43:01,2026-06-29 16:43:01
EXEL,54.75,54.77,-0.0004,2.163,3204560,3,0.9126,1.576,0.0288,60.6,yf_premarket,0.2768037675001919,0.9126,0.04612822647793505,0.6,1.5,neutral,0.0,4.3635,4.3908,-0.027,steady,16:43:01,2026-06-29 16:43:01
BFAM,70.44,70.14,0.0043,1.5696,1199130,3,0.952,2.205,0.0314,68.7,yf_premarket,0.2008650917560339,0.952,0.0504579517069109,0.6,1.5,neutral,0.015210470463388751,4.3533,4.3565,-0.003,steady,16:43:01,2026-06-29 16:43:01
EXPI,5.5,5.5,0.0,1.7812,1809828,3,0.9299,0.3013,0.0548,67.1,prev_close,0.22794399938573368,0.9299,0.08942547876769359,0.6,1.5,neutral,0.0,4.3464,4.3597,-0.013,steady,16:43:01,2026-06-29 16:43:01
TBBB,41.79,41.99,-0.0048,1.1057,603770,2,0.3523,1.5115,0.036,73.9,yf_premarket,0.14149880985897467,0.3523,0.058118234804329726,0.4,3.0,good,0.0,4.3459,,,new,16:43:01,2026-06-29 16:43:01
BLFS,28.855,28.67,0.0065,3.2072,1234880,3,0.7738,1.52,0.053,59.4,yf_premarket,0.41043228993371045,0.7738,0.08642797668609492,0.6,1.5,neutral,0.022992571630703926,4.341,4.3193,0.022,steady,16:43:01,2026-06-29 16:43:01
RHI,32.47,32.76,-0.0089,1.0973,2992510,4,0.8927,1.566,0.0478,57.6,yf_premarket,0.1404238437715953,0.8927,0.07776852622814322,0.8,1.5,neutral,0.0,4.3349,4.3465,-0.012,steady,16:43:01,2026-06-29 16:43:01
BRO,63.5596,64.22,-0.0103,1.2653,3485480,3,0.9856,1.638,0.0255,69.2,yf_premarket,0.16192316551918304,0.9856,0.040632805995004156,0.6,1.5,neutral,0.0,4.3344,4.3405,-0.006,steady,16:43:01,2026-06-29 16:43:01
FDUS,18.85,18.78,0.0037,1.1238,383270,3,0.9894,0.3931,0.0209,64.8,yf_premarket,0.14381510583297075,0.9894,0.032972522897585343,0.6,1.5,neutral,0.013088079235939158,4.3306,4.3549,-0.024,steady,16:43:01,2026-06-29 16:43:01
EEFT,70.99,70.43,0.008,1.1368,808930,3,0.971,2.361,0.0335,60.4,yf_premarket,0.14547874382534362,0.971,0.05395503746877602,0.6,1.5,neutral,0.02829854969932791,4.3296,4.3211,0.008,steady,16:43:01,2026-06-29 16:43:01
CNMD,33.97,35.95,-0.0551,1.2166,693590,3,0.9804,1.481,0.0412,52.6,yf_premarket,0.15569092165544776,0.9804,0.06677768526228144,0.6,1.5,neutral,0.0,4.3277,4.3376,-0.01,steady,16:43:01,2026-06-29 16:43:01
CHMI,2.405,2.48,-0.0302,2.0105,229150,3,0.9091,0.071,0.0286,67.6,yf_premarket,0.25728801412812574,0.9091,0.04579517069109076,0.6,1.5,neutral,0.0,4.327,4.3339,-0.007,steady,16:43:01,2026-06-29 16:43:01
DERM,6.67,6.62,0.0076,3.9485,540590,4,0.5852,0.468,0.0707,60.9,yf_premarket,0.5052980471449413,0.5852,0.11590341382181514,0.8,1.5,neutral,0.026883622214361514,4.3266,4.3372,-0.011,steady,16:43:01,2026-06-29 16:43:01
BTI,62.57,62.76,-0.003,0.8718,4388880,4,0.9226,0.967,0.0154,64.4,yf_premarket,0.11156612321158917,0.9226,0.02381348875936719,0.8,1.5,neutral,0.0,4.3245,4.3281,-0.004,steady,16:43:01,2026-06-29 16:43:01
DFH,17.48,17.2,0.0163,1.1787,761320,4,0.8315,1.025,0.0596,67.1,yf_premarket,0.15084077704691462,0.8315,0.0974188176519567,0.8,1.5,neutral,0.05765829501238061,4.3245,4.3302,-0.006,steady,16:43:01,2026-06-29 16:43:01
CRVL,61.915,62.99,-0.0171,2.2002,290790,3,0.8851,2.12,0.0337,62.1,yf_premarket,0.28156433160144356,0.8851,0.05428809325562032,0.6,1.5,neutral,0.0,4.3197,4.3278,-0.008,steady,16:43:01,2026-06-29 16:43:01
BMBL,3.175,3.04,0.0444,1.8133,6142810,3,0.7874,0.225,0.074,58.3,yf_premarket,0.23205190550536203,0.7874,0.12139883430474603,0.6,1.5,neutral,0.1570569508312699,4.3192,4.2064,0.113,steady,16:43:01,2026-06-29 16:43:01
YELP,24.29,24.0,0.0121,2.8106,1569430,3,0.789,1.021,0.0425,54.6,yf_premarket,0.3596785339510123,0.789,0.06894254787676937,0.6,1.5,neutral,0.042801556420233464,4.3162,,,new,16:43:01,2026-06-29 16:43:01
CRNX,36.34,36.7,-0.0098,3.2352,1559780,3,0.7736,1.6512,0.045,68.4,yf_premarket,0.41401551022497507,0.7736,0.07310574521232306,0.6,1.5,neutral,0.0,4.3048,4.3156,-0.011,steady,16:43:01,2026-06-29 16:43:01
BATRK,51.57,51.96,-0.0075,2.9012,917790,4,0.7138,1.2975,0.025,64.4,yf_premarket,0.3712728110363185,0.7138,0.03980016652789342,0.8,1.5,neutral,0.0,4.3044,4.3104,-0.006,steady,16:43:01,2026-06-29 16:43:01
AIP,46.34,43.29,0.0705,2.1834,1175760,2,0.7767,2.9344,0.0678,68.6,yf_premarket,0.2794143994266847,0.7767,0.11107410491257284,0.4,1.5,neutral,0.24938096922532718,4.3021,4.1626,0.139,steady,16:43:01,2026-06-29 16:43:01
GEHC,64.815,65.76,-0.0144,0.9741,5329180,4,0.8949,1.8695,0.0284,53.5,yf_premarket,0.12465767449003097,0.8949,0.04546211490424646,0.8,1.5,neutral,0.0,4.2995,4.3063,-0.007,steady,16:43:01,2026-06-29 16:43:01
AVIR,4.56,4.49,0.0156,3.1465,395970,3,0.7361,0.204,0.0454,61.8,yf_premarket,0.4026643802308618,0.7361,0.07377185678601167,0.6,1.5,neutral,0.05518217191368942,4.2959,4.2594,0.036,steady,16:43:01,2026-06-29 16:43:01
BXP,66.695,67.4,-0.0105,1.0937,1688630,3,0.9823,1.629,0.0242,66.6,yf_premarket,0.13996314401986126,0.9823,0.038467943380516234,0.6,1.5,neutral,0.0,4.2938,4.2995,-0.006,steady,16:43:01,2026-06-29 16:43:01
AOS,61.12,61.72,-0.0097,1.4076,2175050,4,0.85,1.758,0.0285,64.3,yf_premarket,0.18013360292800287,0.85,0.04562864279766861,0.8,1.5,neutral,0.0,4.293,4.2998,-0.007,steady,16:43:01,2026-06-29 16:43:01
FVRR,10.84,11.13,-0.0261,0.9085,962710,3,0.981,0.5571,0.0501,60.3,yf_premarket,0.116262701236211,0.981,0.08159866777685262,0.6,1.5,neutral,0.0,4.2772,4.2893,-0.012,steady,16:43:01,2026-06-29 16:43:01
CPB,22.865,22.73,0.0059,0.5161,15031080,4,0.9073,0.685,0.0301,57.9,yf_premarket,0.06604642829720253,0.9073,0.048293089092422976,0.8,1.5,neutral,0.02087018040325433,4.2691,4.2654,0.004,steady,16:43:01,2026-06-29 16:43:01
FNKO,5.745,5.8,-0.0095,1.9033,681090,3,0.8765,0.3175,0.0547,67.2,yf_premarket,0.2435693992987126,0.8765,0.08925895087427144,0.6,1.5,neutral,0.0,4.263,4.2762,-0.013,steady,16:43:01,2026-06-29 16:43:01
AMN,32.58,32.76,-0.0055,1.7307,1141180,4,0.7943,1.557,0.0475,55.5,yf_premarket,0.2214814056461314,0.7943,0.07726894254787676,0.8,1.5,neutral,0.0,4.2595,4.2754,-0.016,steady,16:43:01,2026-06-29 16:43:01
ELS,63.92,64.23,-0.0048,1.3656,1692910,3,0.9356,1.3364,0.0208,60.2,yf_premarket,0.17475877249110594,0.9356,0.032805995004163195,0.6,1.5,neutral,0.0,4.2497,4.2547,-0.005,steady,16:43:01,2026-06-29 16:43:01
FOSL,4.255,4.36,-0.0241,5.0411,1357430,3,0.5676,0.245,0.0562,62.0,yf_premarket,0.6451204217962172,0.5676,0.09175686927560367,0.6,1.5,neutral,0.0,4.2488,4.2624,-0.014,steady,16:43:01,2026-06-29 16:43:01
ARE,54.65,55.22,-0.0103,2.0122,1780620,3,0.8665,2.011,0.0364,61.9,yf_premarket,0.2575055667886668,0.8665,0.058784346378018326,0.6,1.5,neutral,0.0,4.2487,4.2574,-0.009,steady,16:43:01,2026-06-29 16:43:01
CNC,65.14,65.73,-0.009,0.9405,6170490,3,0.97,2.241,0.0341,58.8,yf_premarket,0.12035781014051343,0.97,0.054954204829308906,0.6,1.5,neutral,0.0,4.248,4.2562,-0.008,steady,16:43:01,2026-06-29 16:43:01
BLKB,28.805,29.23,-0.0145,1.065,1400710,3,0.9432,1.607,0.055,54.5,yf_premarket,0.13629034322131503,0.9432,0.08975853455453789,0.6,1.5,neutral,0.0,4.2357,4.249,-0.013,steady,16:43:01,2026-06-29 16:43:01
FAST,46.95,47.1,-0.0032,1.9004,7726180,4,0.776,1.089,0.0231,52.1,yf_premarket,0.24319828005426022,0.776,0.0366361365528726,0.8,1.5,neutral,0.0,4.2351,4.2412,-0.006,steady,16:43:01,2026-06-29 16:43:01
COO,70.71,71.02,-0.0044,1.121,3113040,4,0.8433,1.757,0.0247,63.5,yf_premarket,0.1434567838038443,0.8433,0.039300582847626976,0.8,1.5,neutral,0.0,4.2214,4.2273,-0.006,steady,16:43:01,2026-06-29 16:43:01
DLX,23.695,23.93,-0.0098,1.9843,575830,3,0.848,0.945,0.0395,55.6,yf_premarket,0.25393514371272813,0.848,0.06394671107410492,0.6,1.5,neutral,0.0,4.2089,4.2184,-0.01,steady,16:43:01,2026-06-29 16:43:01
AVNT,36.22,37.91,-0.0446,2.4316,1249820,3,0.8076,1.2175,0.0321,69.2,yf_premarket,0.31117708786568044,0.8076,0.05162364696086594,0.6,1.5,neutral,0.0,4.2078,4.2155,-0.008,steady,16:43:01,2026-06-29 16:43:01
GPRE,15.215,15.09,0.0083,1.2968,1744970,4,0.7868,0.712,0.0472,51.7,yf_premarket,0.16595428834685572,0.7868,0.07676935886761033,0.8,1.5,neutral,0.029359745313052705,4.205,4.1978,0.007,steady,16:43:01,2026-06-29 16:43:01
AURA,6.91,7.0,-0.0129,2.1964,741210,4,0.7119,0.4206,0.0601,58.9,yf_premarket,0.2810780374190576,0.7119,0.09825145711906745,0.8,1.5,neutral,0.0,4.1945,4.2091,-0.015,steady,16:43:01,2026-06-29 16:43:01
EQH,43.81,44.0,-0.0043,1.5523,4966670,2,0.2317,1.1159,0.0254,71.0,yf_premarket,0.1986511735046454,0.2317,0.04046627810158201,0.4,3.0,good,0.0,4.1816,4.1877,-0.006,steady,16:43:01,2026-06-29 16:43:01
EOLS,7.0986,7.13,-0.0044,2.4094,861340,3,0.7889,0.3285,0.0461,65.8,yf_premarket,0.3083361060633207,0.7889,0.0749375520399667,0.6,1.5,neutral,0.0,4.1778,4.1889,-0.011,steady,16:43:01,2026-06-29 16:43:01
GDRX,2.825,2.8,0.0089,0.9096,1179600,3,0.9091,0.1184,0.0423,58.1,yf_premarket,0.1164034706047964,0.9091,0.06860949208992506,0.6,1.5,neutral,0.0314821365405023,4.1743,4.1714,0.003,steady,16:43:01,2026-06-29 16:43:01
CSX,48.015,47.66,0.0074,1.4153,13720840,3,0.8715,1.017,0.0213,55.0,yf_premarket,0.18111898850810065,0.8715,0.03363863447127394,0.6,1.5,neutral,0.026176158471878316,4.1708,4.1525,0.018,steady,16:43:01,2026-06-29 16:43:01
GPN,70.585,69.8,0.0112,0.9121,4295270,3,0.8977,2.632,0.0377,58.8,yf_premarket,0.11672340098794504,0.8977,0.06094920899250624,0.6,1.5,neutral,0.039617969579059074,4.1604,4.1355,0.025,steady,16:43:01,2026-06-29 16:43:01
NWN,50.14,50.83,-0.0136,2.6498,399690,3,0.7673,1.079,0.0212,57.6,yf_premarket,0.3391006117068926,0.7673,0.03347210657785179,0.6,1.5,neutral,0.0,4.16,4.165,-0.005,steady,16:43:01,2026-06-29 16:43:01
ESPR,3.165,3.17,-0.0016,1.2759,10969050,2,1.0,0.019,0.006,66.7,yf_premarket,0.16327967034373322,1.0,0.008159866777685262,0.4,1.5,neutral,0.0,4.149,4.1503,-0.001,steady,16:43:01,2026-06-29 16:43:01
DK,51.685,47.82,0.0808,1.7061,1259570,5,0.9228,2.07,0.0433,48.6,yf_premarket,0.21833329067594892,0.9228,0.07027477102414655,1.0,0.5,weak,0.2858153519632119,4.137,3.9588,0.178,steady,16:43:01,2026-06-29 16:43:01
EPRX,6.56,6.6,-0.0061,1.3755,577460,3,0.8584,0.4487,0.068,66.7,yf_premarket,0.1760256968083745,0.8584,0.11140716069941715,0.6,1.5,neutral,0.0,4.1365,4.153,-0.016,steady,16:43:01,2026-06-29 16:43:01
ARVN,8.3899,8.0,0.0487,3.2241,939350,2,0.6571,0.433,0.0541,63.3,yf_premarket,0.41259501932379516,0.6571,0.08825978351373856,0.4,1.5,neutral,0.17226742129465863,4.1356,4.0497,0.086,steady,16:43:01,2026-06-29 16:43:01
FIP,4.535,4.95,-0.0838,2.629,1012850,3,0.7458,0.2387,0.0482,68.0,yf_premarket,0.336438790919096,0.7458,0.07843463780183181,0.6,1.5,neutral,0.0,4.1355,4.1471,-0.012,steady,16:43:01,2026-06-29 16:43:01
GMAB,26.205,26.12,0.0033,1.1203,1587400,3,0.8906,0.6218,0.0238,60.5,yf_premarket,0.1433672032965627,0.8906,0.03780183180682764,0.6,1.5,neutral,0.011673151750972763,4.1327,4.1336,-0.001,steady,16:43:01,2026-06-29 16:43:01
CRSP,56.31,54.92,0.0253,1.9177,1768400,3,0.7454,2.5308,0.0461,63.3,yf_premarket,0.2454121983056487,0.7454,0.0749375520399667,0.6,1.5,neutral,0.08949416342412451,4.1306,4.0604,0.07,steady,16:43:01,2026-06-29 16:43:01
NCLH,21.655,21.24,0.0195,1.2917,20270280,3,0.8185,0.844,0.0397,67.9,yf_premarket,0.16530163036523254,0.8185,0.0642797668609492,0.6,1.5,neutral,0.06897771489211178,4.1206,4.0876,0.033,steady,16:43:01,2026-06-29 16:43:01
GPK,10.45,11.01,-0.0509,0.8469,6487240,4,0.8106,0.3946,0.0358,58.1,yf_premarket,0.10837961659542884,0.8106,0.05778517901748543,0.8,1.5,neutral,0.0,4.1127,4.1213,-0.009,steady,16:43:01,2026-06-29 16:43:01
ETOR,39.655,40.73,-0.0264,1.7489,783130,2,0.9193,1.7863,0.0439,59.0,yf_premarket,0.2238104988354534,0.9193,0.07127393838467944,0.4,1.5,neutral,0.0,4.11,4.1205,-0.01,steady,16:43:01,2026-06-29 16:43:01
ATRC,28.34,30.18,-0.061,2.5242,1099340,1,0.944,1.228,0.0407,69.0,yf_premarket,0.32302730925750556,0.944,0.06594504579517069,0.2,1.5,neutral,0.0,4.1055,4.1153,-0.01,steady,16:43:01,2026-06-29 16:43:01
FVR,20.0,20.1,-0.005,1.7136,246790,3,0.809,0.6905,0.0344,68.7,yf_premarket,0.2192930818253948,0.809,0.05545378850957536,0.6,1.5,neutral,0.0,4.0747,4.0957,-0.021,steady,16:43:01,2026-06-29 16:43:01
ABM,44.635,45.47,-0.0184,2.6631,895900,4,0.6203,1.271,0.028,66.1,yf_premarket,0.3408026413452433,0.6203,0.04479600333055787,0.8,1.5,neutral,0.0,4.0742,4.0809,-0.007,steady,16:43:01,2026-06-29 16:43:01
AMCX,10.16,10.08,0.0079,1.8597,570520,2,0.8644,0.462,0.0458,54.5,yf_premarket,0.23798981341660055,0.8644,0.07443796835970025,0.4,1.5,neutral,0.02794481782808631,4.0649,4.072,-0.007,steady,16:43:01,2026-06-29 16:43:01
CWK,13.46,13.65,-0.0139,3.2502,2617370,3,0.6533,0.53,0.0388,54.3,yf_premarket,0.41593509252386685,0.6533,0.06278101582014987,0.6,1.5,neutral,0.0,4.0619,4.0712,-0.009,steady,16:43:01,2026-06-29 16:43:01
ACIU,2.565,2.56,0.002,1.1151,232440,3,0.8493,0.1142,0.0446,64.8,yf_premarket,0.14270174809961353,0.8493,0.07243963363863447,0.6,1.5,neutral,0.007074637424831978,4.0595,4.0721,-0.013,steady,16:43:01,2026-06-29 16:43:01
AVLN,31.245,30.71,0.0174,3.5549,675830,2,0.6496,3.177,0.1035,60.8,yf_premarket,0.45492820762202146,0.6496,0.17052456286427975,0.4,1.5,neutral,0.061549345596038196,4.0592,3.9978,0.061,steady,16:43:01,2026-06-29 16:43:01
AXGN,45.185,44.93,0.0057,1.7711,1852010,3,0.7699,2.28,0.0507,57.9,yf_premarket,0.2266514806378132,0.7699,0.08259783513738551,0.6,1.5,neutral,0.020162716660771136,4.0513,4.0837,-0.032,steady,16:43:01,2026-06-29 16:43:01
CGNX,68.045,66.56,0.0223,1.9636,2214720,3,0.7143,2.148,0.0323,62.3,yf_premarket,0.2512861201402575,0.7143,0.05195670274771024,0.6,1.5,neutral,0.07888220728687655,4.0498,4.0289,0.021,steady,16:43:01,2026-06-29 16:43:01
ARXS,45.935,44.34,0.036,2.0067,1509090,3,0.6576,2.745,0.0619,66.9,yf_premarket,0.2568017199457398,0.6576,0.10124895920066611,0.6,1.5,neutral,0.12734347364697557,4.042,4.043,-0.001,steady,16:43:01,2026-06-29 16:43:01
CCRN,13.205,13.22,-0.0011,1.1796,678700,3,0.8572,0.027,0.002,66.7,yf_premarket,0.1509559519848481,0.8572,0.0014987510407993337,0.6,1.5,neutral,0.0,4.0416,4.0419,-0.0,steady,16:43:01,2026-06-29 16:43:01
GRRR,19.35,17.48,0.107,0.7339,1474270,3,0.5799,1.326,0.0759,52.8,yf_premarket,0.0939187632771109,0.5799,0.12456286427976684,0.6,1.5,neutral,0.3784931022285108,4.0307,3.7961,0.235,steady,16:43:01,2026-06-29 16:43:01
CMP,31.31,31.1,0.0068,2.1578,553760,3,0.7178,1.406,0.0452,57.4,yf_premarket,0.2761383123032428,0.7178,0.07343880099916736,0.6,1.5,neutral,0.02405376724442872,4.0226,4.0099,0.013,steady,16:43:01,2026-06-29 16:43:01
DFIN,40.985,40.55,0.0107,1.5679,383510,3,0.7656,1.634,0.0403,68.2,yf_premarket,0.20064753909549285,0.7656,0.06527893422148211,0.6,1.5,neutral,0.037849310222851075,4.0216,4.0099,0.012,steady,16:43:01,2026-06-29 16:43:01
GRAL,66.53,65.92,0.0093,2.3962,720310,2,0.7808,3.5509,0.0539,63.4,yf_premarket,0.30664687364029586,0.7808,0.08792672772689426,0.4,1.5,neutral,0.03289706402546869,4.0149,4.0222,-0.007,steady,16:43:01,2026-06-29 16:43:01
FUBO,9.5,9.91,-0.0414,2.1981,1737160,2,0.8133,0.7994,0.0807,53.1,yf_premarket,0.2812955900795987,0.8133,0.13255620316402994,0.4,1.5,neutral,0.0,4.0148,4.0344,-0.02,steady,16:43:01,2026-06-29 16:43:01
BRKR,59.6,60.91,-0.0215,1.0098,2299640,3,0.8439,2.3429,0.0385,61.8,yf_premarket,0.12922628036139336,0.8439,0.06228143213988343,0.6,1.5,neutral,0.0,4.0128,4.022,-0.009,steady,16:43:01,2026-06-29 16:43:01
FR,62.685,63.58,-0.0141,1.0483,1269760,3,0.8453,1.412,0.0222,59.0,yf_premarket,0.13415320826188223,0.8453,0.03513738551207327,0.6,1.5,neutral,0.0,4.0094,4.0147,-0.005,steady,16:43:01,2026-06-29 16:43:01
ALRM,46.285,46.34,-0.0012,2.5311,794320,2,0.7942,1.7031,0.0368,54.5,yf_premarket,0.3239103171149958,0.7942,0.05945045795170691,0.4,1.5,neutral,0.0,4.004,4.017,-0.013,steady,16:43:01,2026-06-29 16:43:01
ELPC,11.7,11.77,-0.0059,0.7592,395960,4,0.7683,0.269,0.0229,61.8,yf_premarket,0.09715645875457501,0.7683,0.036303080766028305,0.8,1.5,neutral,0.0,4.0005,4.0059,-0.005,steady,16:43:01,2026-06-29 16:43:01
CMPX,2.135,2.08,0.0264,1.9241,3952770,3,0.6667,0.0981,0.0472,52.8,yf_premarket,0.2462312200865092,0.6667,0.07676935886761033,0.6,1.5,neutral,0.0933852140077821,3.9812,3.9396,0.042,steady,16:43:01,2026-06-29 16:43:01
KOD,36.86,35.94,0.0256,2.8465,910280,3,0.5613,2.676,0.0745,65.3,yf_premarket,0.36427273425302653,0.5613,0.12223147377185677,0.6,1.5,neutral,0.09055535903784931,3.966,3.9729,-0.007,steady,16:43:01,2026-06-29 16:43:01
HLN,9.315,9.24,0.0081,1.0816,11527810,3,0.7983,0.1371,0.0148,53.4,yf_premarket,0.13841468096542192,0.7983,0.022814321398834304,0.6,1.5,neutral,0.028652281570569507,3.9586,3.9414,0.017,steady,16:43:01,2026-06-29 16:43:01
EQ,3.0515,3.05,0.0005,1.1138,374940,3,0.7872,0.224,0.0734,54.6,yf_premarket,0.14253538430037624,0.7872,0.12039966694421315,0.6,1.5,neutral,0.0017686593562079944,3.9511,3.9662,-0.015,steady,16:43:01,2026-06-29 16:43:01
BNTC,12.375,12.37,0.0004,4.7221,216470,3,0.4352,0.9274,0.075,65.9,yf_premarket,0.6042973049064524,0.4352,0.12306411323896752,0.6,1.5,neutral,0.0014149274849663955,3.9405,3.9566,-0.016,steady,16:43:01,2026-06-29 16:43:01
ALC,67.52,67.8,-0.0041,0.8131,1826350,4,0.7308,1.3056,0.0193,54.1,yf_premarket,0.10405415781525941,0.7308,0.030308076602830972,0.8,1.5,neutral,0.0,3.9328,3.9374,-0.005,steady,16:43:01,2026-06-29 16:43:01
RBLX,54.4599,47.56,0.1451,0.8173,13199820,2,0.5204,3.204,0.0674,62.1,yf_premarket,0.1045916408589491,0.5204,0.11040799333888425,0.4,1.5,neutral,0.51326494517156,3.9228,,,new,16:43:01,2026-06-29 16:43:01
BXSL,24.36,23.99,0.0154,1.0893,1884680,4,0.6555,0.4477,0.0187,58.2,yf_premarket,0.1394000665455197,0.6555,0.029308909242298085,0.8,1.5,neutral,0.054474708171206226,3.9165,3.8899,0.027,steady,16:43:01,2026-06-29 16:43:01
GSK,52.5,52.5,0.0,1.1206,3752360,4,0.6854,0.91,0.0173,55.1,yf_premarket,0.14340559494254052,0.6854,0.026977518734388008,0.8,1.5,neutral,0.0,3.8994,3.9035,-0.004,steady,16:43:01,2026-06-29 16:43:01
EYPT,13.9,13.66,0.0176,2.5013,1421090,3,0.5864,0.857,0.0627,65.9,yf_premarket,0.32009674694786416,0.5864,0.10258118234804331,0.6,1.5,neutral,0.0622568093385214,3.8976,3.8918,0.006,steady,16:43:01,2026-06-29 16:43:01
CBAN,20.13,20.64,-0.0247,2.724,447790,4,0.526,0.568,0.0275,54.7,yf_premarket,0.34859614547874385,0.526,0.043963363863447125,0.8,1.5,neutral,0.0,3.8969,3.9034,-0.006,steady,16:43:01,2026-06-29 16:43:01
HPP,15.135,15.37,-0.0153,1.9699,966190,1,0.886,0.849,0.0552,61.8,yf_premarket,0.252092344705792,0.886,0.09009159034138219,0.2,1.5,neutral,0.0,3.8952,3.9085,-0.013,steady,16:43:01,2026-06-29 16:43:01
EPR,58.67,59.7,-0.0173,1.2955,693490,4,0.6499,1.274,0.0213,62.5,yf_premarket,0.16578792454761845,0.6499,0.03363863447127394,0.8,1.5,neutral,0.0,3.8653,3.8704,-0.005,steady,16:43:01,2026-06-29 16:43:01
ZIM,25.29,25.58,-0.0113,0.6611,1075230,4,0.7074,0.689,0.0269,53.0,yf_premarket,0.08460239051982289,0.7074,0.042964196502914234,0.8,1.5,neutral,0.0,3.8632,3.8696,-0.006,steady,16:43:01,2026-06-29 16:43:01
RLMD,6.76,6.69,0.0105,4.5049,3464050,2,0.4941,0.4445,0.0664,64.0,yf_premarket,0.5765017532184997,0.4941,0.10874271440466277,0.4,1.5,neutral,0.037141846480367884,3.863,,,new,16:43:01,2026-06-29 16:43:01
CNX,33.2,33.73,-0.0157,1.6596,2542420,4,0.6057,1.038,0.0308,51.3,yf_premarket,0.21238258554938447,0.6057,0.049458784346378015,0.8,1.5,neutral,0.0,3.8547,3.8621,-0.007,steady,16:43:01,2026-06-29 16:43:01
EWTX,40.365,41.46,-0.0264,1.3661,2057490,2,0.8113,2.7023,0.0652,68.3,yf_premarket,0.1748227585677357,0.8113,0.10674437968359698,0.4,1.5,neutral,0.0,3.8382,3.854,-0.016,steady,16:43:01,2026-06-29 16:43:01
SHO,11.68,11.92,-0.0201,3.1296,4066560,1,0.7581,0.261,0.0219,63.9,yf_premarket,0.40050165084077705,0.7581,0.03463780183180682,0.2,1.5,neutral,0.0,3.8343,,,new,16:43:01,2026-06-29 16:43:01
AQN,5.9803,6.02,-0.0066,0.6928,3448800,3,0.7917,0.109,0.0181,50.7,yf_premarket,0.08865910777814748,0.7917,0.028309741881765195,0.6,1.5,neutral,0.0,3.8305,3.8348,-0.004,steady,16:43:01,2026-06-29 16:43:01
GDOT,13.27,13.36,-0.0067,2.1657,644930,3,0.6465,0.262,0.0196,67.5,yf_premarket,0.2771492923139925,0.6465,0.030807660283097414,0.6,1.5,neutral,0.0,3.8241,3.8288,-0.005,steady,16:43:01,2026-06-29 16:43:01
CVLG,44.92,45.01,-0.002,2.6038,218640,3,0.5925,1.562,0.0347,55.6,yf_premarket,0.3332138926569579,0.5925,0.0559533721898418,0.6,1.5,neutral,0.0,3.8128,3.8211,-0.008,steady,16:43:01,2026-06-29 16:43:01
ELAN,24.74,24.57,0.0069,1.1398,5314350,3,0.7075,0.812,0.033,55.8,yf_premarket,0.14586266028512196,0.7075,0.05312239800166529,0.6,1.5,neutral,0.02440749911567032,3.797,3.8091,-0.012,steady,16:43:01,2026-06-29 16:43:01
ESRT,5.3,5.37,-0.013,1.9621,2656290,2,0.7416,0.1679,0.0313,54.2,yf_premarket,0.2510941619103683,0.7416,0.05029142381348876,0.4,1.5,neutral,0.0,3.785,3.7925,-0.007,steady,16:43:01,2026-06-29 16:43:01
PLNT,51.8,52.74,-0.0178,1.0156,2002000,3,0.7302,1.831,0.0347,57.5,yf_premarket,0.1299685188502982,0.7302,0.0559533721898418,0.6,1.5,neutral,0.0,3.7833,,,new,16:43:01,2026-06-29 16:43:01
ANIX,2.69,2.79,-0.0358,3.108,333780,1,0.7049,0.231,0.0828,63.2,yf_premarket,0.39773745233037294,0.7049,0.13605328892589508,0.2,1.5,neutral,0.0,3.7744,3.7945,-0.02,steady,16:43:01,2026-06-29 16:43:01
CIG,2.115,2.15,-0.0163,0.6056,7356070,4,0.6667,0.052,0.0242,58.3,yf_premarket,0.07749993601392338,0.6667,0.038467943380516234,0.8,1.5,neutral,0.0,3.7689,3.7746,-0.006,steady,16:43:01,2026-06-29 16:43:01
AES,14.645,14.67,-0.0017,1.2028,7136930,3,0.7143,0.058,0.004,50.0,yf_premarket,0.15392490594046737,0.7143,0.004829308909242298,0.6,1.5,neutral,0.0,3.7619,3.7627,-0.001,steady,16:43:01,2026-06-29 16:43:01
SPPL,3.92,3.92,0.0,0.681,1277300,4,0.6267,0.25,0.0638,57.4,yf_premarket,0.08714903636968596,0.6267,0.10441298917568691,0.8,1.5,neutral,0.0,3.7363,,,new,16:43:01,2026-06-29 16:43:01
OPRA,19.665,18.85,0.0432,0.6949,342660,3,0.6175,0.802,0.0425,57.4,yf_premarket,0.08892784929999233,0.6175,0.06894254787676937,0.6,1.5,neutral,0.1528121683763707,3.7321,,,new,16:43:01,2026-06-29 16:43:01
GRDN,41.0212,42.31,-0.0305,1.9394,514940,2,0.7111,1.8067,0.0427,56.9,yf_premarket,0.2481891940313788,0.7111,0.06927560366361366,0.4,1.5,neutral,0.0,3.7291,3.7394,-0.01,steady,16:43:01,2026-06-29 16:43:01
FMC,11.25,11.75,-0.0426,3.785,5891880,2,0.5208,0.669,0.0569,51.1,yf_premarket,0.4843746000870211,0.5208,0.0929225645295587,0.4,1.5,neutral,0.0,3.7146,3.7284,-0.014,steady,16:43:01,2026-06-29 16:43:01
BKU,48.32,49.26,-0.0191,1.7691,1265570,3,0.6217,1.302,0.0264,62.3,yf_premarket,0.2263955363312943,0.6217,0.04213155703580349,0.6,1.5,neutral,0.0,3.7041,3.7104,-0.006,steady,16:43:01,2026-06-29 16:43:01
ABEV,3.205,3.23,-0.0077,0.6335,26705210,4,0.6328,0.0689,0.0213,61.0,yf_premarket,0.08107035908986204,0.6328,0.03363863447127394,0.8,1.5,neutral,0.0,3.704,3.7091,-0.005,steady,16:43:01,2026-06-29 16:43:01
NU,13.01,13.17,-0.0121,1.0515,52067890,2,0.77,0.4375,0.0332,67.2,yf_premarket,0.13456271915231247,0.77,0.05345545378850958,0.4,1.5,neutral,0.0,3.6686,3.6765,-0.008,steady,16:43:01,2026-06-29 16:43:01
DSP,12.595,11.79,0.0683,1.7122,374250,3,0.9149,0.669,0.0567,45.8,yf_premarket,0.21911392081083156,0.9149,0.0925895087427144,0.6,0.5,weak,0.241598868058012,3.6672,3.5876,0.08,steady,16:43:01,2026-06-29 16:43:01
AMRZ,52.935,55.87,-0.0525,0.9622,3050880,2,0.7756,1.781,0.0319,55.7,yf_premarket,0.12313480586624352,0.7756,0.05129059117402164,0.4,1.5,neutral,0.0,3.6615,3.6692,-0.008,steady,16:43:01,2026-06-29 16:43:01
AUGO,62.34,64.08,-0.0272,2.5146,1476510,3,0.5062,3.7936,0.0592,54.8,yf_premarket,0.32179877658621486,0.5062,0.09675270607826811,0.6,1.5,neutral,0.0,3.6435,3.6578,-0.014,steady,16:43:01,2026-06-29 16:43:01
HST,24.86,25.06,-0.008,0.9212,10366820,3,0.6729,0.514,0.0205,56.0,yf_premarket,0.11788794758260604,0.6729,0.03230641132389675,0.6,1.5,neutral,0.0,3.6388,3.6436,-0.005,steady,16:43:01,2026-06-29 16:43:01
EFXT,24.86,24.95,-0.0036,0.9188,443300,3,0.6655,0.855,0.0343,55.4,yf_premarket,0.11758081441478334,0.6655,0.0552872606161532,0.6,1.5,neutral,0.0,3.635,3.6432,-0.008,steady,16:43:01,2026-06-29 16:43:01
FULC,3.695,3.8,-0.0276,1.1048,4466280,3,0.6325,0.228,0.06,53.9,yf_premarket,0.1413836349210412,0.6325,0.0980849292256453,0.6,1.5,neutral,0.0,3.6261,3.6406,-0.014,steady,16:43:01,2026-06-29 16:43:01
ALH,26.04,26.49,-0.017,2.2714,833240,2,0.6243,0.813,0.0307,61.4,yf_premarket,0.2906759489135164,0.6243,0.04929225645295587,0.4,1.5,neutral,0.0,3.6093,3.6166,-0.007,steady,16:43:01,2026-06-29 16:43:01
CARR,72.97,73.59,-0.0084,1.4187,5775830,3,0.605,1.9293,0.0262,63.8,yf_premarket,0.18155409382918278,0.605,0.0417985012489592,0.6,1.5,neutral,0.0,3.6032,3.6095,-0.006,steady,16:43:01,2026-06-29 16:43:01
REX,44.47,44.12,0.0079,3.1683,298390,4,0.8077,1.304,0.0296,44.4,yf_premarket,0.4054541731719178,0.8077,0.04746044962531224,0.8,0.5,weak,0.02794481782808631,3.5892,,,new,16:43:01,2026-06-29 16:43:01
ABUS,4.59,4.58,0.0022,2.1546,3157120,2,0.6111,0.172,0.0376,67.0,yf_premarket,0.2757288014128126,0.6111,0.0607826810990841,0.4,1.5,neutral,0.007782101167315175,3.5779,3.6412,-0.063,steady,16:43:01,2026-06-29 16:43:01
AADX,20.455,20.53,-0.0037,1.3267,1100020,3,0.5682,1.987,0.0968,58.7,yf_premarket,0.1697806557293133,0.5682,0.15936719400499583,0.6,1.5,neutral,0.0,3.5708,3.5943,-0.023,steady,16:43:01,2026-06-29 16:43:01
FUL,59.585,63.25,-0.0579,2.1811,1008600,2,0.6088,2.248,0.0355,61.1,yf_premarket,0.279120063474188,0.6088,0.057285595337218984,0.4,1.5,neutral,0.0,3.5649,3.5734,-0.008,steady,16:43:01,2026-06-29 16:43:01
ALT,2.825,2.82,0.0018,2.9898,5720410,2,0.5161,0.1233,0.0437,57.5,yf_premarket,0.3826111438151058,0.5161,0.07094088259783514,0.4,1.5,neutral,0.006367173682348779,3.5511,3.5521,-0.001,steady,16:43:01,2026-06-29 16:43:01
DAVA,2.85,2.84,0.0035,0.7173,449450,3,0.617,0.174,0.0613,52.0,yf_premarket,0.09179442553300403,0.617,0.10024979184013322,0.6,1.5,neutral,0.012380615493455961,3.5404,3.5424,-0.002,steady,16:43:01,2026-06-29 16:43:01
DOLE,13.75,14.05,-0.0214,3.2969,1342910,2,0.488,0.3014,0.0214,52.0,yf_premarket,0.4219113920810832,0.488,0.033805162364696086,0.4,1.5,neutral,0.0,3.5258,3.5308,-0.005,steady,16:43:01,2026-06-29 16:43:01
ARMP,6.36,7.4,-0.1405,5.4979,283980,3,0.6358,0.736,0.0995,48.8,yf_premarket,0.7035781014051342,0.6358,0.16386344712739384,0.6,0.5,weak,0.0,3.5089,3.5331,-0.024,steady,16:43:01,2026-06-29 16:43:01
BXDC,21.99,21.89,0.0046,0.5012,1494090,3,0.6219,1.022,0.0467,50.4,yf_premarket,0.06413964321363672,0.6219,0.07593671940049958,0.6,1.5,neutral,0.01627166607711355,3.5024,3.5052,-0.003,steady,16:43:01,2026-06-29 16:43:01
OM,4.34,4.58,-0.0524,5.131,429880,0,0.464,0.4825,0.1053,50.0,yf_premarket,0.6566251183742419,0.464,0.17352206494587843,0.0,1.5,neutral,0.0,3.4997,3.5253,-0.026,steady,16:43:01,2026-06-29 16:43:01
EZPW,32.095,32.52,-0.0131,1.1271,1171920,3,0.5647,1.537,0.0473,52.1,yf_premarket,0.14423741393872694,0.5647,0.07693588676103248,0.6,1.5,neutral,0.0,3.4842,3.5004,-0.016,steady,16:43:01,2026-06-29 16:43:01
EFC,13.585,13.57,0.0011,2.1558,1666900,2,0.5763,0.203,0.015,50.7,yf_premarket,0.27588236799672394,0.5763,0.023147377185678598,0.4,1.5,neutral,0.0038910505836575876,3.4838,3.4815,0.002,steady,16:43:01,2026-06-29 16:43:01
BCAT,15.9749,15.82,0.0098,0.882,590330,3,0.5745,0.1996,0.0126,67.4,yf_premarket,0.11287143917483557,0.5745,0.019150707743547043,0.6,1.5,neutral,0.034665723381676686,3.4799,3.4509,0.029,steady,16:43:01,2026-06-29 16:43:01
ASX,41.875,40.21,0.0414,1.0723,13072890,3,0.4587,1.664,0.0414,63.5,yf_premarket,0.13722453994010905,0.4587,0.06711074104912573,0.6,1.5,neutral,0.14644499469402192,3.4765,3.3465,0.13,steady,16:43:01,2026-06-29 16:43:01
FTV,60.4,61.48,-0.0176,1.1513,3092480,3,0.5688,1.3603,0.0221,51.2,yf_premarket,0.14733434004760565,0.5688,0.034970857618651124,0.6,1.5,neutral,0.0,3.4761,3.4813,-0.005,steady,16:43:01,2026-06-29 16:43:01
CUBE,40.49,41.27,-0.0189,1.1944,1976020,3,0.5643,0.776,0.0188,58.5,yf_premarket,0.15284993985308795,0.5643,0.029475437135720234,0.6,1.5,neutral,0.0,3.4726,3.4771,-0.005,steady,16:43:01,2026-06-29 16:43:01
ATHM,18.685,18.56,0.0067,1.1484,1049670,2,0.6312,0.725,0.0391,67.7,yf_premarket,0.14696322080315324,0.6312,0.06328059950041633,0.4,1.5,neutral,0.023700035373187125,3.45,3.4807,-0.031,steady,16:43:01,2026-06-29 16:43:01
SHPH,3.18,4.02,-0.209,7.3649,4280150,4,0.2876,0.7381,0.1836,44.2,yf_premarket,0.9425021115405288,0.2876,0.3039134054954205,0.8,0.5,weak,0.0,3.4409,,,new,16:43:01,2026-06-29 16:43:01
III,4.1087,4.2,-0.0217,4.2258,337950,3,0.75,0.141,0.0336,47.6,yf_premarket,0.540784725243787,0.75,0.054121565362198164,0.6,0.5,weak,0.0,3.4382,3.4463,-0.008,steady,16:43:01,2026-06-29 16:43:01
DNOW,13.19,13.55,-0.0266,1.2049,4151310,3,0.5396,0.4525,0.0334,54.9,yf_premarket,0.15419364746231223,0.5396,0.053788509575353874,0.6,1.5,neutral,0.0,3.4374,3.4454,-0.008,steady,16:43:01,2026-06-29 16:43:01
BOX,26.7,26.46,0.0091,1.6289,2326980,3,0.9696,0.8838,0.0334,48.2,yf_premarket,0.20845384044431933,0.9696,0.053788509575353874,0.6,0.5,weak,0.032189600282985495,3.4271,3.4327,-0.006,steady,16:43:01,2026-06-29 16:43:01
OFIX,9.8,9.78,0.002,2.6454,409240,3,0.8857,0.435,0.0445,43.0,yf_premarket,0.338537534232551,0.8857,0.07227310574521233,0.6,0.5,weak,0.007074637424831978,3.426,3.4261,-0.0,steady,16:43:01,2026-06-29 16:43:01
COHU,66.54,64.08,0.0384,1.6848,1555040,2,0.4738,3.87,0.0604,68.8,yf_premarket,0.21560748381152264,0.4738,0.09875104079933389,0.4,1.5,neutral,0.13583303855677395,3.4241,3.3348,0.089,steady,16:43:01,2026-06-29 16:43:01
FSK,10.515,10.4,0.0111,0.839,3183850,3,0.5389,0.2707,0.026,52.8,yf_premarket,0.10736863658467917,0.5389,0.0414654454621149,0.6,1.5,neutral,0.03926423770781747,3.4185,3.3996,0.019,steady,16:43:01,2026-06-29 16:43:01
SND,4.93,5.02,-0.0179,5.7454,677790,3,0.5814,0.2924,0.0582,40.9,yf_premarket,0.7352512093368484,0.5814,0.09508742714404662,0.6,0.5,weak,0.0,3.4132,3.4273,-0.014,steady,16:43:01,2026-06-29 16:43:01
ALTG,6.945,7.39,-0.0602,2.1358,283460,2,0.5196,0.473,0.064,68.3,yf_premarket,0.2733229249315349,0.5196,0.10474604496253122,0.4,1.5,neutral,0.0,3.4016,3.4171,-0.015,steady,16:43:01,2026-06-29 16:43:01
BCS,26.82,26.72,0.0037,0.8464,5184560,2,0.6508,0.44,0.0165,68.9,yf_premarket,0.10831563051879912,0.6508,0.025645295587010824,0.4,1.5,neutral,0.013088079235939158,3.3965,3.3923,0.004,steady,16:43:01,2026-06-29 16:43:01
CSWC,23.425,23.15,0.0119,1.763,770120,3,0.4405,0.3757,0.0162,53.6,yf_premarket,0.22561490619641167,0.4405,0.025145711906744375,0.6,1.5,neutral,0.042094092677750265,3.3951,3.3763,0.019,steady,16:43:01,2026-06-29 16:43:01
EDU,46.26,46.34,-0.0017,1.328,467250,2,0.6076,1.103,0.0238,53.2,yf_premarket,0.1699470195285506,0.6076,0.03780183180682764,0.4,1.5,neutral,0.0,3.389,3.3947,-0.006,steady,16:43:01,2026-06-29 16:43:01
AUPH,16.52,17.23,-0.0412,2.1042,2137110,3,0.4212,0.77,0.0447,63.9,yf_premarket,0.2692790048885363,0.4212,0.07260616153205661,0.6,1.5,neutral,0.0,3.3826,3.3934,-0.011,steady,16:43:01,2026-06-29 16:43:01
AVR,9.57,9.69,-0.0124,3.026,1542390,2,0.4238,0.616,0.0636,50.7,yf_premarket,0.38724373576309795,0.4238,0.10407993338884262,0.4,1.5,neutral,0.0,3.3805,3.4339,-0.053,steady,16:43:01,2026-06-29 16:43:01
BILL,35.56,35.52,0.0011,1.4172,2746510,3,0.9809,1.6903,0.0476,48.0,yf_premarket,0.1813621355992936,0.9809,0.07743547044129892,0.6,0.5,weak,0.0038910505836575876,3.3784,3.3949,-0.016,steady,16:43:01,2026-06-29 16:43:01
COUR,5.66,5.74,-0.0139,1.5676,9616250,2,0.5612,0.291,0.0507,58.6,yf_premarket,0.200609147449515,0.5612,0.08259783513738551,0.4,1.5,neutral,0.0,3.3646,3.3769,-0.012,steady,16:43:01,2026-06-29 16:43:01
BEN,32.61,33.21,-0.0181,0.883,4969770,3,0.531,0.976,0.0294,64.2,yf_premarket,0.11299941132809502,0.531,0.04712739383846794,0.6,1.5,neutral,0.0,3.3551,3.3621,-0.007,steady,16:43:01,2026-06-29 16:43:01
AMPL,7.48,7.41,0.0094,1.574,2196470,3,0.925,0.4276,0.0577,44.6,yf_premarket,0.2014281692303755,0.925,0.09425478767693589,0.6,0.5,weak,0.033250795896710296,3.3491,3.3649,-0.016,steady,16:43:01,2026-06-29 16:43:01
AVXL,2.53,2.62,-0.0344,1.9681,2133280,2,0.5068,0.162,0.0618,52.6,yf_premarket,0.251861994829925,0.5068,0.10108243130724397,0.4,1.5,neutral,0.0,3.3419,3.3569,-0.015,steady,16:43:01,2026-06-29 16:43:01
CRNC,10.85,10.61,0.0226,1.4825,1001310,1,0.5893,0.7009,0.0661,50.0,yf_premarket,0.18971871720713573,0.5893,0.10824313072439633,0.2,1.5,neutral,0.07994340290060134,3.3372,3.3114,0.026,steady,16:43:01,2026-06-29 16:43:01
BHF,63.29,63.15,0.0022,1.084,521490,2,0.6,0.618,0.0098,56.9,yf_premarket,0.13872181413324464,0.6,0.014487926727726893,0.4,1.5,neutral,0.007782101167315175,3.327,3.3255,0.002,steady,16:43:01,2026-06-29 16:43:01
CNK,32.285,33.44,-0.0345,1.8888,2229530,2,0.5187,1.114,0.0333,62.2,yf_premarket,0.24171380307645057,0.5187,0.05362198168193173,0.4,1.5,neutral,0.0,3.3268,3.3348,-0.008,steady,16:43:01,2026-06-29 16:43:01
CAL,12.76,13.49,-0.0541,2.3582,710540,2,0.461,0.857,0.0635,57.0,yf_premarket,0.30178393181643676,0.461,0.10391340549542048,0.4,1.5,neutral,0.0,3.3266,3.342,-0.015,steady,16:43:01,2026-06-29 16:43:01
AXTA,33.49,34.5,-0.0293,0.6369,2669300,2,0.6409,0.9487,0.0275,64.3,yf_premarket,0.08150546441094418,0.6409,0.043963363863447125,0.4,1.5,neutral,0.0,3.326,3.3326,-0.007,steady,16:43:01,2026-06-29 16:43:01
FET,50.1,50.62,-0.0103,1.746,256530,2,0.5237,2.459,0.0486,50.8,yf_premarket,0.22343937959100102,0.5237,0.07910074937552039,0.4,1.5,neutral,0.0,3.3221,3.3338,-0.012,steady,16:43:01,2026-06-29 16:43:01
CBRG,5.195,4.05,0.2827,1.5285,7946410,2,0.1839,1.266,0.3126,42.9,yf_premarket,0.19560543625707047,0.1839,0.5187343880099916,0.4,0.5,weak,1.0,3.3206,2.5544,0.766,rising,16:43:01,2026-06-29 16:43:01
FNMA,6.77,6.88,-0.016,0.7583,5216920,2,0.6076,0.495,0.0719,52.7,yf_premarket,0.0970412838166415,0.6076,0.11790174854288094,0.4,1.5,neutral,0.0,3.3197,3.3371,-0.017,steady,16:43:01,2026-06-29 16:43:01
ESI,45.67,45.66,0.0002,1.74,4406640,3,0.4191,1.769,0.0387,63.8,yf_premarket,0.22267154667144431,0.4191,0.06261448792672773,0.6,1.5,neutral,0.0007074637424831977,3.3046,3.3128,-0.008,steady,16:43:01,2026-06-29 16:43:01
GNTX,25.06,25.65,-0.023,1.5341,2952260,2,0.5414,0.574,0.0224,59.4,yf_premarket,0.1963220803153234,0.5414,0.03547044129891756,0.4,1.5,neutral,0.0,3.295,3.3003,-0.005,steady,16:43:01,2026-06-29 16:43:01
AVD,2.83,2.63,0.076,5.2873,668640,3,0.3438,0.208,0.0791,49.0,yf_premarket,0.676627165928694,0.3438,0.1298917568692756,0.6,0.5,weak,0.26883622214361513,3.2707,2.9654,0.305,rising,16:43:01,2026-06-29 16:43:01
DAKT,20.09,19.53,0.0287,2.8894,667470,3,0.209,1.029,0.0527,53.1,yf_premarket,0.369762739627857,0.209,0.08592839300582847,0.6,1.5,neutral,0.10152104704633887,3.2679,3.2199,0.048,steady,16:43:01,2026-06-29 16:43:01
FMCC,6.11,6.17,-0.0097,0.767,2984660,2,0.5762,0.457,0.0741,53.4,yf_premarket,0.09815464154999873,0.5762,0.12156536219816817,0.4,1.5,neutral,0.0,3.2604,3.2784,-0.018,steady,16:43:01,2026-06-29 16:43:01
AYA,18.6,19.81,-0.0611,0.722,678280,2,0.5832,1.239,0.0625,60.0,yf_premarket,0.09239589465332344,0.5832,0.102248126561199,0.4,1.5,neutral,0.0,3.2561,3.2713,-0.015,steady,16:43:01,2026-06-29 16:43:01
BZUN,2.7899,2.77,0.0072,0.5307,309030,3,0.4878,0.1375,0.0496,58.3,yf_premarket,0.0679148217347905,0.4878,0.08076602830974187,0.6,1.5,neutral,0.025468694729395117,3.2561,3.2643,-0.008,steady,16:43:01,2026-06-29 16:43:01
CTS,63.865,65.0,-0.0175,2.4215,519020,2,0.427,2.3828,0.0367,55.1,yf_premarket,0.30988456911775997,0.427,0.05928393005828477,0.4,1.5,neutral,0.0,3.2485,3.2573,-0.009,steady,16:43:01,2026-06-29 16:43:01
CTRI,30.47,30.65,-0.0059,2.0074,1513280,3,0.3596,1.3705,0.0447,53.5,yf_premarket,0.25689130045302144,0.3596,0.07260616153205661,0.6,1.5,neutral,0.0,3.2408,3.2516,-0.011,steady,16:43:01,2026-06-29 16:43:01
FCUV,3.55,4.37,-0.1876,0.0449,10736695,3,0.455,1.1508,0.2633,65.2,yf_premarket,0.005745949681349339,0.455,0.4366361365528726,0.6,1.5,neutral,0.0,3.2369,3.3012,-0.064,steady,16:43:01,2026-06-29 16:43:01
TARS,62.01,62.92,-0.0145,2.5702,787690,3,0.3021,2.8355,0.0451,61.2,yf_premarket,0.3289140283074403,0.3021,0.07327227310574522,0.6,1.5,neutral,0.0,3.2342,,,new,16:43:01,2026-06-29 16:43:01
EHGO,3.04,3.87,-0.2145,0.0378,27461350,2,0.4829,1.6415,0.4242,65.8,yf_premarket,0.004837347393207238,0.4829,0.704579517069109,0.4,1.5,neutral,0.0,3.2253,3.329,-0.104,steady,16:43:01,2026-06-29 16:43:01
ASH,62.76,63.94,-0.0185,4.9287,1445770,1,0.2764,1.841,0.0288,68.5,yf_premarket,0.6307363517698549,0.2764,0.04612822647793505,0.2,1.5,neutral,0.0,3.222,3.2289,-0.007,steady,16:43:01,2026-06-29 16:43:01
CING,5.225,4.96,0.0534,0.9405,350250,1,0.5,0.3424,0.069,61.7,yf_premarket,0.12035781014051343,0.5,0.11307243963363864,0.2,1.5,neutral,0.1888928192430138,3.2204,3.1145,0.106,steady,16:43:01,2026-06-29 16:43:01
HMH,19.455,20.04,-0.0292,3.3601,589270,3,0.7072,1.343,0.067,44.4,yf_premarket,0.42999923216708047,0.7072,0.10974188176519567,0.6,0.5,weak,0.0,3.2143,3.2305,-0.016,steady,16:43:01,2026-06-29 16:43:01
DRUG,67.28,65.79,0.0226,0.9972,366210,4,0.7722,4.063,0.0618,44.1,yf_premarket,0.1276138312303243,0.7722,0.10108243130724397,0.8,0.5,weak,0.07994340290060134,3.2063,3.1677,0.039,steady,16:43:01,2026-06-29 16:43:01
FDP,29.22,29.22,0.0,1.0665,749280,3,0.9354,0.847,0.029,48.2,yf_premarket,0.1364823014512042,0.9354,0.04646128226477935,0.6,0.5,weak,0.0,3.1988,3.2057,-0.007,steady,16:43:01,2026-06-29 16:43:01
CVEO,33.87,33.82,0.0015,6.7107,226250,3,0.3842,1.1295,0.0334,42.1,yf_premarket,0.8587827288781962,0.3842,0.053788509575353874,0.6,0.5,weak,0.005305978068623983,3.1914,3.1991,-0.008,steady,16:43:01,2026-06-29 16:43:01
DLTH,4.49,4.23,0.0615,0.7577,201260,3,0.2773,0.3352,0.0792,64.4,yf_premarket,0.09696450052468585,0.2773,0.13005828476269776,0.6,1.5,neutral,0.2175451008135833,3.1914,3.2009,-0.01,steady,16:43:01,2026-06-29 16:43:01
CELH,29.105,29.85,-0.025,1.0884,9199320,2,0.5185,1.595,0.0534,59.8,yf_premarket,0.1392848916075862,0.5185,0.08709408825978351,0.4,1.5,neutral,0.0,3.1895,3.2024,-0.013,steady,16:43:01,2026-06-29 16:43:01
SHAK,54.73,56.87,-0.0376,1.2837,1991070,3,0.4025,2.4731,0.0435,62.7,yf_premarket,0.16427785313915694,0.4025,0.07060782681099084,0.6,1.5,neutral,0.0,3.1867,,,new,16:43:01,2026-06-29 16:43:01
BBD,3.44,3.46,-0.0058,1.5504,34600890,2,0.4815,0.099,0.0286,56.8,yf_premarket,0.19840802641345245,0.4815,0.04579517069109076,0.4,1.5,neutral,0.0,3.1835,3.1903,-0.007,steady,16:43:01,2026-06-29 16:43:01
CC,19.58,20.74,-0.0559,2.2974,2947630,2,0.3848,1.269,0.0612,51.4,yf_premarket,0.2940032248982622,0.3848,0.10008326394671108,0.4,1.5,neutral,0.0,3.1606,3.1755,-0.015,steady,16:43:01,2026-06-29 16:43:01
WBD,26.975,26.74,0.0088,0.8558,25867700,2,0.5172,0.467,0.0175,56.6,yf_premarket,0.10951856875943795,0.5172,0.027310574521232308,0.4,1.5,neutral,0.0311284046692607,3.159,,,new,16:43:01,2026-06-29 16:43:01
GOOD,12.365,12.49,-0.01,2.2131,696350,3,0.7949,0.2855,0.0229,46.5,yf_premarket,0.2832151723784904,0.7949,0.036303080766028305,0.6,0.5,weak,0.0,3.1328,3.1382,-0.005,steady,16:43:01,2026-06-29 16:43:01
CLW,15.73,16.8,-0.0637,1.2306,232980,2,0.4776,0.839,0.0499,61.5,yf_premarket,0.15748253180108007,0.4776,0.08126561199000833,0.4,1.5,neutral,0.0,3.1321,3.1441,-0.012,steady,16:43:01,2026-06-29 16:43:01
AGBK,7.26,6.95,0.0446,1.3738,306740,2,0.3415,0.334,0.0481,55.9,yf_premarket,0.17580814414783344,0.3415,0.07826810990840966,0.4,1.5,neutral,0.1577644145737531,3.1225,3.0123,0.11,steady,16:43:01,2026-06-29 16:43:01
ENB,55.885,56.24,-0.0063,1.404,3465970,4,0.7685,0.915,0.0163,49.5,yf_premarket,0.17967290317626886,0.7685,0.025312239800166524,0.8,0.5,weak,0.0,3.1192,3.123,-0.004,steady,16:43:01,2026-06-29 16:43:01
AKR,21.465,21.88,-0.019,1.8499,2220660,4,0.7187,0.437,0.02,44.1,yf_premarket,0.23673568631465797,0.7187,0.03147377185678601,0.8,0.5,weak,0.0,3.1082,3.113,-0.005,steady,16:43:01,2026-06-29 16:43:01
GIII,33.09,34.06,-0.0285,1.8894,769280,2,0.4031,1.1105,0.0326,52.2,yf_premarket,0.24179058636840625,0.4031,0.05245628642797669,0.4,1.5,neutral,0.0,3.0951,3.1029,-0.008,steady,16:43:01,2026-06-29 16:43:01
FAF,67.52,67.06,0.0069,1.1253,1202870,2,0.4597,1.843,0.0275,51.9,yf_premarket,0.14400706406285993,0.4597,0.043963363863447125,0.4,1.5,neutral,0.02440749911567032,3.094,3.0981,-0.004,steady,16:43:01,2026-06-29 16:43:01
CGEN,2.14,2.09,0.0239,1.0421,281630,3,0.8125,0.085,0.0407,49.0,yf_premarket,0.13335978091167364,0.8125,0.06594504579517069,0.6,0.5,weak,0.08454191722674213,3.0848,3.0137,0.071,steady,16:43:01,2026-06-29 16:43:01
CPNG,17.435,17.58,-0.0082,0.841,25482710,3,0.3854,0.936,0.0532,63.1,yf_premarket,0.10762458089119807,0.3854,0.08676103247293922,0.6,1.5,neutral,0.0,3.0756,3.0894,-0.014,steady,16:43:01,2026-06-29 16:43:01
EROK,21.87,21.17,0.0331,0.8874,223920,3,0.7933,1.038,0.049,48.4,yf_premarket,0.11356248880243659,0.7933,0.079766860949209,0.6,0.5,weak,0.11708524938096922,3.0725,3.0187,0.054,steady,16:43:01,2026-06-29 16:43:01
CCAP,11.225,11.12,0.0094,0.9363,283360,3,0.3585,0.235,0.0211,50.3,yf_premarket,0.11982032709682373,0.3585,0.03330557868442964,0.6,1.5,neutral,0.033250795896710296,3.0633,3.0557,0.008,steady,16:43:01,2026-06-29 16:43:01
CCL,29.23,29.07,0.0055,1.0269,31328410,2,0.45,1.26,0.0433,56.3,yf_premarket,0.13141460418212997,0.45,0.07027477102414655,0.4,1.5,neutral,0.019455252918287935,3.0614,3.0535,0.008,steady,16:43:01,2026-06-29 16:43:01
BL,27.53,28.34,-0.0286,1.6618,1370040,3,0.7989,1.4112,0.0498,48.2,yf_premarket,0.21266412428655526,0.7989,0.08109908409658617,0.6,0.5,weak,0.0,3.0573,3.0694,-0.012,steady,16:43:01,2026-06-29 16:43:01
WK,49.04,49.05,-0.0002,2.0556,1216110,3,0.7566,2.2272,0.0454,49.7,yf_premarket,0.263059558240127,0.7566,0.07377185678601167,0.6,0.5,weak,0.0,3.0447,,,new,16:43:01,2026-06-29 16:43:01
AREC,2.205,2.08,0.0601,3.6911,3853060,2,0.5263,0.1515,0.0728,48.7,yf_premarket,0.4723580148959587,0.5263,0.11940049958368026,0.4,0.5,weak,0.21259285461620092,3.0397,2.9148,0.125,steady,16:43:01,2026-06-29 16:43:01
PACK,7.065,7.31,-0.0335,1.6902,722800,2,0.3827,0.376,0.0514,59.4,yf_premarket,0.21629853343912364,0.3827,0.08376353039134055,0.4,1.5,neutral,0.0,3.0317,,,new,16:43:01,2026-06-29 16:43:01
AR,34.51,35.17,-0.0188,0.8713,5744880,4,0.768,0.973,0.0277,47.5,yf_premarket,0.11150213713495943,0.768,0.04429641965029142,0.8,0.5,weak,0.0,3.0254,3.032,-0.007,steady,16:43:01,2026-06-29 16:43:01
CWH,7.785,7.6,0.0243,1.8781,2423770,2,0.2797,0.5481,0.0721,64.1,yf_premarket,0.24034450103657445,0.2797,0.11823480432972522,0.4,1.5,neutral,0.08595684471170852,3.008,2.9973,0.011,steady,16:43:01,2026-06-29 16:43:01
ELMT,19.05,18.96,0.0047,2.513,703350,2,0.262,1.751,0.0924,59.3,yf_premarket,0.3215940211409997,0.262,0.1520399666944213,0.4,1.5,neutral,0.016625397948355148,3.0073,3.0639,-0.057,steady,16:43:01,2026-06-29 16:43:01
AVA,41.115,41.77,-0.0157,2.1219,1143700,3,0.7357,0.945,0.0226,45.7,yf_premarket,0.2715441120012286,0.7357,0.03580349708576186,0.6,0.5,weak,0.0,2.9966,3.002,-0.005,steady,16:43:01,2026-06-29 16:43:01
ACM,70.12,71.02,-0.0127,1.1926,2249130,4,0.7198,2.06,0.029,49.6,yf_premarket,0.15261958997722097,0.7198,0.04646128226477935,0.8,0.5,weak,0.0,2.9918,2.9987,-0.007,steady,16:43:01,2026-06-29 16:43:01
GOLD,40.495,41.92,-0.034,2.2466,462030,3,0.2108,1.664,0.0397,59.9,yf_premarket,0.28750223951268206,0.2108,0.0642797668609492,0.6,1.5,neutral,0.0,2.985,2.9945,-0.01,steady,16:43:01,2026-06-29 16:43:01
CEPU,15.0722,14.78,0.0198,0.9097,272620,2,0.375,0.5635,0.0381,51.8,yf_premarket,0.11641626782012233,0.375,0.06161532056619484,0.4,1.5,neutral,0.07003891050583658,2.9605,2.9465,0.014,steady,16:43:01,2026-06-29 16:43:01
AQST,4.255,4.39,-0.0308,2.5992,2840720,2,0.2512,0.2775,0.0632,62.4,yf_premarket,0.33262522075196443,0.2512,0.10341382181515404,0.4,1.5,neutral,0.0,2.953,2.9683,-0.015,steady,16:43:01,2026-06-29 16:43:01
CRBG,28.51,28.61,-0.0035,1.1064,5854040,2,0.4056,0.825,0.0288,67.9,yf_premarket,0.1415883903662563,0.4056,0.04612822647793505,0.4,1.5,neutral,0.0,2.9466,2.9535,-0.007,steady,16:43:01,2026-06-29 16:43:01
BETA,16.26,16.7,-0.0263,1.5596,1569120,3,0.7406,1.0084,0.0604,47.2,yf_premarket,0.1995853702234394,0.7406,0.09875104079933389,0.6,0.5,weak,0.0,2.93,2.9446,-0.015,steady,16:43:01,2026-06-29 16:43:01
FHI,56.625,57.53,-0.0157,0.7982,633050,2,0.4211,1.45,0.0252,52.6,yf_premarket,0.1021473727316936,0.4211,0.04013322231473772,0.4,1.5,neutral,0.0,2.9155,2.9215,-0.006,steady,16:43:01,2026-06-29 16:43:01
CMCO,14.22,14.47,-0.0173,1.0639,820400,1,0.481,0.845,0.0584,60.0,yf_premarket,0.13614957385272966,0.481,0.09542048293089092,0.2,1.5,neutral,0.0,2.9139,2.9281,-0.014,steady,16:43:01,2026-06-29 16:43:01
AGEN,3.165,3.03,0.0446,4.7552,1052600,3,0.3,0.212,0.07,42.6,yf_premarket,0.6085331831793402,0.3,0.11473771856786011,0.6,0.5,weak,0.1577644145737531,2.9068,2.8609,0.046,steady,16:43:01,2026-06-29 16:43:01
CRTO,18.5201,17.66,0.0487,0.7502,308590,3,0.686,0.7035,0.0398,49.4,yf_premarket,0.09600470937523994,0.686,0.06444629475437136,0.6,0.5,weak,0.17226742129465863,2.9066,2.8032,0.103,steady,16:43:01,2026-06-29 16:43:01
ERII,8.76,8.82,-0.0068,1.019,1558530,2,0.3807,0.527,0.0598,63.7,yf_premarket,0.1304036241713803,0.3807,0.097751873438801,0.4,1.5,neutral,0.0,2.9059,2.9277,-0.022,steady,16:43:01,2026-06-29 16:43:01
DHT,17.41,17.65,-0.0136,1.977,5046750,2,0.2865,1.012,0.0573,57.1,yf_premarket,0.25300094699393416,0.2865,0.0935886761032473,0.4,1.5,neutral,0.0,2.8993,2.9132,-0.014,steady,16:43:01,2026-06-29 16:43:01
BWEN,4.53,4.34,0.0438,0.4105,598760,2,0.2886,0.536,0.1235,58.8,yf_premarket,0.05253256891300453,0.2886,0.20383014154870938,0.4,1.5,neutral,0.1549345596038203,2.8903,2.8828,0.007,steady,16:43:01,2026-06-29 16:43:01
FER,68.2,68.36,-0.0023,1.1091,1769030,2,0.3738,1.233,0.018,55.4,yf_premarket,0.14193391518005682,0.3738,0.028143213988343043,0.4,1.5,neutral,0.0,2.8746,2.8788,-0.004,steady,16:43:01,2026-06-29 16:43:01
CGAU,15.92,16.19,-0.0167,0.6526,1903650,3,0.3031,0.756,0.0467,56.7,yf_premarket,0.08351462721711755,0.3031,0.07593671940049958,0.6,1.5,neutral,0.0,2.8694,2.8807,-0.011,steady,16:43:01,2026-06-29 16:43:01
DLB,52.21,53.49,-0.0239,1.2731,1046600,3,0.7459,1.412,0.0264,48.3,yf_premarket,0.16292134831460675,0.7459,0.04213155703580349,0.6,0.5,weak,0.0,2.8572,2.8635,-0.006,steady,16:43:01,2026-06-29 16:43:01
BYRN,6.3,5.73,0.0995,4.1486,577350,2,0.2845,0.375,0.0654,45.9,yf_premarket,0.5309052750121573,0.2845,0.10707743547044128,0.4,0.5,weak,0.35196321188539087,2.8468,2.7132,0.134,steady,16:43:01,2026-06-29 16:43:01
EQT,52.08,52.7,-0.0118,1.3734,9207460,3,0.7313,1.255,0.0238,43.8,yf_premarket,0.17575695528652965,0.7313,0.03780183180682764,0.6,0.5,weak,0.0,2.8451,2.8508,-0.006,steady,16:43:01,2026-06-29 16:43:01
ARCO,8.145,8.33,-0.0222,1.5654,1019850,2,0.3034,0.2619,0.0314,56.1,yf_premarket,0.2003276087123442,0.3034,0.0504579517069109,0.4,1.5,neutral,0.0,2.8325,2.84,-0.007,steady,16:43:01,2026-06-29 16:43:01
CLSK,15.34,16.33,-0.0606,0.9685,20605220,2,0.3366,1.454,0.089,54.6,yf_premarket,0.12394103043177805,0.3366,0.14637801831806826,0.4,1.5,neutral,0.0,2.8323,2.8539,-0.022,steady,16:43:01,2026-06-29 16:43:01
BSAC,32.42,32.12,0.0093,0.6219,394440,3,0.2704,0.838,0.0261,65.4,yf_premarket,0.07958588211205242,0.2704,0.041631973355537054,0.6,1.5,neutral,0.03289706402546869,2.8303,2.8236,0.007,steady,16:43:01,2026-06-29 16:43:01
CPRT,28.72,30.55,-0.0599,2.0766,14662940,3,0.6552,0.798,0.0261,46.9,yf_premarket,0.26574697345857545,0.6552,0.041631973355537054,0.6,0.5,weak,0.0,2.8298,2.8361,-0.006,steady,16:43:01,2026-06-29 16:43:01
EXK,8.035,8.33,-0.0354,0.6006,7541110,2,0.3814,0.492,0.0591,53.5,yf_premarket,0.07686007524762613,0.3814,0.09658617818484597,0.4,1.5,neutral,0.0,2.8264,2.8407,-0.014,steady,16:43:01,2026-06-29 16:43:01
KRNT,16.19,16.06,0.0081,0.8436,222510,2,0.3436,0.6157,0.0383,60.6,yf_premarket,0.10795730848967265,0.3436,0.06194837635303914,0.4,1.5,neutral,0.028652281570569507,2.8231,2.825,-0.002,steady,16:43:01,2026-06-29 16:43:01
CNM,47.83,49.14,-0.0267,1.6044,3654840,3,0.6841,2.0993,0.0427,40.8,yf_premarket,0.2053185226894628,0.6841,0.06927560366361366,0.6,0.5,weak,0.0,2.8108,2.8211,-0.01,steady,16:43:01,2026-06-29 16:43:01
AIV,2.98,2.97,0.0034,1.4513,1923840,2,0.8,0.046,0.0155,41.2,yf_premarket,0.18572598602544088,0.8,0.02398001665278934,0.4,0.5,weak,0.01202688362221436,2.8086,2.8105,-0.002,steady,16:43:01,2026-06-29 16:43:01
AOSL,43.91,43.99,-0.0018,1.2317,920320,2,0.3008,3.67,0.0834,52.5,yf_premarket,0.1576233011696655,0.3008,0.13705245628642795,0.4,1.5,neutral,0.0,2.8066,2.8268,-0.02,steady,16:43:01,2026-06-29 16:43:01
FMS,22.6709,23.24,-0.0245,0.7138,558030,2,0.377,0.308,0.0133,65.9,yf_premarket,0.09134652299659594,0.377,0.020316402997502078,0.4,1.5,neutral,0.0,2.8012,2.8043,-0.003,steady,16:43:01,2026-06-29 16:43:01
AMX,26.425,26.41,0.0006,0.5289,1096940,3,0.2882,0.613,0.0232,64.6,yf_premarket,0.06768447185892351,0.2882,0.03680266444629475,0.6,1.5,neutral,0.002122391227449593,2.7995,2.8044,-0.005,steady,16:43:01,2026-06-29 16:43:01
AMBO,2.33,2.33,0.0,0.015,526360,2,0.4062,0.2273,0.0976,51.7,yf_premarket,0.0019195822988917611,0.4062,0.16069941715237301,0.4,1.5,neutral,0.0,2.7956,2.8194,-0.024,steady,16:43:01,2026-06-29 16:43:01
CGBD,10.79,10.81,-0.0019,0.7681,569730,1,0.4596,0.2643,0.0244,55.1,yf_premarket,0.09829541091858413,0.4596,0.03880099916736053,0.2,1.5,neutral,0.0,2.786,2.7919,-0.006,steady,16:43:01,2026-06-29 16:43:01
DXC,8.86,8.82,0.0045,3.7977,7342660,2,0.5394,0.525,0.0595,47.0,yf_premarket,0.4859998464334161,0.5394,0.09725228975853455,0.4,0.5,weak,0.015917934205871946,2.7803,2.7798,0.001,steady,16:43:01,2026-06-29 16:43:01
AEG,8.375,8.4,-0.003,0.6486,5214390,4,0.1714,0.0918,0.0109,65.0,yf_premarket,0.08300273860407975,0.1714,0.016319733555370523,0.8,1.5,neutral,0.0,2.7755,2.778,-0.002,steady,16:43:01,2026-06-29 16:43:01
EARN,4.6,4.6,0.0,0.8527,384300,3,0.7429,0.11,0.0239,46.2,yf_premarket,0.10912185508433365,0.7429,0.03796835970024979,0.6,0.5,weak,0.0,2.7685,2.7914,-0.023,steady,16:43:01,2026-06-29 16:43:01
HNRG,17.055,17.53,-0.0271,1.3528,907700,1,0.3787,1.0509,0.0599,55.6,yf_premarket,0.173120728929385,0.3787,0.09791840133222315,0.2,1.5,neutral,0.0,2.766,2.7805,-0.014,steady,16:43:01,2026-06-29 16:43:01
SLVM,36.965,39.34,-0.0604,2.6341,366760,1,0.2648,1.3714,0.0349,54.0,yf_premarket,0.33709144890071924,0.2648,0.0562864279766861,0.2,1.5,neutral,0.0,2.7634,,,new,16:43:01,2026-06-29 16:43:01
COLM,61.95,64.51,-0.0397,1.3003,619000,2,0.2913,2.043,0.0317,51.0,yf_premarket,0.1664021908832638,0.2913,0.050957535387177344,0.4,1.5,neutral,0.0,2.7577,2.7653,-0.008,steady,16:43:01,2026-06-29 16:43:01
CNXN,72.38,71.42,0.0134,1.6001,203110,4,0.5242,1.929,0.027,47.1,yf_premarket,0.20476824243044717,0.5242,0.04313072439633638,0.8,0.5,weak,0.04740007074637425,2.7482,2.7375,0.011,steady,16:43:01,2026-06-29 16:43:01
CODI,10.23,10.41,-0.0173,2.2521,985630,2,0.6889,0.45,0.0432,46.9,yf_premarket,0.288206086355609,0.6889,0.0701082431307244,0.4,0.5,weak,0.0,2.7452,2.7556,-0.01,steady,16:43:01,2026-06-29 16:43:01
AEO,16.925,17.88,-0.0534,1.3331,5334520,1,0.3722,0.82,0.0459,61.4,yf_premarket,0.1705996775101738,0.3722,0.0746044962531224,0.2,1.5,neutral,0.0,2.7376,2.7487,-0.011,steady,16:43:01,2026-06-29 16:43:01
DOCU,45.24,45.21,0.0007,1.5402,5457510,2,0.7486,2.1324,0.0472,42.7,yf_premarket,0.19710271045020605,0.7486,0.07676935886761033,0.4,0.5,weak,0.002476123098691192,2.735,2.7496,-0.015,steady,16:43:01,2026-06-29 16:43:01
ANDE,68.6,71.08,-0.0349,2.487,360880,1,0.7604,1.924,0.0271,44.5,yf_premarket,0.318266745156254,0.7604,0.04329725228975853,0.2,0.5,weak,0.0,2.7198,2.7263,-0.006,steady,16:43:01,2026-06-29 16:43:01
AMC,2.025,2.16,-0.0625,1.043,62923790,1,0.3548,0.286,0.1324,57.8,yf_premarket,0.1334749558496071,0.3548,0.21865112406328058,0.2,1.5,neutral,0.0,2.7191,2.7514,-0.032,steady,16:43:01,2026-06-29 16:43:01
CXDO,7.53,7.23,0.0415,1.6931,686320,2,0.6087,0.4794,0.0663,45.3,yf_premarket,0.21666965268357607,0.6087,0.10857618651124061,0.4,0.5,weak,0.14679872656526352,2.7169,2.6604,0.056,steady,16:43:01,2026-06-29 16:43:01
FF,4.5297,4.24,0.0683,2.4926,260890,3,0.3676,0.15,0.0354,45.0,yf_premarket,0.3189833892145069,0.3676,0.05711906744379684,0.6,0.5,weak,0.241598868058012,2.7046,2.5765,0.128,steady,16:43:01,2026-06-29 16:43:01
DOMO,2.875,2.94,-0.0221,1.069,5032730,2,0.7483,0.3598,0.1224,44.0,yf_premarket,0.13680223183435283,0.7483,0.20199833472106576,0.4,0.5,weak,0.0,2.7028,2.7326,-0.03,steady,16:43:01,2026-06-29 16:43:01
APXT,10.05,10.05,0.0,0.011,208450,2,0.4,0.0158,0.0016,55.0,yf_premarket,0.0014076936858539583,0.4,0.0008326394671107411,0.4,1.5,neutral,0.0,2.7025,2.7028,-0.0,steady,16:43:01,2026-06-29 16:43:01
ATLX,3.72,3.68,0.0109,0.8242,469210,1,0.3636,0.2365,0.0643,54.6,yf_premarket,0.10547464871643931,0.3636,0.10524562864279766,0.2,1.5,neutral,0.03855677396533427,2.6959,2.697,-0.001,steady,16:43:01,2026-06-29 16:43:01
EGO,30.67,31.36,-0.022,0.8478,3730060,2,0.2948,1.414,0.0451,55.7,yf_premarket,0.10849479153336235,0.2948,0.07327227310574522,0.4,1.5,neutral,0.0,2.689,2.6999,-0.011,steady,16:43:01,2026-06-29 16:43:01
INR,12.99,13.0,-0.0008,1.7969,524780,3,0.6002,0.5773,0.0444,48.3,yf_premarket,0.22995316219190703,0.6002,0.07210657785179019,0.6,0.5,weak,0.0,2.6814,2.6921,-0.011,steady,16:43:01,2026-06-29 16:43:01
GIB,63.34,64.46,-0.0174,0.7542,641300,4,0.6038,2.036,0.0316,40.1,yf_premarket,0.09651659798827775,0.6038,0.0507910074937552,0.8,0.5,weak,0.0,2.6778,2.6853,-0.007,steady,16:43:01,2026-06-29 16:43:01
HTLD,15.43,15.51,-0.0052,2.1535,784380,3,0.5663,0.5325,0.0343,47.7,yf_premarket,0.2755880320442272,0.5663,0.0552872606161532,0.6,0.5,weak,0.0,2.6736,2.6819,-0.008,steady,16:43:01,2026-06-29 16:43:01
FLL,2.845,2.79,0.0197,0.5944,240080,2,0.2468,0.201,0.072,58.8,yf_premarket,0.07606664789741753,0.2468,0.11806827643630306,0.4,1.5,neutral,0.06968517863459497,2.6713,2.6298,0.042,steady,16:43:01,2026-06-29 16:43:01
ABEO,5.6,5.61,-0.0018,2.0755,1409310,1,0.2703,0.199,0.0355,57.9,yf_premarket,0.26560620408999003,0.2703,0.057285595337218984,0.2,1.5,neutral,0.0,2.6677,2.6877,-0.02,steady,16:43:01,2026-06-29 16:43:01
CEPO,10.57,10.52,0.0048,0.1062,280640,1,0.9504,0.251,0.0239,46.8,yf_premarket,0.01359064267615367,0.9504,0.03796835970024979,0.2,0.5,weak,0.016979129819596744,2.6656,2.6567,0.009,steady,16:43:01,2026-06-29 16:43:01
ASYS,20.15,19.55,0.0307,2.8853,683320,1,0.082,1.918,0.0981,53.6,yf_premarket,0.36923805379949326,0.082,0.16153205661948375,0.2,1.5,neutral,0.10859568447117085,2.6615,2.6408,0.021,steady,16:43:01,2026-06-29 16:43:01
AVNS,24.905,24.95,-0.0018,1.6066,994040,3,0.6154,0.062,0.0025,40.0,yf_premarket,0.2056000614266336,0.6154,0.0023313905079100747,0.6,0.5,weak,0.0,2.6404,2.6408,-0.0,steady,16:43:01,2026-06-29 16:43:01
FBIO,2.835,2.76,0.0272,1.81,609060,2,0.0923,0.199,0.0721,53.9,yf_premarket,0.23162959739960587,0.0923,0.11823480432972522,0.4,1.5,neutral,0.09621506897771488,2.6355,2.5377,0.098,steady,16:43:01,2026-06-29 16:43:01
AS,33.14,34.17,-0.0301,1.7305,3949040,2,0.1859,1.2344,0.0361,50.3,yf_premarket,0.22145581121547953,0.1859,0.058284762697751874,0.4,1.5,neutral,0.0,2.6331,2.6418,-0.009,steady,16:43:01,2026-06-29 16:43:01
CBZ,31.995,31.56,0.0138,2.3788,1029450,3,0.4744,2.009,0.0637,41.6,yf_premarket,0.3044201581735814,0.4744,0.10424646128226478,0.6,0.5,weak,0.04881499823134064,2.6308,2.6135,0.017,steady,16:43:01,2026-06-29 16:43:01
BCH,39.115,38.91,0.0053,0.9458,352200,2,0.2435,1.176,0.0302,64.1,yf_premarket,0.12103606255278852,0.2435,0.048459616985845125,0.4,1.5,neutral,0.01874778917580474,2.6209,2.6067,0.014,steady,16:43:01,2026-06-29 16:43:01
CUPR,4.52,5.33,-0.152,0.0059,16014040,2,0.1829,2.2687,0.4256,61.0,yf_premarket,0.0007550357042307594,0.1829,0.7069109075770191,0.4,1.5,neutral,0.0,2.6204,2.7244,-0.104,steady,16:43:01,2026-06-29 16:43:01
GCT,31.805,32.03,-0.007,1.9255,773630,2,0.1541,1.4658,0.0458,52.5,yf_premarket,0.2464103811010724,0.1541,0.07443796835970025,0.4,1.5,neutral,0.0,2.615,2.6261,-0.011,steady,16:43:01,2026-06-29 16:43:01
BBAR,20.1,19.23,0.0452,0.5144,840130,2,0.1649,1.033,0.0537,59.3,yf_premarket,0.06582887563666147,0.1649,0.08759367194004995,0.4,1.5,neutral,0.15988680580120268,2.6122,2.5129,0.099,steady,16:43:01,2026-06-29 16:43:01
GLIBK,20.91,21.12,-0.0099,4.2586,1271360,2,0.4194,1.4253,0.0675,47.1,yf_premarket,0.5449822118706971,0.4194,0.1105745212323064,0.4,0.5,weak,0.0,2.6116,2.6279,-0.016,steady,16:43:01,2026-06-29 16:43:01
DEI,11.825,11.93,-0.0088,1.8488,2161760,3,0.562,0.38,0.0319,44.3,yf_premarket,0.23659491694607254,0.562,0.05129059117402164,0.6,0.5,weak,0.0,2.6045,2.6122,-0.008,steady,16:43:01,2026-06-29 16:43:01
ADIL,2.5,2.56,-0.0234,0.1234,234220,2,0.284,0.348,0.1359,58.0,yf_premarket,0.01579176371221622,0.284,0.22447960033305578,0.4,1.5,neutral,0.0,2.6039,2.637,-0.033,steady,16:43:01,2026-06-29 16:43:01
GAIN,15.32,15.16,0.0106,0.7961,235520,3,0.6339,0.3199,0.0211,47.1,yf_premarket,0.10187863120984875,0.6339,0.03330557868442964,0.6,0.5,weak,0.03749557835160948,2.5935,2.5802,0.013,steady,16:43:01,2026-06-29 16:43:01
ACTG,4.655,4.69,-0.0075,2.6384,298170,1,0.1786,0.118,0.0252,55.1,yf_premarket,0.33764172915973484,0.1786,0.04013322231473772,0.2,1.5,neutral,0.0,2.5837,2.5932,-0.01,steady,16:43:01,2026-06-29 16:43:01
DDD,2.88,3.04,-0.0526,1.9501,4854790,1,0.2125,0.228,0.075,54.0,yf_premarket,0.2495584960712549,0.2125,0.12306411323896752,0.2,1.5,neutral,0.0,2.5609,2.5791,-0.018,steady,16:43:01,2026-06-29 16:43:01
BTGO,5.05,5.12,-0.0137,0.645,1871250,2,0.2216,0.5572,0.1088,54.3,yf_premarket,0.08254203885234573,0.2216,0.1793505412156536,0.4,1.5,neutral,0.0,2.5567,2.5832,-0.026,steady,16:43:01,2026-06-29 16:43:01
EPSN,5.44,5.42,0.0037,2.0454,234430,3,0.5039,0.2228,0.0411,41.8,yf_premarket,0.26175424227688054,0.5039,0.06661115736885928,0.6,0.5,weak,0.013088079235939158,2.5534,2.5672,-0.014,steady,16:43:01,2026-06-29 16:43:01
RGNT,3.72,3.9,-0.0462,0.011,20506630,1,0.1714,2.3461,0.6016,58.1,yf_premarket,0.0014076936858539583,0.1714,1.0,0.2,1.5,neutral,0.0,2.5449,,,new,16:43:01,2026-06-29 16:43:01
BCYC,4.175,4.1,0.0183,0.9642,874700,3,0.5625,0.1745,0.0426,44.6,yf_premarket,0.12339075017276241,0.5625,0.06910907577019151,0.6,0.5,weak,0.06473293243721259,2.5417,2.4744,0.067,steady,16:43:01,2026-06-29 16:43:01
EQPT,19.835,20.48,-0.0315,1.9563,2766490,1,0.1913,1.8699,0.0913,52.7,yf_premarket,0.2503519234214635,0.1913,0.15020815986677769,0.2,1.5,neutral,0.0,2.5332,2.5554,-0.022,steady,16:43:01,2026-06-29 16:43:01
GME,21.995,21.76,0.0108,1.053,5355760,2,0.6748,0.556,0.0256,49.4,yf_premarket,0.13475467738220162,0.6748,0.04079933388842631,0.4,0.5,weak,0.03820304209409268,2.5294,2.5018,0.028,steady,16:43:01,2026-06-29 16:43:01
CMCSA,24.675,23.17,0.065,1.0752,39096430,3,0.416,0.638,0.0275,42.2,yf_premarket,0.13759565918456143,0.416,0.043963363863447125,0.6,0.5,weak,0.22992571630703926,2.5053,2.3933,0.112,steady,16:43:01,2026-06-29 16:43:01
ETH,15.03,14.96,0.0047,1.3459,2880730,2,0.141,0.6001,0.0401,50.1,yf_premarket,0.17223772107189478,0.141,0.0649458784346378,0.4,1.5,neutral,0.016625397948355148,2.4978,2.4975,0.0,steady,16:43:01,2026-06-29 16:43:01
DB,33.665,33.53,0.004,0.6241,3059050,2,0.2196,0.512,0.0153,60.1,yf_premarket,0.07986742084922321,0.2196,0.023646960865945043,0.4,1.5,neutral,0.014149274849663955,2.492,2.4919,0.0,steady,16:43:01,2026-06-29 16:43:01
DBX,27.15,26.64,0.0191,1.2538,4547080,2,0.6108,0.8325,0.0313,43.6,yf_premarket,0.16045148575669935,0.6108,0.05029142381348876,0.4,0.5,weak,0.06756278740714537,2.4888,2.4673,0.022,steady,16:43:01,2026-06-29 16:43:01
RIVN,16.59,15.63,0.0614,1.4812,28736970,2,0.4663,0.8661,0.0554,45.9,yf_premarket,0.18955235340789847,0.4663,0.09042464612822647,0.4,0.5,weak,0.2171913689423417,2.4879,,,new,16:43:01,2026-06-29 16:43:01
BIRK,42.98,44.42,-0.0324,1.0849,2695560,1,0.267,2.3866,0.0537,55.0,yf_premarket,0.1388369890711781,0.267,0.08759367194004995,0.2,1.5,neutral,0.0,2.4861,2.499,-0.013,steady,16:43:01,2026-06-29 16:43:01
GGAL,51.56,49.97,0.0318,0.5674,1142140,2,0.1299,2.06,0.0412,55.1,yf_premarket,0.07261139975941236,0.1299,0.06677768526228144,0.4,1.5,neutral,0.11248673505482844,2.4708,2.3675,0.103,steady,16:43:01,2026-06-29 16:43:01
DUOT,11.91,11.46,0.0393,4.0265,941490,1,0.3525,1.1677,0.1019,48.3,yf_premarket,0.5152798750991785,0.3525,0.16786011656952537,0.2,0.5,weak,0.13901662539794835,2.4704,2.373,0.097,steady,16:43:01,2026-06-29 16:43:01
FNF,47.18,46.71,0.0101,1.7207,2049530,3,0.4766,1.2451,0.0267,48.5,yf_premarket,0.22020168411353688,0.4766,0.042631140716069944,0.6,0.5,weak,0.03572691899540149,2.4584,2.4459,0.013,steady,16:43:01,2026-06-29 16:43:01
AIAI,15.075,14.43,0.0447,0.249,682320,2,0.0862,1.676,0.1161,62.1,yf_premarket,0.031865066161603235,0.0862,0.1915070774354704,0.4,1.5,neutral,0.15811814644499467,2.4531,2.4508,0.002,steady,16:43:01,2026-06-29 16:43:01
ECO,50.025,49.88,0.0029,1.0399,547660,2,0.1416,2.6215,0.0526,55.4,yf_premarket,0.13307824217450284,0.1416,0.08576186511240633,0.4,1.5,neutral,0.010258224266006366,2.4411,2.4384,0.003,steady,16:43:01,2026-06-29 16:43:01
BBDC,8.375,8.27,0.0127,0.8142,816430,3,0.54,0.157,0.019,46.6,yf_premarket,0.10419492718384481,0.54,0.029808492922564527,0.6,0.5,weak,0.04492394764768305,2.4186,2.3904,0.028,steady,16:43:01,2026-06-29 16:43:01
GBDC,12.675,12.59,0.0068,1.1461,1294400,4,0.4157,0.2595,0.0206,45.5,yf_premarket,0.1466688848506565,0.4157,0.0324729392173189,0.8,0.5,weak,0.02405376724442872,2.4037,2.399,0.005,steady,16:43:01,2026-06-29 16:43:01
DNN,3.04,3.1,-0.0194,1.0044,28074840,1,0.2292,0.173,0.0558,53.0,yf_premarket,0.12853523073379233,0.2292,0.09109075770191508,0.2,1.5,neutral,0.0,2.3967,2.4102,-0.014,steady,16:43:01,2026-06-29 16:43:01
GLPI,45.455,45.88,-0.0093,1.3759,2379930,3,0.4945,0.8664,0.0189,47.3,yf_premarket,0.17607688566967827,0.4945,0.02964196502914238,0.6,0.5,weak,0.0,2.3679,2.3724,-0.004,steady,16:43:01,2026-06-29 16:43:01
ENIC,4.44,4.42,0.0045,0.7988,585660,1,0.2338,0.1194,0.027,63.2,yf_premarket,0.10222415602364926,0.2338,0.04313072439633638,0.2,1.5,neutral,0.015917934205871946,2.3664,2.3633,0.003,steady,16:43:01,2026-06-29 16:43:01
FRO,35.7,35.52,0.0051,1.0627,4404040,2,0.0856,2.442,0.0687,55.0,yf_premarket,0.1359960072688183,0.0856,0.11257285595337217,0.4,1.5,neutral,0.018040325433321545,2.3585,2.3491,0.009,steady,16:43:01,2026-06-29 16:43:01
PAL,7.12,7.19,-0.0097,2.0569,415820,1,0.1059,0.4456,0.062,60.9,yf_premarket,0.2632259220393643,0.1059,0.10141548709408826,0.2,1.5,neutral,0.0,2.3573,,,new,16:43:01,2026-06-29 16:43:01
ASIX,19.715,20.27,-0.0274,2.6807,290710,3,0.3483,0.9065,0.0447,40.0,yf_premarket,0.3430549512426096,0.3483,0.07260616153205661,0.6,0.5,weak,0.0,2.3475,2.3583,-0.011,steady,16:43:01,2026-06-29 16:43:01
PPC,28.71,28.61,0.0035,1.5713,1779280,2,0.5466,1.043,0.0365,43.3,yf_premarket,0.20108264441657495,0.5466,0.05895087427144047,0.4,0.5,weak,0.012380615493455961,2.3429,,,new,16:43:01,2026-06-29 16:43:01
AMPG,7.0,6.55,0.0687,0.6632,4899650,0,0.0987,1.1635,0.1776,56.8,yf_premarket,0.08487113204166774,0.0987,0.29392173189009163,0.0,1.5,neutral,0.24301379554297842,2.3362,2.2509,0.085,steady,16:43:01,2026-06-29 16:43:01
ERO,25.93,26.57,-0.0241,0.779,1399250,2,0.1129,1.5295,0.0576,52.9,yf_premarket,0.09969030738911214,0.1129,0.09408825978351373,0.4,1.5,neutral,0.0,2.3224,2.3363,-0.014,steady,16:43:01,2026-06-29 16:43:01
OIS,7.92,8.08,-0.0198,1.7923,926440,2,0.5254,0.272,0.0337,48.9,yf_premarket,0.22936449028691358,0.5254,0.05428809325562032,0.4,0.5,weak,0.0,2.322,2.3301,-0.008,steady,16:43:01,2026-06-29 16:43:01
GLNG,49.4,49.76,-0.0072,1.7171,1335960,3,0.4358,1.222,0.0246,43.1,yf_premarket,0.2197409843618029,0.4358,0.03913405495420483,0.6,0.5,weak,0.0,2.3208,2.3266,-0.006,steady,16:43:01,2026-06-29 16:43:01
BOXL,4.39,4.42,-0.0068,0.1385,2877141,1,0.2048,0.9501,0.215,54.7,yf_premarket,0.017724143226433932,0.2048,0.35620316402997504,0.2,1.5,neutral,0.0,2.3143,2.3667,-0.052,steady,16:43:01,2026-06-29 16:43:01
BESS,3.835,3.88,-0.0116,0.232,577540,1,0.171,1.016,0.2619,52.4,yf_premarket,0.029689539556192576,0.171,0.43430474604496255,0.2,1.5,neutral,0.0,2.3037,2.3718,-0.068,steady,16:43:01,2026-06-29 16:43:01
ARI,10.605,10.78,-0.0162,1.9289,3440210,3,0.4091,0.206,0.0191,43.2,yf_premarket,0.24684548642215456,0.4091,0.029975020815986672,0.6,0.5,weak,0.0,2.3035,2.308,-0.004,steady,16:43:01,2026-06-29 16:43:01
CVGI,4.66,4.51,0.0333,5.9381,909960,1,0.1102,0.362,0.0803,45.0,yf_premarket,0.7599114432699445,0.1102,0.13189009159034137,0.2,0.5,weak,0.11779271312345244,2.3029,2.1776,0.125,steady,16:43:01,2026-06-29 16:43:01
CLFD,38.415,38.63,-0.0056,2.1427,240820,2,0.4692,2.251,0.0583,45.5,yf_premarket,0.2742059327890251,0.4692,0.09525395503746877,0.4,0.5,weak,0.0,2.2973,2.3165,-0.019,steady,16:43:01,2026-06-29 16:43:01
BEPC,37.075,37.71,-0.0168,0.8411,1603770,2,0.6047,1.1423,0.0303,42.0,yf_premarket,0.10763737810652402,0.6047,0.04862614487926727,0.4,0.5,weak,0.0,2.2952,2.3024,-0.007,steady,16:43:01,2026-06-29 16:43:01
BIRD,4.16,4.41,-0.0567,0.1528,7937560,1,0.1854,1.022,0.2317,55.8,yf_premarket,0.019554145018044075,0.1854,0.3840133222314738,0.2,1.5,neutral,0.0,2.2921,2.3487,-0.057,steady,16:43:01,2026-06-29 16:43:01
FINV,4.715,4.8,-0.0177,0.8407,810870,4,0.4,0.1732,0.0361,43.7,yf_premarket,0.10758618924522025,0.4,0.058284762697751874,0.8,0.5,weak,0.0,2.2905,2.2992,-0.009,steady,16:43:01,2026-06-29 16:43:01
ANDG,37.48,36.91,0.0154,1.4082,313240,2,0.4815,2.2265,0.0603,45.4,yf_premarket,0.18021038621995852,0.4815,0.09858451290591173,0.4,0.5,weak,0.054474708171206226,2.2643,2.2559,0.008,steady,16:43:01,2026-06-29 16:43:01
CAPR,23.735,26.44,-0.1023,3.2584,1683990,3,0.2428,1.395,0.0528,48.9,yf_premarket,0.4169844641805943,0.2428,0.08609492089925062,0.6,0.5,weak,0.0,2.2541,2.2669,-0.013,steady,16:43:01,2026-06-29 16:43:01
FLX,2.17,2.21,-0.0181,1.1235,283130,3,0.4333,0.133,0.0602,42.4,yf_premarket,0.14377671418699292,0.4333,0.09841798501248959,0.6,0.5,weak,0.0,2.2315,2.246,-0.014,steady,16:43:01,2026-06-29 16:43:01
CDXS,2.37,2.39,-0.0084,2.3624,1009960,2,0.4048,0.166,0.0695,42.1,yf_premarket,0.3023214148601265,0.4048,0.11390507910074937,0.4,0.5,weak,0.0,2.22,2.2369,-0.017,steady,16:43:01,2026-06-29 16:43:01
GRFS,7.39,7.39,0.0,0.6936,598500,3,0.4769,0.154,0.0208,40.6,yf_premarket,0.08876148550075504,0.4769,0.032805995004163195,0.6,0.5,weak,0.0,2.2033,2.2191,-0.016,steady,16:43:01,2026-06-29 16:43:01
DNUT,3.455,3.54,-0.024,1.0791,2903700,1,0.1217,0.2261,0.0639,50.7,yf_premarket,0.1380947505822733,0.1217,0.10457951706910906,0.2,1.5,neutral,0.0,2.2028,2.2183,-0.016,steady,16:43:01,2026-06-29 16:43:01
SMMT,14.45,14.01,0.0314,0.6178,6769000,1,0.5767,0.735,0.0525,41.9,yf_premarket,0.07906119628368867,0.5767,0.08559533721898417,0.2,0.5,weak,0.11107180756986203,2.1814,,,new,16:43:01,2026-06-29 16:43:01
ATPC,2.99,3.13,-0.0447,0.0119,7721590,1,0.153,0.5515,0.1762,52.6,yf_premarket,0.001522868623787464,0.153,0.2915903413821815,0.2,1.5,neutral,0.0,2.1541,2.197,-0.043,steady,16:43:01,2026-06-29 16:43:01
SHOO,42.33,43.22,-0.0206,3.6222,1434170,1,0.357,1.573,0.0364,47.8,yf_premarket,0.4635407335363825,0.357,0.058784346378018326,0.2,0.5,weak,0.0,2.1387,,,new,16:43:01,2026-06-29 16:43:01
HLX,8.775,8.87,-0.0107,2.0212,2127440,3,0.3082,0.3,0.0338,43.5,yf_premarket,0.25865731616800186,0.3082,0.05445462114904246,0.6,0.5,weak,0.0,2.1316,2.1397,-0.008,steady,16:43:01,2026-06-29 16:43:01
GFR,5.68,5.65,0.0053,0.6205,217900,2,0.5246,0.2345,0.0415,49.6,yf_premarket,0.0794067210974892,0.5246,0.06727726894254789,0.4,0.5,weak,0.01874778917580474,2.1301,2.1231,0.007,steady,16:43:01,2026-06-29 16:43:01
GOOS,9.52,9.67,-0.0155,0.9722,574340,3,0.403,0.3297,0.0341,48.1,yf_premarket,0.12441452739883802,0.403,0.054954204829308906,0.6,0.5,weak,0.0,2.1201,2.1283,-0.008,steady,16:43:01,2026-06-29 16:43:01
IHS,8.195,8.24,-0.0055,0.4994,1653730,2,0.5556,0.0975,0.0118,45.6,yf_premarket,0.06390929333776971,0.5556,0.017818484596169856,0.4,0.5,weak,0.0,2.116,2.1187,-0.003,steady,16:43:01,2026-06-29 16:43:01
BVN,28.86,30.42,-0.0513,0.466,1626360,1,0.1363,1.613,0.053,50.6,yf_premarket,0.05963502341890405,0.1363,0.08642797668609492,0.2,1.5,neutral,0.0,2.1053,2.1181,-0.013,steady,16:43:01,2026-06-29 16:43:01
CE,46.42,49.42,-0.0607,2.1318,1526620,2,0.3802,2.019,0.0409,44.6,yf_premarket,0.2728110363184971,0.3802,0.06627810158201498,0.4,0.5,weak,0.0,2.1028,2.1126,-0.01,steady,16:43:01,2026-06-29 16:43:01
CAAP,25.76,25.54,0.0086,1.2303,212230,0,0.1448,0.9855,0.0386,51.2,yf_premarket,0.15744414015510225,0.1448,0.062447960033305584,0.0,1.5,neutral,0.030420940926777502,2.1026,2.08,0.023,steady,16:43:01,2026-06-29 16:43:01
REZI,30.28,30.96,-0.022,3.5366,1507600,2,0.2432,1.334,0.0431,49.1,yf_premarket,0.4525863172173735,0.2432,0.06994171523730225,0.4,0.5,weak,0.0,2.1003,,,new,16:43:01,2026-06-29 16:43:01
BRSP,5.448,5.54,-0.0166,1.7641,2019110,2,0.4167,0.1366,0.0247,49.5,yf_premarket,0.22575567556499707,0.4167,0.039300582847626976,0.4,0.5,weak,0.0,2.0917,2.0976,-0.006,steady,16:43:01,2026-06-29 16:43:01
ARCC,18.385,18.19,0.0107,0.694,5579960,3,0.3884,0.3134,0.0172,46.5,yf_premarket,0.08881267436205881,0.3884,0.02681099084096586,0.6,0.5,weak,0.037849310222851075,2.0802,2.0641,0.016,steady,16:43:01,2026-06-29 16:43:01
CRSR,8.78,8.61,0.0197,1.4505,2382210,2,0.3482,0.4996,0.058,44.5,yf_premarket,0.1856236083028333,0.3482,0.09475437135720234,0.4,0.5,weak,0.06968517863459497,2.0267,1.9917,0.035,steady,16:43:01,2026-06-29 16:43:01
ENHA,2.81,2.84,-0.0106,0.6811,1326610,0,0.1156,0.559,0.1968,54.0,yf_premarket,0.08716183358501191,0.1156,0.32589508742714407,0.0,1.5,neutral,0.0,2.0249,2.1628,-0.138,steady,16:43:01,2026-06-29 16:43:01
GNLX,2.89,2.87,0.007,1.6978,207980,1,0.4545,0.1831,0.0638,46.4,yf_premarket,0.2172711218038955,0.4545,0.10441298917568691,0.2,0.5,weak,0.024761230986911922,2.0243,2.0026,0.022,steady,16:43:01,2026-06-29 16:43:01
BKE,41.19,43.24,-0.0474,2.2509,616990,2,0.3316,1.323,0.0306,40.1,yf_premarket,0.2880525197716977,0.3316,0.04912572855953372,0.4,0.5,weak,0.0,2.0198,2.0272,-0.007,steady,16:43:01,2026-06-29 16:43:01
EP,2.66,2.61,0.0192,5.9824,285670,1,0.0,0.187,0.0716,46.9,yf_premarket,0.7655806096593382,0.0,0.11740216486261447,0.2,0.5,weak,0.06791651927838697,2.0089,2.0832,-0.074,steady,16:43:01,2026-06-29 16:43:01
FTK,21.9901,22.16,-0.0077,2.0899,301790,3,0.2228,1.316,0.0594,42.7,yf_premarket,0.26744900309692615,0.2228,0.0970857618651124,0.6,0.5,weak,0.0,1.9953,2.0097,-0.014,steady,16:43:01,2026-06-29 16:43:01
LPTH,14.04,13.13,0.0693,2.5382,3885600,1,0.1793,1.189,0.0906,40.5,yf_premarket,0.32481891940313784,0.1793,0.14904246461282264,0.2,0.5,weak,0.245136186770428,1.9881,1.8426,0.145,steady,16:43:01,2026-06-29 16:43:01
GIL,51.32,52.82,-0.0284,0.4677,3757110,3,0.3719,3.514,0.0665,41.7,yf_premarket,0.059852576079445115,0.3719,0.10890924229808492,0.6,0.5,weak,0.0,1.988,2.0041,-0.016,steady,16:43:01,2026-06-29 16:43:01
GNK,24.06,23.57,0.0208,1.9455,445020,2,0.2735,0.7892,0.0335,40.2,yf_premarket,0.24896982416626143,0.2735,0.05395503746877602,0.4,0.5,weak,0.07357622921825256,1.9578,1.9189,0.039,steady,16:43:01,2026-06-29 16:43:01
FIGS,11.03,11.6,-0.0491,1.57,3584490,2,0.3415,0.7104,0.0612,47.5,yf_premarket,0.20091628061733768,0.3415,0.10008326394671108,0.4,0.5,weak,0.0,1.9344,1.9492,-0.015,steady,16:43:01,2026-06-29 16:43:01
GEMI,4.085,4.18,-0.0227,3.4542,2087230,1,0.2465,0.3739,0.0894,49.9,yf_premarket,0.4420414117887948,0.2465,0.14704412989175683,0.2,0.5,weak,0.0,1.9296,1.9513,-0.022,steady,16:43:01,2026-06-29 16:43:01
AP,8.827,9.35,-0.0559,6.2784,342840,0,0.0773,0.793,0.0848,46.4,yf_premarket,0.8034603670241356,0.0773,0.13938384679433805,0.0,0.5,weak,0.0,1.9295,1.9501,-0.021,steady,16:43:01,2026-06-29 16:43:01
SFL,10.535,10.53,0.0005,2.7061,2231810,2,0.237,0.372,0.0353,42.5,yf_premarket,0.3463054439353997,0.237,0.05695253955037469,0.4,0.5,weak,0.0017686593562079944,1.9246,,,new,16:43:01,2026-06-29 16:43:01
FLNG,29.455,29.48,-0.0008,2.5246,443120,2,0.254,0.7777,0.0264,47.5,yf_premarket,0.32307849811880934,0.254,0.04213155703580349,0.4,0.5,weak,0.0,1.9137,1.92,-0.006,steady,16:43:01,2026-06-29 16:43:01
CMC,64.105,69.2,-0.0736,2.8468,1763530,3,0.1178,2.672,0.0386,40.3,yf_premarket,0.3643111258990044,0.1178,0.062447960033305584,0.6,0.5,weak,0.0,1.9133,1.9226,-0.009,steady,16:43:01,2026-06-29 16:43:01
CTGO,15.53,15.74,-0.0133,1.6532,1096700,2,0.31,0.96,0.061,44.6,yf_premarket,0.21156356376852398,0.31,0.09975020815986678,0.4,0.5,weak,0.0,1.8872,1.902,-0.015,steady,16:43:01,2026-06-29 16:43:01
ZH,3.115,3.04,0.0247,0.6716,269820,2,0.3421,0.1045,0.0344,44.0,yf_premarket,0.08594609812904712,0.3421,0.05545378850957536,0.4,0.5,weak,0.08737177219667491,1.8719,,,new,16:43:01,2026-06-29 16:43:01
ARLO,12.81,12.53,0.0223,2.2181,1405250,2,0.1951,0.559,0.0446,46.4,yf_premarket,0.2838550331447877,0.1951,0.07243963363863447,0.4,0.5,weak,0.07888220728687655,1.8705,1.8366,0.034,steady,16:43:01,2026-06-29 16:43:01
GCO,34.24,36.18,-0.0536,1.1418,236560,3,0.2475,2.257,0.0624,45.8,yf_premarket,0.14611860459164086,0.2475,0.10208159866777684,0.6,0.5,weak,0.0,1.8652,1.8803,-0.015,steady,16:43:01,2026-06-29 16:43:01
EMN,66.55,70.71,-0.0588,1.7066,1291130,3,0.2054,2.0477,0.029,48.9,yf_premarket,0.21839727675257864,0.2054,0.04646128226477935,0.6,0.5,weak,0.0,1.8616,1.8686,-0.007,steady,16:43:01,2026-06-29 16:43:01
GRO,2.14,2.12,0.0094,0.686,326820,2,0.3596,0.1328,0.0626,45.3,yf_premarket,0.08778889713598322,0.3596,0.10241465445462115,0.4,0.5,weak,0.033250795896710296,1.852,1.8249,0.027,steady,16:43:01,2026-06-29 16:43:01
CDE,16.04,16.02,0.0012,2.5733,65538280,2,0.2014,0.931,0.0581,48.0,yf_premarket,0.3293107419825446,0.2014,0.09492089925062448,0.4,0.5,weak,0.004244782454899186,1.8506,1.8851,-0.034,steady,16:43:01,2026-06-29 16:43:01
BZ,12.995,13.29,-0.0222,1.2582,4131180,1,0.4337,0.5444,0.041,42.6,yf_premarket,0.16101456323104094,0.4337,0.06644462947543714,0.2,0.5,weak,0.0,1.8421,1.852,-0.01,steady,16:43:01,2026-06-29 16:43:01
FG,26.7738,27.02,-0.0091,0.6257,902510,3,0.2922,1.0181,0.0377,46.0,yf_premarket,0.08007217629443834,0.2922,0.06094920899250624,0.6,0.5,weak,0.0,1.835,1.844,-0.009,steady,16:43:01,2026-06-29 16:43:01
AVAL,5.1184,5.08,0.0076,0.3246,448890,0,0.0667,0.3318,0.0653,57.9,yf_premarket,0.041539760948017715,0.0667,0.10691090757701914,0.0,1.5,neutral,0.026883622214361514,1.7895,1.7774,0.012,steady,16:43:01,2026-06-29 16:43:01
EDHL,4.035,4.2,-0.0393,0.0091,1225740,0,0.0184,1.2601,0.3,50.0,yf_premarket,0.0011645465946610019,0.0184,0.49775187343880095,0.0,1.5,neutral,0.0,1.7874,1.8607,-0.073,steady,16:43:01,2026-06-29 16:43:01
ARDX,5.33,5.55,-0.0396,3.31,5286240,2,0.098,0.3345,0.0603,49.7,yf_premarket,0.42358782728878197,0.098,0.09858451290591173,0.4,0.5,weak,0.0,1.7807,1.7953,-0.015,steady,16:43:01,2026-06-29 16:43:01
ASPN,5.74,5.63,0.0195,1.9824,1700670,1,0.25,0.389,0.0691,49.8,yf_premarket,0.25369199662153513,0.25,0.11323896752706077,0.2,0.5,weak,0.06897771489211178,1.7406,1.6596,0.081,steady,16:43:01,2026-06-29 16:43:01
BILI,16.805,16.47,0.0203,0.7929,2567420,2,0.2688,0.4676,0.0284,40.6,yf_premarket,0.1014691203194185,0.2688,0.04546211490424646,0.4,0.5,weak,0.07180756986204456,1.7202,1.6911,0.029,steady,16:43:01,2026-06-29 16:43:01
ATAT,32.02,32.13,-0.0034,0.7544,876960,2,0.322,1.1184,0.0348,41.4,yf_premarket,0.09654219241892964,0.322,0.056119900083263945,0.4,0.5,weak,0.0,1.7169,1.7281,-0.011,steady,16:43:01,2026-06-29 16:43:01
ASO,46.825,48.5,-0.0345,1.2925,1821040,3,0.1631,2.239,0.0462,40.7,yf_premarket,0.1654040080878401,0.1631,0.07510407993338884,0.6,0.5,weak,0.0,1.7119,1.723,-0.011,steady,16:43:01,2026-06-29 16:43:01
CSTM,30.87,31.78,-0.0286,3.0349,2146830,2,0.0967,1.361,0.0428,41.6,yf_premarket,0.38838268792710706,0.0967,0.0694421315570358,0.4,0.5,weak,0.0,1.7107,1.721,-0.01,steady,16:43:01,2026-06-29 16:43:01
AMBA,64.81,62.13,0.0431,1.6868,1179700,2,0.1063,3.37,0.0542,48.2,yf_premarket,0.21586342811804154,0.1063,0.0884263114071607,0.4,0.5,weak,0.1524584365051291,1.7093,1.5728,0.137,steady,16:43:01,2026-06-29 16:43:01
DBVT,16.04,16.01,0.0019,0.5156,404960,3,0.2095,1.0839,0.0677,45.7,yf_premarket,0.0659824422205728,0.2095,0.11090757701915069,0.6,0.5,weak,0.0067209055535903785,1.6835,1.6898,-0.006,steady,16:43:01,2026-06-29 16:43:01
BSBR,5.195,5.2,-0.001,0.7029,2116480,3,0.2128,0.126,0.0242,47.5,yf_premarket,0.08995162652606793,0.2128,0.038467943380516234,0.6,0.5,weak,0.0,1.6798,1.6855,-0.006,steady,16:43:01,2026-06-29 16:43:01
CVNA,63.775,62.35,0.0229,2.5916,13964580,2,0.0518,3.8177,0.0612,44.4,yf_premarket,0.33165263238719256,0.0518,0.10008326394671108,0.4,0.5,weak,0.08100459851432613,1.6726,1.6409,0.032,steady,16:43:01,2026-06-29 16:43:01
AG,16.585,16.89,-0.0181,0.8358,12881050,2,0.2818,0.947,0.0561,49.5,yf_premarket,0.10695912569424894,0.2818,0.09159034138218151,0.4,0.5,weak,0.0,1.6698,1.6834,-0.014,steady,16:43:01,2026-06-29 16:43:01
HMY,15.105,15.53,-0.0274,0.8518,4389790,2,0.2876,0.58,0.0373,49.0,yf_premarket,0.10900668014640015,0.2876,0.060283097418817655,0.4,0.5,weak,0.0,1.6689,1.6778,-0.009,steady,16:43:01,2026-06-29 16:43:01
FTI,65.57,64.44,0.0175,2.1214,5210850,2,0.1176,2.166,0.0336,44.3,yf_premarket,0.2714801259245988,0.1176,0.054121565362198164,0.4,0.5,weak,0.061903077467279806,1.6623,1.6196,0.043,steady,16:43:01,2026-06-29 16:43:01
DXCM,69.73,70.14,-0.0058,1.2977,5295720,2,0.2334,2.333,0.0333,43.7,yf_premarket,0.16606946328478925,0.2334,0.05362198168193173,0.4,0.5,weak,0.0,1.6427,1.6507,-0.008,steady,16:43:01,2026-06-29 16:43:01
FGMC,10.06,10.2,-0.0137,0.0413,419280,3,0.1955,1.4396,0.1411,49.0,yf_premarket,0.005285249929615317,0.1955,0.2331390507910075,0.6,0.5,weak,0.0,1.6155,1.6499,-0.034,steady,16:43:01,2026-06-29 16:43:01
CRCL,73.52,73.57,-0.0007,1.2221,11760750,1,0.3113,5.0923,0.0692,41.8,yf_premarket,0.15639476849837475,0.3113,0.11340549542048291,0.2,0.5,weak,0.0,1.6139,1.6307,-0.017,steady,16:43:01,2026-06-29 16:43:01
AMSC,39.045,39.73,-0.0172,2.0482,1054150,1,0.2308,2.507,0.0631,44.5,yf_premarket,0.26211256430600705,0.2308,0.10324729392173189,0.2,0.5,weak,0.0,1.6064,1.6217,-0.015,steady,16:43:01,2026-06-29 16:43:01
GFI,33.21,33.53,-0.0095,1.0187,4449060,2,0.2198,1.268,0.0378,41.7,yf_premarket,0.13036523252540247,0.2198,0.0611157368859284,0.4,0.5,weak,0.0,1.5657,1.5748,-0.009,steady,16:43:01,2026-06-29 16:43:01
AXTI,68.9,70.15,-0.0178,1.4202,11779550,2,0.1166,11.958,0.1705,41.0,yf_premarket,0.18174605205907193,0.1166,0.2820982514571191,0.4,0.5,weak,0.0,1.5469,1.5884,-0.042,steady,16:43:01,2026-06-29 16:43:01
COCO,70.87,73.71,-0.0385,2.7301,1241810,1,0.1374,3.9693,0.0539,49.1,yf_premarket,0.3493767756136265,0.1374,0.08792672772689426,0.2,0.5,weak,0.0,1.5428,1.5559,-0.013,steady,16:43:01,2026-06-29 16:43:01
AMRC,26.38,26.82,-0.0164,1.4693,617420,2,0.1546,1.477,0.0551,41.9,yf_premarket,0.188029484784111,0.1546,0.08992506244796004,0.4,0.5,weak,0.0,1.5362,1.5495,-0.013,steady,16:43:01,2026-06-29 16:43:01
DVN,42.67,42.21,0.0109,0.8933,16749250,2,0.1866,1.1659,0.0276,42.9,yf_premarket,0.11431752450666735,0.1866,0.04412989175686927,0.4,0.5,weak,0.03855677396533427,1.5246,1.4976,0.027,steady,16:43:01,2026-06-29 16:43:01
CMCL,19.2,19.81,-0.0308,1.6076,332240,1,0.2346,0.8115,0.041,49.0,yf_premarket,0.20572803357989303,0.2346,0.06644462947543714,0.2,0.5,weak,0.0,1.511,1.5209,-0.01,steady,16:43:01,2026-06-29 16:43:01
FPS,54.64,55.13,-0.0089,2.7632,5249800,1,0.1061,4.074,0.0739,43.0,yf_premarket,0.3536126538865143,0.1061,0.12123230641132388,0.2,0.5,weak,0.0,1.5032,1.5212,-0.018,steady,16:43:01,2026-06-29 16:43:01
CX,12.025,12.28,-0.0208,1.4319,4079350,1,0.2486,0.3427,0.0279,47.9,yf_premarket,0.18324332625220752,0.2486,0.04462947543713572,0.2,0.5,weak,0.0,1.4944,1.501,-0.007,steady,16:43:01,2026-06-29 16:43:01
HAFN,6.915,6.97,-0.0079,1.433,2135200,2,0.1412,0.2524,0.0362,41.7,yf_premarket,0.18338409562079294,0.1412,0.05845129059117403,0.4,0.5,weak,0.0,1.4867,1.4954,-0.009,steady,16:43:01,2026-06-29 16:43:01
FCX,61.5,62.45,-0.0152,1.5435,15975230,2,0.1247,2.171,0.0348,47.9,yf_premarket,0.19752501855596225,0.1247,0.056119900083263945,0.4,0.5,weak,0.0,1.4737,1.4821,-0.008,steady,16:43:01,2026-06-29 16:43:01
EQX,9.695,9.71,-0.0015,0.822,15579980,2,0.1749,0.5316,0.0547,40.1,yf_premarket,0.1051931099792685,0.1749,0.08925895087427144,0.4,0.5,weak,0.0,1.4522,1.4654,-0.013,steady,16:43:01,2026-06-29 16:43:01
SB,6.33,6.39,-0.0094,1.826,1181140,2,0.0778,0.311,0.0487,47.8,yf_premarket,0.23367715185175708,0.0778,0.07926727726894255,0.4,0.5,weak,0.0,1.4457,,,new,16:43:01,2026-06-29 16:43:01
PPTA,20.54,21.34,-0.0375,1.0353,2108940,2,0.1463,1.3432,0.0629,44.3,yf_premarket,0.1324895702695094,0.1463,0.10291423813488759,0.4,0.5,weak,0.0,1.4428,,,new,16:43:01,2026-06-29 16:43:01
FSM,8.24,8.51,-0.0317,0.6583,5293140,2,0.1813,0.387,0.0455,47.7,yf_premarket,0.08424406849069643,0.1813,0.07393838467943381,0.4,0.5,weak,0.0,1.4259,1.4369,-0.011,steady,16:43:01,2026-06-29 16:43:01
ATOM,7.27,7.08,0.0268,2.219,1083820,0,0.1302,0.7635,0.1078,40.2,yf_premarket,0.2839702080827212,0.1302,0.17768526228143214,0.0,0.5,weak,0.0948001414927485,1.4174,1.3668,0.051,steady,16:43:01,2026-06-29 16:43:01
CPSH,5.32,5.68,-0.0634,1.0075,1410180,1,0.2005,0.832,0.1465,43.6,yf_premarket,0.12893194440889663,0.2005,0.2421315570358035,0.2,0.5,weak,0.0,1.4155,1.4512,-0.036,steady,16:43:01,2026-06-29 16:43:01
APLD,37.3571,39.16,-0.046,2.2379,21382980,1,0.1054,3.5495,0.0906,49.0,yf_premarket,0.2863888817793248,0.1054,0.14904246461282264,0.2,0.5,weak,0.0,1.4149,1.4369,-0.022,steady,16:43:01,2026-06-29 16:43:01
BWA,65.895,68.11,-0.0325,1.2417,2991820,2,0.1112,2.418,0.0355,40.7,yf_premarket,0.15890302270226,0.1112,0.057285595337218984,0.4,0.5,weak,0.0,1.3894,1.3979,-0.008,steady,16:43:01,2026-06-29 16:43:01
CMTG,2.265,2.37,-0.0443,2.0028,1165440,1,0.1181,0.1865,0.0787,48.0,yf_premarket,0.256302628548028,0.1181,0.129225645295587,0.2,0.5,weak,0.0,1.3853,1.4044,-0.019,steady,16:43:01,2026-06-29 16:43:01
ARCT,6.7396,6.88,-0.0204,2.5155,419680,1,0.0748,0.397,0.0577,40.8,yf_premarket,0.32191395152414837,0.0748,0.09425478767693589,0.2,0.5,weak,0.0,1.3796,1.3936,-0.014,steady,16:43:01,2026-06-29 16:43:01
FIGR,26.815,26.86,-0.0017,1.8677,5217930,1,0.1306,1.931,0.0719,41.4,yf_premarket,0.23901359064267616,0.1306,0.11790174854288094,0.2,0.5,weak,0.0,1.3787,1.3961,-0.017,steady,16:43:01,2026-06-29 16:43:01
HBM,23.2,23.3,-0.0043,1.1351,5449710,2,0.104,1.316,0.0565,41.5,yf_premarket,0.14526119116480254,0.104,0.09225645295587011,0.4,0.5,weak,0.0,1.372,1.3857,-0.014,steady,16:43:01,2026-06-29 16:43:01
ALM,15.71,16.28,-0.035,3.0292,6247330,0,0.1111,1.2215,0.075,49.8,yf_premarket,0.3876532466535282,0.1111,0.12306411323896752,0.0,0.5,weak,0.0,1.3652,1.3834,-0.018,steady,16:43:01,2026-06-29 16:43:01
APG,40.5,41.15,-0.0158,1.3463,3567600,2,0.0785,1.2058,0.0293,46.3,yf_premarket,0.17228890993319856,0.0785,0.04696086594504579,0.4,0.5,weak,0.0,1.3389,1.3459,-0.007,steady,16:43:01,2026-06-29 16:43:01
CG,40.05,41.4,-0.0326,1.6884,4122340,1,0.1299,1.698,0.041,41.7,yf_premarket,0.21606818356325663,0.1299,0.06644462947543714,0.2,0.5,weak,0.0,1.3171,1.327,-0.01,steady,16:43:01,2026-06-29 16:43:01
ALMU,21.105,20.02,0.0542,1.1539,768980,0,0.0991,2.2952,0.1146,41.2,yf_premarket,0.1476670676460802,0.0991,0.1890091590341382,0.0,0.5,weak,0.1917226742129466,1.3018,1.1665,0.135,steady,16:43:01,2026-06-29 16:43:01
BTG,3.735,3.94,-0.052,0.9277,24895580,1,0.1705,0.164,0.0416,43.7,yf_premarket,0.11871976657879246,0.1705,0.06744379683597003,0.2,0.5,weak,0.0,1.2528,1.2628,-0.01,steady,16:43:01,2026-06-29 16:43:01
EC,14.761,14.72,0.0028,0.82,4150260,1,0.1465,0.819,0.0556,46.3,yf_premarket,0.1049371656727496,0.1465,0.09075770191507077,0.2,0.5,weak,0.009904492394764769,1.2106,1.2092,0.001,steady,16:43:01,2026-06-29 16:43:01
FLS,73.24,72.56,0.0094,1.3356,2378550,1,0.0769,2.7467,0.0379,48.8,yf_premarket,0.17091960789332242,0.0769,0.061282264779350545,0.2,0.5,weak,0.033250795896710296,1.1907,1.1509,0.04,steady,16:43:01,2026-06-29 16:43:01
FEIM,62.01,62.52,-0.0082,1.503,226940,0,0.1068,5.655,0.0905,41.8,yf_premarket,0.19234214634895447,0.1068,0.14887593671940047,0.0,0.5,weak,0.0,1.0766,1.0985,-0.022,steady,16:43:01,2026-06-29 16:43:01
CEVA,41.99,42.32,-0.0078,1.3505,869500,0,0.0812,3.295,0.0779,47.9,yf_premarket,0.17282639297688823,0.0812,0.1278934221482098,0.0,0.5,weak,0.0,0.9856,1.0045,-0.019,steady,16:43:01,2026-06-29 16:43:01
BAM,43.64,44.62,-0.022,1.705,3380620,0,0.0514,1.223,0.0274,41.9,yf_premarket,0.21819252130736355,0.0514,0.043796835970024976,0.0,0.5,weak,0.0,0.952,0.9585,-0.007,steady,16:43:01,2026-06-29 16:43:01
AKAN,13.0,14.08,-0.0767,0.0369,595400,1,0.0362,2.3655,0.168,45.2,yf_premarket,0.004722172455273733,0.0362,0.2779350541215654,0.2,0.5,weak,0.0,0.9185,0.9594,-0.041,steady,16:43:01,2026-06-29 16:43:01
GLND,2.42,2.5,-0.032,1.033,1127450,0,0.0617,0.259,0.1036,46.6,yf_premarket,0.1321952343170126,0.0617,0.1706910907577019,0.0,0.5,weak,0.0,0.907,0.9322,-0.025,steady,16:43:01,2026-06-29 16:43:01
SQM,69.13,71.59,-0.0344,0.9272,1162050,0,0.0854,2.541,0.0355,43.5,yf_premarket,0.11865578050216274,0.0854,0.057285595337218984,0.0,0.5,weak,0.0,0.8774,0.886,-0.009,steady,16:43:01,2026-06-29 16:43:01
ELVR,66.0,66.38,-0.0057,0.2174,365150,1,0.0042,6.1295,0.0923,44.3,yf_premarket,0.027821146118604593,0.0042,0.15187343880099913,0.2,0.5,weak,0.0,0.8261,0.8485,-0.022,steady,16:43:01,2026-06-29 16:43:01
