ticker,premarket_price,yesterday_close,gap_pct,rvol,avg_volume_10d,trend_5d,breakout_score,atr_10d,volatility_score,rsi,price_source,norm_rvol,norm_breakout,norm_volatility,norm_trend,rsi_score,rsi_label,norm_gap,score,score_prev,score_trend,trend_dir,scan_time_utc,snapshot_utc
CXW,29.72,28.9,0.0284,1.753,1582190,5,0.9904,1.177,0.0407,100.0,yf_premarket,0.18227379541248154,0.9904,0.0871103250055273,1.0,5.0,🔥 90+,0.1134185303514377,8.4679,8.4481,0.02,steady,17:36:52,2026-06-22 17:36:52
ALOT,28.42,28.57,-0.0053,2.5129,408770,3,0.9923,0.903,0.0316,90.0,yf_premarket,0.26128683427953503,0.9923,0.06699093521998675,0.6,5.0,🔥 90+,0.0,8.01,7.9999,0.01,steady,17:36:52,2026-06-22 17:36:52
GEO,29.5458,29.28,0.0091,1.399,2538670,4,0.9236,1.178,0.0402,97.4,yf_premarket,0.1454655104290141,0.9236,0.0860048640282998,0.8,5.0,🔥 90+,0.03634185303514377,7.9629,7.9724,-0.01,steady,17:36:52,2026-06-22 17:36:52
CAST,7.05,8.07,-0.1264,2.1814,51810250,4,0.647,1.172,0.1452,95.9,yf_premarket,0.22681805893484724,0.647,0.31815166924607563,0.8,5.0,🔥 90+,0.0,7.5933,7.5452,0.048,steady,17:36:52,2026-06-22 17:36:52
EPC,23.035,23.11,-0.0032,1.9725,937520,3,0.7839,1.0873,0.047,91.8,yf_premarket,0.20509701166635472,0.7839,0.10103913331859385,0.6,5.0,🔥 90+,0.0,7.526,7.5107,0.015,steady,17:36:52,2026-06-22 17:36:52
GLBS,3.025,2.75,0.1,1.1436,339100,3,0.9565,0.144,0.0524,80.5,yf_premarket,0.11890947657371015,0.9565,0.1129781118726509,0.6,4.0,strong ✓,0.3993610223642173,7.3469,7.3639,-0.017,steady,17:36:52,2026-06-22 17:36:52
FTDR,71.835,71.56,0.0038,1.8969,577990,4,0.9787,2.058,0.0288,80.1,yf_premarket,0.1972362592800549,0.9787,0.06080035374751271,0.8,4.0,strong ✓,0.015175718849840255,7.1064,7.0981,0.008,steady,17:36:52,2026-06-22 17:36:52
DRH,12.33,12.31,0.0016,1.8528,1830940,4,0.963,0.217,0.0176,87.9,yf_premarket,0.19265082038804668,0.963,0.03603802785761663,0.8,4.0,strong ✓,0.006389776357827476,7.0426,7.0663,-0.024,steady,17:36:52,2026-06-22 17:36:52
FRO,41.575,40.93,0.0158,1.354,3783610,3,0.9964,1.832,0.0448,86.7,yf_premarket,0.14078649115145467,0.9964,0.09617510501879284,0.6,4.0,strong ✓,0.06309904153354633,6.9467,6.9252,0.021,steady,17:36:52,2026-06-22 17:36:52
CON,28.605,28.56,0.0016,1.41,992630,4,0.8974,0.65,0.0228,88.0,yf_premarket,0.14660927069686194,0.8974,0.04753482202078267,0.8,4.0,strong ✓,0.006389776357827476,6.8481,6.865,-0.017,steady,17:36:52,2026-06-22 17:36:52
CLDT,13.43,13.36,0.0052,1.8936,560460,3,0.942,0.372,0.0278,85.0,yf_premarket,0.19689313119970053,0.942,0.05858943179305771,0.6,4.0,strong ✓,0.020766773162939296,6.8398,6.8627,-0.023,steady,17:36:52,2026-06-22 17:36:52
XHR,20.23,20.02,0.0105,2.1015,1136510,3,0.9113,0.4475,0.0224,87.1,yf_premarket,0.21851020026202508,0.9113,0.04665045323900067,0.6,4.0,strong ✓,0.041932907348242815,6.8366,,,new,17:36:52,2026-06-22 17:36:52
CNO,51.21,50.83,0.0075,2.0712,733770,4,0.7963,0.7883,0.0155,85.0,yf_premarket,0.2153596606151351,0.7963,0.03139509175326111,0.8,4.0,strong ✓,0.02995207667731629,6.7763,6.7884,-0.012,steady,17:36:52,2026-06-22 17:36:52
ENR,20.96,21.52,-0.026,2.0776,1055620,3,0.9007,0.7712,0.0358,82.4,yf_premarket,0.21602512113461017,0.9007,0.07627680742869776,0.6,4.0,strong ✓,0.0,6.7636,6.752,0.012,steady,17:36:52,2026-06-22 17:36:52
BROS,68.48,70.72,-0.0317,1.4144,4087650,3,0.9436,3.2465,0.0459,80.2,yf_premarket,0.1470667748040011,0.9436,0.09860711916869336,0.6,4.0,strong ✓,0.0,6.7571,6.7422,0.015,steady,17:36:52,2026-06-22 17:36:52
APLE,16.765,16.59,0.0105,1.5517,2851810,3,0.9016,0.3195,0.0193,86.0,yf_premarket,0.16134298251086573,0.9016,0.039796595180190145,0.6,4.0,strong ✓,0.041932907348242815,6.728,6.7456,-0.018,steady,17:36:52,2026-06-22 17:36:52
AIAI,17.03,16.63,0.0241,4.95,771420,4,0.9454,1.556,0.0936,76.0,yf_premarket,0.5146921205315366,0.9454,0.20406809639619725,0.8,3.0,good,0.09624600638977636,6.7092,6.6082,0.101,steady,17:36:52,2026-06-22 17:36:52
AMRX,16.215,16.21,0.0003,1.2725,2259270,3,0.8693,0.6174,0.0381,83.2,yf_premarket,0.1323122673487637,0.8693,0.08136192792394428,0.6,4.0,strong ✓,0.0011980830670926515,6.5795,6.5778,0.002,steady,17:36:52,2026-06-22 17:36:52
DSGN,13.39,12.44,0.0764,1.4126,733880,4,0.9066,0.676,0.0543,72.9,yf_premarket,0.1468796140328987,0.9066,0.11717886358611541,0.8,3.0,good,0.30511182108626195,6.3498,6.3216,0.028,steady,17:36:52,2026-06-22 17:36:52
FLR,54.24,53.66,0.0108,2.5204,3148330,4,0.964,2.573,0.048,70.2,yf_premarket,0.26206667082579493,0.964,0.10325005527304887,0.8,3.0,good,0.04313099041533546,6.2374,6.2144,0.023,steady,17:36:52,2026-06-22 17:36:52
EQPT,25.29,26.32,-0.0391,1.74,1853930,5,0.9475,1.598,0.0607,71.8,yf_premarket,0.1809220787322977,0.9475,0.13132876409462746,1.0,3.0,good,0.0,6.232,6.2122,0.02,steady,17:36:52,2026-06-22 17:36:52
AQST,4.79,4.71,0.017,1.9193,1635000,4,0.9661,0.1893,0.0402,74.5,yf_premarket,0.19956537109821781,0.9661,0.0860048640282998,0.8,3.0,good,0.06789137380191694,6.1764,6.175,0.001,steady,17:36:52,2026-06-22 17:36:52
ATEC,8.955,8.81,0.0165,1.5554,2910280,4,0.9794,0.403,0.0457,71.7,yf_premarket,0.16172770187368726,0.9794,0.09816493477780233,0.8,3.0,good,0.06589456869009584,6.1493,6.1727,-0.023,steady,17:36:52,2026-06-22 17:36:52
KNSA,57.51,55.11,0.0435,1.5057,518690,4,0.8905,1.725,0.0313,77.7,yf_premarket,0.1565599850271383,0.8905,0.06632765863365024,0.8,3.0,good,0.17372204472843447,6.1096,,,new,17:36:52,2026-06-22 17:36:52
NVST,25.7,25.91,-0.0081,1.3962,2794370,5,0.9169,0.8285,0.032,70.6,yf_premarket,0.14517437145174372,0.9169,0.06787530400176875,1.0,3.0,good,0.0,6.0855,,,new,17:36:52,2026-06-22 17:36:52
FRMI,8.9502,9.5,-0.0579,1.5894,26139630,5,0.8676,0.8184,0.0861,73.2,yf_premarket,0.16526296088339884,0.8676,0.18748618173778467,1.0,3.0,good,0.0,6.0768,6.0485,0.028,steady,17:36:52,2026-06-22 17:36:52
CARE,31.51,30.96,0.0178,2.6011,402480,4,0.8679,0.758,0.0245,77.8,yf_premarket,0.2704577120635515,0.8679,0.051293389343356185,0.8,3.0,good,0.07108626198083066,6.0738,6.033,0.041,steady,17:36:52,2026-06-22 17:36:52
AMC,2.843,2.83,0.0046,1.728,47132660,4,0.9407,0.247,0.0873,75.7,yf_premarket,0.17967434025828186,0.9407,0.1901392880831307,0.8,3.0,good,0.018370607028753993,6.0735,6.0667,0.007,steady,17:36:52,2026-06-22 17:36:52
LNKS,2.265,2.68,-0.1549,8.3872,8331710,2,0.5953,0.4155,0.155,70.1,yf_premarket,0.8720860107721422,0.5953,0.3398187043997347,0.4,3.0,good,0.0,6.0686,,,new,17:36:52,2026-06-22 17:36:52
HCSG,23.07,22.94,0.0057,2.4199,696960,3,0.9857,0.547,0.0238,76.1,yf_premarket,0.2516168611059122,0.9857,0.049745743975237684,0.6,3.0,good,0.022763578274760384,6.0078,6.0004,0.007,steady,17:36:52,2026-06-22 17:36:52
DHT,19.3,18.89,0.0217,1.4851,3182560,3,0.9964,0.716,0.0379,76.8,yf_premarket,0.15441803398007778,0.9964,0.08091974353305328,0.6,3.0,good,0.08666134185303515,5.9949,5.9673,0.028,steady,17:36:52,2026-06-22 17:36:52
AXTA,34.545,34.78,-0.0068,1.6824,2891210,4,0.9453,1.0742,0.0309,75.5,yf_premarket,0.17493293405702165,0.9453,0.06544328985186823,0.8,3.0,good,0.0,5.9857,5.9758,0.01,steady,17:36:52,2026-06-22 17:36:52
ARQT,26.92,26.21,0.0271,2.7359,2003220,3,0.8684,1.2345,0.0471,79.7,yf_premarket,0.28447397425499615,0.8684,0.10126022551403936,0.6,3.0,good,0.10822683706070287,5.9765,5.9747,0.002,steady,17:36:52,2026-06-22 17:36:52
BIRD,6.25,5.97,0.0469,2.1343,6335220,4,0.7173,0.6341,0.1062,72.5,yf_premarket,0.22192068542433507,0.7173,0.23192571302233034,0.8,3.0,good,0.18730031948881787,5.9644,6.1096,-0.145,steady,17:36:52,2026-06-22 17:36:52
ALTG,7.68,7.67,0.0013,1.928,248240,4,0.8929,0.4854,0.0633,76.5,yf_premarket,0.2004699814918793,0.8929,0.13707716117621047,0.8,3.0,good,0.005191693290734824,5.9628,5.9343,0.028,steady,17:36:52,2026-06-22 17:36:52
BJRI,54.825,54.55,0.005,2.0489,490760,4,0.8803,2.334,0.0428,71.0,yf_premarket,0.21304094661758896,0.8803,0.09175326110988281,0.8,3.0,good,0.019968051118210862,5.956,5.929,0.027,steady,17:36:52,2026-06-22 17:36:52
COHU,69.56,69.4,0.0023,1.0853,1514820,4,0.9493,4.281,0.0617,72.8,yf_premarket,0.11284754715411649,0.9493,0.13353968604908245,0.8,3.0,good,0.009185303514376996,5.9484,5.9144,0.034,steady,17:36:52,2026-06-22 17:36:52
FWRD,13.61,13.62,-0.0007,2.9351,1873850,4,0.8019,1.039,0.0763,78.8,yf_premarket,0.30518643292365916,0.8019,0.1658191465841256,0.8,3.0,good,0.0,5.9445,5.9194,0.025,steady,17:36:52,2026-06-22 17:36:52
BWEN,5.17,5.03,0.0278,0.6493,719130,4,0.8788,0.545,0.1083,73.2,yf_premarket,0.06751304926487409,0.8788,0.23656864912668582,0.8,3.0,good,0.11102236421725238,5.9437,5.8863,0.057,steady,17:36:52,2026-06-22 17:36:52
ALHC,21.56,21.86,-0.0137,0.9857,7362280,4,0.9292,1.3372,0.0612,76.7,yf_premarket,0.10249131781978497,0.9292,0.13243422507185496,0.8,3.0,good,0.0,5.8784,5.8583,0.02,steady,17:36:52,2026-06-22 17:36:52
WOR,61.47,60.4,0.0177,2.4554,215200,4,0.7771,1.623,0.0269,70.3,yf_premarket,0.25530808742487576,0.7771,0.0565996020340482,0.8,3.0,good,0.07068690095846646,5.8715,,,new,17:36:52,2026-06-22 17:36:52
EIG,46.635,46.55,0.0018,3.5457,354340,3,0.8304,0.777,0.0167,73.0,yf_premarket,0.3686755256098322,0.8304,0.034048198098607124,0.6,3.0,good,0.00718849840255591,5.8416,5.8465,-0.005,steady,17:36:52,2026-06-22 17:36:52
AMWD,48.09,48.09,0.0,0.0,400980,4,0.984,2.247,0.0467,,prev_close,0.0,0.984,0.10037585673225735,0.8,3.0,—,0.0,5.8182,5.803,0.015,steady,17:36:52,2026-06-22 17:36:52
CCS,62.35,63.25,-0.0142,1.7704,423870,3,0.9466,2.4005,0.038,78.7,yf_premarket,0.18408301619980452,0.9466,0.08114083572849878,0.6,3.0,good,0.0,5.8099,5.7976,0.012,steady,17:36:52,2026-06-22 17:36:52
BBAR,21.09,21.9,-0.037,1.1078,853800,4,0.8934,1.0109,0.0462,72.3,yf_premarket,0.1151870567928962,0.8934,0.09927039575502984,0.8,3.0,good,0.0,5.8092,5.7942,0.015,steady,17:36:52,2026-06-22 17:36:52
AVAL,5.24,5.75,-0.0887,1.5462,297950,3,0.9536,0.2521,0.0438,77.4,yf_premarket,0.16077110237694178,0.9536,0.09396418306433782,0.6,3.0,good,0.0,5.7953,5.7811,0.014,steady,17:36:52,2026-06-22 17:36:52
CBRL,46.95,47.34,-0.0082,0.5981,2575460,4,0.9051,2.965,0.0626,78.1,yf_premarket,0.062189365109073136,0.9051,0.13552951580809197,0.8,3.0,good,0.0,5.7712,5.7508,0.02,steady,17:36:52,2026-06-22 17:36:52
IFS,56.55,57.28,-0.0127,1.5138,493910,3,0.9316,2.2375,0.0391,70.1,yf_premarket,0.15740220849709902,0.9316,0.0835728498783993,0.6,3.0,good,0.0,5.7411,5.7285,0.013,steady,17:36:52,2026-06-22 17:36:52
ECO,54.49,52.48,0.0383,1.2941,366420,3,0.8153,2.0977,0.04,72.3,yf_premarket,0.13455819660199222,0.8153,0.0855626796374088,0.6,3.0,good,0.1529552715654952,5.7047,5.6848,0.02,steady,17:36:52,2026-06-22 17:36:52
NEOV,2.41,2.78,-0.1331,2.7292,6413700,2,0.8871,0.2466,0.0887,73.2,yf_premarket,0.28377732027367064,0.8871,0.1932345788193677,0.4,3.0,good,0.0,5.6965,,,new,17:36:52,2026-06-22 17:36:52
FHI,60.095,59.07,0.0174,2.1872,679720,3,0.7923,1.149,0.0195,79.6,yf_premarket,0.22742113253062157,0.7923,0.04023877957108114,0.6,3.0,good,0.06948881789137379,5.6501,5.6246,0.026,steady,17:36:52,2026-06-22 17:36:52
AXGN,44.52,44.84,-0.0071,0.8318,1557790,4,0.82,2.228,0.0497,70.2,yf_premarket,0.08648907189053175,0.82,0.10700862259562238,0.8,3.0,good,0.0,5.6232,5.6189,0.004,steady,17:36:52,2026-06-22 17:36:52
HMN,49.01,48.68,0.0068,1.6688,301410,3,0.8494,1.0299,0.0212,74.2,yf_premarket,0.17351883045313704,0.8494,0.04399734689365466,0.6,3.0,good,0.027156549520766772,5.6218,5.6312,-0.009,steady,17:36:52,2026-06-22 17:36:52
EQH,45.14,45.29,-0.0033,0.9544,4187710,4,0.819,1.081,0.0239,73.0,yf_premarket,0.09923679996672698,0.819,0.04996683617068318,0.8,3.0,good,0.0,5.6118,5.6043,0.007,steady,17:36:52,2026-06-22 17:36:52
AROC,37.55,36.97,0.0157,1.8159,1641220,2,0.9027,0.975,0.0264,71.7,yf_premarket,0.18881402458044794,0.9027,0.0554941410568207,0.4,3.0,good,0.0626996805111821,5.6104,5.6046,0.006,steady,17:36:52,2026-06-22 17:36:52
FMS,23.545,23.59,-0.0019,0.7526,539050,4,0.8386,0.318,0.0135,70.0,yf_premarket,0.07825399796202716,0.8386,0.026973247844351095,0.8,3.0,good,0.0,5.6081,5.604,0.004,steady,17:36:52,2026-06-22 17:36:52
ASH,67.71,67.92,-0.0031,1.0097,1188110,2,0.9962,2.521,0.0371,79.9,yf_premarket,0.10498679476781667,0.9962,0.07915100596948928,0.4,3.0,good,0.0,5.5895,5.5792,0.01,steady,17:36:52,2026-06-22 17:36:52
CLPT,17.15,17.77,-0.0349,1.7276,1204390,3,0.8238,1.116,0.0628,76.2,yf_premarket,0.17963274897581466,0.8238,0.13597170019898297,0.6,3.0,good,0.0,5.585,5.5645,0.021,steady,17:36:52,2026-06-22 17:36:52
HNGE,69.07,69.42,-0.005,1.3434,2103820,3,0.859,3.5934,0.0518,77.7,yf_premarket,0.139684322166074,0.859,0.1116515586999779,0.6,3.0,good,0.0,5.5834,5.5665,0.017,steady,17:36:52,2026-06-22 17:36:52
XERS,6.945,6.95,-0.0007,1.3238,1812040,3,0.8673,0.244,0.0351,74.5,yf_premarket,0.13764634932518144,0.8673,0.07472916206057925,0.6,3.0,good,0.0,5.5784,,,new,17:36:52,2026-06-22 17:36:52
AUNA,5.295,5.13,0.0322,0.9195,357350,3,0.7573,0.1993,0.0388,79.5,yf_premarket,0.09560796057146422,0.7573,0.08290957329206279,0.6,3.0,good,0.12859424920127796,5.4924,5.506,-0.014,steady,17:36:52,2026-06-22 17:36:52
BBCP,11.085,10.91,0.016,0.3516,850580,1,0.5307,0.7925,0.0726,84.0,yf_premarket,0.0365587372886643,0.5307,0.15763873535264206,0.2,4.0,strong ✓,0.06389776357827476,5.4909,5.4847,0.006,steady,17:36:52,2026-06-22 17:36:52
CNK,34.16,33.76,0.0118,0.8694,2691590,3,0.8192,1.123,0.0333,74.0,yf_premarket,0.09039865244244806,0.8192,0.07074950254256025,0.6,3.0,good,0.04712460063897763,5.4801,5.4852,-0.005,steady,17:36:52,2026-06-22 17:36:52
FLNT,3.1256,3.02,0.035,0.1536,392630,4,0.656,0.309,0.1023,73.4,yf_premarket,0.01597105246740283,0.656,0.22330311739995581,0.8,3.0,good,0.13977635782747605,5.4573,5.3908,0.067,steady,17:36:52,2026-06-22 17:36:52
GEF,69.3525,68.91,0.0064,2.2644,265630,3,0.712,1.6867,0.0245,72.9,yf_premarket,0.2354482500467902,0.712,0.051293389343356185,0.6,3.0,good,0.025559105431309903,5.4412,5.4276,0.014,steady,17:36:52,2026-06-22 17:36:52
CENTA,37.98,37.78,0.0053,1.7014,375580,3,0.7461,1.029,0.0272,75.3,yf_premarket,0.17690851997421342,0.7461,0.057262878620384705,0.6,3.0,good,0.021166134185303515,5.4179,5.4067,0.011,steady,17:36:52,2026-06-22 17:36:52
HST,25.23,25.01,0.0088,1.4187,11221390,3,0.7552,0.561,0.0224,74.5,yf_premarket,0.14751388109052344,0.7552,0.04665045323900067,0.6,3.0,good,0.03514376996805112,5.4077,5.4131,-0.005,steady,17:36:52,2026-06-22 17:36:52
CPRX,31.385,31.38,0.0002,1.8472,1815910,2,0.8461,0.04,0.0013,75.9,yf_premarket,0.19206854243350593,0.8461,0.0,0.4,3.0,good,0.0007987220447284345,5.3815,5.3814,0.0,steady,17:36:52,2026-06-22 17:36:52
BY,35.61,35.15,0.0131,1.0467,377380,3,0.7231,0.6668,0.019,70.4,yf_premarket,0.10883398839603219,0.7231,0.03913331859385364,0.6,3.0,good,0.05231629392971246,5.3075,5.2967,0.011,steady,17:36:52,2026-06-22 17:36:52
FVR,19.59,19.59,0.0,2.1589,202460,2,0.7567,0.6225,0.0318,72.5,yf_premarket,0.22447854929606756,0.7567,0.06743311961087775,0.4,3.0,good,0.0,5.2838,5.2764,0.007,steady,17:36:52,2026-06-22 17:36:52
AMPG,8.125,8.99,-0.0962,0.4627,9171870,2,0.7871,1.5058,0.1675,72.9,yf_premarket,0.048110715993927675,0.7871,0.3674552288304223,0.4,3.0,good,0.0,5.2301,5.1745,0.056,steady,17:36:52,2026-06-22 17:36:52
GRDN,43.075,42.41,0.0157,2.4906,402600,2,0.6232,1.4585,0.0344,72.1,yf_premarket,0.2589681202819889,0.6232,0.07318151669246076,0.4,3.0,good,0.0626996805111821,5.1655,5.1677,-0.002,steady,17:36:52,2026-06-22 17:36:52
COAG,29.96,29.24,0.0246,4.2348,365570,4,0.9594,2.399,0.082,52.5,yf_premarket,0.44032690748019215,0.9594,0.17842140172451915,0.8,1.5,neutral,0.09824281150159744,5.1159,5.0494,0.066,steady,17:36:52,2026-06-22 17:36:52
ANTX,5.38,5.0,0.076,1.9311,249030,4,0.942,0.4465,0.0893,64.9,yf_premarket,0.20079231393100005,0.942,0.1945611319920407,0.8,1.5,neutral,0.3035143769968051,5.0377,5.0699,-0.032,steady,17:36:52,2026-06-22 17:36:52
AGIO,34.965,34.16,0.0236,1.8177,1233170,5,0.9616,1.504,0.044,67.6,yf_premarket,0.18900118535155033,0.9616,0.09440636745522882,1.0,1.5,neutral,0.09424920127795526,4.8953,4.8992,-0.004,steady,17:36:52,2026-06-22 17:36:52
ASX,43.445,40.56,0.0711,1.1484,13714880,4,0.9619,2.031,0.0501,55.5,yf_premarket,0.1194085719633165,0.9619,0.10789299137740438,0.8,1.5,neutral,0.28394568690095845,4.8828,4.8366,0.046,steady,17:36:52,2026-06-22 17:36:52
SLDB,8.19,8.33,-0.0168,4.9636,2975260,3,0.9567,0.5305,0.0637,60.1,yf_premarket,0.5161062241354212,0.9567,0.1379615299579925,0.6,1.5,neutral,0.0,4.8565,,,new,17:36:52,2026-06-22 17:36:52
GENB,15.84,14.49,0.0932,2.7978,931020,3,0.8375,0.974,0.0672,57.2,yf_premarket,0.29091022521679455,0.8375,0.14569975679858502,0.6,1.5,neutral,0.3722044728434505,4.8425,4.7583,0.084,steady,17:36:52,2026-06-22 17:36:52
BTSG,67.125,66.25,0.0132,1.6796,4271130,5,0.9581,1.894,0.0286,63.4,yf_premarket,0.17464179507975128,0.9581,0.060358169356621715,1.0,1.5,neutral,0.052715654952076675,4.7874,4.7655,0.022,steady,17:36:52,2026-06-22 17:36:52
ABSI,8.455,7.41,0.141,1.6348,5165300,4,0.6381,0.7082,0.0956,55.9,yf_premarket,0.16998357144342546,0.6381,0.20848994030510726,0.8,1.5,neutral,0.5630990415335463,4.7801,4.6202,0.16,steady,17:36:52,2026-06-22 17:36:52
ALGM,60.6778,59.0,0.0284,1.8376,2560680,4,0.9659,3.845,0.0652,64.7,yf_premarket,0.19107035165429326,0.9659,0.141277912889675,0.8,1.5,neutral,0.1134185303514377,4.7592,4.7188,0.04,steady,17:36:52,2026-06-22 17:36:52
AVAH,7.88,7.79,0.0116,1.6257,1744510,5,0.9323,0.309,0.0397,62.9,yf_premarket,0.16903736976729677,0.9323,0.0848994030510723,1.0,1.5,neutral,0.0463258785942492,4.7301,4.7163,0.014,steady,17:36:52,2026-06-22 17:36:52
BCAX,23.85,23.23,0.0267,3.0168,641270,4,0.8704,1.0855,0.0467,59.9,yf_premarket,0.31368145236758377,0.8704,0.10037585673225735,0.8,1.5,neutral,0.106629392971246,4.7215,4.7267,-0.005,steady,17:36:52,2026-06-22 17:36:52
ESI,47.55,45.97,0.0344,2.1103,2966490,4,0.9026,1.71,0.0372,61.9,yf_premarket,0.21942520847630337,0.9026,0.07937209816493476,0.8,1.5,neutral,0.13738019169329072,4.6801,4.666,0.014,steady,17:36:52,2026-06-22 17:36:52
DYN,20.71,19.8,0.046,2.4155,2116340,4,0.8255,1.2395,0.0626,52.4,yf_premarket,0.25115935699877306,0.8255,0.13552951580809197,0.8,1.5,neutral,0.18370607028753994,4.6711,4.6503,0.021,steady,17:36:52,2026-06-22 17:36:52
CEPO,10.63,10.63,0.0,7.5012,207300,2,0.8,0.019,0.0018,62.1,yf_premarket,0.7799613201073055,0.8,0.001105460977227504,0.4,1.5,neutral,0.0,4.6705,4.6731,-0.003,steady,17:36:52,2026-06-22 17:36:52
HNRG,18.58,19.45,-0.0447,1.8558,853270,5,0.9024,1.0765,0.0553,51.0,yf_premarket,0.1929627550065506,0.9024,0.11938978554057042,1.0,1.5,neutral,0.0,4.6539,4.6359,0.018,steady,17:36:52,2026-06-22 17:36:52
EDSA,6.95,7.35,-0.0544,0.8438,306240,5,0.9148,1.109,0.1509,51.2,yf_premarket,0.08773681036454758,0.9148,0.3307539243864692,1.0,1.5,neutral,0.0,4.6266,4.5766,0.05,steady,17:36:52,2026-06-22 17:36:52
BEAM,35.44,34.14,0.0381,1.7468,2009120,3,0.9632,2.1005,0.0615,53.2,yf_premarket,0.18162913053424,0.9632,0.13309750165819145,0.6,1.5,neutral,0.15215654952076677,4.5936,4.5644,0.029,steady,17:36:52,2026-06-22 17:36:52
PRA,24.625,24.65,-0.001,1.9227,608400,2,0.4444,0.128,0.0052,73.2,yf_premarket,0.19991889699918897,0.4444,0.00862259562237453,0.4,3.0,good,0.0,4.593,,,new,17:36:52,2026-06-22 17:36:52
HIW,29.43,29.28,0.0051,1.0886,1984500,1,0.5742,0.896,0.0306,74.7,yf_premarket,0.11319067523447085,0.5742,0.06478001326553173,0.2,3.0,good,0.02036741214057508,4.5811,4.5936,-0.013,steady,17:36:52,2026-06-22 17:36:52
CDNA,25.085,26.18,-0.0418,2.8615,959110,3,0.9828,1.3386,0.0511,66.4,yf_premarket,0.2975336369496953,0.9828,0.11010391333185938,0.6,1.5,neutral,0.0,4.567,4.5503,0.017,steady,17:36:52,2026-06-22 17:36:52
FCEL,23.39,24.04,-0.027,1.2256,12198450,4,0.9656,3.001,0.1248,54.7,yf_premarket,0.1274356894794851,0.9656,0.27304886137519346,0.8,1.5,neutral,0.0,4.5589,4.599,-0.04,steady,17:36:52,2026-06-22 17:36:52
ARDX,6.32,6.05,0.0446,2.5656,3834970,2,0.9706,0.2675,0.0442,50.3,yf_premarket,0.26676648574458794,0.9706,0.09484855184611984,0.4,1.5,neutral,0.17811501597444088,4.5559,4.5902,-0.034,steady,17:36:52,2026-06-22 17:36:52
STAK,5.61,5.83,-0.0377,0.0579,1871470,1,0.4555,2.3008,0.3946,74.1,yf_premarket,0.006020338137126459,0.4555,0.8695556046871545,0.2,3.0,good,0.0,4.5548,4.4907,0.064,steady,17:36:52,2026-06-22 17:36:52
AOSL,48.96,48.04,0.0192,2.9046,1008010,3,0.8906,4.439,0.0924,52.8,yf_premarket,0.3020150976355356,0.8906,0.20141499005085123,0.6,1.5,neutral,0.0766773162939297,4.5499,4.4876,0.062,steady,17:36:52,2026-06-22 17:36:52
COMP,9.97,10.01,-0.004,1.6786,13763280,4,0.9597,0.5191,0.0519,67.9,yf_premarket,0.1745378168735833,0.9597,0.11187265089542339,0.8,1.5,neutral,0.0,4.5371,4.5202,0.017,steady,17:36:52,2026-06-22 17:36:52
AAL,16.485,15.99,0.031,0.9134,138255770,4,0.9336,0.615,0.0385,61.3,yf_premarket,0.0949736935138395,0.9336,0.08224629670572628,0.8,1.5,neutral,0.12380191693290735,4.5365,4.5316,0.005,steady,17:36:52,2026-06-22 17:36:52
BLBD,75.135,73.99,0.0155,1.5097,347160,5,0.8318,2.44,0.033,68.7,yf_premarket,0.15697589785181026,0.8318,0.07008622595622374,1.0,1.5,neutral,0.06190095846645367,4.527,4.5314,-0.004,steady,17:36:52,2026-06-22 17:36:52
BIOA,21.12,20.77,0.0169,1.2878,481120,4,0.9185,1.4381,0.0692,66.4,yf_premarket,0.1339031339031339,0.9185,0.15012160070749503,0.8,1.5,neutral,0.0674920127795527,4.5142,4.5172,-0.003,steady,17:36:52,2026-06-22 17:36:52
AVLN,31.27,31.45,-0.0057,3.4855,434720,3,0.8846,2.858,0.0909,59.5,yf_premarket,0.36241603759851937,0.8846,0.1980986071191687,0.6,1.5,neutral,0.0,4.5119,4.4819,0.03,steady,17:36:52,2026-06-22 17:36:52
BTBT,2.2257,2.17,0.0257,1.4896,28884660,4,0.8657,0.1815,0.0836,55.9,yf_premarket,0.15488593590783373,0.8657,0.18195887685164713,0.8,1.5,neutral,0.10263578274760383,4.5087,4.5317,-0.023,steady,17:36:52,2026-06-22 17:36:52
DB,35.9299,35.27,0.0187,0.9171,3540510,5,0.8608,0.729,0.0207,66.8,yf_premarket,0.09535841287666105,0.8608,0.042891885916427154,1.0,1.5,neutral,0.07468051118210862,4.4981,4.4936,0.005,steady,17:36:52,2026-06-22 17:36:52
AKTS,24.84,24.09,0.0311,1.5153,364360,4,0.8331,1.72,0.0714,62.9,yf_premarket,0.157558175806351,0.8331,0.15498562900729607,0.8,1.5,neutral,0.12420127795527156,4.4663,4.4701,-0.004,steady,17:36:52,2026-06-22 17:36:52
BRBR,9.725,9.46,0.028,2.8072,6482760,3,0.8454,0.5985,0.0633,64.3,yf_premarket,0.2918876203547736,0.8454,0.13707716117621047,0.6,1.5,neutral,0.11182108626198083,4.4649,4.4545,0.01,steady,17:36:52,2026-06-22 17:36:52
SVRA,5.675,5.5,0.0318,2.5809,1844880,3,0.8603,0.2594,0.0472,62.3,yf_premarket,0.2683573522989582,0.8603,0.10148131770948485,0.6,1.5,neutral,0.1269968051118211,4.4644,,,new,17:36:52,2026-06-22 17:36:52
ATEN,33.7,33.26,0.0132,2.7267,1391940,3,0.9003,1.507,0.0453,65.3,yf_premarket,0.2835173747582507,0.9003,0.09728056599602034,0.6,1.5,neutral,0.052715654952076675,4.4536,4.4373,0.016,steady,17:36:52,2026-06-22 17:36:52
NVRI,21.68,22.01,-0.015,1.0029,506010,4,0.9617,1.086,0.0493,68.7,yf_premarket,0.10427974296587435,0.9617,0.10612425381384036,0.8,1.5,neutral,0.0,4.4329,,,new,17:36:52,2026-06-22 17:36:52
EGY,5.445,5.58,-0.0242,2.9073,1490400,4,0.8182,0.2055,0.0368,61.1,yf_premarket,0.3022958387921892,0.8182,0.07848772938315277,0.8,1.5,neutral,0.0,4.4291,4.4172,0.012,steady,17:36:52,2026-06-22 17:36:52
ATMU,52.49,51.79,0.0135,2.1454,996650,4,0.8302,1.8606,0.0359,68.5,yf_premarket,0.22307484351279971,0.8302,0.07649789962414327,0.8,1.5,neutral,0.05391373801916933,4.4141,4.4043,0.01,steady,17:36:52,2026-06-22 17:36:52
AIP,43.94,44.11,-0.0039,1.0542,1001260,4,0.9362,3.1247,0.0708,67.6,yf_premarket,0.1096138249422921,0.9362,0.15365907583462307,0.8,1.5,neutral,0.0,4.4137,4.3904,0.023,steady,17:36:52,2026-06-22 17:36:52
ACTG,4.765,4.86,-0.0195,0.9548,268550,4,0.9655,0.116,0.0239,63.6,yf_premarket,0.09927839124919417,0.9655,0.04996683617068318,0.8,1.5,neutral,0.0,4.4049,4.3973,0.008,steady,17:36:52,2026-06-22 17:36:52
WSBC,36.615,36.29,0.009,5.4273,3047310,3,0.6811,0.965,0.0266,62.1,yf_premarket,0.5643209183355169,0.6811,0.055936325447711696,0.6,1.5,neutral,0.03594249201277955,4.3906,,,new,17:36:52,2026-06-22 17:36:52
BBVA,24.78,24.48,0.0123,1.1449,2239790,5,0.7994,0.511,0.0209,60.8,yf_premarket,0.11904464824172854,0.7994,0.04333407030731815,1.0,1.5,neutral,0.04912140575079872,4.3727,4.3706,0.002,steady,17:36:52,2026-06-22 17:36:52
ALKS,46.06,44.99,0.0238,3.3711,2299310,3,0.7843,1.501,0.0334,65.1,yf_premarket,0.35052093081290164,0.7843,0.07097059473800574,0.6,1.5,neutral,0.0950479233226837,4.3724,4.3203,0.052,steady,17:36:52,2026-06-22 17:36:52
BGLC,2.41,2.61,-0.0766,0.1727,533980,4,0.9448,0.3678,0.1409,61.2,yf_premarket,0.01795703620521139,0.9448,0.3086447048419191,0.8,1.5,neutral,0.0,4.3709,4.3242,0.047,steady,17:36:52,2026-06-22 17:36:52
AMLX,16.08,15.67,0.0262,0.8069,1602100,4,0.852,0.9739,0.0622,59.9,yf_premarket,0.08390001455694886,0.852,0.13464514702630997,0.8,1.5,neutral,0.10463258785942492,4.3541,4.2055,0.149,steady,17:36:52,2026-06-22 17:36:52
HNST,3.44,3.77,-0.0875,1.3458,1321040,3,1.0,0.1506,0.0399,64.2,yf_premarket,0.13993386986087716,1.0,0.0853415874419633,0.6,1.5,neutral,0.0,4.3526,4.3397,0.013,steady,17:36:52,2026-06-22 17:36:52
DDD,3.31,3.57,-0.0728,1.2975,5494060,4,0.8876,0.241,0.0675,50.0,yf_premarket,0.13491172250296338,0.8876,0.14636303338492154,0.8,1.5,neutral,0.0,4.3507,4.3286,0.022,steady,17:36:52,2026-06-22 17:36:52
CEVA,48.32,49.72,-0.0282,1.9474,974370,3,0.9321,3.755,0.0755,62.5,yf_premarket,0.20248715869153824,0.9321,0.1640504090205616,0.6,1.5,neutral,0.0,4.35,4.3251,0.025,steady,17:36:52,2026-06-22 17:36:52
ABM,43.325,44.15,-0.0187,1.0772,953410,1,0.4742,1.389,0.0315,73.2,yf_premarket,0.11200532368415579,0.4742,0.06676984302454124,0.2,3.0,good,0.0,4.3498,4.3397,0.01,steady,17:36:52,2026-06-22 17:36:52
ERAS,15.0,13.67,0.0973,1.9651,4906620,3,0.629,1.063,0.0778,55.5,yf_premarket,0.20432757294071163,0.629,0.1691355295158081,0.6,1.5,neutral,0.38857827476038337,4.3319,4.2578,0.074,steady,17:36:52,2026-06-22 17:36:52
GTES,28.32,28.09,0.0082,1.5794,1694130,4,0.848,0.9245,0.0329,65.4,yf_premarket,0.16422317882171897,0.848,0.06986513376077824,0.8,1.5,neutral,0.03274760383386582,4.3264,4.3336,-0.007,steady,17:36:52,2026-06-22 17:36:52
GALT,2.86,2.83,0.0106,1.1957,281600,4,0.8507,0.188,0.0664,64.2,yf_premarket,0.12432674111506228,0.8507,0.14393101923502102,0.8,1.5,neutral,0.04233226837060703,4.3234,4.2381,0.085,steady,17:36:52,2026-06-22 17:36:52
AUPH,17.56,16.46,0.0668,1.1579,1012480,3,0.8049,0.4815,0.0293,68.5,yf_premarket,0.12039636492191236,0.8049,0.06190581472474022,0.6,1.5,neutral,0.2667731629392971,4.3215,4.2783,0.043,steady,17:36:52,2026-06-22 17:36:52
CNTA,40.025,40.02,0.0001,2.6748,2089420,3,0.898,0.1785,0.0045,62.0,yf_premarket,0.2781209058581321,0.898,0.007074950254256024,0.6,1.5,neutral,0.00039936102236421724,4.3173,4.3156,0.002,steady,17:36:52,2026-06-22 17:36:52
EYPT,13.85,13.58,0.0199,1.0625,1214450,4,0.8352,0.78,0.0574,50.0,yf_premarket,0.11047684405348639,0.8352,0.12403272164492593,0.8,1.5,neutral,0.07947284345047924,4.3173,4.2541,0.063,steady,17:36:52,2026-06-22 17:36:52
ENHA,4.305,4.43,-0.0282,2.496,2121670,3,0.8243,0.721,0.1628,68.9,yf_premarket,0.259529602595296,0.8243,0.35706389564448376,0.6,1.5,neutral,0.0,4.3164,4.2624,0.054,steady,17:36:52,2026-06-22 17:36:52
ALH,27.0,26.89,0.0041,1.6282,657240,3,0.9414,0.967,0.036,64.2,yf_premarket,0.16929731528271674,0.9414,0.07671899181958876,0.6,1.5,neutral,0.01637380191693291,4.2997,4.2815,0.018,steady,17:36:52,2026-06-22 17:36:52
ALMS,24.85,23.41,0.0615,1.2187,1545300,3,0.7805,1.7245,0.0737,57.9,yf_premarket,0.12671823985692598,0.7805,0.16007074950254258,0.6,1.5,neutral,0.2456070287539936,4.2995,4.1856,0.114,steady,17:36:52,2026-06-22 17:36:52
GMRS,13.45,13.25,0.0151,3.7012,1095240,2,0.8214,1.084,0.0818,54.9,yf_premarket,0.3848441366689542,0.8214,0.17797921733362815,0.4,1.5,neutral,0.060303514376996804,4.2995,4.2417,0.058,steady,17:36:52,2026-06-22 17:36:52
EWTX,36.66,36.81,-0.0041,0.9444,2125590,4,0.8877,2.5713,0.0699,56.1,yf_premarket,0.0981970179050471,0.8877,0.15166924607561355,0.8,1.5,neutral,0.0,4.2985,4.2908,0.008,steady,17:36:52,2026-06-22 17:36:52
ERII,8.94,9.42,-0.051,2.6023,1367310,4,0.7644,0.486,0.0516,69.1,yf_premarket,0.2705824859109531,0.7644,0.1112093743090869,0.8,1.5,neutral,0.0,4.2903,4.2735,0.017,steady,17:36:52,2026-06-22 17:36:52
CCL,30.275,30.87,-0.0193,1.1889,26478160,4,0.8773,1.275,0.0413,61.7,yf_premarket,0.12361968931311998,0.8773,0.08843687817820031,0.8,1.5,neutral,0.0,4.2842,4.2709,0.013,steady,17:36:52,2026-06-22 17:36:52
DLO,12.19,12.79,-0.0469,0.8632,2103250,4,0.8925,0.4749,0.0371,62.7,yf_premarket,0.08975398756420654,0.8925,0.07915100596948928,0.8,1.5,neutral,0.0,4.2592,4.2472,0.012,steady,17:36:52,2026-06-22 17:36:52
BXDC,22.2,22.14,0.0027,5.4726,1451080,2,0.7212,0.91,0.0411,54.2,yf_premarket,0.5690311310749266,0.7212,0.0879946937873093,0.4,1.5,neutral,0.010782747603833865,4.2561,4.2294,0.027,steady,17:36:52,2026-06-22 17:36:52
GSBD,9.355,9.31,0.0048,1.3777,861220,4,0.8397,0.1719,0.0185,60.4,yf_premarket,0.14325077463763594,0.8397,0.03802785761662614,0.8,1.5,neutral,0.019169329073482424,4.242,4.2435,-0.002,steady,17:36:52,2026-06-22 17:36:52
FER,70.19,69.22,0.014,1.2076,2038870,4,0.823,1.4252,0.0206,55.4,yf_premarket,0.12556408176846134,0.823,0.042670793720981655,0.8,1.5,neutral,0.05591054313099041,4.2395,4.2442,-0.005,steady,17:36:52,2026-06-22 17:36:52
BCS,27.245,26.31,0.0355,1.0307,5700160,4,0.7695,0.607,0.0231,65.0,yf_premarket,0.10717033709734439,0.7695,0.04819809860711917,0.8,1.5,neutral,0.1417731629392971,4.2365,4.2323,0.004,steady,17:36:52,2026-06-22 17:36:52
SVV,9.81,10.15,-0.0335,1.9108,785590,3,0.8933,0.4144,0.0408,67.8,yf_premarket,0.19868155634578993,0.8933,0.08733141720097282,0.6,1.5,neutral,0.0,4.2283,,,new,17:36:52,2026-06-22 17:36:52
HGV,52.08,52.73,-0.0123,1.2895,1441600,4,0.8431,1.7689,0.0335,53.0,yf_premarket,0.13407989685361948,0.8431,0.07119168693345125,0.8,1.5,neutral,0.0,4.2229,4.2122,0.011,steady,17:36:52,2026-06-22 17:36:52
EBC,20.585,20.6,-0.0007,5.2386,7247380,3,0.6393,0.503,0.0244,61.5,yf_premarket,0.5447002308316177,0.6393,0.051072297147910686,0.6,1.5,neutral,0.0,4.2212,4.2146,0.007,steady,17:36:52,2026-06-22 17:36:52
CARR,72.14,71.81,0.0046,1.2483,6371600,4,0.8328,2.24,0.0312,69.3,yf_premarket,0.1297959947594984,0.8328,0.06610656643820473,0.8,1.5,neutral,0.018370607028753993,4.2209,4.2075,0.013,steady,17:36:52,2026-06-22 17:36:52
GNW,8.99,8.95,0.0045,2.6332,3065010,3,0.8302,0.147,0.0164,64.7,yf_premarket,0.2737954124815439,0.8302,0.03338492151227063,0.6,1.5,neutral,0.017971246006389774,4.2147,4.2266,-0.012,steady,17:36:52,2026-06-22 17:36:52
FPS,61.165,63.41,-0.0354,0.8672,5510260,4,0.8503,4.171,0.0658,62.8,yf_premarket,0.09016990038887848,0.8503,0.142604466062348,0.8,1.5,neutral,0.0,4.2072,4.1856,0.022,steady,17:36:52,2026-06-22 17:36:52
ALK,50.12,49.26,0.0175,1.1894,3597780,4,0.7806,2.447,0.0497,57.6,yf_premarket,0.12367167841620397,0.7806,0.10700862259562238,0.8,1.5,neutral,0.06988817891373802,4.205,4.2132,-0.008,steady,17:36:52,2026-06-22 17:36:52
GBX,50.8,49.69,0.0223,1.3106,499100,4,0.7695,1.316,0.0265,68.1,yf_premarket,0.136273837003764,0.7695,0.0557152332522662,0.8,1.5,neutral,0.08905750798722044,4.2049,4.1494,0.056,steady,17:36:52,2026-06-22 17:36:52
CRNX,35.53,35.87,-0.0095,1.9059,1056650,4,0.7778,1.6487,0.046,51.3,yf_premarket,0.1981720631355668,0.7778,0.09882821136413884,0.8,1.5,neutral,0.0,4.2023,4.1873,0.015,steady,17:36:52,2026-06-22 17:36:52
ALMR,22.39,21.96,0.0196,3.5305,282280,2,0.7765,1.479,0.0673,57.4,yf_premarket,0.3670950568760788,0.7765,0.14592084899403052,0.4,1.5,neutral,0.07827476038338657,4.194,4.1186,0.075,steady,17:36:52,2026-06-22 17:36:52
EC,16.26,16.58,-0.0193,1.9742,2843050,3,0.8693,0.696,0.042,65.6,yf_premarket,0.2052737746168403,0.8693,0.08998452354631882,0.6,1.5,neutral,0.0,4.1915,4.1779,0.014,steady,17:36:52,2026-06-22 17:36:52
OTIS,72.545,73.27,-0.0099,2.0045,4215660,4,0.7797,1.38,0.0188,59.6,yf_premarket,0.20842431426373034,0.7797,0.03869113420296264,0.8,1.5,neutral,0.0,4.1914,,,new,17:36:52,2026-06-22 17:36:52
HBT,30.5,30.3,0.0066,2.8261,222070,3,0.7913,0.7885,0.026,62.9,yf_premarket,0.2938528084513486,0.7913,0.054609772275038694,0.6,1.5,neutral,0.026357827476038338,4.1902,4.1683,0.022,steady,17:36:52,2026-06-22 17:36:52
BESS,4.935,5.82,-0.1521,1.0288,2512250,3,0.8721,0.977,0.1679,65.3,yf_premarket,0.10697277850562521,0.8721,0.3683395976122043,0.6,1.5,neutral,0.0,4.1888,4.1331,0.056,steady,17:36:52,2026-06-22 17:36:52
CARG,30.375,30.02,0.0118,1.8987,1377900,3,0.8374,1.2129,0.0404,51.0,yf_premarket,0.1974234200511573,0.8374,0.08644704841919079,0.6,1.5,neutral,0.04712460063897763,4.1848,4.1533,0.032,steady,17:36:52,2026-06-22 17:36:52
BCC,73.95,74.66,-0.0095,2.3488,420510,3,0.8387,2.6057,0.0349,67.2,yf_premarket,0.24422401064736834,0.8387,0.07428697766968825,0.6,1.5,neutral,0.0,4.1809,4.1696,0.011,steady,17:36:52,2026-06-22 17:36:52
HZO,34.76,34.95,-0.0054,2.3678,287100,3,0.831,1.546,0.0442,52.9,yf_premarket,0.24619959656456006,0.831,0.09484855184611984,0.6,1.5,neutral,0.0,4.1787,4.1644,0.014,steady,17:36:52,2026-06-22 17:36:52
AVBP,32.72,31.74,0.0309,1.7685,485880,4,0.6779,1.499,0.0472,57.4,yf_premarket,0.18388545760808533,0.6779,0.10148131770948485,0.8,1.5,neutral,0.12340255591054312,4.1675,4.158,0.01,steady,17:36:52,2026-06-22 17:36:52
CLDX,32.69,32.43,0.008,2.3857,996960,4,0.7031,1.207,0.0372,54.9,yf_premarket,0.24806080645496703,0.7031,0.07937209816493476,0.8,1.5,neutral,0.03194888178913738,4.1659,4.1504,0.015,steady,17:36:52,2026-06-22 17:36:52
EXTR,31.8,31.38,0.0134,1.8964,2253770,3,0.8203,1.338,0.0426,68.6,yf_premarket,0.1971842701769709,0.8203,0.09131107671899182,0.6,1.5,neutral,0.05351437699680511,4.1623,4.121,0.041,steady,17:36:52,2026-06-22 17:36:52
APOG,41.65,41.27,0.0092,1.8338,279700,3,0.8415,1.394,0.0338,66.6,yf_premarket,0.1906752344708549,0.8415,0.07185496351978775,0.6,1.5,neutral,0.036741214057507986,4.1601,4.1581,0.002,steady,17:36:52,2026-06-22 17:36:52
HDSN,5.75,5.88,-0.0221,0.9785,493210,3,0.9333,0.222,0.0378,66.7,yf_premarket,0.10174267473537547,0.9333,0.08069865133760779,0.6,1.5,neutral,0.0,4.1596,4.1474,0.012,steady,17:36:52,2026-06-22 17:36:52
ANRO,22.81,22.74,0.0031,1.4579,382870,3,0.8627,1.8081,0.0795,60.4,yf_premarket,0.15158982677230853,0.8627,0.17289409683838164,0.6,1.5,neutral,0.012380191693290734,4.1578,4.1429,0.015,steady,17:36:52,2026-06-22 17:36:52
BEN,34.14,33.05,0.033,1.9913,4591000,4,0.6607,0.777,0.0235,65.0,yf_premarket,0.2070518019423129,0.6607,0.04908246738890117,0.8,1.5,neutral,0.13178913738019168,4.1542,4.1598,-0.006,steady,17:36:52,2026-06-22 17:36:52
HDB,25.21,25.06,0.006,0.7757,11194350,4,0.8333,0.545,0.0217,62.8,yf_premarket,0.08065589452450765,0.8333,0.04510280787088216,0.8,1.5,neutral,0.023961661341853034,4.1461,4.1449,0.001,steady,17:36:52,2026-06-22 17:36:52
ARTV,9.61,9.82,-0.0214,1.8967,921500,3,0.8219,0.9208,0.0938,64.4,yf_premarket,0.1972154636388213,0.8219,0.20451028078708822,0.6,1.5,neutral,0.0,4.1419,4.111,0.031,steady,17:36:52,2026-06-22 17:36:52
OI,9.17,9.23,-0.0065,1.6168,3207850,4,0.7668,0.436,0.0472,59.1,yf_premarket,0.1681119637324017,0.7668,0.10148131770948485,0.8,1.5,neutral,0.0,4.1365,,,new,17:36:52,2026-06-22 17:36:52
FUL,64.6,64.86,-0.004,1.3558,717960,4,0.7911,1.903,0.0293,52.8,yf_premarket,0.140973651922557,0.7911,0.06190581472474022,0.8,1.5,neutral,0.0,4.1246,4.1153,0.009,steady,17:36:52,2026-06-22 17:36:52
ETON,32.2503,32.48,-0.0071,1.976,310120,3,0.8306,1.576,0.0485,60.4,yf_premarket,0.2054609353879427,0.8306,0.10435551625027636,0.6,1.5,neutral,0.0,4.1216,4.1058,0.016,steady,17:36:52,2026-06-22 17:36:52
CLAR,3.03,3.13,-0.0319,1.5649,309660,4,0.7619,0.11,0.0351,54.2,yf_premarket,0.16271549483228315,0.7619,0.07472916206057925,0.8,1.5,neutral,0.0,4.1052,4.0939,0.011,steady,17:36:52,2026-06-22 17:36:52
GTX,34.27,34.32,-0.0015,0.9254,2502630,4,0.8032,1.2107,0.0353,58.4,yf_premarket,0.09622143198785535,0.8032,0.07517134645147025,0.8,1.5,neutral,0.0,4.0883,4.0983,-0.01,steady,17:36:52,2026-06-22 17:36:52
EZPW,31.89,31.72,0.0054,1.1825,1167150,3,0.8578,1.597,0.0503,51.9,yf_premarket,0.12295422879364486,0.8578,0.10833517576829538,0.6,1.5,neutral,0.02156549520766773,4.0865,4.0575,0.029,steady,17:36:52,2026-06-22 17:36:52
CMTG,2.58,2.73,-0.0549,2.3853,868420,4,0.6721,0.171,0.0626,60.6,yf_premarket,0.24801921517249984,0.6721,0.13552951580809197,0.8,1.5,neutral,0.0,4.084,4.0635,0.02,steady,17:36:52,2026-06-22 17:36:52
AMCR,41.04,41.08,-0.001,1.7467,3676310,4,0.7433,0.956,0.0233,62.3,yf_premarket,0.18161873271362322,0.7433,0.048640282998010174,0.8,1.5,neutral,0.0,4.0833,4.076,0.007,steady,17:36:52,2026-06-22 17:36:52
CGNX,67.03,66.1,0.0141,1.8219,2104380,3,0.7836,2.834,0.0429,50.5,yf_premarket,0.18943789381745588,0.7836,0.09197435330532833,0.6,1.5,neutral,0.05630990415335463,4.0818,4.0801,0.002,steady,17:36:52,2026-06-22 17:36:52
BCRX,9.24,8.99,0.0278,2.15,4131390,4,0.6181,0.357,0.0397,51.8,yf_premarket,0.22355314326117245,0.6181,0.0848994030510723,0.8,1.5,neutral,0.11102236421725238,4.0805,4.0135,0.067,steady,17:36:52,2026-06-22 17:36:52
HNI,34.295,34.86,-0.0162,1.8097,764050,2,0.9247,1.583,0.0454,69.8,yf_premarket,0.18816935970220644,0.9247,0.09750165819146585,0.4,1.5,neutral,0.0,4.0804,4.0657,0.015,steady,17:36:52,2026-06-22 17:36:52
EE,35.73,34.56,0.0339,1.712,393400,3,0.7372,1.118,0.0323,65.4,yf_premarket,0.17801068895959407,0.7372,0.06853858058810525,0.6,1.5,neutral,0.13538338658146964,4.0788,4.0322,0.047,steady,17:36:52,2026-06-22 17:36:52
GRBK,74.07,74.61,-0.0072,1.9049,254610,2,0.9214,2.413,0.0323,69.4,yf_premarket,0.1980680849293988,0.9214,0.06853858058810525,0.4,1.5,neutral,0.0,4.0742,4.0638,0.01,steady,17:36:52,2026-06-22 17:36:52
AM,21.92,21.71,0.0097,2.4487,2579220,3,0.7557,0.4283,0.0197,63.8,yf_premarket,0.25461143344355025,0.7557,0.04068096396197214,0.6,1.5,neutral,0.03873801916932907,4.0718,4.062,0.01,steady,17:36:52,2026-06-22 17:36:52
DGII,68.74,69.06,-0.0046,1.605,293140,3,0.8371,2.728,0.0395,55.3,yf_premarket,0.16688502089961943,0.8371,0.0844572186601813,0.6,1.5,neutral,0.0,4.0668,4.054,0.013,steady,17:36:52,2026-06-22 17:36:52
ASC,17.38,17.07,0.0182,1.538,589290,2,0.8872,0.678,0.0397,66.6,yf_premarket,0.1599184810863643,0.8872,0.0848994030510723,0.4,1.5,neutral,0.07268370607028754,4.0658,4.0557,0.01,steady,17:36:52,2026-06-22 17:36:52
CRI,41.39,42.54,-0.027,1.6792,826740,3,0.8272,1.548,0.0364,66.5,yf_premarket,0.17460020379728408,0.8272,0.07760336060137077,0.6,1.5,neutral,0.0,4.0551,4.0434,0.012,steady,17:36:52,2026-06-22 17:36:52
FDUS,18.04,18.35,-0.0169,1.5332,336490,3,0.8449,0.3472,0.0189,51.7,yf_premarket,0.15941938569675795,0.8449,0.03891222639840814,0.6,1.5,neutral,0.0,4.0484,4.0425,0.006,steady,17:36:52,2026-06-22 17:36:52
FAF,68.91,68.63,0.0041,1.5363,1172880,4,0.729,1.6518,0.0241,61.5,yf_premarket,0.15974171813587873,0.729,0.05040902056157418,0.8,1.5,neutral,0.01637380191693291,4.0474,4.0686,-0.021,steady,17:36:52,2026-06-22 17:36:52
TECH,56.2,57.94,-0.03,1.2678,2976150,2,0.9556,2.079,0.0359,66.8,yf_premarket,0.13182356977977416,0.9556,0.07649789962414327,0.4,1.5,neutral,0.0,4.0472,,,new,17:36:52,2026-06-22 17:36:52
AADX,18.48,18.82,-0.0181,0.7105,1980520,1,0.2939,2.312,0.1228,,yf_premarket,0.0738765154823549,0.2939,0.2686270174662835,0.2,3.0,—,0.0,4.0329,3.9923,0.041,steady,17:36:52,2026-06-22 17:36:52
AVNT,37.63,37.66,-0.0008,1.4646,981800,3,0.8371,1.0559,0.028,63.0,yf_premarket,0.15228648075363402,0.8371,0.05903161618394871,0.6,1.5,neutral,0.0,4.0321,4.035,-0.003,steady,17:36:52,2026-06-22 17:36:52
DNLI,23.945,23.31,0.0272,1.2193,2065510,3,0.7551,1.2513,0.0537,63.9,yf_premarket,0.1267806267806268,0.7551,0.1158523104134424,0.6,1.5,neutral,0.10862619808306709,4.0212,4.0189,0.002,steady,17:36:52,2026-06-22 17:36:52
DIN,33.93,34.16,-0.0067,0.9436,442750,3,0.8547,1.65,0.0483,61.4,yf_premarket,0.09811383534011271,0.8547,0.10391333185938537,0.6,1.5,neutral,0.0,4.0085,3.9928,0.016,steady,17:36:52,2026-06-22 17:36:52
BKD,13.755,13.65,0.0077,0.7659,4618760,4,0.7461,0.558,0.0409,58.4,yf_premarket,0.07963690810406139,0.7461,0.0875525093964183,0.8,1.5,neutral,0.03075079872204473,4.0016,3.9815,0.02,steady,17:36:52,2026-06-22 17:36:52
CGEM,16.97,15.03,0.1291,1.9459,1601970,3,0.8636,1.3136,0.0874,40.8,yf_premarket,0.20233119138228628,0.8636,0.19036038027857619,0.6,0.5,weak,0.5155750798722044,3.9992,3.7538,0.245,steady,17:36:52,2026-06-22 17:36:52
AMRZ,53.305,55.35,-0.0369,1.0009,3532880,4,0.7508,2.0105,0.0363,52.8,yf_premarket,0.10407178655353837,0.7508,0.07738226840592527,0.8,1.5,neutral,0.0,3.9964,3.9847,0.012,steady,17:36:52,2026-06-22 17:36:52
ATRC,28.525,28.8,-0.0095,2.0934,827160,2,0.8617,1.193,0.0414,56.4,yf_premarket,0.21766797679206437,0.8617,0.08865797037364581,0.4,1.5,neutral,0.0,3.9942,3.9808,0.013,steady,17:36:52,2026-06-22 17:36:52
TREX,47.0,47.13,-0.0028,1.2701,2313930,3,0.8194,2.342,0.0497,66.7,yf_premarket,0.13206271965396052,0.8194,0.10700862259562238,0.6,1.5,neutral,0.0,3.9904,,,new,17:36:52,2026-06-22 17:36:52
CRBP,8.325,8.26,0.0079,0.8665,343700,4,0.7232,0.4549,0.0551,55.5,yf_premarket,0.09009711564456091,0.7232,0.11894760114967942,0.8,1.5,neutral,0.03154952076677316,3.9883,3.9466,0.042,steady,17:36:52,2026-06-22 17:36:52
BRBS,3.4,3.35,0.0149,1.5019,343630,2,0.8696,0.0535,0.016,56.8,yf_premarket,0.15616486784369996,0.8696,0.032500552730488616,0.4,1.5,neutral,0.059504792332268366,3.979,3.9432,0.036,steady,17:36:52,2026-06-22 17:36:52
AVR,9.53,9.78,-0.0256,1.2912,1126120,3,0.8087,0.5428,0.0555,66.8,yf_premarket,0.13425665980410506,0.8087,0.11983196993146142,0.6,1.5,neutral,0.0,3.9787,3.9606,0.018,steady,17:36:52,2026-06-22 17:36:52
GGAL,52.85,56.37,-0.0624,0.8828,1511710,3,0.841,2.341,0.0415,66.5,yf_premarket,0.0917919604050991,0.841,0.08887906256909131,0.6,1.5,neutral,0.0,3.9641,3.9507,0.013,steady,17:36:52,2026-06-22 17:36:52
EVC,9.88,9.86,0.002,0.9971,1943730,2,0.9097,0.6522,0.0661,58.6,yf_premarket,0.10367666937010003,0.9097,0.14326774264868453,0.4,1.5,neutral,0.007987220447284345,3.9585,3.9479,0.011,steady,17:36:52,2026-06-22 17:36:52
CMG,31.045,32.49,-0.0445,1.4618,21534000,3,0.7975,1.046,0.0322,53.2,yf_premarket,0.15199534177636367,0.7975,0.06831748839265975,0.6,1.5,neutral,0.0,3.9572,3.9468,0.01,steady,17:36:52,2026-06-22 17:36:52
CMS,74.33,73.38,0.0129,1.2884,3755990,4,0.6788,1.353,0.0184,53.1,yf_premarket,0.1339655208268347,0.6788,0.03780676542118064,0.8,1.5,neutral,0.05151757188498402,3.9547,3.9436,0.011,steady,17:36:52,2026-06-22 17:36:52
EVER,20.77,20.16,0.0303,1.1451,635400,4,0.613,1.028,0.051,57.3,yf_premarket,0.11906544388296213,0.613,0.10988282113641387,0.8,1.5,neutral,0.12100638977635782,3.941,3.8794,0.062,steady,17:36:52,2026-06-22 17:36:52
CADL,9.18,8.31,0.1047,3.552,2307750,3,0.2901,0.59,0.071,50.1,yf_premarket,0.36933058830869053,0.2901,0.15410126022551404,0.6,1.5,neutral,0.41813099041533547,3.9384,3.8896,0.049,steady,17:36:52,2026-06-22 17:36:52
ANAB,58.56,57.51,0.0183,1.5486,534550,3,0.7143,2.9395,0.0511,54.9,yf_premarket,0.16102065007174496,0.7143,0.11010391333185938,0.6,1.5,neutral,0.07308306709265175,3.9348,3.8962,0.039,steady,17:36:52,2026-06-22 17:36:52
CRBG,29.14,29.18,-0.0014,1.2346,6321680,3,0.8049,0.7614,0.0261,68.3,yf_premarket,0.12837149333499698,0.8049,0.0548308644704842,0.6,1.5,neutral,0.0,3.9298,3.931,-0.001,steady,17:36:52,2026-06-22 17:36:52
AS,35.75,36.83,-0.0293,1.105,3933920,2,0.9091,1.3018,0.0353,56.8,yf_premarket,0.11489591781562584,0.9091,0.07517134645147025,0.4,1.5,neutral,0.0,3.9281,3.9168,0.011,steady,17:36:52,2026-06-22 17:36:52
AFRM,72.56,73.92,-0.0184,0.9747,4602820,3,0.8003,4.557,0.0616,50.3,yf_premarket,0.10134755755193711,0.8003,0.13331859385363698,0.6,1.5,neutral,0.0,3.9193,3.8991,0.02,steady,17:36:52,2026-06-22 17:36:52
GPCR,46.57,44.51,0.0463,1.2134,949290,2,0.7471,2.3585,0.053,67.9,yf_premarket,0.12616715536423567,0.7471,0.1143046650453239,0.4,1.5,neutral,0.1849041533546326,3.918,3.8862,0.032,steady,17:36:52,2026-06-22 17:36:52
CCRN,13.165,13.17,-0.0004,2.7175,532990,1,0.1429,0.032,0.0024,75.0,yf_premarket,0.2825607752615052,0.1429,0.0024320141499005084,0.2,3.0,good,0.0,3.9109,3.9105,0.0,steady,17:36:52,2026-06-22 17:36:52
AVO,11.405,11.49,-0.0074,0.9624,2440850,3,0.7978,0.5475,0.0477,54.1,yf_premarket,0.10006862561607087,0.7978,0.10258677868671236,0.6,1.5,neutral,0.0,3.897,3.9034,-0.006,steady,17:36:52,2026-06-22 17:36:52
ENIC,4.581,4.57,0.0024,1.0506,643610,3,0.782,0.1143,0.025,64.3,yf_premarket,0.10923950340008734,0.782,0.05239885032058369,0.6,1.5,neutral,0.009584664536741212,3.8684,3.8709,-0.002,steady,17:36:52,2026-06-22 17:36:52
FBIO,3.005,2.99,0.005,0.8102,459290,4,0.6731,0.171,0.0572,56.5,yf_premarket,0.08424314263730323,0.6731,0.12359053725403493,0.8,1.5,neutral,0.019968051118210862,3.8643,3.9645,-0.1,steady,17:36:52,2026-06-22 17:36:52
OCUL,9.755,9.43,0.0345,1.9275,3172160,3,0.586,0.5734,0.0608,55.7,yf_premarket,0.20041799238879532,0.586,0.13154985629007296,0.6,1.5,neutral,0.13777955271565495,3.8451,,,new,17:36:52,2026-06-22 17:36:52
ANGO,12.25,12.15,0.0082,3.0414,393040,3,0.5914,0.383,0.0315,59.3,yf_premarket,0.3162393162393162,0.5914,0.06676984302454124,0.6,1.5,neutral,0.03274760383386582,3.8397,3.8406,-0.001,steady,17:36:52,2026-06-22 17:36:52
FIGS,11.415,12.31,-0.0727,1.206,3027780,4,0.6484,0.6264,0.0509,57.9,yf_premarket,0.12539771663859256,0.6484,0.10966172894096839,0.8,1.5,neutral,0.0,3.8397,3.8231,0.017,steady,17:36:52,2026-06-22 17:36:52
GNTX,25.935,25.95,-0.0006,1.5059,2589500,3,0.7402,0.577,0.0222,69.8,yf_premarket,0.15658078066837192,0.7402,0.04620826884810967,0.6,1.5,neutral,0.0,3.8384,3.8511,-0.013,steady,17:36:52,2026-06-22 17:36:52
BANC,20.205,20.09,0.0057,1.7526,2588300,3,0.7035,0.4317,0.0215,62.8,yf_premarket,0.18223220413001434,0.7035,0.044660623479991154,0.6,1.5,neutral,0.022763578274760384,3.8368,3.86,-0.023,steady,17:36:52,2026-06-22 17:36:52
FGMC,12.8792,10.3,0.2504,0.0884,491820,4,0.4712,0.6879,0.0668,48.8,yf_premarket,0.009191673425250069,0.4712,0.14481538801680302,0.8,0.5,weak,1.0,3.8286,3.8067,0.022,steady,17:36:52,2026-06-22 17:36:52
SMPL,12.1,12.63,-0.042,2.1004,1964160,2,0.7795,0.452,0.0358,68.4,yf_premarket,0.2183958242352403,0.7795,0.07627680742869776,0.4,1.5,neutral,0.0,3.8247,,,new,17:36:52,2026-06-22 17:36:52
CFG,68.115,67.08,0.0154,1.6354,4821790,3,0.6764,1.4135,0.0211,67.5,yf_premarket,0.17004595836712624,0.6764,0.04377625469820916,0.6,1.5,neutral,0.06150159744408946,3.822,3.8327,-0.011,steady,17:36:52,2026-06-22 17:36:52
BWB,19.91,19.74,0.0086,1.7184,207520,3,0.681,0.4985,0.0253,60.4,yf_premarket,0.17867614947906918,0.681,0.053062126906920186,0.6,1.5,neutral,0.03434504792332268,3.8081,3.794,0.014,steady,17:36:52,2026-06-22 17:36:52
CRCT,4.355,4.46,-0.0235,1.6113,444620,3,0.7113,0.1375,0.0308,64.5,yf_premarket,0.16754008359847775,0.7113,0.06522219765642273,0.6,1.5,neutral,0.0,3.8065,3.7967,0.01,steady,17:36:52,2026-06-22 17:36:52
FIP,4.735,4.81,-0.0156,1.2195,929020,3,0.7129,0.3387,0.0704,57.3,yf_premarket,0.12680142242186038,0.7129,0.15277470705284107,0.6,1.5,neutral,0.0,3.7924,3.7693,0.023,steady,17:36:52,2026-06-22 17:36:52
AMTB,23.75,23.6,0.0064,1.657,279300,3,0.6806,0.619,0.0262,58.1,yf_premarket,0.17229188762035477,0.6806,0.0550519566659297,0.6,1.5,neutral,0.025559105431309903,3.7855,3.7843,0.001,steady,17:36:52,2026-06-22 17:36:52
CNOB,32.72,32.45,0.0083,0.8354,481680,3,0.7403,0.723,0.0223,68.1,yf_premarket,0.0868633934327365,0.7403,0.04642936104355517,0.6,1.5,neutral,0.03314696485623003,3.7838,3.7962,-0.012,steady,17:36:52,2026-06-22 17:36:52
DFH,14.76,15.6,-0.0538,2.2155,673830,2,0.7379,0.9001,0.0577,51.3,yf_premarket,0.23036371576517561,0.7379,0.12469599823126244,0.4,1.5,neutral,0.0,3.7837,3.7648,0.019,steady,17:36:52,2026-06-22 17:36:52
CBSH,55.305,54.73,0.0105,1.5817,1537490,3,0.6744,1.006,0.0184,65.7,yf_premarket,0.16446232869590535,0.6744,0.03780676542118064,0.6,1.5,neutral,0.041932907348242815,3.7773,3.7817,-0.004,steady,17:36:52,2026-06-22 17:36:52
EQ,2.915,3.05,-0.0443,0.7902,537340,2,0.8269,0.276,0.0905,54.1,yf_premarket,0.08216357851394349,0.8269,0.19721423833738672,0.4,1.5,neutral,0.0,3.7757,3.7458,0.03,steady,17:36:52,2026-06-22 17:36:52
ASB,29.4,29.2,0.0068,1.7056,2413520,3,0.6724,0.58,0.0199,65.4,yf_premarket,0.17734522844011896,0.6724,0.04112314835286315,0.6,1.5,neutral,0.027156549520766772,3.7721,3.7836,-0.011,steady,17:36:52,2026-06-22 17:36:52
ARHS,7.135,7.26,-0.0172,0.9507,1299030,3,0.7292,0.434,0.0598,58.2,yf_premarket,0.09885208060390542,0.7292,0.12933893433561794,0.6,1.5,neutral,0.0,3.7713,3.7518,0.02,steady,17:36:52,2026-06-22 17:36:52
CNA,45.71,44.52,0.0267,3.201,684910,2,0.5943,0.802,0.018,68.7,yf_premarket,0.332834237943727,0.5943,0.03692239663939863,0.4,1.5,neutral,0.106629392971246,3.7663,3.7693,-0.003,steady,17:36:52,2026-06-22 17:36:52
ACIC,10.6899,10.5,0.0181,1.2273,267900,3,0.6721,0.202,0.0192,51.5,yf_premarket,0.12761245242997069,0.6721,0.03957550298474464,0.6,1.5,neutral,0.07228434504792333,3.7638,3.7803,-0.017,steady,17:36:52,2026-06-22 17:36:52
CART,44.57,44.55,0.0004,2.092,4651350,3,0.6436,1.9512,0.0438,64.7,yf_premarket,0.2175224073034292,0.6436,0.09396418306433782,0.6,1.5,neutral,0.001597444089456869,3.7629,3.7614,0.002,steady,17:36:52,2026-06-22 17:36:52
BFAM,64.57,64.32,0.0039,1.7768,1110000,2,0.7567,2.411,0.0375,53.5,yf_premarket,0.18474847671927963,0.7567,0.08003537475127127,0.4,1.5,neutral,0.015575079872204472,3.7539,3.7471,0.007,steady,17:36:52,2026-06-22 17:36:52
BHF,63.145,63.25,-0.0017,1.8489,507700,2,0.7761,0.584,0.0092,62.6,yf_premarket,0.1922453053839915,0.7761,0.017466283440194564,0.4,1.5,neutral,0.0,3.7493,3.7467,0.003,steady,17:36:52,2026-06-22 17:36:52
ES,70.06,69.59,0.0068,1.8455,3296790,4,0.5472,1.623,0.0233,54.8,yf_premarket,0.19189177948302036,0.5472,0.048640282998010174,0.8,1.5,neutral,0.027156549520766772,3.7473,3.7436,0.004,steady,17:36:52,2026-06-22 17:36:52
EGAN,7.145,7.51,-0.0486,1.5889,290710,2,0.7759,0.328,0.0437,51.9,yf_premarket,0.16521097178031485,0.7759,0.09374309086889233,0.4,1.5,neutral,0.0,3.7465,3.7323,0.014,steady,17:36:52,2026-06-22 17:36:52
UA,5.705,5.87,-0.0281,1.3179,2582316,2,0.7919,0.265,0.0451,53.6,yf_premarket,0.13703287790879032,0.7919,0.09683838160512934,0.4,1.5,neutral,0.0,3.7378,3.7231,0.015,steady,17:36:52,2026-06-22 17:36:52
LINC,48.95,48.43,0.0107,1.2365,537810,3,0.6595,2.645,0.0546,56.3,yf_premarket,0.12856905192671617,0.6595,0.11784214017245191,0.6,1.5,neutral,0.04273162939297124,3.7349,,,new,17:36:52,2026-06-22 17:36:52
CTS,66.55,67.0,-0.0067,1.7128,362270,2,0.758,2.738,0.0409,56.3,yf_premarket,0.17809387152452846,0.758,0.0875525093964183,0.4,1.5,neutral,0.0,3.7269,3.7137,0.013,steady,17:36:52,2026-06-22 17:36:52
BSAC,33.08,32.64,0.0135,1.0324,444870,3,0.6771,0.88,0.027,54.8,yf_premarket,0.10734710004782998,0.6771,0.0568206942294937,0.6,1.5,neutral,0.05391373801916933,3.7245,3.7092,0.015,steady,17:36:52,2026-06-22 17:36:52
FRPT,52.2,55.01,-0.0511,1.2252,1333500,3,0.6907,2.5996,0.0473,61.3,yf_premarket,0.1273940981970179,0.6907,0.10170240990493036,0.6,1.5,neutral,0.0,3.7233,3.708,0.015,steady,17:36:52,2026-06-22 17:36:52
DHC,8.795,8.86,-0.0073,1.5268,2206610,2,0.7677,0.401,0.0453,61.3,yf_premarket,0.15875392517728285,0.7677,0.09728056599602034,0.4,1.5,neutral,0.0,3.7222,3.7075,0.015,steady,17:36:52,2026-06-22 17:36:52
CGBD,10.765,10.95,-0.0169,1.8209,504080,3,0.6546,0.2228,0.0203,53.6,yf_premarket,0.18933391561128787,0.6546,0.04200751713464515,0.6,1.5,neutral,0.0,3.7142,3.7079,0.006,steady,17:36:52,2026-06-22 17:36:52
FCX,69.335,68.68,0.0095,1.2065,14888830,3,0.6588,3.166,0.0461,55.5,yf_premarket,0.12544970574167655,0.6588,0.09904930355958436,0.6,1.5,neutral,0.03793929712460064,3.7122,3.7032,0.009,steady,17:36:52,2026-06-22 17:36:52
FBP,25.655,25.2,0.0181,1.8687,1856930,3,0.5951,0.436,0.0173,66.3,yf_premarket,0.19430407386611767,0.5951,0.035374751271280126,0.6,1.5,neutral,0.07228434504792333,3.7078,3.7086,-0.001,steady,17:36:52,2026-06-22 17:36:52
CNP,43.335,42.82,0.012,1.4629,4908050,4,0.5417,0.819,0.0191,54.4,yf_premarket,0.15210971780314847,0.5417,0.03935441078929914,0.8,1.5,neutral,0.04792332268370607,3.7031,3.6955,0.008,steady,17:36:52,2026-06-22 17:36:52
BZUN,2.745,2.79,-0.0161,0.6186,261700,3,0.7321,0.1016,0.0364,66.7,yf_premarket,0.06432091833551688,0.7321,0.07760336060137077,0.6,1.5,neutral,0.0,3.6995,3.6877,0.012,steady,17:36:52,2026-06-22 17:36:52
ESNT,58.8,58.45,0.006,2.6831,1078370,2,0.6609,1.219,0.0209,54.6,yf_premarket,0.27898392496932645,0.6609,0.04333407030731815,0.4,1.5,neutral,0.023961661341853034,3.6979,3.7099,-0.012,steady,17:36:52,2026-06-22 17:36:52
FVCB,16.77,16.63,0.0084,1.148,329520,3,0.6739,0.2983,0.0179,65.0,yf_premarket,0.11936698068084929,0.6739,0.03670130444395313,0.6,1.5,neutral,0.03354632587859425,3.6955,3.6868,0.009,steady,17:36:52,2026-06-22 17:36:52
ST,51.4,50.63,0.0152,1.0283,2042250,3,0.648,2.252,0.0445,53.3,yf_premarket,0.10692078940254122,0.648,0.09551182843245633,0.6,1.5,neutral,0.06070287539936102,3.6952,,,new,17:36:52,2026-06-22 17:36:52
ELAN,24.23,24.22,0.0004,1.8049,5675710,3,0.632,1.028,0.0424,52.3,yf_premarket,0.1876702643126001,0.632,0.09086889232810082,0.6,1.5,neutral,0.001597444089456869,3.6933,3.6839,0.009,steady,17:36:52,2026-06-22 17:36:52
FBNC,60.95,60.76,0.0031,3.0699,252970,3,0.5317,1.491,0.0245,57.9,yf_premarket,0.3192026951151039,0.5317,0.051293389343356185,0.6,1.5,neutral,0.012380191693290734,3.6864,3.6775,0.009,steady,17:36:52,2026-06-22 17:36:52
GSHD,38.045,36.88,0.0316,2.4945,519470,2,0.5698,2.2338,0.0606,55.7,yf_premarket,0.259373635286044,0.5698,0.13110767189918196,0.4,1.5,neutral,0.12619808306709265,3.6835,3.8036,-0.12,steady,17:36:52,2026-06-22 17:36:52
CYH,3.01,3.02,-0.0033,1.4262,1364000,3,0.6596,0.107,0.0354,68.7,yf_premarket,0.1482937176367833,0.6596,0.07539243864691576,0.6,1.5,neutral,0.0,3.6793,3.6679,0.011,steady,17:36:52,2026-06-22 17:36:52
FTV,61.99,61.03,0.0157,1.7268,3254250,4,0.4925,1.6287,0.0267,62.7,yf_premarket,0.17954956641088027,0.4925,0.0561574176431572,0.8,1.5,neutral,0.0626996805111821,3.6765,3.6604,0.016,steady,17:36:52,2026-06-22 17:36:52
WSFS,74.94,74.14,0.0108,2.1923,504350,3,0.5728,1.402,0.0189,61.0,yf_premarket,0.2279514213820783,0.5728,0.03891222639840814,0.6,1.5,neutral,0.04313099041533546,3.6717,,,new,17:36:52,2026-06-22 17:36:52
ACT,42.535,42.39,0.0034,2.8351,330960,2,0.6377,0.826,0.0195,54.3,yf_premarket,0.2947886123068605,0.6377,0.04023877957108114,0.4,1.5,neutral,0.013578274760383386,3.6581,3.667,-0.009,steady,17:36:52,2026-06-22 17:36:52
HAYW,14.83,15.0,-0.0113,1.1674,2446460,2,0.7687,0.4925,0.0328,63.4,yf_premarket,0.12138415788050824,0.7687,0.06964404156533274,0.4,1.5,neutral,0.0,3.6543,3.6438,0.01,steady,17:36:52,2026-06-22 17:36:52
CURB,30.51,29.86,0.0218,1.5816,1078650,3,0.5753,0.7351,0.0246,60.0,yf_premarket,0.16445193087528853,0.5753,0.051514481538801685,0.6,1.5,neutral,0.08706070287539935,3.6536,3.6563,-0.003,steady,17:36:52,2026-06-22 17:36:52
GO,9.27,9.26,0.0011,2.3066,3078240,3,0.5634,0.464,0.0501,62.4,yf_premarket,0.23983613034707926,0.5634,0.10789299137740438,0.6,1.5,neutral,0.00439297124600639,3.6471,3.6573,-0.01,steady,17:36:52,2026-06-22 17:36:52
AEG,8.545,8.42,0.0148,1.0074,6335450,3,0.6414,0.1188,0.0141,59.8,yf_premarket,0.10474764489363031,0.6414,0.028299801017024097,0.6,1.5,neutral,0.05910543130990415,3.6427,3.6565,-0.014,steady,17:36:52,2026-06-22 17:36:52
SMA,32.73,32.68,0.0015,1.2416,677120,2,0.756,0.8015,0.0245,63.2,yf_premarket,0.1290993407781729,0.756,0.051293389343356185,0.4,1.5,neutral,0.0059904153354632585,3.6403,3.6443,-0.004,steady,17:36:52,2026-06-22 17:36:52
FLO,7.55,7.78,-0.0296,1.9974,6989560,2,0.6897,0.3365,0.0433,56.7,yf_premarket,0.20768606899993763,0.6897,0.09285872208711032,0.4,1.5,neutral,0.0,3.6374,3.6233,0.014,steady,17:36:52,2026-06-22 17:36:52
CHNR,4.07,4.3,-0.0535,0.62,388070,4,0.5556,0.485,0.1128,54.0,yf_premarket,0.06446648782415206,0.5556,0.24651779792173337,0.8,1.5,neutral,0.0,3.6312,3.5939,0.037,steady,17:36:52,2026-06-22 17:36:52
AIN,71.35,71.08,0.0038,1.4318,311910,2,0.7226,2.612,0.0367,69.7,yf_premarket,0.14887599559132406,0.7226,0.07826663718770728,0.4,1.5,neutral,0.015175718849840255,3.6304,3.6099,0.02,steady,17:36:52,2026-06-22 17:36:52
HOG,24.9496,25.67,-0.0281,1.9845,2526560,2,0.6905,0.9555,0.0372,63.8,yf_premarket,0.20634475014037057,0.6905,0.07937209816493476,0.4,1.5,neutral,0.0,3.6302,3.6182,0.012,steady,17:36:52,2026-06-22 17:36:52
FULT,23.08,22.9,0.0079,1.7371,2379780,3,0.5892,0.627,0.0274,63.2,yf_premarket,0.18062054193441054,0.5892,0.05770506301127571,0.6,1.5,neutral,0.03154952076677316,3.6255,3.6335,-0.008,steady,17:36:52,2026-06-22 17:36:52
ATHM,18.43,18.09,0.0188,1.1042,866110,2,0.6948,0.827,0.0457,54.7,yf_premarket,0.11481273525069147,0.6948,0.09816493477780233,0.4,1.5,neutral,0.07507987220447285,3.6235,3.6174,0.006,steady,17:36:52,2026-06-22 17:36:52
CFFN,8.205,8.08,0.0155,2.3663,828960,3,0.52,0.145,0.0179,60.1,yf_premarket,0.24604362925530807,0.52,0.03670130444395313,0.6,1.5,neutral,0.06190095846645367,3.6203,3.6224,-0.002,steady,17:36:52,2026-06-22 17:36:52
CCNE,32.16,32.16,0.0,2.5547,202330,2,0.6431,0.853,0.0265,63.7,yf_premarket,0.2656331232973569,0.6431,0.0557152332522662,0.4,1.5,neutral,0.0,3.6125,3.6148,-0.002,steady,17:36:52,2026-06-22 17:36:52
ELMT,19.085,19.44,-0.0183,1.7231,666810,4,0.4661,1.984,0.1021,60.8,yf_premarket,0.17916484704805874,0.4661,0.2228609330090648,0.8,1.5,neutral,0.0,3.6124,3.5787,0.034,steady,17:36:52,2026-06-22 17:36:52
INSP,41.85,42.61,-0.0178,1.635,848010,3,0.6,2.1188,0.0497,57.1,yf_premarket,0.17000436708465905,0.6,0.10700862259562238,0.6,1.5,neutral,0.0,3.6085,,,new,17:36:52,2026-06-22 17:36:52
BCAT,15.8,15.86,-0.0038,0.4953,744990,2,0.8033,0.2648,0.0167,55.6,yf_premarket,0.05150040551500406,0.8033,0.034048198098607124,0.4,1.5,neutral,0.0,3.6009,3.5957,0.005,steady,17:36:52,2026-06-22 17:36:52
CAPR,29.44,28.38,0.0374,2.6079,1187040,4,0.8074,1.403,0.0494,42.7,yf_premarket,0.27116476386549376,0.8074,0.10634534600928587,0.8,0.5,weak,0.14936102236421725,3.5988,3.5895,0.009,steady,17:36:52,2026-06-22 17:36:52
CPNG,17.43,18.0,-0.0317,0.7714,39203230,3,0.6574,1.0599,0.0589,57.9,yf_premarket,0.08020878823798532,0.6574,0.12734910457660845,0.6,1.5,neutral,0.0,3.5988,3.5795,0.019,steady,17:36:52,2026-06-22 17:36:52
HG,31.765,31.38,0.0123,1.3874,463040,2,0.6882,0.7445,0.0237,66.0,yf_premarket,0.14425936323746544,0.6882,0.04952465177979218,0.4,1.5,neutral,0.04912140575079872,3.5912,3.596,-0.005,steady,17:36:52,2026-06-22 17:36:52
ABUS,4.645,4.55,0.0209,2.9513,1709670,4,0.8305,0.148,0.0325,49.6,yf_premarket,0.3068708798635806,0.8305,0.06898076497899625,0.8,0.5,weak,0.0834664536741214,3.581,3.6246,-0.044,steady,17:36:52,2026-06-22 17:36:52
HAFC,31.45,31.21,0.0077,2.4452,257520,3,0.5125,0.62,0.0199,58.6,yf_premarket,0.25424750972196225,0.5125,0.04112314835286315,0.6,1.5,neutral,0.03075079872204473,3.5731,3.573,0.0,steady,17:36:52,2026-06-22 17:36:52
BCAL,19.59,19.74,-0.0076,1.8682,219840,2,0.679,0.411,0.0208,62.6,yf_premarket,0.19425208476303368,0.679,0.04311297811187265,0.4,1.5,neutral,0.0,3.5709,3.5644,0.006,steady,17:36:52,2026-06-22 17:36:52
CING,4.89,4.99,-0.02,1.3017,389100,2,0.6837,0.4177,0.0837,61.0,yf_premarket,0.13534843096886892,0.6837,0.18217996904709266,0.4,1.5,neutral,0.0,3.5615,3.534,0.028,steady,17:36:52,2026-06-22 17:36:52
CGON,64.805,61.08,0.061,2.2149,1019900,4,0.7502,2.8498,0.0467,47.3,yf_premarket,0.23030132884147483,0.7502,0.10037585673225735,0.8,0.5,weak,0.2436102236421725,3.5615,3.4882,0.073,steady,17:36:52,2026-06-22 17:36:52
FIBK,36.67,36.43,0.0066,2.3064,1052180,3,0.5181,0.817,0.0224,55.3,yf_premarket,0.23981533470584565,0.5181,0.04665045323900067,0.6,1.5,neutral,0.026357827476038338,3.5588,3.5678,-0.009,steady,17:36:52,2026-06-22 17:36:52
BCH,40.46,40.21,0.0062,0.687,402170,2,0.7337,1.253,0.0312,63.3,yf_premarket,0.0714330276374072,0.7337,0.06610656643820473,0.4,1.5,neutral,0.02476038338658147,3.5447,3.5274,0.017,steady,17:36:52,2026-06-22 17:36:52
FCF,19.655,19.53,0.0064,1.7173,768880,3,0.5593,0.361,0.0185,59.9,yf_premarket,0.1785617734522844,0.5593,0.03802785761662614,0.6,1.5,neutral,0.025559105431309903,3.5438,3.5531,-0.009,steady,17:36:52,2026-06-22 17:36:52
ASPN,6.375,6.32,0.0087,1.5876,1386670,4,0.9362,0.4038,0.0639,48.6,yf_premarket,0.16507580011229644,0.9362,0.1384037143488835,0.8,0.5,weak,0.034744408945686894,3.5413,3.584,-0.043,steady,17:36:52,2026-06-22 17:36:52
CCO,2.415,2.41,0.0021,0.4905,10920670,3,0.6667,0.015,0.0062,50.0,yf_premarket,0.051001310125397714,0.6667,0.010833517576829538,0.6,1.5,neutral,0.008386581469648562,3.5279,3.5255,0.002,steady,17:36:52,2026-06-22 17:36:52
GLND,2.9924,3.07,-0.0253,2.7435,1181140,3,0.9455,0.286,0.0932,48.3,yf_premarket,0.28526420862187285,0.9455,0.20318372761441525,0.6,0.5,weak,0.0,3.5205,3.4898,0.031,steady,17:36:52,2026-06-22 17:36:52
FHN,24.88,24.81,0.0028,1.326,5246570,3,0.5889,0.4555,0.0184,59.0,yf_premarket,0.13787510137875103,0.5889,0.03780676542118064,0.6,1.5,neutral,0.011182108626198083,3.5203,3.5354,-0.015,steady,17:36:52,2026-06-22 17:36:52
CCCC,4.23,4.15,0.0193,1.5789,2170440,4,0.882,0.348,0.0839,44.4,yf_premarket,0.16417118971863498,0.882,0.18262215343798366,0.8,0.5,weak,0.07707667731629393,3.5172,3.5768,-0.06,steady,17:36:52,2026-06-22 17:36:52
FFBC,31.91,31.61,0.0095,1.8904,911640,3,0.5205,0.621,0.0196,59.9,yf_premarket,0.196560400939963,0.5205,0.04045987176652664,0.6,1.5,neutral,0.03793929712460064,3.513,3.523,-0.01,steady,17:36:52,2026-06-22 17:36:52
EVMN,22.56,21.36,0.0562,1.3225,502840,3,0.8932,1.359,0.0636,40.6,yf_premarket,0.13751117765716306,0.8932,0.137740437762547,0.6,0.5,weak,0.2244408945686901,3.4982,3.4312,0.067,steady,17:36:52,2026-06-22 17:36:52
BZH,26.875,27.05,-0.0065,1.7195,521430,2,0.6364,1.14,0.0421,62.8,yf_premarket,0.17879052550585398,0.6364,0.0902056157417643,0.4,1.5,neutral,0.0,3.4861,3.4724,0.014,steady,17:36:52,2026-06-22 17:36:52
HBNC,19.31,19.34,-0.0016,1.7921,561680,3,0.5391,0.449,0.0232,61.3,yf_premarket,0.18633934327364984,0.5391,0.04841919080256467,0.6,1.5,neutral,0.0,3.4819,3.4819,0.0,steady,17:36:52,2026-06-22 17:36:52
ACRS,4.86,4.5,0.08,2.9119,1484520,3,0.6805,0.2595,0.0577,48.8,yf_premarket,0.3027741385405619,0.6805,0.12469599823126244,0.6,0.5,weak,0.3194888178913738,3.4567,3.4081,0.049,steady,17:36:52,2026-06-22 17:36:52
DCTH,11.54,11.69,-0.0128,0.8657,673120,2,0.681,0.6318,0.054,61.0,yf_premarket,0.09001393307962652,0.681,0.1165155869997789,0.4,1.5,neutral,0.0,3.4553,3.4377,0.018,steady,17:36:52,2026-06-22 17:36:52
ALM,18.97,18.81,0.0085,1.1019,7212200,4,0.9195,1.399,0.0744,46.8,yf_premarket,0.1145735853765051,0.9195,0.16161839487066107,0.8,0.5,weak,0.03394568690095847,3.4426,3.4537,-0.011,steady,17:36:52,2026-06-22 17:36:52
FNB,18.3635,18.23,0.0073,1.3727,4632340,3,0.5312,0.367,0.0201,63.5,yf_premarket,0.14273088360679603,0.5312,0.04156533274375415,0.6,1.5,neutral,0.02915335463258786,3.441,3.4539,-0.013,steady,17:36:52,2026-06-22 17:36:52
ARXS,44.73,43.61,0.0257,4.4195,1172150,2,0.8163,2.48,0.0569,45.5,yf_premarket,0.4595316821594194,0.8163,0.12292726066769843,0.4,0.5,weak,0.10263578274760383,3.4373,3.3148,0.123,steady,17:36:52,2026-06-22 17:36:52
CWH,7.425,7.76,-0.0432,1.3219,2224600,2,0.6217,0.5981,0.0771,54.9,yf_premarket,0.13744879073346228,0.6217,0.1675878841476896,0.4,1.5,neutral,0.0,3.4334,3.408,0.025,steady,17:36:52,2026-06-22 17:36:52
XFOR,4.195,4.22,-0.0059,1.7505,494880,4,0.9032,0.207,0.0491,47.0,yf_premarket,0.18201384989706157,0.9032,0.10568206942294936,0.8,0.5,weak,0.0,3.4323,,,new,17:36:52,2026-06-22 17:36:52
CSTL,21.08,21.12,-0.0019,2.4195,300310,1,0.6571,0.795,0.0376,50.3,yf_premarket,0.251575269823445,0.6571,0.08025646694671679,0.2,1.5,neutral,0.0,3.4317,3.4196,0.012,steady,17:36:52,2026-06-22 17:36:52
EXC,46.095,45.81,0.0062,1.6866,8165110,3,0.5021,0.952,0.0208,54.4,yf_premarket,0.1753696425229272,0.5021,0.04311297811187265,0.6,1.5,neutral,0.02476038338658147,3.426,3.4244,0.002,steady,17:36:52,2026-06-22 17:36:52
FWRG,11.61,11.81,-0.0169,0.7855,1142590,2,0.6667,0.6865,0.0581,51.7,yf_premarket,0.08167488094495394,0.6667,0.12558036701304442,0.4,1.5,neutral,0.0,3.4187,3.3997,0.019,steady,17:36:52,2026-06-22 17:36:52
AUB,39.61,39.16,0.0115,2.1466,1079190,3,0.4455,0.864,0.0221,58.5,yf_premarket,0.22319961736020127,0.4455,0.04598717665266417,0.6,1.5,neutral,0.045926517571884984,3.4177,3.4048,0.013,steady,17:36:52,2026-06-22 17:36:52
CTO,20.515,20.6,-0.0041,1.5175,321130,2,0.6265,0.3612,0.0175,57.1,yf_premarket,0.15778692785992057,0.6265,0.03581693566217113,0.4,1.5,neutral,0.0,3.4076,3.4022,0.005,steady,17:36:52,2026-06-22 17:36:52
AMN,30.4,30.98,-0.0187,1.0562,1125690,4,0.4416,1.711,0.0552,60.7,yf_premarket,0.10982178135462807,0.4416,0.11916869334512492,0.8,1.5,neutral,0.0,3.4075,3.3895,0.018,steady,17:36:52,2026-06-22 17:36:52
EVTC,25.28,25.72,-0.0171,1.7156,904600,2,0.5853,1.267,0.0493,56.0,yf_premarket,0.17838501050179884,0.5853,0.10612425381384036,0.4,1.5,neutral,0.0,3.3912,3.3752,0.016,steady,17:36:52,2026-06-22 17:36:52
AOS,58.14,58.22,-0.0014,2.12,1992700,4,0.3568,1.637,0.0281,56.2,yf_premarket,0.22043379707613286,0.3568,0.05925270837939421,0.8,1.5,neutral,0.0,3.3739,3.3649,0.009,steady,17:36:52,2026-06-22 17:36:52
HOMB,27.785,27.65,0.0049,1.9818,1787540,3,0.4583,0.499,0.018,58.9,yf_premarket,0.20606400898371702,0.4583,0.03692239663939863,0.6,1.5,neutral,0.019568690095846643,3.3735,3.3852,-0.012,steady,17:36:52,2026-06-22 17:36:52
BXP,65.29,64.7,0.0091,1.8982,1773380,2,0.5464,1.845,0.0285,64.9,yf_premarket,0.1973714309480733,0.5464,0.060137077161176215,0.4,1.5,neutral,0.03634185303514377,3.3734,3.361,0.012,steady,17:36:52,2026-06-22 17:36:52
HOPE,12.925,12.84,0.0066,2.4287,1008150,3,0.4156,0.268,0.0209,56.4,yf_premarket,0.2525318693201905,0.4156,0.04333407030731815,0.6,1.5,neutral,0.026357827476038338,3.3712,3.3841,-0.013,steady,17:36:52,2026-06-22 17:36:52
ATEX,73.92,74.53,-0.0082,1.1579,692450,3,0.4894,7.1714,0.0962,64.1,yf_premarket,0.12039636492191236,0.4894,0.20981649347778025,0.6,1.5,neutral,0.0,3.3643,3.3326,0.032,steady,17:36:52,2026-06-22 17:36:52
GLBE,31.63,32.84,-0.0368,0.7689,1872380,2,0.6468,1.3653,0.0416,59.6,yf_premarket,0.07994884272256535,0.6468,0.08910015476453681,0.4,1.5,neutral,0.0,3.3581,3.3446,0.014,steady,17:36:52,2026-06-22 17:36:52
DAKT,20.8,20.76,0.0019,0.9583,398090,2,0.6167,0.941,0.0453,50.6,yf_premarket,0.09964231497078213,0.6167,0.09728056599602034,0.4,1.5,neutral,0.0075878594249201275,3.3429,3.3696,-0.027,steady,17:36:52,2026-06-22 17:36:52
BOOM,6.97,7.03,-0.0085,0.8364,234110,2,0.625,0.321,0.0457,57.5,yf_premarket,0.08696737163890449,0.625,0.09816493477780233,0.4,1.5,neutral,0.0,3.3295,3.3186,0.011,steady,17:36:52,2026-06-22 17:36:52
GT,6.045,6.19,-0.0234,1.1879,9180390,3,0.4957,0.295,0.0477,52.4,yf_premarket,0.12351571110695198,0.4957,0.10258677868671236,0.6,1.5,neutral,0.0,3.328,3.3125,0.015,steady,17:36:52,2026-06-22 17:36:52
FE,46.87,46.45,0.009,1.4517,4778110,4,0.3629,0.953,0.0205,50.4,yf_premarket,0.150945161894067,0.3629,0.042449701525536156,0.8,1.5,neutral,0.03594249201277955,3.3274,3.3277,-0.0,steady,17:36:52,2026-06-22 17:36:52
FSUN,35.83,36.19,-0.0099,2.6769,233740,2,0.4886,0.9845,0.0272,55.4,yf_premarket,0.2783392600910849,0.4886,0.057262878620384705,0.4,1.5,neutral,0.0,3.3233,3.3147,0.009,steady,17:36:52,2026-06-22 17:36:52
BUSE,28.405,28.23,0.0062,1.3924,848050,3,0.4727,0.549,0.0194,60.0,yf_premarket,0.14477925426830537,0.4727,0.040017687375635644,0.6,1.5,neutral,0.02476038338658147,3.3197,3.3282,-0.008,steady,17:36:52,2026-06-22 17:36:52
FDMT,10.27,9.66,0.0631,1.2107,736950,3,0.7818,0.7602,0.0787,47.9,yf_premarket,0.1258864142075821,0.7818,0.17112535927481762,0.6,0.5,weak,0.2519968051118211,3.316,3.2846,0.031,steady,17:36:52,2026-06-22 17:36:52
BW,17.47,17.38,0.0052,1.4202,2563620,5,0.734,1.401,0.0806,44.9,yf_premarket,0.1476698483997754,0.734,0.17532611098828213,1.0,0.5,weak,0.020766773162939296,3.3083,3.3119,-0.004,steady,17:36:52,2026-06-22 17:36:52
FHB,28.195,27.93,0.0095,1.9214,1277360,3,0.4118,0.587,0.021,59.6,yf_premarket,0.1997837253311706,0.4118,0.04355516250276366,0.6,1.5,neutral,0.03793929712460064,3.302,3.3149,-0.013,steady,17:36:52,2026-06-22 17:36:52
DOLE,13.755,14.0,-0.0175,1.5722,973160,2,0.5667,0.3018,0.0216,51.7,yf_premarket,0.16347453573730947,0.5667,0.04488171567543666,0.4,1.5,neutral,0.0,3.3011,3.2943,0.007,steady,17:36:52,2026-06-22 17:36:52
ANDE,71.46,71.22,0.0034,2.0287,348110,2,0.5129,2.406,0.0338,51.9,yf_premarket,0.21094058685299563,0.5129,0.07185496351978775,0.4,1.5,neutral,0.013578274760383386,3.2985,3.2757,0.023,steady,17:36:52,2026-06-22 17:36:52
COLM,65.6,66.46,-0.0129,1.9927,486230,2,0.5247,2.009,0.0302,51.0,yf_premarket,0.20719737143094807,0.5247,0.06389564448374974,0.4,1.5,neutral,0.0,3.2921,3.2825,0.01,steady,17:36:52,2026-06-22 17:36:52
ACIW,43.2771,44.09,-0.0184,1.6456,965290,2,0.5492,1.423,0.0323,51.8,yf_premarket,0.17110653607003973,0.5492,0.06853858058810525,0.4,1.5,neutral,0.0,3.2893,3.279,0.01,steady,17:36:52,2026-06-22 17:36:52
FND,51.74,53.03,-0.0243,1.0869,3001620,1,0.678,3.0637,0.0578,53.9,yf_premarket,0.11301391228398527,0.678,0.12491709042670793,0.2,1.5,neutral,0.0,3.288,3.2691,0.019,steady,17:36:52,2026-06-22 17:36:52
BATRK,50.61,50.38,0.0046,2.5527,584840,2,0.4693,1.1455,0.0227,55.3,yf_premarket,0.26542516688502094,0.4693,0.04731372982533717,0.4,1.5,neutral,0.018370607028753993,3.288,3.3089,-0.021,steady,17:36:52,2026-06-22 17:36:52
ADMA,8.515,8.31,0.0247,2.2268,4006650,2,0.4236,0.3305,0.0398,57.5,yf_premarket,0.23153866949487387,0.4236,0.0851204952465178,0.4,1.5,neutral,0.09864217252396165,3.285,3.263,0.022,steady,17:36:52,2026-06-22 17:36:52
FLNC,25.042,24.8,0.0098,0.8146,12331530,2,0.5232,3.3885,0.1366,60.5,yf_premarket,0.08470064674444236,0.5232,0.2991377404377626,0.4,1.5,neutral,0.039137380191693286,3.2817,3.257,0.025,steady,17:36:52,2026-06-22 17:36:52
ACHC,25.14,24.87,0.0109,1.2777,2407980,2,0.5333,1.138,0.0458,57.7,yf_premarket,0.13285295402083724,0.5333,0.09838602697324784,0.4,1.5,neutral,0.04353035143769968,3.2804,3.2682,0.012,steady,17:36:52,2026-06-22 17:36:52
TOWN,34.94,34.71,0.0066,2.4252,653360,3,0.3704,0.706,0.0203,55.6,yf_premarket,0.2521679455986025,0.3704,0.04200751713464515,0.6,1.5,neutral,0.026357827476038338,3.2796,,,new,17:36:52,2026-06-22 17:36:52
EFSC,63.15,62.11,0.0167,3.1771,271600,2,0.3786,1.3894,0.0224,58.3,yf_premarket,0.3303491588163121,0.3786,0.04665045323900067,0.4,1.5,neutral,0.06669329073482427,3.2761,3.2667,0.009,steady,17:36:52,2026-06-22 17:36:52
HBAN,17.055,16.86,0.0116,1.299,25179000,3,0.4368,0.3705,0.022,58.9,yf_premarket,0.13506768981221534,0.4368,0.045766084457218664,0.6,1.5,neutral,0.0463258785942492,3.2686,3.2753,-0.007,steady,17:36:52,2026-06-22 17:36:52
CLW,15.81,16.79,-0.0584,1.4317,226580,2,0.5437,0.848,0.0505,54.9,yf_premarket,0.14886559777070726,0.5437,0.10877736015918639,0.4,1.5,neutral,0.0,3.2651,3.2486,0.016,steady,17:36:52,2026-06-22 17:36:52
BZ,13.58,13.7,-0.0088,1.7287,3969660,3,0.4151,0.618,0.0451,51.2,yf_premarket,0.17974712500259946,0.4151,0.09683838160512934,0.6,1.5,neutral,0.0,3.2482,3.2336,0.015,steady,17:36:52,2026-06-22 17:36:52
BRO,58.57,59.1,-0.009,1.8743,3064890,3,0.4123,1.542,0.0261,62.4,yf_premarket,0.1948863518206584,0.4123,0.0548308644704842,0.6,1.5,neutral,0.0,3.2443,3.2361,0.008,steady,17:36:52,2026-06-22 17:36:52
FMNB,14.155,14.14,0.0011,2.9715,471850,3,0.3279,0.2478,0.0175,52.6,yf_premarket,0.3089712396281739,0.3279,0.03581693566217113,0.6,1.5,neutral,0.00439297124600639,3.2438,3.2553,-0.012,steady,17:36:52,2026-06-22 17:36:52
HLIT,15.22,15.08,0.0093,1.345,2756860,4,0.8086,0.843,0.0559,49.8,yf_premarket,0.13985068729594277,0.8086,0.12071633871324342,0.8,0.5,weak,0.0371405750798722,3.243,3.2028,0.04,steady,17:36:52,2026-06-22 17:36:52
DNN,3.3201,3.35,-0.0089,1.4927,27125420,4,0.8209,0.188,0.0561,46.3,yf_premarket,0.15520826834695448,0.8209,0.12115852310413441,0.8,0.5,weak,0.0,3.2352,3.2169,0.018,steady,17:36:52,2026-06-22 17:36:52
BHRB,65.68,65.51,0.0026,1.5511,222550,3,0.4205,1.47,0.0224,58.3,yf_premarket,0.16128059558716493,0.4205,0.04665045323900067,0.6,1.5,neutral,0.010383386581469648,3.2218,3.2121,0.01,steady,17:36:52,2026-06-22 17:36:52
WWW,17.22,17.6,-0.0216,1.4288,986980,1,0.6195,0.953,0.0541,50.4,yf_premarket,0.1485640609728201,0.6195,0.11673667919522442,0.2,1.5,neutral,0.0,3.2202,,,new,17:36:52,2026-06-22 17:36:52
EOLS,6.605,6.63,-0.0038,1.3736,802150,3,0.4264,0.3165,0.0477,51.7,yf_premarket,0.1428244639923472,0.4264,0.10258677868671236,0.6,1.5,neutral,0.0,3.2183,3.2073,0.011,steady,17:36:52,2026-06-22 17:36:52
ALMU,23.07,24.19,-0.0463,0.7967,928050,2,0.5301,2.9191,0.1207,56.3,yf_premarket,0.08283943685403539,0.5301,0.26398408136192797,0.4,1.5,neutral,0.0,3.2165,3.1765,0.04,steady,17:36:52,2026-06-22 17:36:52
BVS,8.9,8.71,0.0218,1.907,555950,3,0.3216,0.3195,0.0367,53.0,yf_premarket,0.19828643916235159,0.3216,0.07826663718770728,0.6,1.5,neutral,0.08706070287539935,3.2104,3.1938,0.017,steady,17:36:52,2026-06-22 17:36:52
OSBC,22.07,21.89,0.0082,1.6486,338280,3,0.3858,0.558,0.0255,56.8,yf_premarket,0.17141847068854368,0.3858,0.05350431129781119,0.6,1.5,neutral,0.03274760383386582,3.2046,,,new,17:36:52,2026-06-22 17:36:52
FRME,40.97,40.72,0.0061,2.1063,351750,3,0.3571,0.929,0.0228,55.0,yf_premarket,0.21900929565163144,0.3571,0.04753482202078267,0.6,1.5,neutral,0.024361022364217253,3.203,3.1975,0.006,steady,17:36:52,2026-06-22 17:36:52
ANDG,36.0373,37.17,-0.0305,1.1985,309220,3,0.423,2.305,0.062,50.5,yf_premarket,0.12461788009233264,0.423,0.13420296263541898,0.6,1.5,neutral,0.0,3.2,3.1797,0.02,steady,17:36:52,2026-06-22 17:36:52
GLNG,51.31,49.6,0.0345,1.4031,1164240,3,0.3219,1.204,0.0243,50.8,yf_premarket,0.14589182107430282,0.3219,0.05085120495246518,0.6,1.5,neutral,0.13777955271565495,3.1947,3.1714,0.023,steady,17:36:52,2026-06-22 17:36:52
CRMD,8.775,8.67,0.0121,1.8561,1358710,2,0.4474,0.299,0.0345,56.1,yf_premarket,0.19299394846840104,0.4474,0.07340260888790626,0.4,1.5,neutral,0.048322683706070284,3.1935,3.1453,0.048,steady,17:36:52,2026-06-22 17:36:52
IIPR,59.255,59.6,-0.0058,0.7083,651250,2,0.5707,2.1662,0.0363,55.4,yf_premarket,0.07364776342878533,0.5707,0.07738226840592527,0.4,1.5,neutral,0.0,3.1906,,,new,17:36:52,2026-06-22 17:36:52
DUOT,12.03,13.15,-0.0852,2.2296,609710,3,0.8129,1.303,0.0991,48.2,yf_premarket,0.23182980847214424,0.8129,0.21622816714569976,0.6,0.5,weak,0.0,3.1817,3.149,0.033,steady,17:36:52,2026-06-22 17:36:52
CNS,75.28,74.88,0.0053,2.0882,276500,3,0.3476,1.922,0.0257,66.3,yf_premarket,0.21712729011999085,0.3476,0.053946495688702197,0.6,1.5,neutral,0.021166134185303515,3.1796,3.1807,-0.001,steady,17:36:52,2026-06-22 17:36:52
ASYS,21.8599,22.04,-0.0082,0.5518,521700,2,0.5378,2.367,0.1074,52.3,yf_premarket,0.05737517416349533,0.5378,0.23457881936767633,0.4,1.5,neutral,0.0,3.179,3.1637,0.015,steady,17:36:52,2026-06-22 17:36:52
AEO,17.72,17.81,-0.0051,1.1498,5396930,2,0.5196,0.952,0.0535,66.4,yf_premarket,0.11955414145195166,0.5196,0.11541012602255141,0.4,1.5,neutral,0.0,3.1762,3.1588,0.017,steady,17:36:52,2026-06-22 17:36:52
EYE,16.95,16.78,0.0101,1.7636,2882590,2,0.4353,1.0275,0.0612,50.2,yf_premarket,0.18337596439786222,0.4353,0.13243422507185496,0.4,1.5,neutral,0.04033546325878594,3.1724,3.1385,0.034,steady,17:36:52,2026-06-22 17:36:52
ESPR,3.155,3.15,0.0016,1.6593,10544440,2,0.5,0.015,0.0048,60.0,yf_premarket,0.17253103749454116,0.5,0.007738226840592527,0.4,1.5,neutral,0.006389776357827476,3.1723,3.1705,0.002,steady,17:36:52,2026-06-22 17:36:52
ANY,3.18,3.43,-0.0729,1.044,780630,3,0.3555,0.6092,0.1776,58.0,yf_premarket,0.10855324723937863,0.3555,0.3897855405704179,0.6,1.5,neutral,0.0,3.1687,3.1098,0.059,steady,17:36:52,2026-06-22 17:36:52
AMBO,2.16,2.35,-0.0809,9.6174,527230,1,0.4242,0.2504,0.1066,48.8,yf_premarket,1.0,0.4242,0.23281008180411233,0.2,0.5,weak,0.0,3.1648,3.1296,0.035,steady,17:36:52,2026-06-22 17:36:52
GIII,34.46,34.77,-0.0089,0.9997,896400,2,0.5294,1.562,0.0449,63.1,yf_premarket,0.1039470127061368,0.5294,0.09639619721423834,0.4,1.5,neutral,0.0,3.1629,3.1483,0.015,steady,17:36:52,2026-06-22 17:36:52
FBRX,18.19,17.85,0.019,0.9469,241520,4,0.7647,1.173,0.0657,42.5,yf_premarket,0.09845696342046707,0.7647,0.1423833738669025,0.8,0.5,weak,0.07587859424920128,3.1621,3.0835,0.079,steady,17:36:52,2026-06-22 17:36:52
FITB,53.82,52.74,0.0205,1.5008,7917560,3,0.3402,1.236,0.0234,61.2,yf_premarket,0.15605049181691516,0.3402,0.048861375193455674,0.6,1.5,neutral,0.08186900958466453,3.1617,3.1652,-0.003,steady,17:36:52,2026-06-22 17:36:52
AMBA,70.19,69.97,0.0031,1.5543,1352360,3,0.8646,4.588,0.0656,47.7,yf_premarket,0.1616133258469025,0.8646,0.14216228167145703,0.6,0.5,weak,0.012380191693290734,3.1613,3.1397,0.022,steady,17:36:52,2026-06-22 17:36:52
COLB,30.725,30.55,0.0057,1.8056,3323260,2,0.458,0.754,0.0247,57.7,yf_premarket,0.1877430490569177,0.458,0.051735573734247184,0.4,1.5,neutral,0.022763578274760384,3.1576,3.1662,-0.009,steady,17:36:52,2026-06-22 17:36:52
GBCI,48.94,48.43,0.0105,1.5035,1140030,3,0.3648,1.257,0.026,55.3,yf_premarket,0.15633123297356874,0.3648,0.054609772275038694,0.6,1.5,neutral,0.041932907348242815,3.1543,3.1607,-0.006,steady,17:36:52,2026-06-22 17:36:52
BIRK,43.54,46.11,-0.0557,1.3639,2747010,2,0.4934,2.3308,0.0505,52.9,yf_premarket,0.14181587539251772,0.4934,0.10877736015918639,0.4,1.5,neutral,0.0,3.1539,3.1375,0.016,steady,17:36:52,2026-06-22 17:36:52
DLTH,4.04,4.24,-0.0472,0.3996,377630,2,0.5355,0.4629,0.1092,65.7,yf_premarket,0.041549691184727684,0.5355,0.23855847888569537,0.4,1.5,neutral,0.0,3.1526,3.1165,0.036,steady,17:36:52,2026-06-22 17:36:52
AVTR,9.495,9.58,-0.0089,0.8797,9142330,2,0.5294,0.439,0.0458,57.3,yf_premarket,0.09146962796597834,0.5294,0.09838602697324784,0.4,1.5,neutral,0.0,3.1452,3.1303,0.015,steady,17:36:52,2026-06-22 17:36:52
BKU,48.29,47.54,0.0158,2.8289,802860,2,0.3403,1.062,0.0223,56.5,yf_premarket,0.29414394742861893,0.3403,0.04642936104355517,0.4,1.5,neutral,0.06309904153354633,3.1397,3.1397,0.0,steady,17:36:52,2026-06-22 17:36:52
FFIN,33.11,32.78,0.0101,1.9484,1014690,3,0.3277,0.6192,0.0189,52.9,yf_premarket,0.20259113689770622,0.3277,0.03891222639840814,0.6,1.5,neutral,0.04033546325878594,3.1392,3.1442,-0.005,steady,17:36:52,2026-06-22 17:36:52
CLSK,17.32,17.24,0.0046,0.8769,21847920,4,0.7871,1.3236,0.0768,44.6,yf_premarket,0.09117848898870796,0.7871,0.16692460756135308,0.8,0.5,weak,0.018370607028753993,3.122,3.1068,0.015,steady,17:36:52,2026-06-22 17:36:52
FG,27.25,27.49,-0.0087,3.1239,814450,2,0.3464,0.8393,0.0305,50.1,yf_premarket,0.3248175182481752,0.3464,0.06455892107008623,0.4,1.5,neutral,0.0,3.1123,3.1025,0.01,steady,17:36:52,2026-06-22 17:36:52
DNOW,13.695,13.5,0.0144,2.3171,3147570,2,0.3623,0.4618,0.0342,61.4,yf_premarket,0.24092790151184312,0.3623,0.07273933230156976,0.4,1.5,neutral,0.05750798722044728,3.1086,3.1344,-0.026,steady,17:36:52,2026-06-22 17:36:52
ACTU,2.035,2.07,-0.0169,0.4665,215420,4,0.297,0.2634,0.1272,52.9,yf_premarket,0.04850583317736603,0.297,0.2783550740658855,0.8,1.5,neutral,0.0,3.1059,3.0638,0.042,steady,17:36:52,2026-06-22 17:36:52
EIX,72.13,71.89,0.0033,2.1753,2403190,2,0.4103,1.47,0.0204,57.6,yf_premarket,0.22618379187722254,0.4103,0.042228609330090656,0.4,1.5,neutral,0.013178913738019169,3.1008,3.0948,0.006,steady,17:36:52,2026-06-22 17:36:52
FIHL,22.94,22.94,0.0,1.1777,382430,1,0.5949,0.5814,0.0253,65.1,prev_close,0.1224551334040385,0.5949,0.053062126906920186,0.2,1.5,neutral,0.0,3.1,3.092,0.008,steady,17:36:52,2026-06-22 17:36:52
BFST,29.01,28.77,0.0083,2.5595,277980,2,0.3636,0.5575,0.0194,54.1,yf_premarket,0.2661322186869632,0.3636,0.040017687375635644,0.4,1.5,neutral,0.03314696485623003,3.0961,3.0892,0.007,steady,17:36:52,2026-06-22 17:36:52
APG,42.745,42.54,0.0048,1.3741,3187170,2,0.4506,1.4043,0.033,56.9,yf_premarket,0.1428764530954312,0.4506,0.07008622595622374,0.4,1.5,neutral,0.019169329073482424,3.0793,3.0664,0.013,steady,17:36:52,2026-06-22 17:36:52
AIG,76.19,74.02,0.0293,1.3674,4284190,2,0.3827,1.3843,0.0187,51.3,yf_premarket,0.1421797991141057,0.3827,0.03847004200751714,0.4,1.5,neutral,0.11701277955271565,3.0734,3.1011,-0.028,steady,17:36:52,2026-06-22 17:36:52
FAST,46.635,45.89,0.0162,1.5903,6834660,2,0.3981,1.019,0.0222,59.5,yf_premarket,0.16535654126895002,0.3981,0.04620826884810967,0.4,1.5,neutral,0.06469648562300319,3.0644,3.0547,0.01,steady,17:36:52,2026-06-22 17:36:52
FLL,2.73,2.88,-0.0521,0.4415,318220,2,0.5,0.234,0.0812,60.2,yf_premarket,0.04590637802316634,0.5,0.17665266416095513,0.4,1.5,neutral,0.0,3.0572,3.0305,0.027,steady,17:36:52,2026-06-22 17:36:52
ATPC,3.56,3.88,-0.0825,9.2515,7831130,1,0.3654,0.6295,0.1622,42.2,yf_premarket,0.9619543743631335,0.3654,0.35573734247181077,0.2,0.5,weak,0.0,3.0516,2.9978,0.054,steady,17:36:52,2026-06-22 17:36:52
GHRS,23.015,22.24,0.0348,2.1276,255970,3,0.665,1.6457,0.074,41.3,yf_premarket,0.22122403144300956,0.665,0.16073402608887907,0.6,0.5,weak,0.13897763578274758,3.0507,2.823,0.228,steady,17:36:52,2026-06-22 17:36:52
EGBN,27.62,27.6,0.0007,1.7357,284850,3,0.3186,0.834,0.0302,52.5,yf_premarket,0.18047497244577537,0.3186,0.06389564448374974,0.6,1.5,neutral,0.0027955271565495207,3.0441,3.0403,0.004,steady,17:36:52,2026-06-22 17:36:52
DV,10.045,10.33,-0.0276,1.5448,2618210,2,0.4286,0.4015,0.0389,60.3,yf_premarket,0.1606255328883066,0.4286,0.08313066548750828,0.4,1.5,neutral,0.0,3.0397,3.0271,0.013,steady,17:36:52,2026-06-22 17:36:52
BRCB,7.31,7.72,-0.0531,1.0019,614420,3,0.8519,0.5395,0.0699,43.2,yf_premarket,0.10417576475970637,0.8519,0.15166924607561355,0.6,0.5,weak,0.0,3.0359,3.013,0.023,steady,17:36:52,2026-06-22 17:36:52
SNDX,19.39,19.0,0.0205,1.9473,2051460,4,0.6307,0.788,0.0415,44.1,yf_premarket,0.20247676087092145,0.6307,0.08887906256909131,0.8,0.5,weak,0.08186900958466453,3.0324,,,new,17:36:52,2026-06-22 17:36:52
HPE,48.41,47.41,0.0211,1.6889,31581820,2,0.3378,2.913,0.0614,57.5,yf_premarket,0.17560879239711358,0.3378,0.13287640946274598,0.4,1.5,neutral,0.08426517571884984,3.0318,2.996,0.036,steady,17:36:52,2026-06-22 17:36:52
AAT,24.32,24.05,0.0112,1.9686,477590,2,0.3651,0.467,0.0194,66.9,yf_premarket,0.20469149666229958,0.3651,0.040017687375635644,0.4,1.5,neutral,0.04472843450479233,3.0243,3.0304,-0.006,steady,17:36:52,2026-06-22 17:36:52
CMPS,12.7,12.53,0.0136,1.2447,2912540,3,0.7822,0.8829,0.0705,46.6,yf_premarket,0.12942167321729364,0.7822,0.15299579924828655,0.6,0.5,weak,0.054313099041533544,3.0165,3.004,0.013,steady,17:36:52,2026-06-22 17:36:52
CMCO,14.45,14.69,-0.0163,1.1162,1014110,4,0.7278,1.053,0.0717,43.4,yf_premarket,0.1160604737247073,0.7278,0.15564890559363256,0.8,0.5,weak,0.0,3.0075,2.984,0.023,steady,17:36:52,2026-06-22 17:36:52
ACVA,6.365,6.48,-0.0177,1.6726,2657450,2,0.891,0.3765,0.0581,48.5,yf_premarket,0.1739139476365754,0.891,0.12558036701304442,0.4,0.5,weak,0.0,3.0057,2.9867,0.019,steady,17:36:52,2026-06-22 17:36:52
ARLO,12.945,13.06,-0.0088,2.1339,1153490,4,0.6642,0.526,0.0403,46.5,yf_premarket,0.22187909414186788,0.6642,0.0862259562237453,0.8,0.5,weak,0.0,3.0043,2.9913,0.013,steady,17:36:52,2026-06-22 17:36:52
NESR,24.87,24.54,0.0134,2.7386,2322050,2,0.264,1.4749,0.0601,50.8,yf_premarket,0.2847547154116497,0.264,0.13000221092195446,0.4,1.5,neutral,0.05351437699680511,3.0004,2.9729,0.027,steady,17:36:52,2026-06-22 17:36:52
BNL,20.745,20.58,0.008,2.078,1793870,3,0.252,0.4214,0.0205,55.5,yf_premarket,0.21606671241707737,0.252,0.042449701525536156,0.6,1.5,neutral,0.03194888178913738,2.9972,2.985,0.012,steady,17:36:52,2026-06-22 17:36:52
FA,16.18,16.07,0.0068,0.7648,2809540,3,0.3444,0.6972,0.0434,50.6,yf_premarket,0.07952253207727661,0.3444,0.09307981428255582,0.6,1.5,neutral,0.027156549520766772,2.9954,3.0158,-0.02,steady,17:36:52,2026-06-22 17:36:52
DARE,2.1,2.17,-0.0323,0.8877,202310,2,0.9412,0.1483,0.0683,47.3,yf_premarket,0.09230145361532223,0.9412,0.14813177094848554,0.4,0.5,weak,0.0,2.9949,2.9725,0.022,steady,17:36:52,2026-06-22 17:36:52
BNED,10.825,11.01,-0.0168,0.7191,361280,2,0.4529,0.6115,0.0555,56.6,yf_premarket,0.07477072805539958,0.4529,0.11983196993146142,0.4,1.5,neutral,0.0,2.9779,2.9598,0.018,steady,17:36:52,2026-06-22 17:36:52
CBAN,20.65,20.56,0.0044,1.0781,294400,2,0.4297,0.466,0.0227,63.5,yf_premarket,0.11209890406970699,0.4297,0.04731372982533717,0.4,1.5,neutral,0.01757188498402556,2.9776,2.9794,-0.002,steady,17:36:52,2026-06-22 17:36:52
FBK,54.02,53.75,0.005,1.5299,384330,3,0.2875,1.1579,0.0215,55.2,yf_premarket,0.1590762576164036,0.2875,0.044660623479991154,0.6,1.5,neutral,0.019968051118210862,2.9659,2.9556,0.01,steady,17:36:52,2026-06-22 17:36:52
GTY,32.86,32.68,0.0055,1.5011,505080,3,0.2865,0.674,0.0206,51.5,yf_premarket,0.1560816852787656,0.2865,0.042670793720981655,0.6,1.5,neutral,0.021964856230031946,2.9614,2.9478,0.014,steady,17:36:52,2026-06-22 17:36:52
FLYW,15.425,15.85,-0.0268,0.9286,2210320,3,0.8373,0.614,0.0387,48.5,yf_premarket,0.0965541622475929,0.8373,0.08268848109661728,0.6,0.5,weak,0.0,2.9608,2.9483,0.012,steady,17:36:52,2026-06-22 17:36:52
CARS,9.92,9.95,-0.003,1.4288,780140,3,0.7966,0.3868,0.0389,44.6,yf_premarket,0.1485640609728201,0.7966,0.08313066548750828,0.6,0.5,weak,0.0,2.9576,2.945,0.013,steady,17:36:52,2026-06-22 17:36:52
FVRR,10.2399,10.38,-0.0135,3.6441,938180,3,0.6202,0.4666,0.045,42.0,yf_premarket,0.37890698109676213,0.6202,0.09661728940968384,0.6,0.5,weak,0.0,2.9571,2.9425,0.015,steady,17:36:52,2026-06-22 17:36:52
AMX,26.35,26.46,-0.0042,0.5769,1221590,2,0.4609,0.755,0.0285,59.3,yf_premarket,0.05998502713831181,0.4609,0.060137077161176215,0.4,1.5,neutral,0.0,2.9418,2.9328,0.009,steady,17:36:52,2026-06-22 17:36:52
CPB,20.625,21.15,-0.0248,3.7968,16367130,2,0.2023,0.833,0.0394,50.5,yf_premarket,0.39478445317861377,0.2023,0.08423612646473579,0.4,1.5,neutral,0.0,2.9389,2.9262,0.013,steady,17:36:52,2026-06-22 17:36:52
FTK,24.085,22.66,0.0629,0.7546,310240,2,0.2328,1.435,0.0633,62.3,yf_premarket,0.07846195437436314,0.2328,0.13707716117621047,0.4,1.5,neutral,0.2511980830670926,2.9286,2.9451,-0.017,steady,17:36:52,2026-06-22 17:36:52
TNXP,11.9901,12.01,-0.0017,0.8988,630930,4,0.6972,0.998,0.0831,47.2,yf_premarket,0.0934556117037869,0.6972,0.18085341587441964,0.8,0.5,weak,0.0,2.925,,,new,17:36:52,2026-06-22 17:36:52
BAX,19.765,19.89,-0.0063,1.4616,7640770,2,0.3733,0.714,0.0359,60.3,yf_premarket,0.1519745461351301,0.3733,0.07649789962414327,0.4,1.5,neutral,0.0,2.9128,2.9012,0.012,steady,17:36:52,2026-06-22 17:36:52
BLMN,8.425,8.06,0.0453,1.1175,2137150,3,0.6519,0.469,0.0582,45.2,yf_premarket,0.11619564539272569,0.6519,0.12580145920848995,0.6,0.5,weak,0.18091054313099042,2.9124,2.8798,0.033,steady,17:36:52,2026-06-22 17:36:52
BTGO,6.11,5.97,0.0235,1.0968,2076570,3,0.6923,0.6131,0.1027,49.6,yf_premarket,0.11404329652504835,0.6923,0.2241874861817378,0.6,0.5,weak,0.09384984025559105,2.9085,2.8468,0.062,steady,17:36:52,2026-06-22 17:36:52
CSWC,23.085,22.98,0.0046,1.317,619800,3,0.2785,0.3597,0.0157,50.2,yf_premarket,0.13693929752323913,0.2785,0.03183727614415211,0.6,1.5,neutral,0.018370607028753993,2.9059,2.9089,-0.003,steady,17:36:52,2026-06-22 17:36:52
CUZ,28.52,28.28,0.0085,1.4101,2150770,2,0.3527,0.707,0.025,62.9,yf_premarket,0.14661966851747874,0.3527,0.05239885032058369,0.4,1.5,neutral,0.03394568690095847,2.9024,2.8914,0.011,steady,17:36:52,2026-06-22 17:36:52
NWN,49.11,49.02,0.0018,2.6751,300140,2,0.2727,1.126,0.023,53.4,yf_premarket,0.2781520993199825,0.2727,0.04797700641167367,0.4,1.5,neutral,0.00718849840255591,2.8974,,,new,17:36:52,2026-06-22 17:36:52
ACEL,12.9,12.96,-0.0046,1.2552,326790,1,0.4839,0.3909,0.0302,66.3,yf_premarket,0.13051344438205753,0.4839,0.06389564448374974,0.2,1.5,neutral,0.0,2.8955,2.8859,0.01,steady,17:36:52,2026-06-22 17:36:52
FTS,56.2599,56.09,0.003,0.7066,870620,2,0.4232,0.98,0.0175,55.7,yf_premarket,0.07347100047829976,0.4232,0.03581693566217113,0.4,1.5,neutral,0.011980830670926517,2.8925,2.8871,0.005,steady,17:36:52,2026-06-22 17:36:52
EVH,4.47,4.49,-0.0045,1.1615,2445290,1,0.4645,0.3322,0.074,59.8,yf_premarket,0.12077068646411712,0.4645,0.16073402608887907,0.2,1.5,neutral,0.0,2.8905,2.8662,0.024,steady,17:36:52,2026-06-22 17:36:52
ACAD,22.23,21.62,0.0282,2.531,1274460,3,0.5954,0.625,0.0289,49.5,yf_premarket,0.2631688398111756,0.5954,0.06102144594295821,0.6,0.5,weak,0.11261980830670926,2.885,2.8838,0.001,steady,17:36:52,2026-06-22 17:36:52
BKE,45.04,45.17,-0.0029,1.744,473230,3,0.7339,1.233,0.0273,45.9,yf_premarket,0.18133799155696967,0.7339,0.05748397081583021,0.6,0.5,weak,0.0,2.8685,2.8599,0.009,steady,17:36:52,2026-06-22 17:36:52
HASI,39.25,39.06,0.0049,1.3402,1420180,3,0.7473,1.237,0.0317,40.8,yf_premarket,0.13935159190633645,0.7473,0.06721202741543224,0.6,0.5,weak,0.019568690095846643,2.8666,2.8804,-0.014,steady,17:36:52,2026-06-22 17:36:52
BUR,4.385,4.53,-0.032,1.1462,1899390,3,0.7636,0.1965,0.0434,45.2,yf_premarket,0.11917981990974692,0.7636,0.09307981428255582,0.6,0.5,weak,0.0,2.8525,2.8384,0.014,steady,17:36:52,2026-06-22 17:36:52
HFWA,28.12,27.92,0.0072,1.6305,293960,2,0.3116,0.69,0.0247,56.1,yf_premarket,0.16953646515690313,0.3116,0.051735573734247184,0.4,1.5,neutral,0.02875399361022364,2.8465,2.85,-0.004,steady,17:36:52,2026-06-22 17:36:52
ARE,51.29,51.03,0.0051,1.0917,2153620,2,0.3455,2.247,0.044,53.2,yf_premarket,0.1135130076735916,0.3455,0.09440636745522882,0.4,1.5,neutral,0.02036741214057508,2.839,2.8223,0.017,steady,17:36:52,2026-06-22 17:36:52
CNC,63.69,61.02,0.0438,1.8631,6358290,2,0.1684,2.562,0.042,53.3,yf_premarket,0.19372179591157693,0.1684,0.08998452354631882,0.4,1.5,neutral,0.17492012779552715,2.8348,2.8284,0.006,steady,17:36:52,2026-06-22 17:36:52
ABEO,5.79,5.77,0.0035,0.9804,1133400,2,0.8548,0.239,0.0414,49.7,yf_premarket,0.10194023332709465,0.8548,0.08865797037364581,0.4,0.5,weak,0.013977635782747603,2.8278,2.8519,-0.024,steady,17:36:52,2026-06-22 17:36:52
ADPT,17.46,17.53,-0.004,0.8694,4466670,1,0.4497,1.451,0.0828,62.1,yf_premarket,0.09039865244244806,0.4497,0.18019013928808314,0.2,1.5,neutral,0.0,2.8251,2.7978,0.027,steady,17:36:52,2026-06-22 17:36:52
CRSP,54.295,54.09,0.0038,1.2183,1593550,3,0.7274,2.7575,0.051,45.5,yf_premarket,0.1266766485744588,0.7274,0.10988282113641387,0.6,0.5,weak,0.015175718849840255,2.8225,2.8303,-0.008,steady,17:36:52,2026-06-22 17:36:52
AQN,5.885,5.89,-0.0008,0.8922,4271790,4,0.1818,0.107,0.0182,50.0,yf_premarket,0.09276935554307818,0.1818,0.03736458103028964,0.8,1.5,neutral,0.0,2.8214,2.8158,0.006,steady,17:36:52,2026-06-22 17:36:52
APLD,44.9653,46.59,-0.0349,0.6505,22375610,3,0.7639,3.8961,0.0836,48.5,yf_premarket,0.06763782311227566,0.7639,0.18195887685164713,0.6,0.5,weak,0.0,2.8202,2.7927,0.027,steady,17:36:52,2026-06-22 17:36:52
EPR,58.135,57.51,0.0109,1.4696,688440,2,0.3008,1.329,0.0231,52.5,yf_premarket,0.15280637178447398,0.3008,0.04819809860711917,0.4,1.5,neutral,0.04353035143769968,2.8202,2.8032,0.017,steady,17:36:52,2026-06-22 17:36:52
NWE,69.995,69.88,0.0016,1.2981,654180,3,0.7356,2.085,0.0298,49.8,yf_premarket,0.13497410942666418,0.7356,0.06301127570196773,0.6,0.5,weak,0.006389776357827476,2.8148,,,new,17:36:52,2026-06-22 17:36:52
CDE,17.27,17.51,-0.0137,3.6165,50346640,3,0.5377,1.164,0.0665,40.9,yf_premarket,0.37603718260652563,0.5377,0.14415211143046652,0.6,0.5,weak,0.0,2.8115,2.7897,0.022,steady,17:36:52,2026-06-22 17:36:52
GFL,35.1,35.1,0.0,0.647,2432640,3,0.2874,1.0327,0.0294,59.5,yf_premarket,0.06727389939068772,0.2874,0.06212690692018572,0.6,1.5,neutral,0.0,2.8068,2.8176,-0.011,steady,17:36:52,2026-06-22 17:36:52
FLYE,2.0401,2.17,-0.0599,0.0711,544620,2,0.3374,0.4212,0.1941,55.4,yf_premarket,0.007392850458543889,0.3374,0.42626575281892554,0.4,1.5,neutral,0.0,2.799,2.7346,0.064,steady,17:36:52,2026-06-22 17:36:52
BKH,72.93,72.75,0.0025,0.8781,1433000,3,0.7554,2.262,0.0311,49.8,yf_premarket,0.09130326283610955,0.7554,0.06588547424275923,0.6,0.5,weak,0.009984025559105431,2.7957,2.8123,-0.017,steady,17:36:52,2026-06-22 17:36:52
BBIO,69.08,66.27,0.0424,1.6147,2363020,2,0.1733,2.3302,0.0352,50.0,yf_premarket,0.16789360949944893,0.1733,0.07495025425602476,0.4,1.5,neutral,0.16932907348242812,2.7899,2.7678,0.022,steady,17:36:52,2026-06-22 17:36:52
GLUE,18.695,18.31,0.021,2.0201,1241360,2,0.6875,1.2135,0.0663,40.5,yf_premarket,0.2100463742799509,0.6875,0.14370992703957552,0.4,0.5,weak,0.08386581469648563,2.7877,2.6402,0.147,steady,17:36:52,2026-06-22 17:36:52
CUPR,3.96,4.37,-0.0938,0.0194,13535270,2,0.1908,1.9821,0.4536,58.7,yf_premarket,0.0020171771996589515,0.1908,1.0,0.4,1.5,neutral,0.0,2.7846,2.6334,0.151,steady,17:36:52,2026-06-22 17:36:52
EXEL,51.39,51.91,-0.01,2.6573,2463110,1,0.3199,1.337,0.0258,56.0,yf_premarket,0.2763012872501924,0.3199,0.054167587884147696,0.2,1.5,neutral,0.0,2.7813,2.7731,0.008,steady,17:36:52,2026-06-22 17:36:52
NU,12.845,12.71,0.0106,1.1667,57264710,4,0.5985,0.4435,0.0349,45.3,yf_premarket,0.12131137313619066,0.5985,0.07428697766968825,0.8,0.5,weak,0.04233226837060703,2.7796,,,new,17:36:52,2026-06-22 17:36:52
DOCS,20.13,20.46,-0.0161,1.425,3146690,4,0.5976,0.7699,0.0376,41.1,yf_premarket,0.14816894378938175,0.5976,0.08025646694671679,0.8,0.5,weak,0.0,2.7576,2.7454,0.012,steady,17:36:52,2026-06-22 17:36:52
AVNS,24.91,24.94,-0.0012,2.8535,1050660,1,0.3043,0.079,0.0032,60.0,yf_premarket,0.29670181130035145,0.3043,0.004200751713464516,0.2,1.5,neutral,0.0,2.7558,2.7551,0.001,steady,17:36:52,2026-06-22 17:36:52
HMY,16.095,17.01,-0.0538,1.3141,5257720,3,0.6961,0.742,0.0436,42.6,yf_premarket,0.13663776072535197,0.6961,0.09352199867344682,0.6,0.5,weak,0.0,2.7439,2.7298,0.014,steady,17:36:52,2026-06-22 17:36:52
CWT,45.28,45.2,0.0018,1.6272,523910,3,0.1756,0.974,0.0215,50.6,yf_premarket,0.16919333707654877,0.1756,0.044660623479991154,0.6,1.5,neutral,0.00718849840255591,2.7381,2.7397,-0.002,steady,17:36:52,2026-06-22 17:36:52
CRVS,12.4797,11.91,0.0478,1.5908,1242900,2,0.6171,0.6959,0.0584,41.4,yf_premarket,0.165408530372034,0.6171,0.12624364359938095,0.4,0.5,weak,0.19089456869009586,2.7318,2.6904,0.041,steady,17:36:52,2026-06-22 17:36:52
BBNX,13.671,13.88,-0.0151,1.1059,1125370,1,0.388,0.957,0.0689,62.9,yf_premarket,0.11498949820117704,0.388,0.14945832412115856,0.2,1.5,neutral,0.0,2.7232,2.7006,0.023,steady,17:36:52,2026-06-22 17:36:52
CHYM,16.915,17.6,-0.0389,1.7843,4391100,2,0.7414,0.9669,0.0549,44.4,yf_premarket,0.18552831326553954,0.7414,0.11850541675878841,0.4,0.5,weak,0.0,2.7203,2.7024,0.018,steady,17:36:52,2026-06-22 17:36:52
CUBE,40.68,40.62,0.0015,1.2152,2169140,2,0.2982,0.862,0.0212,54.8,yf_premarket,0.12635431613533804,0.2982,0.04399734689365466,0.4,1.5,neutral,0.0059904153354632585,2.7169,2.7052,0.012,steady,17:36:52,2026-06-22 17:36:52
BLFS,25.16,26.04,-0.0338,1.6413,681040,2,0.2509,1.283,0.0493,56.2,yf_premarket,0.17065942978351736,0.2509,0.10612425381384036,0.4,1.5,neutral,0.0,2.7109,2.6948,0.016,steady,17:36:52,2026-06-22 17:36:52
DX,12.865,13.06,-0.0149,1.5622,4601460,4,0.5738,0.197,0.0151,49.2,yf_premarket,0.1624347536756296,0.5738,0.030510722971479106,0.8,0.5,weak,0.0,2.7065,2.7019,0.005,steady,17:36:52,2026-06-22 17:36:52
HALO,69.14,68.55,0.0086,2.1146,1727960,1,0.2903,2.161,0.0315,55.8,yf_premarket,0.2198723147628257,0.2903,0.06676984302454124,0.2,1.5,neutral,0.03434504792332268,2.6953,2.6854,0.01,steady,17:36:52,2026-06-22 17:36:52
RAPP,38.44,37.34,0.0295,1.0595,335450,3,0.5913,2.3917,0.0641,43.4,yf_premarket,0.11016490943498244,0.5913,0.13884589873977451,0.6,0.5,weak,0.11781150159744408,2.694,,,new,17:36:52,2026-06-22 17:36:52
AYA,19.84,19.88,-0.002,1.3281,543540,3,0.6569,1.322,0.0665,45.9,yf_premarket,0.1380934556117038,0.6569,0.14415211143046652,0.6,0.5,weak,0.0,2.693,2.6853,0.008,steady,17:36:52,2026-06-22 17:36:52
GME,21.385,21.52,-0.0063,1.5886,5803820,2,0.2566,0.606,0.0282,54.2,yf_premarket,0.16517977831846445,0.2566,0.05947380057483971,0.4,1.5,neutral,0.0,2.6907,2.6817,0.009,steady,17:36:52,2026-06-22 17:36:52
AAP,56.77,60.1,-0.0554,1.3389,1610610,3,0.6648,2.509,0.0417,49.6,yf_premarket,0.13921642023831804,0.6648,0.08932124695998231,0.6,0.5,weak,0.0,2.6831,2.6696,0.014,steady,17:36:52,2026-06-22 17:36:52
NFBK,14.395,14.41,-0.001,1.2503,365190,2,0.2833,0.219,0.0152,56.4,yf_premarket,0.1300039511718344,0.2833,0.03073181516692461,0.4,1.5,neutral,0.0,2.677,2.6723,0.005,steady,17:36:52,2026-06-22 17:36:52
FNKO,5.4,5.48,-0.0146,1.2168,630280,2,0.7607,0.2959,0.054,45.2,yf_premarket,0.12652068126520682,0.7607,0.1165155869997789,0.4,0.5,weak,0.0,2.6694,2.6518,0.018,steady,17:36:52,2026-06-22 17:36:52
ATLX,3.76,3.91,-0.0384,0.5781,769220,3,0.6941,0.2997,0.0766,43.7,yf_premarket,0.06010980098571339,0.6941,0.1664824231704621,0.6,0.5,weak,0.0,2.6616,2.6364,0.025,steady,17:36:52,2026-06-22 17:36:52
GPK,10.285,10.71,-0.0397,1.0045,6976690,4,0.5812,0.4044,0.0378,42.5,yf_premarket,0.10444610809574313,0.5812,0.08069865133760779,0.8,0.5,weak,0.0,2.6594,2.6472,0.012,steady,17:36:52,2026-06-22 17:36:52
AGNC,10.381,10.38,0.0001,1.352,14113520,4,0.5636,0.167,0.0161,49.1,yf_premarket,0.1405785347391187,0.5636,0.032721644925934115,0.8,0.5,weak,0.00039936102236421724,2.655,2.6557,-0.001,steady,17:36:52,2026-06-22 17:36:52
DERM,6.43,6.22,0.0338,1.6733,245330,2,0.619,0.2928,0.0471,47.8,yf_premarket,0.17398673238089296,0.619,0.10126022551403936,0.4,0.5,weak,0.1349840255591054,2.6521,2.5877,0.064,steady,17:36:52,2026-06-22 17:36:52
ATOM,8.448,9.0,-0.0613,1.0145,1243390,3,0.6347,1.0175,0.1131,42.0,yf_premarket,0.105485890157423,0.6347,0.2471810745080699,0.6,0.5,weak,0.0,2.6512,2.6138,0.037,steady,17:36:52,2026-06-22 17:36:52
BLZE,8.03,8.19,-0.0195,0.9539,1264140,3,0.6647,0.528,0.0645,49.0,yf_premarket,0.09918481086364297,0.6647,0.1397302675215565,0.6,0.5,weak,0.0,2.648,2.6269,0.021,steady,17:36:52,2026-06-22 17:36:52
CBRG,7.0,7.29,-0.0398,0.9694,6685480,3,0.5839,1.513,0.2075,46.0,yf_premarket,0.10079647305924679,0.5839,0.4558921070086226,0.6,0.5,weak,0.0,2.6469,2.578,0.069,steady,17:36:52,2026-06-22 17:36:52
ARCT,7.54,7.53,0.0013,1.4499,321600,3,0.626,0.423,0.0562,43.5,yf_premarket,0.1507580011229646,0.626,0.12137961529957993,0.6,0.5,weak,0.005191693290734824,2.6466,2.6654,-0.019,steady,17:36:52,2026-06-22 17:36:52
ERO,29.96,29.75,0.0071,0.8478,1512840,3,0.6497,1.9689,0.0662,48.0,yf_premarket,0.08815272318921955,0.6497,0.14348883484413,0.6,0.5,weak,0.028354632587859425,2.6459,2.6081,0.038,steady,17:36:52,2026-06-22 17:36:52
MATW,26.12,26.36,-0.0091,1.5782,331780,3,0.6286,1.018,0.0386,48.3,yf_premarket,0.16409840497431738,0.6286,0.08246738890117179,0.6,0.5,weak,0.0,2.6446,,,new,17:36:52,2026-06-22 17:36:52
EGO,31.94,33.05,-0.0336,1.6027,3595770,3,0.616,1.612,0.0488,47.7,yf_premarket,0.16664587102543307,0.616,0.10501879283661288,0.6,0.5,weak,0.0,2.6345,2.6186,0.016,steady,17:36:52,2026-06-22 17:36:52
GFI,34.62,38.6,-0.1031,0.9678,4401840,3,0.6629,1.583,0.041,46.3,yf_premarket,0.100630107929378,0.6629,0.08777360159186381,0.6,0.5,weak,0.0,2.6206,2.6074,0.013,steady,17:36:52,2026-06-22 17:36:52
SVM,11.085,11.32,-0.0208,2.4443,5690020,3,0.527,0.8697,0.0768,42.4,yf_premarket,0.2541539293364111,0.527,0.16692460756135308,0.6,0.5,weak,0.0,2.6187,,,new,17:36:52,2026-06-22 17:36:52
CSX,46.195,45.63,0.0124,1.7959,12560630,2,0.1667,1.0,0.0219,52.8,yf_premarket,0.1867344604570882,0.1667,0.045544992261773165,0.4,1.5,neutral,0.04952076677316294,2.6106,2.6148,-0.004,steady,17:36:52,2026-06-22 17:36:52
STEP,45.475,45.2,0.0061,2.3045,1407370,3,0.5263,2.4236,0.0536,42.8,yf_premarket,0.2396177761141265,0.5263,0.1156312182179969,0.6,0.5,weak,0.024361022364217253,2.6064,,,new,17:36:52,2026-06-22 17:36:52
BBY,77.175,74.73,0.0327,1.5584,3927580,2,0.6137,2.5326,0.0339,45.1,yf_premarket,0.16203963649219125,0.6137,0.07207605571523325,0.4,0.5,weak,0.13059105431309903,2.6024,2.5787,0.024,steady,17:36:52,2026-06-22 17:36:52
HAE,73.17,74.17,-0.0135,0.7312,1213980,1,0.3668,3.601,0.0486,63.0,yf_premarket,0.07602886435003223,0.3668,0.10457660844572186,0.2,1.5,neutral,0.0,2.5999,2.5841,0.016,steady,17:36:52,2026-06-22 17:36:52
FSM,9.065,9.26,-0.0211,1.4038,6206010,3,0.6126,0.461,0.0498,40.5,yf_premarket,0.14596460581862042,0.6126,0.10722971479106787,0.6,0.5,weak,0.0,2.5978,2.5815,0.016,steady,17:36:52,2026-06-22 17:36:52
AVD,2.465,2.65,-0.0698,1.3066,499600,2,0.1935,0.256,0.0966,52.4,yf_premarket,0.13585792417909207,0.1935,0.21070086225956228,0.4,1.5,neutral,0.0,2.5961,2.5643,0.032,steady,17:36:52,2026-06-22 17:36:52
FBRT,8.295,8.43,-0.016,2.1966,1405380,3,0.5586,0.218,0.0259,43.9,yf_premarket,0.22839852766860066,0.5586,0.054388680079593195,0.6,0.5,weak,0.0,2.587,2.5788,0.008,steady,17:36:52,2026-06-22 17:36:52
CIM,13.19,13.28,-0.0068,2.7532,752970,4,0.4167,0.246,0.0185,41.4,yf_premarket,0.28627279722170235,0.4167,0.03802785761662614,0.8,0.5,weak,0.0,2.5818,2.5761,0.006,steady,17:36:52,2026-06-22 17:36:52
GMAB,25.55,25.27,0.0111,1.1693,1547800,2,0.7012,0.6314,0.025,42.8,yf_premarket,0.12158171647222742,0.7012,0.05239885032058369,0.4,0.5,weak,0.044329073482428115,2.5775,2.5766,0.001,steady,17:36:52,2026-06-22 17:36:52
CREG,2.49,2.77,-0.1011,0.4547,1655997,3,0.6062,0.463,0.1671,47.9,yf_premarket,0.047278890344583775,0.6062,0.3665708600486403,0.6,0.5,weak,0.0,2.5666,2.5112,0.055,steady,17:36:52,2026-06-22 17:36:52
DTIL,7.0,6.81,0.0279,1.1849,363840,4,0.4105,0.5754,0.0845,47.6,yf_premarket,0.12320377648844803,0.4105,0.18394870661065668,0.8,0.5,weak,0.11142172523961662,2.5649,2.4936,0.071,steady,17:36:52,2026-06-22 17:36:52
DFIN,37.99,39.14,-0.0294,1.5362,447870,3,0.5883,1.7495,0.0447,47.3,yf_premarket,0.1597313203152619,0.5883,0.09595401282334733,0.6,0.5,weak,0.0,2.5642,2.5497,0.014,steady,17:36:52,2026-06-22 17:36:52
COO,65.545,65.91,-0.0055,0.9124,4167220,2,0.2389,1.852,0.0281,63.7,yf_premarket,0.0948697153076715,0.2389,0.05925270837939421,0.4,1.5,neutral,0.0,2.5497,2.5408,0.009,steady,17:36:52,2026-06-22 17:36:52
CX,12.575,12.73,-0.0122,0.8601,4499840,3,0.6346,0.495,0.0389,45.0,yf_premarket,0.08943165512508577,0.6346,0.08313066548750828,0.6,0.5,weak,0.0,2.5449,2.5323,0.013,steady,17:36:52,2026-06-22 17:36:52
ELS,61.99,62.19,-0.0032,1.5157,1606140,2,0.1898,1.368,0.022,52.0,yf_premarket,0.15759976708881818,0.1898,0.045766084457218664,0.4,1.5,neutral,0.0,2.5389,2.532,0.007,steady,17:36:52,2026-06-22 17:36:52
BOBS,13.5,13.45,0.0037,1.349,767530,3,0.5611,0.982,0.073,48.5,yf_premarket,0.1402666001206147,0.5611,0.15852310413442405,0.6,0.5,weak,0.014776357827476038,2.534,2.5171,0.017,steady,17:36:52,2026-06-22 17:36:52
GSL,38.76,37.89,0.023,1.2888,286690,1,0.2252,1.042,0.0275,59.1,yf_premarket,0.13400711210930188,0.2252,0.05792615520672121,0.2,1.5,neutral,0.09185303514376997,2.5182,2.5109,0.007,steady,17:36:52,2026-06-22 17:36:52
EDHL,5.4189,5.58,-0.0289,0.0038,8053710,1,0.1723,2.3529,0.4217,61.3,yf_premarket,0.0003951171834383513,0.1723,0.9294715896528852,0.2,1.5,neutral,0.0,2.5099,2.3694,0.14,steady,17:36:52,2026-06-22 17:36:52
ADIL,2.7,2.6,0.0385,0.0677,2268660,1,0.1601,0.581,0.2235,54.5,yf_premarket,0.007039324557572732,0.1601,0.49126685827990274,0.2,1.5,neutral,0.15375399361022363,2.507,2.2886,0.218,steady,17:36:52,2026-06-22 17:36:52
BWA,73.14,71.84,0.0181,1.0815,3187800,1,0.2423,3.028,0.0421,50.3,yf_premarket,0.11245242997067814,0.2423,0.0902056157417643,0.2,1.5,neutral,0.07228434504792333,2.5068,2.4881,0.019,steady,17:36:52,2026-06-22 17:36:52
XPEL,45.49,45.45,0.0009,1.7184,259310,3,0.5389,1.7832,0.0392,48.5,yf_premarket,0.17867614947906918,0.5389,0.08379394207384479,0.6,0.5,weak,0.003594249201277955,2.4931,2.5104,-0.017,steady,17:36:52,2026-06-22 17:36:52
DT,40.07,41.42,-0.0326,1.9595,5455010,4,0.4219,1.4806,0.0357,43.1,yf_premarket,0.2037452949861709,0.4219,0.07605571523325227,0.8,0.5,weak,0.0,2.4874,2.4759,0.011,steady,17:36:52,2026-06-22 17:36:52
DD,48.06,47.71,0.0073,1.9408,3757790,2,0.6004,1.409,0.0295,46.5,yf_premarket,0.20180090253082955,0.6004,0.06234799911563122,0.4,0.5,weak,0.02915335463258786,2.4784,2.4955,-0.017,steady,17:36:52,2026-06-22 17:36:52
BRX,31.235,30.91,0.0105,1.4263,2531850,1,0.2348,0.665,0.0215,53.7,yf_premarket,0.14830411545740013,0.2348,0.044660623479991154,0.2,1.5,neutral,0.041932907348242815,2.4773,2.4739,0.003,steady,17:36:52,2026-06-22 17:36:52
CGAU,16.46,16.57,-0.0066,1.9569,2222630,3,0.504,0.88,0.0531,43.5,yf_premarket,0.20347495165013413,0.504,0.11452575724076941,0.6,0.5,weak,0.0,2.4705,2.4532,0.017,steady,17:36:52,2026-06-22 17:36:52
CC,21.23,21.77,-0.0248,1.1819,2095930,3,0.5667,1.0657,0.049,47.7,yf_premarket,0.12289184186994405,0.5667,0.10546097722750387,0.6,0.5,weak,0.0,2.4705,2.4545,0.016,steady,17:36:52,2026-06-22 17:36:52
AGBK,6.94,6.93,0.0014,1.5865,375360,3,0.5214,0.399,0.0576,45.1,yf_premarket,0.16496142408551168,0.5214,0.12447490603581693,0.6,0.5,weak,0.005591054313099041,2.4609,2.4337,0.027,steady,17:36:52,2026-06-22 17:36:52
FRVO,36.48,35.09,0.0396,1.2196,1829110,3,0.4212,2.863,0.0816,46.1,yf_premarket,0.12681182024247717,0.4212,0.17753703294273715,0.6,0.5,weak,0.15814696485623003,2.4586,2.5198,-0.061,steady,17:36:52,2026-06-22 17:36:52
CWK,12.87,12.9,-0.0023,1.8444,2010680,2,0.1119,0.565,0.0438,55.6,yf_premarket,0.1917774034562356,0.1119,0.09396418306433782,0.4,1.5,neutral,0.0,2.4584,2.4442,0.014,steady,17:36:52,2026-06-22 17:36:52
GCT,33.455,33.98,-0.0155,1.1953,769790,3,0.5545,1.5893,0.0468,42.5,yf_premarket,0.12428514983259509,0.5545,0.10059694892770285,0.6,0.5,weak,0.0,2.4457,2.4305,0.015,steady,17:36:52,2026-06-22 17:36:52
BBSI,32.135,33.04,-0.0274,1.3331,229920,1,0.2481,1.18,0.0357,53.9,yf_premarket,0.1386133466425437,0.2481,0.07605571523325227,0.2,1.5,neutral,0.0,2.4421,2.4306,0.011,steady,17:36:52,2026-06-22 17:36:52
HBM,27.355,27.59,-0.0085,0.587,6223880,3,0.5874,1.6599,0.0602,45.3,yf_premarket,0.061035207020608474,0.5874,0.13022330311739994,0.6,0.5,weak,0.0,2.4315,2.4118,0.02,steady,17:36:52,2026-06-22 17:36:52
ABCL,5.75,5.53,0.0398,1.3594,5004920,3,0.3939,0.4669,0.0844,41.6,yf_premarket,0.14134797346476177,0.3939,0.18372761441521115,0.6,0.5,weak,0.15894568690095848,2.4301,2.4229,0.007,steady,17:36:52,2026-06-22 17:36:52
XENE,54.76,52.91,0.035,1.4885,1295060,2,0.5236,1.6435,0.0311,42.4,yf_premarket,0.15477155988104893,0.5236,0.06588547424275923,0.4,0.5,weak,0.13977635782747605,2.422,,,new,17:36:52,2026-06-22 17:36:52
BMBL,2.755,2.96,-0.0693,1.7602,3498900,2,0.5905,0.1504,0.0508,42.1,yf_premarket,0.18302243849689104,0.5905,0.10944063674552287,0.4,0.5,weak,0.0,2.4103,2.3937,0.017,steady,17:36:52,2026-06-22 17:36:52
CDXS,2.39,2.57,-0.07,2.242,779690,2,0.5455,0.163,0.0634,40.4,yf_premarket,0.2331191382286273,0.5455,0.13729825337165596,0.4,0.5,weak,0.0,2.4093,2.3886,0.021,steady,17:36:52,2026-06-22 17:36:52
NVGS,21.92,21.71,0.0097,1.9813,275730,1,0.157,0.58,0.0267,50.1,yf_premarket,0.20601201988063303,0.157,0.0561574176431572,0.2,1.5,neutral,0.03873801916932907,2.4092,,,new,17:36:52,2026-06-22 17:36:52
CBLL,17.94,18.03,-0.005,2.2372,316870,3,0.4507,0.7643,0.0424,46.8,yf_premarket,0.23262004283902096,0.4507,0.09086889232810082,0.6,0.5,weak,0.0,2.3958,2.382,0.014,steady,17:36:52,2026-06-22 17:36:52
EFXT,25.565,24.15,0.0586,1.1982,558400,3,0.3513,0.938,0.0388,44.8,yf_premarket,0.12458668663048224,0.3513,0.08290957329206279,0.6,0.5,weak,0.2340255591054313,2.382,2.3442,0.038,steady,17:36:52,2026-06-22 17:36:52
GEMI,4.575,4.71,-0.0287,0.9098,1631620,3,0.5113,0.4084,0.0867,42.6,yf_premarket,0.09459937197163475,0.5113,0.18881273491045766,0.6,0.5,weak,0.0,2.3589,2.3304,0.029,steady,17:36:52,2026-06-22 17:36:52
CBC,28.535,28.23,0.0108,1.996,1103790,2,0.5242,0.8125,0.0288,48.8,yf_premarket,0.20754049951130243,0.5242,0.06080035374751271,0.4,0.5,weak,0.04313099041533546,2.3548,2.3584,-0.004,steady,17:36:52,2026-06-22 17:36:52
APAM,35.985,35.88,0.0029,1.4493,826600,3,0.484,1.043,0.0291,40.4,yf_premarket,0.15069561419926383,0.484,0.061463630333849224,0.6,0.5,weak,0.0115814696485623,2.3421,2.3469,-0.005,steady,17:36:52,2026-06-22 17:36:52
EXPO,54.855,56.89,-0.0358,2.0749,673810,3,0.43,2.18,0.0383,45.5,yf_premarket,0.21574437997795662,0.43,0.08180411231483528,0.6,0.5,weak,0.0,2.3245,2.3121,0.012,steady,17:36:52,2026-06-22 17:36:52
HEPS,2.9099,2.8,0.0392,0.1782,370460,1,0.6562,0.105,0.0375,47.4,yf_premarket,0.018528916339135316,0.6562,0.08003537475127127,0.2,0.5,weak,0.15654952076677314,2.315,2.2883,0.027,steady,17:36:52,2026-06-22 17:36:52
CISS,2.075,2.2,-0.0568,0.6597,285880,2,0.6042,0.2078,0.0945,45.0,yf_premarket,0.06859442260902114,0.6042,0.20605792615520674,0.4,0.5,weak,0.0,2.3143,2.2832,0.031,steady,17:36:52,2026-06-22 17:36:52
BRKR,57.07,57.23,-0.0028,0.8392,2359050,2,0.6133,2.681,0.0468,46.6,yf_premarket,0.08725851061617484,0.6133,0.10059694892770285,0.4,0.5,weak,0.0,2.3078,2.2926,0.015,steady,17:36:52,2026-06-22 17:36:52
CVLG,43.615,42.63,0.0231,1.0636,204490,1,0.124,1.829,0.0429,60.9,yf_premarket,0.11059122008027118,0.124,0.09197435330532833,0.2,1.5,neutral,0.09225239616613418,2.2983,2.2741,0.024,steady,17:36:52,2026-06-22 17:36:52
HIMX,18.585,18.11,0.0262,1.0734,4002000,4,0.2879,1.607,0.0887,42.4,yf_premarket,0.11161020650071744,0.2879,0.1932345788193677,0.8,0.5,weak,0.10463258785942492,2.2968,2.2488,0.048,steady,17:36:52,2026-06-22 17:36:52
CVNA,68.42,66.56,0.0279,1.3563,10692190,3,0.3725,4.1537,0.0624,41.7,yf_premarket,0.14102564102564102,0.3725,0.13508733141720097,0.6,0.5,weak,0.11142172523961662,2.2912,2.175,0.116,steady,17:36:52,2026-06-22 17:36:52
ADTN,15.525,15.18,0.0227,1.2847,2363140,3,0.3856,1.097,0.0723,42.3,yf_premarket,0.13358080146401313,0.3856,0.1569754587663056,0.6,0.5,weak,0.09065495207667731,2.286,2.2297,0.056,steady,17:36:52,2026-06-22 17:36:52
HAFN,7.47,7.23,0.0332,1.2054,1716450,2,0.4825,0.2295,0.0317,45.9,yf_premarket,0.12533532971489175,0.4825,0.06721202741543224,0.4,0.5,weak,0.13258785942492013,2.2855,2.2669,0.019,steady,17:36:52,2026-06-22 17:36:52
ARI,10.77,10.83,-0.0055,2.7746,1819000,2,0.4651,0.204,0.0188,45.3,yf_premarket,0.28849793083369724,0.4651,0.03869113420296264,0.4,0.5,weak,0.0,2.2823,2.2764,0.006,steady,17:36:52,2026-06-22 17:36:52
CTRI,30.76,29.77,0.0333,1.9749,972000,2,0.4045,1.3585,0.0456,45.4,yf_premarket,0.20534655936115792,0.4045,0.09794384258235685,0.4,0.5,weak,0.13298722044728437,2.2655,2.2624,0.003,steady,17:36:52,2026-06-22 17:36:52
DEI,11.755,11.71,0.0038,1.3708,2268500,1,0.1462,0.378,0.0323,51.3,yf_premarket,0.14253332501507684,0.1462,0.06853858058810525,0.2,1.5,neutral,0.015175718849840255,2.2632,2.2734,-0.01,steady,17:36:52,2026-06-22 17:36:52
HLN,8.815,8.96,-0.0162,1.5683,12009390,3,0.4483,0.1539,0.0172,47.3,yf_premarket,0.16306902073325433,0.4483,0.03515365907583463,0.6,0.5,weak,0.0,2.2588,2.2535,0.005,steady,17:36:52,2026-06-22 17:36:52
FOSL,4.18,4.29,-0.0256,1.0256,698640,3,0.4658,0.245,0.0571,47.2,yf_premarket,0.10664004824588767,0.4658,0.12336944505858943,0.6,0.5,weak,0.0,2.2532,2.2346,0.019,steady,17:36:52,2026-06-22 17:36:52
KULR,3.89,3.96,-0.0177,2.3554,2320410,2,0.4393,0.382,0.0965,40.0,yf_premarket,0.244910266808077,0.4393,0.21047977006411675,0.4,0.5,weak,0.0,2.2512,2.2194,0.032,steady,17:36:52,2026-06-22 17:36:52
AREC,2.245,2.15,0.0442,0.6985,2659390,2,0.4516,0.141,0.0656,48.5,yf_premarket,0.07262877700833906,0.4516,0.14216228167145703,0.4,0.5,weak,0.17651757188498404,2.248,2.2623,-0.014,steady,17:36:52,2026-06-22 17:36:52
BAM,46.98,47.44,-0.0097,0.8703,2656200,3,0.4839,1.213,0.0256,45.2,yf_premarket,0.09049223282799924,0.4839,0.0537254034932567,0.6,0.5,weak,0.0,2.2304,2.2223,0.008,steady,17:36:52,2026-06-22 17:36:52
ELPC,11.555,11.32,0.0208,1.7962,361380,3,0.3503,0.2695,0.0238,48.4,yf_premarket,0.1867656539189386,0.3503,0.049745743975237684,0.6,0.5,weak,0.08306709265175719,2.2302,2.2419,-0.012,steady,17:36:52,2026-06-22 17:36:52
BXMT,17.99,18.09,-0.0055,2.5483,1314270,3,0.3553,0.343,0.019,47.5,yf_premarket,0.26496766277788175,0.3553,0.03913331859385364,0.6,0.5,weak,0.0,2.2276,2.2217,0.006,steady,17:36:52,2026-06-22 17:36:52
FNF,46.8204,46.82,0.0,1.7632,1589640,3,0.4145,1.0239,0.0219,49.9,yf_premarket,0.18333437311539502,0.4145,0.045544992261773165,0.6,0.5,weak,0.0,2.2268,2.2407,-0.014,steady,17:36:52,2026-06-22 17:36:52
MC,66.73,67.18,-0.0067,2.7083,1162700,3,0.3274,2.9913,0.0445,49.8,yf_premarket,0.2816041757647597,0.3274,0.09551182843245633,0.6,0.5,weak,0.0,2.225,,,new,17:36:52,2026-06-22 17:36:52
CMP,29.21,30.58,-0.0448,1.185,519840,2,0.5411,1.419,0.0464,43.2,yf_premarket,0.12321417430906483,0.5411,0.09971258014592084,0.4,0.5,weak,0.0,2.2169,2.2018,0.015,steady,17:36:52,2026-06-22 17:36:52
DNUT,3.5389,3.63,-0.0251,0.6063,3312740,1,0.1636,0.2689,0.0741,52.8,yf_premarket,0.06304198639965063,0.1636,0.16095511828432457,0.2,1.5,neutral,0.0,2.2022,2.1779,0.024,steady,17:36:52,2026-06-22 17:36:52
CG,44.845,44.8,0.001,1.1554,2996860,3,0.4363,1.561,0.0348,47.4,yf_premarket,0.1201364194064924,0.4363,0.07406588547424275,0.6,0.5,weak,0.003993610223642172,2.1958,2.2146,-0.019,steady,17:36:52,2026-06-22 17:36:52
FCPT,24.5,24.49,0.0004,2.1644,921830,3,0.3649,0.531,0.0217,45.6,yf_premarket,0.22505042942999148,0.3649,0.04510280787088216,0.6,0.5,weak,0.001597444089456869,2.1923,2.191,0.001,steady,17:36:52,2026-06-22 17:36:52
FF,4.1,4.24,-0.033,0.6438,290460,2,0.0727,0.17,0.0401,55.7,yf_premarket,0.06694116913095016,0.0727,0.0857837718328543,0.4,1.5,neutral,0.0,2.1887,2.1757,0.013,steady,17:36:52,2026-06-22 17:36:52
COLL,33.15,33.54,-0.0116,1.6788,376400,2,0.4829,1.2715,0.0379,49.7,yf_premarket,0.1745586125148169,0.4829,0.08091974353305328,0.4,0.5,weak,0.0,2.1681,2.1559,0.012,steady,17:36:52,2026-06-22 17:36:52
ATAT,32.295,33.29,-0.0299,1.1396,872800,2,0.5269,1.1342,0.0341,45.4,yf_premarket,0.1184935637490382,0.5269,0.07251824010612425,0.4,0.5,weak,0.0,2.1678,2.1568,0.011,steady,17:36:52,2026-06-22 17:36:52
ASO,52.3,51.82,0.0093,1.0692,2016250,3,0.3949,2.6633,0.0514,46.9,yf_premarket,0.1111734980348119,0.3949,0.1107671899181959,0.6,0.5,weak,0.0371405750798722,2.1677,2.1463,0.021,steady,17:36:52,2026-06-22 17:36:52
GIS,33.515,33.42,0.0028,1.452,9638600,3,0.3969,0.84,0.0251,46.4,yf_premarket,0.15097635535591739,0.3969,0.05261994251602919,0.6,0.5,weak,0.011182108626198083,2.1633,2.169,-0.006,steady,17:36:52,2026-06-22 17:36:52
ACCO,3.87,3.9,-0.0077,2.1215,937180,3,0.3448,0.117,0.03,46.3,yf_premarket,0.22058976438538483,0.3448,0.06345346009285872,0.6,0.5,weak,0.0,2.1522,2.1426,0.01,steady,17:36:52,2026-06-22 17:36:52
CRTO,16.67,17.44,-0.0442,0.878,265950,2,0.5378,0.6429,0.0369,43.7,yf_premarket,0.09129286501549275,0.5378,0.07870882157859828,0.4,0.5,weak,0.0,2.1519,2.14,0.012,steady,17:36:52,2026-06-22 17:36:52
EMA,52.05,51.79,0.005,1.1747,567450,3,0.4079,0.93,0.018,47.3,yf_premarket,0.12214319878553456,0.4079,0.03692239663939863,0.6,0.5,weak,0.019968051118210862,2.1474,2.1445,0.003,steady,17:36:52,2026-06-22 17:36:52
CINT,3.4999,3.7,-0.0541,1.6389,206720,1,0.0652,0.1785,0.0482,51.5,yf_premarket,0.17040988208871422,0.0652,0.10369223966393987,0.2,1.5,neutral,0.0,2.1379,2.1222,0.016,steady,17:36:52,2026-06-22 17:36:52
API,4.165,4.15,0.0036,1.0589,440640,1,0.0889,0.2775,0.0669,51.1,yf_premarket,0.11010252251128164,0.0889,0.14503648021224852,0.2,1.5,neutral,0.01437699680511182,2.137,2.1138,0.023,steady,17:36:52,2026-06-22 17:36:52
CRK,13.234,13.1,0.0102,1.1311,2700470,2,0.4681,0.6,0.0458,47.4,yf_premarket,0.11760974899661031,0.4681,0.09838602697324784,0.4,0.5,weak,0.04073482428115016,2.1229,2.12,0.003,steady,17:36:52,2026-06-22 17:36:52
EXPI,4.69,4.69,0.0,2.5209,1395624,3,0.2809,0.2573,0.0549,42.6,prev_close,0.26211865992887895,0.2809,0.11850541675878841,0.6,0.5,weak,0.0,2.1142,2.0963,0.018,steady,17:36:52,2026-06-22 17:36:52
CERT,5.455,5.54,-0.0153,1.5626,5061970,2,0.4492,0.3657,0.066,45.0,yf_premarket,0.1624763449580968,0.4492,0.14304665045323903,0.4,0.5,weak,0.0,2.1136,2.092,0.022,steady,17:36:52,2026-06-22 17:36:52
GSK,50.995,50.67,0.0064,0.9497,4442400,1,0.1032,0.922,0.0182,50.7,yf_premarket,0.09874810239773743,0.1032,0.03736458103028964,0.2,1.5,neutral,0.025559105431309903,2.1115,2.1125,-0.001,steady,17:36:52,2026-06-22 17:36:52
BXSL,23.29,23.61,-0.0136,2.3322,1835880,2,0.4144,0.412,0.0175,48.0,yf_premarket,0.2424979724249797,0.4144,0.03581693566217113,0.4,0.5,weak,0.0,2.1105,2.105,0.006,steady,17:36:52,2026-06-22 17:36:52
FMCC,5.86,5.98,-0.0201,0.3349,2662370,3,0.4417,0.37,0.0619,41.9,yf_premarket,0.03482230124565891,0.4417,0.13398187043997345,0.6,0.5,weak,0.0,2.1026,2.0824,0.02,steady,17:36:52,2026-06-22 17:36:52
OSUR,4.135,4.25,-0.0271,1.7943,735430,2,0.431,0.236,0.0555,48.6,yf_premarket,0.1865680953272194,0.431,0.11983196993146142,0.4,0.5,weak,0.0,2.1018,,,new,17:36:52,2026-06-22 17:36:52
NRC,19.45,18.54,0.0491,1.6319,218890,2,0.289,1.2565,0.0678,45.1,yf_premarket,0.1696820346455383,0.289,0.14702630997125804,0.4,0.5,weak,0.19608626198083065,2.1002,,,new,17:36:52,2026-06-22 17:36:52
NCNO,14.165,14.8,-0.0429,1.1961,3118980,3,0.3666,0.8813,0.0595,41.3,yf_premarket,0.12436833239752947,0.3666,0.12867565774928144,0.6,0.5,weak,0.0,2.0841,,,new,17:36:52,2026-06-22 17:36:52
PBH,45.63,46.97,-0.0285,1.7585,722360,3,0.3333,1.719,0.0366,47.6,yf_premarket,0.18284567554640546,0.3333,0.07804554499226177,0.6,0.5,weak,0.0,2.0799,,,new,17:36:52,2026-06-22 17:36:52
CEPU,15.515,15.67,-0.0099,0.7725,305390,0,0.7098,0.5363,0.0342,48.8,yf_premarket,0.0803231642647701,0.7098,0.07273933230156976,0.0,0.5,weak,0.0,2.0765,2.0655,0.011,steady,17:36:52,2026-06-22 17:36:52
PSTL,23.0,22.79,0.0092,1.9448,353870,3,0.2826,0.6282,0.0276,47.4,yf_premarket,0.20221681535550148,0.2826,0.05814724740216671,0.6,0.5,weak,0.036741214057507986,2.0527,,,new,17:36:52,2026-06-22 17:36:52
CYRX,14.65,15.01,-0.024,0.7258,723940,3,0.3978,0.61,0.0406,42.6,yf_premarket,0.07546738203672511,0.3978,0.08688923281008179,0.6,0.5,weak,0.0,2.0522,2.0391,0.013,steady,17:36:52,2026-06-22 17:36:52
CRON,2.65,2.71,-0.0221,1.0453,1165420,2,0.4746,0.0896,0.0331,40.0,yf_premarket,0.108688418907397,0.4746,0.07030731815166924,0.4,0.5,weak,0.0,2.0474,2.0368,0.011,steady,17:36:52,2026-06-22 17:36:52
FR,63.32,61.8,0.0246,1.506,1081650,2,0.3707,1.32,0.0214,49.7,yf_premarket,0.1565911784889887,0.3707,0.044439531284545655,0.4,0.5,weak,0.09824281150159744,2.0459,2.0283,0.018,steady,17:36:52,2026-06-22 17:36:52
GOLD,42.095,42.25,-0.0037,1.2592,398970,2,0.4518,1.8084,0.0428,49.8,yf_premarket,0.1309293572067295,0.4518,0.09175326110988281,0.4,0.5,weak,0.0,2.0459,2.032,0.014,steady,17:36:52,2026-06-22 17:36:52
HLF,12.165,11.9,0.0223,1.7702,1658780,1,0.439,0.532,0.0447,48.9,yf_premarket,0.1840622205585709,0.439,0.09595401282334733,0.2,0.5,weak,0.08905750798722044,2.0357,2.0859,-0.05,steady,17:36:52,2026-06-22 17:36:52
EMN,72.35,72.49,-0.0019,1.4577,1058900,3,0.3288,2.131,0.0294,42.8,yf_premarket,0.15156903113107492,0.3288,0.06212690692018572,0.6,0.5,weak,0.0,2.016,2.0066,0.009,steady,17:36:52,2026-06-22 17:36:52
CBL,48.72,47.4,0.0278,1.555,254270,3,0.2367,1.325,0.028,49.5,yf_premarket,0.16168611059122007,0.2367,0.05903161618394871,0.6,0.5,weak,0.11102236421725238,2.012,2.0118,0.0,steady,17:36:52,2026-06-22 17:36:52
GTN,3.85,3.79,0.0158,2.3041,1526670,2,0.3036,0.1614,0.0426,43.9,yf_premarket,0.2395761848316593,0.3036,0.09131107671899182,0.4,0.5,weak,0.06309904153354633,2.0069,1.995,0.012,steady,17:36:52,2026-06-22 17:36:52
ADT,6.585,6.58,0.0008,1.8674,9556910,3,0.2889,0.1625,0.0247,46.9,yf_premarket,0.19416890219809926,0.2889,0.051735573734247184,0.6,0.5,weak,0.003194888178913738,1.9997,2.0,-0.0,steady,17:36:52,2026-06-22 17:36:52
NWSA,24.66,25.28,-0.0245,3.7807,7593580,3,0.1333,0.775,0.0307,42.6,yf_premarket,0.3931104040593092,0.1333,0.06500110546097723,0.6,0.5,weak,0.0,1.9888,,,new,17:36:52,2026-06-22 17:36:52
ARR,16.615,16.76,-0.0087,1.3874,3878970,2,0.4224,0.3044,0.0182,47.3,yf_premarket,0.14425936323746544,0.4224,0.03736458103028964,0.4,0.5,weak,0.0,1.9799,1.9742,0.006,steady,17:36:52,2026-06-22 17:36:52
BANR,65.5,64.83,0.0103,2.1498,249460,3,0.2303,1.374,0.0212,49.3,yf_premarket,0.22353234761993884,0.2303,0.04399734689365466,0.6,0.5,weak,0.04113418530351438,1.9796,1.9736,0.006,steady,17:36:52,2026-06-22 17:36:52
AGH,4.21,4.21,0.0,1.2242,878854,0,0.0722,0.5251,0.1247,50.1,prev_close,0.1272901199908499,0.0722,0.272827769179748,0.0,1.5,neutral,0.0,1.9717,1.9305,0.041,steady,17:36:52,2026-06-22 17:36:52
CSTM,34.11,34.0,0.0032,1.1027,1744750,2,0.392,1.689,0.0497,48.9,yf_premarket,0.11465676794143947,0.392,0.10700862259562238,0.4,0.5,weak,0.012779552715654952,1.9287,1.9349,-0.006,steady,17:36:52,2026-06-22 17:36:52
CNX,32.695,32.67,0.0008,2.3183,2051320,2,0.3134,0.973,0.0298,41.0,yf_premarket,0.24105267535924468,0.3134,0.06301127570196773,0.4,0.5,weak,0.003194888178913738,1.9247,1.9362,-0.011,steady,17:36:52,2026-06-22 17:36:52
COUR,5.33,5.35,-0.0037,1.4467,6789250,3,0.2778,0.2168,0.0405,48.8,yf_premarket,0.15042527086322707,0.2778,0.0866681406146363,0.6,0.5,weak,0.0,1.9246,1.9115,0.013,steady,17:36:52,2026-06-22 17:36:52
CCAP,11.18,11.18,0.0,1.7151,259580,2,0.3646,0.264,0.0236,45.4,yf_premarket,0.17833302139871485,0.3646,0.04930355958434668,0.4,0.5,weak,0.0,1.9214,1.9341,-0.013,steady,17:36:52,2026-06-22 17:36:52
FLOC,22.97,22.71,0.0114,2.2018,725500,2,0.2817,0.962,0.0424,41.8,yf_premarket,0.22893921434067419,0.2817,0.09086889232810082,0.4,0.5,weak,0.04552715654952077,1.9205,1.9025,0.018,steady,17:36:52,2026-06-22 17:36:52
FIZZ,34.675,36.29,-0.0445,1.6894,363800,1,0.4402,1.261,0.0347,46.3,yf_premarket,0.17566078150019757,0.4402,0.07384479327879725,0.2,0.5,weak,0.0,1.8808,1.8696,0.011,steady,17:36:52,2026-06-22 17:36:52
CAG,12.975,13.2,-0.017,1.3474,16596610,2,0.363,0.436,0.033,48.4,yf_premarket,0.14010023499074592,0.363,0.07008622595622374,0.4,0.5,weak,0.0,1.8712,1.8606,0.011,steady,17:36:52,2026-06-22 17:36:52
ARDT,9.05,8.91,0.0157,0.7943,636790,1,0.4401,0.4825,0.0542,46.5,yf_premarket,0.08258988915923222,0.4401,0.1169577713906699,0.2,0.5,weak,0.0626996805111821,1.8566,1.8617,-0.005,steady,17:36:52,2026-06-22 17:36:52
HESM,37.31,36.79,0.0141,3.2962,1389830,1,0.2688,0.71,0.0193,42.0,yf_premarket,0.34273296317091934,0.2688,0.039796595180190145,0.2,0.5,weak,0.05630990415335463,1.8561,1.8577,-0.002,steady,17:36:52,2026-06-22 17:36:52
EFC,13.315,13.44,-0.0093,1.9112,1314380,3,0.2222,0.17,0.0126,46.1,yf_premarket,0.19872314762825713,0.2222,0.02498341808534159,0.6,0.5,weak,0.0,1.855,1.8512,0.004,steady,17:36:52,2026-06-22 17:36:52
CBU,63.185,62.34,0.0136,2.0267,368080,2,0.2635,1.6999,0.0273,46.8,yf_premarket,0.21073263044065962,0.2635,0.05748397081583021,0.4,0.5,weak,0.054313099041533544,1.8533,1.8407,0.013,steady,17:36:52,2026-06-22 17:36:52
CE,50.31,51.16,-0.0166,1.121,1460630,2,0.3646,2.294,0.0448,44.3,yf_premarket,0.11655956911431364,0.3646,0.09617510501879284,0.4,0.5,weak,0.0,1.8521,1.8376,0.015,steady,17:36:52,2026-06-22 17:36:52
AHCO,9.62,9.65,-0.0031,1.8346,1262230,3,0.2081,0.3385,0.0351,40.7,yf_premarket,0.1907584170357893,0.2081,0.07472916206057925,0.6,0.5,weak,0.0,1.8397,1.8284,0.011,steady,17:36:52,2026-06-22 17:36:52
GXO,50.1825,48.64,0.0317,1.4815,1309320,2,0.2416,1.4825,0.0305,43.9,yf_premarket,0.15404371243787301,0.2416,0.06455892107008623,0.4,0.5,weak,0.12659744408945686,1.8364,1.8126,0.024,steady,17:36:52,2026-06-22 17:36:52
ARCO,8.36,8.55,-0.0222,0.9083,1375040,1,0.48,0.257,0.0301,45.2,yf_premarket,0.09444340466238277,0.48,0.06367455228830422,0.2,0.5,weak,0.0,1.8335,1.8239,0.01,steady,17:36:52,2026-06-22 17:36:52
FUBO,8.97,9.22,-0.0271,1.1175,1532470,2,0.3246,0.7998,0.0867,43.9,yf_premarket,0.11619564539272569,0.3246,0.18881273491045766,0.4,0.5,weak,0.0,1.8179,1.7893,0.029,steady,17:36:52,2026-06-22 17:36:52
CCC,4.24,4.41,-0.0385,1.7056,10119180,3,0.195,0.2451,0.0556,41.0,yf_premarket,0.17734522844011896,0.195,0.12005306212690692,0.6,0.5,weak,0.0,1.816,1.7979,0.018,steady,17:36:52,2026-06-22 17:36:52
CNM,46.965,48.58,-0.0332,1.3691,3597510,2,0.3128,2.3408,0.0482,47.0,yf_premarket,0.14235656206459127,0.3128,0.10369223966393987,0.4,0.5,weak,0.0,1.791,1.7753,0.016,steady,17:36:52,2026-06-22 17:36:52
GNK,23.55,23.68,-0.0055,2.2001,353620,2,0.2548,0.7017,0.0296,45.0,yf_premarket,0.2287624513901886,0.2548,0.06256909131107673,0.4,0.5,weak,0.0,1.784,1.7746,0.009,steady,17:36:52,2026-06-22 17:36:52
BBDC,8.1557,8.29,-0.0162,1.1689,709280,3,0.2414,0.141,0.017,45.9,yf_premarket,0.12154012518976023,0.2414,0.03471147468494363,0.6,0.5,weak,0.0,1.7825,1.7772,0.005,steady,17:36:52,2026-06-22 17:36:52
CVGI,4.7445,4.84,-0.0197,1.6598,405720,3,0.1579,0.41,0.0847,45.7,yf_premarket,0.17258302659762514,0.1579,0.18439089100154765,0.6,0.5,weak,0.0,1.7669,1.739,0.028,steady,17:36:52,2026-06-22 17:36:52
PUMP,14.84,14.75,0.0061,0.9306,5087610,2,0.3081,0.8173,0.0554,45.5,yf_premarket,0.09676211865992888,0.3081,0.11961087773601592,0.4,0.5,weak,0.024361022364217253,1.7577,,,new,17:36:52,2026-06-22 17:36:52
GNL,9.145,9.22,-0.0081,1.5939,3335120,2,0.2913,0.1779,0.0193,44.4,yf_premarket,0.1657308628111548,0.2913,0.039796595180190145,0.4,0.5,weak,0.0,1.7511,1.7451,0.006,steady,17:36:52,2026-06-22 17:36:52
ALRM,44.04,44.38,-0.0077,2.5137,589160,2,0.2118,1.42,0.032,45.3,yf_premarket,0.2613700168444694,0.2118,0.06787530400176875,0.4,0.5,weak,0.0,1.7496,1.7393,0.01,steady,17:36:52,2026-06-22 17:36:52
BYRN,5.67,5.9,-0.039,1.1455,308350,2,0.2979,0.381,0.0646,43.6,yf_premarket,0.11910703516542932,0.2979,0.139951359717002,0.4,0.5,weak,0.0,1.7444,1.7233,0.021,steady,17:36:52,2026-06-22 17:36:52
AES,14.655,14.62,0.0024,1.2518,8246140,2,0.3125,0.063,0.0043,43.9,yf_premarket,0.13015991848108638,0.3125,0.006632765863365023,0.4,0.5,weak,0.009584664536741212,1.7379,1.7377,0.0,steady,17:36:52,2026-06-22 17:36:52
GTE,7.23,7.37,-0.019,1.932,313770,2,0.2314,0.415,0.0563,44.1,yf_premarket,0.20088589431655124,0.2314,0.12160070749502543,0.4,0.5,weak,0.0,1.7249,1.7065,0.018,steady,17:36:52,2026-06-22 17:36:52
GEHC,60.8,61.59,-0.0128,1.8165,4589720,2,0.2504,1.8615,0.0302,47.2,yf_premarket,0.18887641150414874,0.2504,0.06389564448374974,0.4,0.5,weak,0.0,1.7161,1.7064,0.01,steady,17:36:52,2026-06-22 17:36:52
HELE,25.705,26.47,-0.0289,1.3316,525740,1,0.365,1.793,0.0677,47.2,yf_premarket,0.13845737933329172,0.365,0.1468052177758125,0.2,0.5,weak,0.0,1.7111,1.6889,0.022,steady,17:36:52,2026-06-22 17:36:52
AESI,16.38,16.2,0.0111,1.2909,2408560,2,0.2421,0.8638,0.0533,46.7,yf_premarket,0.13422546634225466,0.2421,0.11496794163166041,0.4,0.5,weak,0.044329073482428115,1.7095,1.6638,0.046,steady,17:36:52,2026-06-22 17:36:52
AVA,39.745,39.76,-0.0004,1.4416,993920,3,0.1778,1.004,0.0253,41.0,yf_premarket,0.14989498201177034,0.1778,0.053062126906920186,0.6,0.5,weak,0.0,1.707,1.7164,-0.009,steady,17:36:52,2026-06-22 17:36:52
NOK,14.2177,13.49,0.0539,0.9983,127003840,2,0.1245,0.914,0.0678,42.2,yf_premarket,0.10380144321750161,0.1245,0.14702630997125804,0.4,0.5,weak,0.2152555910543131,1.7011,,,new,17:36:52,2026-06-22 17:36:52
TUSK,2.905,3.03,-0.0413,1.6707,254570,2,0.2245,0.2392,0.0789,41.6,yf_premarket,0.1737163890448562,0.2245,0.17156754366570862,0.4,0.5,weak,0.0,1.6954,,,new,17:36:52,2026-06-22 17:36:52
ACHV,5.115,4.85,0.0546,3.3679,2062270,1,0.0224,0.421,0.0868,42.6,yf_premarket,0.3501882005531641,0.0224,0.1890338271059032,0.2,0.5,weak,0.21805111821086262,1.6917,1.6253,0.066,steady,17:36:52,2026-06-22 17:36:52
CAL,12.92,13.14,-0.0167,1.2337,797600,1,0.3556,1.0643,0.081,41.7,yf_premarket,0.1282779129494458,0.3556,0.17621047977006413,0.2,0.5,weak,0.0,1.6917,1.6651,0.027,steady,17:36:52,2026-06-22 17:36:52
CWAN,24.52,24.29,0.0095,1.0413,4296560,2,0.2821,0.0755,0.0031,44.4,yf_premarket,0.10827250608272505,0.2821,0.003979659518019014,0.4,0.5,weak,0.03793929712460064,1.6855,1.6814,0.004,steady,17:36:52,2026-06-22 17:36:52
ADC,73.94,73.25,0.0094,1.3987,1308290,2,0.2432,1.339,0.0183,46.0,yf_premarket,0.1454343169671637,0.2432,0.03758567322573514,0.4,0.5,weak,0.037539936102236424,1.6797,1.6626,0.017,steady,17:36:52,2026-06-22 17:36:52
FSK,10.215,10.27,-0.0054,1.3466,2840690,2,0.2662,0.275,0.0268,45.1,yf_premarket,0.14001705242581156,0.2662,0.0563785098386027,0.4,0.5,weak,0.0,1.6706,1.6621,0.009,steady,17:36:52,2026-06-22 17:36:52
GDOT,12.82,12.75,0.0055,2.1442,464600,2,0.1915,0.198,0.0155,47.0,yf_premarket,0.22295006966539815,0.1915,0.03139509175326111,0.4,0.5,weak,0.021964856230031946,1.6661,1.6525,0.014,steady,17:36:52,2026-06-22 17:36:52
LKFN,59.9,59.86,0.0007,1.9587,220560,2,0.2147,1.496,0.025,46.8,yf_premarket,0.20366211242123652,0.2147,0.05239885032058369,0.4,0.5,weak,0.0027955271565495207,1.6653,1.6683,-0.003,steady,17:36:52,2026-06-22 17:36:52
GAMB,2.25,2.36,-0.0466,1.006,737170,2,0.2705,0.1419,0.0601,48.8,yf_premarket,0.10460207540499511,0.2705,0.13000221092195446,0.4,0.5,weak,0.0,1.6629,1.6432,0.02,steady,17:36:52,2026-06-22 17:36:52
DBX,25.57,25.97,-0.0154,2.415,4398030,3,0.0687,0.7535,0.029,43.5,yf_premarket,0.25110736789568905,0.0687,0.061242538138403725,0.6,0.5,weak,0.0,1.6447,1.6354,0.009,steady,17:36:52,2026-06-22 17:36:52
ENB,54.94,54.55,0.0071,1.2139,3756120,2,0.2424,0.9,0.0165,48.8,yf_premarket,0.12621914446731966,0.2424,0.033606013707716126,0.4,0.5,weak,0.028354632587859425,1.6335,1.619,0.014,steady,17:36:52,2026-06-22 17:36:52
CLBK,19.78,20.03,-0.0125,1.9365,424530,2,0.1825,0.431,0.0215,48.7,yf_premarket,0.20135379624430721,0.1825,0.044660623479991154,0.4,0.5,weak,0.0,1.5894,1.5826,0.007,steady,17:36:52,2026-06-22 17:36:52
ALC,65.335,64.68,0.0101,1.193,1675760,2,0.2067,1.2863,0.0199,43.8,yf_premarket,0.12404599995840873,0.2067,0.04112314835286315,0.4,0.5,weak,0.04033546325878594,1.5805,1.5722,0.008,steady,17:36:52,2026-06-22 17:36:52
FTRE,15.6,15.31,0.0189,2.3389,1286120,1,0.1648,0.9616,0.0628,49.5,yf_premarket,0.24319462640630526,0.1648,0.13597170019898297,0.2,0.5,weak,0.07547923322683706,1.5756,1.5407,0.035,steady,17:36:52,2026-06-22 17:36:52
DXCM,69.065,72.47,-0.047,1.5383,5572360,2,0.196,2.895,0.0399,46.6,yf_premarket,0.15994967454821468,0.196,0.0853415874419633,0.4,0.5,weak,0.0,1.5746,1.5617,0.013,steady,17:36:52,2026-06-22 17:36:52
ACM,68.1701,68.81,-0.0093,2.2367,1738300,2,0.1431,2.489,0.0362,48.2,yf_premarket,0.23256805373593695,0.1431,0.07716117621047977,0.4,0.5,weak,0.0,1.5736,1.562,0.012,steady,17:36:52,2026-06-22 17:36:52
BBD,3.4201,3.36,0.0179,1.4385,29180460,1,0.25,0.099,0.0295,41.1,yf_premarket,0.14957264957264957,0.25,0.06234799911563122,0.2,0.5,weak,0.07148562300319489,1.5628,1.5714,-0.009,steady,17:36:52,2026-06-22 17:36:52
BB,8.9799,8.38,0.0716,0.9594,33835520,1,0.0938,0.708,0.0845,43.3,yf_premarket,0.09975669099756691,0.0938,0.18394870661065668,0.2,0.5,weak,0.28594249201277955,1.5581,1.5003,0.058,steady,17:36:52,2026-06-22 17:36:52
BDN,3.11,3.09,0.0065,1.7976,1882380,2,0.1538,0.09,0.0291,49.3,yf_premarket,0.1869112234075738,0.1538,0.061463630333849224,0.4,0.5,weak,0.02595846645367412,1.5576,1.5617,-0.004,steady,17:36:52,2026-06-22 17:36:52
APPS,9.04,8.61,0.0499,0.8128,7263290,1,0.1544,0.96,0.1115,48.4,yf_premarket,0.08451348597333999,0.1544,0.24364359938094188,0.2,0.5,weak,0.1992811501597444,1.5563,1.4228,0.133,steady,17:36:52,2026-06-22 17:36:52
HE,12.785,13.02,-0.018,1.8458,1673700,2,0.1687,0.325,0.025,43.6,yf_premarket,0.19192297294487076,0.1687,0.05239885032058369,0.4,0.5,weak,0.0,1.5515,1.5436,0.008,steady,17:36:52,2026-06-22 17:36:52
NEXT,7.485,7.35,0.0184,1.4338,2797950,2,0.119,0.4655,0.0633,43.0,yf_premarket,0.14908395200366004,0.119,0.13707716117621047,0.4,0.5,weak,0.07348242811501597,1.5404,,,new,17:36:52,2026-06-22 17:36:52
DRS,44.76,46.08,-0.0286,1.5505,928720,1,0.2761,1.976,0.0429,41.8,yf_premarket,0.16121820866346415,0.2761,0.09197435330532833,0.2,0.5,weak,0.0,1.54,1.5261,0.014,steady,17:36:52,2026-06-22 17:36:52
SUNC,63.01,63.08,-0.0011,0.8295,494780,2,0.2345,1.7239,0.0273,40.2,yf_premarket,0.08624992201634538,0.2345,0.05748397081583021,0.4,0.5,weak,0.0,1.5271,,,new,17:36:52,2026-06-22 17:36:52
AIV,2.905,2.9,0.0017,1.2349,1960360,2,0.2,0.062,0.0214,47.0,yf_premarket,0.12840268679684738,0.2,0.044439531284545655,0.4,0.5,weak,0.006789137380191693,1.525,1.5177,0.007,steady,17:36:52,2026-06-22 17:36:52
HRZN,4.19,4.22,-0.0071,0.6083,968820,2,0.2339,0.1976,0.0468,47.9,yf_premarket,0.0632499428119866,0.2339,0.10059694892770285,0.4,0.5,weak,0.0,1.513,1.4978,0.015,steady,17:36:52,2026-06-22 17:36:52
AMCX,9.245,9.36,-0.0123,2.0805,553570,1,0.2143,0.429,0.0458,45.4,yf_premarket,0.21632665793249733,0.2143,0.09838602697324784,0.2,0.5,weak,0.0,1.5023,1.4874,0.015,steady,17:36:52,2026-06-22 17:36:52
ABEV,3.155,3.12,0.0112,1.1156,27349330,1,0.2593,0.071,0.0228,42.1,yf_premarket,0.1159980868010065,0.2593,0.04753482202078267,0.2,0.5,weak,0.04472843450479233,1.4835,1.4901,-0.007,steady,17:36:52,2026-06-22 17:36:52
APTV,64.33,63.68,0.0102,1.6295,3349040,2,0.1072,3.099,0.0487,43.1,yf_premarket,0.16943248695073512,0.1072,0.10479770064116736,0.4,0.5,weak,0.04073482428115016,1.482,1.4888,-0.007,steady,17:36:52,2026-06-22 17:36:52
ARMK,53.97,53.33,0.012,1.1866,2172990,1,0.2523,0.949,0.0178,49.6,yf_premarket,0.12338053943893361,0.2523,0.03648021224850763,0.2,0.5,weak,0.04792332268370607,1.4798,1.4889,-0.009,steady,17:36:52,2026-06-22 17:36:52
FLGT,18.04,18.0,0.0022,2.1334,320800,1,0.1935,0.6175,0.0343,48.8,yf_premarket,0.22182710503878386,0.1935,0.07296042449701524,0.2,0.5,weak,0.00878594249201278,1.4694,1.4486,0.021,steady,17:36:52,2026-06-22 17:36:52
GPRK,10.01,10.14,-0.0128,0.9687,615860,2,0.173,0.487,0.048,48.9,yf_premarket,0.10072368831492919,0.173,0.10325005527304887,0.4,0.5,weak,0.0,1.4487,1.4331,0.016,steady,17:36:52,2026-06-22 17:36:52
FLNG,30.32,29.74,0.0195,1.2889,425310,1,0.201,0.7307,0.0246,49.7,yf_premarket,0.13401750992991868,0.201,0.051514481538801685,0.2,0.5,weak,0.07787539936102236,1.4456,1.4412,0.004,steady,17:36:52,2026-06-22 17:36:52
GOOS,9.315,9.79,-0.0485,0.7474,569820,1,0.2968,0.3038,0.031,40.0,yf_premarket,0.07771331128995362,0.2968,0.06566438204731373,0.2,0.5,weak,0.0,1.443,1.4331,0.01,steady,17:36:52,2026-06-22 17:36:52
LPG,39.97,39.56,0.0104,1.8142,703520,1,0.1674,1.7333,0.0438,47.3,yf_premarket,0.18863726162996236,0.1674,0.09396418306433782,0.2,0.5,weak,0.04153354632587859,1.427,,,new,17:36:52,2026-06-22 17:36:52
DVN,42.999,42.12,0.0209,2.1323,17626820,1,0.1112,1.5145,0.036,42.5,yf_premarket,0.22171272901199907,0.1112,0.07671899181958876,0.2,0.5,weak,0.0834664536741214,1.4185,1.4104,0.008,steady,17:36:52,2026-06-22 17:36:52
HSAI,16.6,16.89,-0.0172,1.3214,1739930,2,0.1246,0.8874,0.0525,41.1,yf_premarket,0.13739680163037826,0.1246,0.11319920406809639,0.4,0.5,weak,0.0,1.4119,1.3948,0.017,steady,17:36:52,2026-06-22 17:36:52
CION,6.3803,6.55,-0.0259,3.0029,648300,2,0.0,0.2258,0.0345,47.1,yf_premarket,0.31223615530184873,0.0,0.07340260888790626,0.4,0.5,weak,0.0,1.4051,1.394,0.011,steady,17:36:52,2026-06-22 17:36:52
HCAI,7.82,7.67,0.0196,0.0208,230720,1,0.2061,1.1809,0.154,46.8,yf_premarket,0.0021627466882941336,0.2061,0.3376077824452797,0.2,0.5,weak,0.07827476038338657,1.4017,1.3433,0.058,steady,17:36:52,2026-06-22 17:36:52
CMRE,15.54,15.19,0.023,1.3818,462140,1,0.1522,0.574,0.0378,47.4,yf_premarket,0.1436770852829247,0.1522,0.08069865133760779,0.2,0.5,weak,0.09185303514376997,1.398,1.3981,-0.0,steady,17:36:52,2026-06-22 17:36:52
ASTI,5.76,6.22,-0.074,0.4743,2357960,2,0.0928,1.306,0.21,44.9,yf_premarket,0.049316863185476324,0.0928,0.4614194118947601,0.4,0.5,weak,0.0,1.3903,1.3205,0.07,steady,17:36:52,2026-06-22 17:36:52
SFD,24.745,24.94,-0.0078,1.2785,1255340,2,0.1222,0.7598,0.0305,41.5,yf_premarket,0.1329361365857716,0.1222,0.06455892107008623,0.4,0.5,weak,0.0,1.3761,,,new,17:36:52,2026-06-22 17:36:52
EQR,64.88,64.09,0.0123,1.696,3406050,2,0.0536,1.405,0.0219,43.1,yf_premarket,0.17634703766090626,0.0536,0.045544992261773165,0.4,0.5,weak,0.04912140575079872,1.3682,1.3528,0.015,steady,17:36:52,2026-06-22 17:36:52
CBZ,28.39,31.1,-0.0871,1.9145,600680,2,0.0577,1.549,0.0498,41.7,yf_premarket,0.1990662757086115,0.0577,0.10722971479106787,0.4,0.5,weak,0.0,1.3676,1.3514,0.016,steady,17:36:52,2026-06-22 17:36:52
HMC,26.22,26.26,-0.0015,1.2078,2103820,2,0.12,0.459,0.0175,45.3,yf_premarket,0.12558487740969493,0.12,0.03581693566217113,0.4,0.5,weak,0.0,1.3463,1.3431,0.003,steady,17:36:52,2026-06-22 17:36:52
AIRS,4.595,4.94,-0.0698,1.3503,729110,1,0.1667,0.4249,0.086,42.8,yf_premarket,0.1404017717886331,0.1667,0.18726508954233917,0.2,0.5,weak,0.0,1.3376,1.3093,0.028,steady,17:36:52,2026-06-22 17:36:52
HUYA,2.26,2.26,0.0,0.7677,1058440,1,0.2406,0.0743,0.0329,43.1,yf_premarket,0.07982406887516377,0.2406,0.06986513376077824,0.2,0.5,weak,0.0,1.3359,1.3377,-0.002,steady,17:36:52,2026-06-22 17:36:52
BMRN,55.505,54.69,0.0149,1.74,2000650,1,0.1075,1.366,0.025,40.0,yf_premarket,0.1809220787322977,0.1075,0.05239885032058369,0.2,0.5,weak,0.059504792332268366,1.3018,1.3035,-0.002,steady,17:36:52,2026-06-22 17:36:52
WTI,3.235,3.21,0.0078,1.2783,5518720,1,0.1259,0.259,0.0807,41.9,yf_premarket,0.13291534094453802,0.1259,0.17554720318372763,0.2,0.5,weak,0.031150159744408944,1.2857,,,new,17:36:52,2026-06-22 17:36:52
EDU,45.27,45.02,0.0056,0.5667,446260,2,0.1188,1.069,0.0237,45.9,yf_premarket,0.05892444943539834,0.1188,0.04952465177979218,0.4,0.5,weak,0.022364217252396165,1.2843,1.3034,-0.019,steady,17:36:52,2026-06-22 17:36:52
GCO,35.225,35.67,-0.0125,1.3871,214840,1,0.1399,2.61,0.0732,43.9,yf_premarket,0.14422816977561503,0.1399,0.15896528852531508,0.2,0.5,weak,0.0,1.2756,1.2516,0.024,steady,17:36:52,2026-06-22 17:36:52
HLX,8.715,8.69,0.0029,2.7006,1593100,0,0.1377,0.354,0.0407,40.1,yf_premarket,0.2808035435772662,0.1377,0.0871103250055273,0.0,0.5,weak,0.0115814696485623,1.2575,1.2467,0.011,steady,17:36:52,2026-06-22 17:36:52
APPN,19.67,20.95,-0.0611,2.0176,858430,1,0.0856,1.36,0.0649,41.0,yf_premarket,0.20978642876453094,0.0856,0.1406146363033385,0.2,0.5,weak,0.0,1.2562,1.2349,0.021,steady,17:36:52,2026-06-22 17:36:52
CRNT,2.69,2.7,-0.0037,0.8268,693790,2,0.0588,0.196,0.0726,44.4,yf_premarket,0.08596918085969181,0.0588,0.15763873535264206,0.4,0.5,weak,0.0,1.2254,1.2015,0.024,steady,17:36:52,2026-06-22 17:36:52
TNDM,14.49,15.3,-0.0529,1.0304,2462910,2,0.0397,1.179,0.0771,41.0,yf_premarket,0.107139143635494,0.0397,0.1675878841476896,0.4,0.5,weak,0.0,1.2239,,,new,17:36:52,2026-06-22 17:36:52
BTU,24.09,24.8,-0.0286,1.2789,3165160,2,0.0032,1.357,0.0547,41.6,yf_premarket,0.1329777278682388,0.0032,0.11806323236789741,0.4,0.5,weak,0.0,1.1649,1.147,0.018,steady,17:36:52,2026-06-22 17:36:52
AMPH,18.465,18.81,-0.0183,1.9961,665090,1,0.0531,0.808,0.043,49.7,yf_premarket,0.20755089733191923,0.0531,0.09219544550077381,0.2,0.5,weak,0.0,1.1636,1.1497,0.014,steady,17:36:52,2026-06-22 17:36:52
CLF,11.985,12.28,-0.024,1.5287,19332390,1,0.0744,0.817,0.0665,40.6,yf_premarket,0.158951483769002,0.0744,0.14415211143046652,0.2,0.5,weak,0.0,1.1593,1.1375,0.022,steady,17:36:52,2026-06-22 17:36:52
AMH,31.62,31.71,-0.0028,1.9681,2608850,1,0.0637,0.6285,0.0198,49.5,yf_premarket,0.2046395075592156,0.0637,0.04090205615741765,0.2,0.5,weak,0.0,1.1548,1.1486,0.006,steady,17:36:52,2026-06-22 17:36:52
AKR,21.4,21.13,0.0128,1.0747,2223690,1,0.0876,0.491,0.0232,40.3,yf_premarket,0.11174537816873584,0.0876,0.04841919080256467,0.2,0.5,weak,0.051118210862619806,1.1437,1.1181,0.026,steady,17:36:52,2026-06-22 17:36:52
BWLP,18.82,18.1,0.0398,1.7847,569720,0,0.035,0.7275,0.0402,42.5,yf_premarket,0.18556990454800673,0.035,0.0860048640282998,0.0,0.5,weak,0.15894568690095848,1.1298,1.1019,0.028,steady,17:36:52,2026-06-22 17:36:52
GLPI,44.32,44.59,-0.0061,1.7778,2131400,1,0.0566,1.0657,0.0239,40.4,yf_premarket,0.18485245492544763,0.0566,0.04996683617068318,0.2,0.5,weak,0.0,1.1155,1.1079,0.008,steady,17:36:52,2026-06-22 17:36:52
CMND,2.955,3.07,-0.0375,0.2741,4675880,1,0.092,0.5199,0.1693,41.5,yf_premarket,0.02850042631064529,0.092,0.37143488834844135,0.2,0.5,weak,0.0,1.1125,1.0563,0.056,steady,17:36:52,2026-06-22 17:36:52
BILI,16.84,17.2,-0.0209,0.8769,2637330,1,0.0742,0.5673,0.033,48.9,yf_premarket,0.09117848898870796,0.0742,0.07008622595622374,0.2,0.5,weak,0.0,1.0202,1.0096,0.011,steady,17:36:52,2026-06-22 17:36:52
RELX,30.805,31.18,-0.012,0.923,2488120,1,0.0306,0.781,0.025,43.2,yf_premarket,0.09597188429305219,0.0306,0.05239885032058369,0.2,0.5,weak,0.0,0.9314,,,new,17:36:52,2026-06-22 17:36:52
VOD,14.155,14.3,-0.0101,0.936,3425470,1,0.0,0.262,0.0183,43.0,yf_premarket,0.09732360097323602,0.0,0.03758567322573514,0.2,0.5,weak,0.0,0.8648,,,new,17:36:52,2026-06-22 17:36:52
