ticker,score,score_raw,score_scale,gap_available,premarket_price,prev_close,premarket_source,avg_dollar_vol_10d,rsi,gap_pct,rvol,premarket_rvol,trend_5d,breakout_score,volatility_score
APUS,5.8952,5.8952,1.0,True,4.92,4.92,prev_close_fallback,62659940.17,86.2,0.0,6.897915789870412,0.0,4,0.4469200430053351,0.22115852916285614
BTBT,5.0357,3.525,1.4286,False,1.79,1.79,prev_close_fallback,49736437.74,56.2,0.0,0.9330080343428206,0.0,3,0.8085105789360749,0.0591061514125835
BTCS,5.033,3.5231,1.4286,False,1.63,1.63,prev_close_fallback,3393382.89,54.9,0.0,0.946619080328365,0.0,3,0.8541665631863847,0.07447851969267992
ASYS,5.0283,3.5198,1.4286,False,15.4,15.4,prev_close_fallback,4475855.89,58.9,0.0,0.7225433526011561,0.0,4,0.8015563076100993,0.04350650573102544
ACB,5.0105,3.5073,1.4286,False,4.16,4.16,prev_close_fallback,3344265.48,57.9,0.0,0.8544488810936548,0.0,2,0.7643092264362008,0.030504810095009806
DIOD,4.992,3.4944,1.4286,False,94.74,94.74,prev_close_fallback,54820352.36,58.3,0.0,0.896239458039541,0.0,2,0.7133811653377317,0.041714170533641286
BNGO,4.9877,3.4914,1.4286,False,1.69,1.69,prev_close_fallback,8387250.58,74.0,0.0,0.1248874139358879,0.0,1,0.47058826279337757,0.14911242691201113
AMN,4.9858,3.4901,1.4286,False,34.56,34.56,prev_close_fallback,22374836.09,56.1,0.0,1.42164282845757,0.0,2,0.5348840510281933,0.02879052136070334
BNR,4.984,4.984,1.0,True,18.0,18.0,prev_close_fallback,1002600.0,73.6,0.0,2.44165170556553,0.0,4,0.8202246877975878,0.10425555441114637
COCO,4.9805,3.4863,1.4286,False,59.17,59.17,prev_close_fallback,104203100.38,60.2,0.0,0.5671519749244781,0.0,3,0.7961721614730206,0.04700018567396425
CLSK,4.9798,3.4858,1.4286,False,14.26,14.26,prev_close_fallback,268134634.5,58.9,0.0,0.9537224110487166,0.0,2,0.6540447928081483,0.06020338542338926
DCO,4.9745,3.4821,1.4286,False,174.57,174.57,prev_close_fallback,50550237.02,54.5,0.0,0.8602410470697931,0.0,3,0.8732666938128577,0.04380478505535539
EBS,4.9699,3.4789,1.4286,False,6.77,6.77,prev_close_fallback,8008165.28,60.4,0.0,0.7729374667128812,0.0,3,0.6781608124424849,0.04490399478958557
AMG,4.9657,3.476,1.4286,False,370.71,370.71,prev_close_fallback,111316796.23,52.5,0.0,1.1775676035700013,0.0,4,0.786935300246539,0.028890526181474675
ANGI,4.9566,3.4696,1.4286,False,5.16,5.16,prev_close_fallback,4397455.07,62.7,0.0,0.9785032033981835,0.0,4,0.47058826279337757,0.06027132219924697
CIEN,4.9483,3.4638,1.4286,False,358.43,358.43,prev_close_fallback,995055424.17,63.1,0.0,0.5111035066548998,0.0,3,0.6859887099087142,0.0561141670598825
ASST,4.9454,3.4618,1.4286,False,29.94,29.94,prev_close_fallback,294671880.46,61.3,0.0,0.7737388844634467,0.0,2,0.6221805218891494,0.05861723724568924
CHT,4.9195,4.9195,1.0,True,46.07,46.07,prev_close_fallback,13719645.91,89.2,0.0,1.0513767629281396,0.0,3,0.8247420653257538,0.014217485274042986
CDNA,4.9158,4.9158,1.0,True,61.37,61.37,prev_close_fallback,87574374.78,82.4,0.0,1.7518693193365056,0.0,4,0.7456722754383345,0.049734403951521705
AIT,4.9103,3.4372,1.4286,False,332.02,332.02,prev_close_fallback,108311560.82,58.3,0.0,0.5330758383912697,0.0,3,0.838777381004788,0.02197759280622661
CODA,4.8996,3.4297,1.4286,False,10.71,10.71,prev_close_fallback,1627170.31,63.3,0.0,0.5963272559731455,0.0,2,0.5988023678532963,0.04314378959896615
DBGI,4.8972,3.428,1.4286,False,5.13,5.13,prev_close_fallback,3502815.38,55.7,0.0,1.378567976450257,0.0,3,0.5118110639365434,0.19894736573037416
ADPT,4.8937,4.8937,1.0,True,29.57,29.57,prev_close_fallback,85690310.72,83.4,0.0,1.2457382638342513,0.0,2,0.9349458783763577,0.04590124513680921
ACMR,4.8931,3.4252,1.4286,False,76.18,76.18,prev_close_fallback,99875027.6,53.8,0.0,1.2075146448620941,0.0,4,0.6700000762939453,0.05397217243953845
BOW,4.8467,3.3927,1.4286,False,33.87,33.87,prev_close_fallback,9578097.0,61.2,0.0,0.43919516248806534,0.0,3,0.7241324879640104,0.0033953284542298824
ABSI,4.8466,3.3927,1.4286,False,10.345,10.345,prev_close_fallback,50229321.2,57.7,0.0,0.6972208377442116,0.0,3,0.7373737929758931,0.07989365125795124
COYA,4.8431,3.3902,1.4286,False,5.18,5.18,prev_close_fallback,1033876.17,57.3,0.0,0.5265794879502981,0.0,3,0.8333332554187636,0.06154439828165557
CLPT,4.8258,3.3781,1.4286,False,14.61,14.61,prev_close_fallback,8162606.81,57.9,0.0,1.1988544836226955,0.0,3,0.46285711015973774,0.053456540747057954
DRS,4.8223,3.3756,1.4286,False,37.59,37.59,prev_close_fallback,45123036.18,55.0,0.0,0.7757414195268244,0.0,3,0.7891375008988302,0.02740091250318526
CEVA,4.8109,4.8109,1.0,True,34.46,34.46,prev_close_fallback,21656731.02,87.1,0.0,1.0738949177354167,0.0,5,0.7904064958830913,0.045502044505097816
AIB,4.7958,3.3571,1.4286,False,1.42,1.42,prev_close_fallback,1661371.55,69.5,0.0,0.5368467837057044,0.0,2,0.3076922547887749,0.10281691559721798
BELFB,4.7949,3.3564,1.4286,False,250.96,250.96,prev_close_fallback,38798417.04,56.9,0.0,0.6791720569210866,0.0,4,0.7412812257348192,0.03196125230780362
ARQT,4.7947,3.3563,1.4286,False,26.27,26.27,prev_close_fallback,123787657.26,62.9,0.0,0.46208402569538615,0.0,3,0.6107899325812965,0.06476971034584507
ASML,4.7944,3.3561,1.4286,False,1722.5,1722.5,prev_close_fallback,2516348575.0,53.0,0.0,0.8647586712027764,0.0,3,0.8028539602939222,0.023903032587989842
APH,4.7921,3.3545,1.4286,False,83.08,83.08,prev_close_fallback,1062113851.81,53.2,0.0,0.9159331457584853,0.0,4,0.7699324844227369,0.02969262327334328
CE,4.7876,3.3513,1.4286,False,47.56,47.56,prev_close_fallback,106647595.88,58.7,0.0,0.8054388640640748,0.0,2,0.6018873397377071,0.040790566308476016
BBNX,4.7872,3.3511,1.4286,False,21.76,21.76,prev_close_fallback,44221107.67,58.8,0.0,0.44621153221600024,0.0,2,0.7763975891110997,0.08311579245207107
BIO,4.7851,3.3496,1.4286,False,387.54,387.54,prev_close_fallback,119943632.64,45.6,0.0,1.2090468497576736,0.0,3,0.9224284889039275,0.024585840470887625
CBRL,4.7831,3.3482,1.4286,False,51.84,51.84,prev_close_fallback,75627302.62,43.7,0.0,1.3755946423920047,0.0,3,0.9143730851175109,0.053125001609693336
AIXI,4.7828,4.7828,1.0,True,1.88,1.88,prev_close_fallback,2100053.99,63.3,0.0,4.062754576787073,0.0,1,0.2526316080066988,0.13138299960121957
AGEN,4.7819,3.3473,1.4286,False,8.5,8.5,prev_close_fallback,7886215.0,54.1,0.0,0.6851766024639196,0.0,4,0.8407961520897214,0.05317648158353918
CONX,4.7744,3.342,1.4286,False,7.985,7.985,prev_close_fallback,1377811.77,53.1,0.0,0.8420747609388582,0.0,3,0.7959513214957076,0.0934737937605693
DDI,4.7714,3.34,1.4286,False,13.0,13.0,prev_close_fallback,2663960.0,58.0,0.0,0.4640835447979699,0.0,1,0.7865171790080066,0.021546143751878005
ECG,4.7611,3.3328,1.4286,False,116.7,116.7,prev_close_fallback,51650251.65,49.5,0.0,0.9749429494566076,0.0,3,0.8634404456221236,0.03508825974094577
CHH,4.7482,3.3237,1.4286,False,100.96,100.96,prev_close_fallback,62267079.44,54.2,0.0,0.8963113092825293,0.0,4,0.709016756527458,0.028328049458668913
CRON,4.7387,3.3171,1.4286,False,3.32,3.32,prev_close_fallback,2564235.15,55.7,0.0,0.9337614583872805,0.0,2,0.6216214648819216,0.030060245934514312
COIN,4.7377,3.3164,1.4286,False,199.21,199.21,prev_close_fallback,2397348999.6,55.1,0.0,0.6135639190711867,0.0,3,0.8065749025169068,0.053938067288032784
CRWV,4.7355,3.3149,1.4286,False,90.13,90.13,prev_close_fallback,3265382761.49,48.2,0.0,0.9315257923747644,0.0,4,0.9227414999623071,0.04670810619596075
BE,4.7304,3.3113,1.4286,False,266.65,266.65,prev_close_fallback,5213628675.16,61.1,0.0,0.9247542364516147,0.0,3,0.40302247727691226,0.06060454677017808
ABM,4.7289,3.3102,1.4286,False,49.54,49.54,prev_close_fallback,27767170.51,64.6,0.0,0.6604817127564674,0.0,2,0.39600067138671874,0.022244628199467546
DLX,4.6986,3.289,1.4286,False,24.29,24.29,prev_close_fallback,10532144.4,50.6,0.0,0.8191881918819188,0.0,5,0.8561649204399968,0.020625756382668302
BHF,4.6865,3.2806,1.4286,False,53.46,53.46,prev_close_fallback,72991075.15,48.3,0.0,1.1320257225306518,0.0,3,0.7832435906608196,0.03355218250493891
AUUD,4.6861,3.2802,1.4286,False,1.28,1.28,prev_close_fallback,2562879.94,60.9,0.0,0.8502934199026095,0.0,1,0.41759598582280966,0.14874999743886286
AMWL,4.6832,3.2783,1.4286,False,13.47,13.47,prev_close_fallback,1401553.53,54.6,0.0,1.2599711677078327,0.0,1,0.4634149745415581,0.04844841722988556
ATEN,4.669,3.2683,1.4286,False,25.99,25.99,prev_close_fallback,32244233.32,58.6,0.0,0.9004223626515347,0.0,2,0.4736842435482697,0.04013083575115521
CORT,4.6672,3.267,1.4286,False,118.51,118.51,prev_close_fallback,310806701.8,56.0,0.0,0.37504480252571853,0.0,3,0.8395677056512066,0.04821533909345851
ALMR,4.6668,3.2668,1.4286,False,33.2,33.2,prev_close_fallback,20444228.47,56.8,0.0,0.8562984134201594,0.0,2,0.5661276606247321,0.07012048238454423
BLFS,4.6666,4.6666,1.0,True,38.58,38.58,prev_close_fallback,33853565.81,77.6,0.0,1.2750002849035316,0.0,3,0.9270593979779411,0.023043014911925782
AUPH,4.6545,3.2582,1.4286,False,16.595,16.595,prev_close_fallback,14613390.45,56.5,0.0,0.9189293541829909,0.0,2,0.5406498013565441,0.027417916480998523
AMD,4.6476,4.6476,1.0,True,629.26,629.26,prev_close_fallback,16148252856.01,80.4,0.0,0.9866188870907467,0.0,4,0.9386148017261557,0.033674463587834325
AZN,4.6428,3.2499,1.4286,False,164.56,164.56,prev_close_fallback,484987933.6,56.6,0.0,1.0818477324086075,0.0,4,0.4456008236920974,0.01676590072291945
AMPL,4.6397,3.2478,1.4286,False,13.69,13.69,prev_close_fallback,20352374.78,52.9,0.0,1.1320005919309055,0.0,2,0.565381807052972,0.05258582633722524
BLSH,4.6393,3.2475,1.4286,False,39.69,39.69,prev_close_fallback,73571365.95,53.4,0.0,0.5832816335338387,0.0,2,0.8192890837504165,0.06586796860395434
DHT,4.6179,3.2326,1.4286,False,21.68,21.68,prev_close_fallback,100713357.42,58.3,0.0,1.084911041987321,0.0,2,0.3561646877925118,0.03842250833233333
AFRM,4.6116,3.2282,1.4286,False,71.57,71.57,prev_close_fallback,308386540.29,48.1,0.0,1.4129425744044857,0.0,2,0.5975829344997008,0.04486517867355561
EDU,4.604,3.2228,1.4286,False,57.08,57.08,prev_close_fallback,35708107.55,37.7,0.0,2.222737299785799,0.0,2,0.6017323023189567,0.018728104587393855
AKAM,4.6016,3.2211,1.4286,False,110.41,110.41,prev_close_fallback,770826336.47,60.3,0.0,1.011016273030542,0.0,4,0.3046996000152823,0.06289286785344597
BLLN,4.6009,4.6009,1.0,True,124.9,124.9,prev_close_fallback,89193589.09,74.9,0.0,1.397524225620344,0.0,2,0.9053146580372976,0.056140107934246467
ACVA,4.6005,4.6005,1.0,True,10.46,10.46,prev_close_fallback,122366415.05,94.6,0.0,0.5206304050686796,0.0,1,0.5555567329292587,0.0031548749761239523
CMTV,4.5961,3.2172,1.4286,False,40.47,40.47,prev_close_fallback,1719975.05,54.9,0.0,1.0611764705882354,0.0,3,0.49163892826204275,0.030812931097539367
AOUT,4.5861,4.5861,1.0,True,17.03,17.03,prev_close_fallback,2025888.88,83.3,0.0,0.984364492266308,0.0,3,0.7620084132769142,0.03944215374707752
CTRI,4.5828,3.2079,1.4286,False,20.39,20.39,prev_close_fallback,39756828.61,49.6,0.0,0.917110297360782,0.0,4,0.764044739143107,0.033742017946850916
BCH,4.5799,3.2059,1.4286,False,41.5,41.5,prev_close_fallback,12686550.0,46.9,0.0,1.6035328753680078,0.0,3,0.5274263980388906,0.021301186802875564
CAMT,4.5569,3.1898,1.4286,False,145.12,145.12,prev_close_fallback,54015113.38,51.3,0.0,0.9870771876091454,0.0,3,0.6439958260212363,0.03541899214601332
AMSC,4.5563,3.1894,1.4286,False,30.42,30.42,prev_close_fallback,23533824.66,52.1,0.0,0.9049545648436591,0.0,2,0.653143836517406,0.035535817304843655
BETA,4.5551,3.1886,1.4286,False,23.15,23.15,prev_close_fallback,129373772.87,56.8,0.0,0.4179117831260625,0.0,4,0.7062372971379799,0.06770195464926329
CR,4.5517,3.1862,1.4286,False,204.56,204.56,prev_close_fallback,90916690.91,53.6,0.0,0.5897176285296434,0.0,5,0.7462681468441088,0.021574597248822994
DSGX,4.5418,3.1792,1.4286,False,80.13,80.13,prev_close_fallback,56941177.35,49.4,0.0,0.7970616794022037,0.0,2,0.8062278575916452,0.03317109086825331
EAF,4.5416,4.5416,1.0,True,10.57,10.57,prev_close_fallback,9347473.53,85.1,0.0,0.7399868828731031,0.0,4,0.7684209504836426,0.10747397380309809
BATRK,4.538,4.538,1.0,True,54.06,54.06,prev_close_fallback,27168934.89,76.1,0.0,1.1353642278687546,0.0,5,0.9266414611909808,0.020159079787220906
ECO,4.5349,3.1744,1.4286,False,78.22,78.22,prev_close_fallback,82878002.29,61.7,0.0,0.8168562125430607,0.0,2,0.2969840585191658,0.04840961947444377
BWMX,4.5345,3.1741,1.4286,False,16.45,16.45,prev_close_fallback,1697969.08,62.0,0.0,0.30129819802363883,0.0,2,0.5450002932547124,0.035726458623058996
BCBP,4.5314,3.172,1.4286,False,8.75,8.75,prev_close_fallback,5982462.5,53.2,0.0,0.5249301604481432,0.0,2,0.7804876063142494,0.0310857173374721
CERS,4.5255,3.1679,1.4286,False,2.61,2.61,prev_close_fallback,5667249.37,52.1,0.0,0.8380001473730749,0.0,3,0.6666660043928622,0.039846770839451755
CNET,4.5219,3.1653,1.4286,False,1.37,1.37,prev_close_fallback,3498980.01,76.9,0.0,0.0006656225528582616,0.0,2,0.09090908434108541,0.14379560462298846
ANL,4.5136,3.1595,1.4286,False,15.83,15.83,prev_close_fallback,2233296.39,53.6,0.0,1.022823929685285,0.0,2,0.5022220602153946,0.06841440287998801
ALMU,4.5132,3.1593,1.4286,False,13.36,13.36,prev_close_fallback,12429475.68,52.3,0.0,0.5396893642177675,0.0,3,0.7970608943450246,0.0663847283616396
AMPH,4.5014,4.5014,1.0,True,26.27,26.27,prev_close_fallback,15309893.57,78.1,0.0,0.9816572007069442,0.0,3,0.886792803653954,0.036162922856715934
DD,4.501,3.1507,1.4286,False,130.22,130.22,prev_close_fallback,150551250.01,50.3,0.0,0.7005267573715759,0.0,3,0.787685733677385,0.018683755447851665
CTAS,4.49,3.143,1.4286,False,197.68,197.68,prev_close_fallback,482163246.94,49.0,0.0,1.393418091025005,0.0,3,0.48706555302683424,0.0214285648123419
CAKE,4.4802,3.1362,1.4286,False,105.05,105.05,prev_close_fallback,150318150.37,44.9,0.0,0.8558130433567216,0.0,4,0.913913229237432,0.03392670726671302
BELFA,4.4789,3.1352,1.4286,False,203.15,203.15,prev_close_fallback,14569917.56,50.7,0.0,0.7919687674288901,0.0,2,0.7128058132810339,0.034939698675899106
DHR,4.4785,4.4785,1.0,True,223.77,223.77,prev_close_fallback,1103803726.28,73.9,0.0,1.2561730147017085,0.0,5,0.8955010929191682,0.025736238092474793
CNNE,4.4684,3.1279,1.4286,False,15.53,15.53,prev_close_fallback,9972589.33,51.0,0.0,0.9991435022969711,0.0,4,0.5900001525878906,0.027227902028051417
CAT,4.4669,3.1268,1.4286,False,805.25,805.25,prev_close_fallback,2049031097.5,52.6,0.0,0.8637147831281268,0.0,3,0.5894450855880422,0.020952510744916174
DDOG,4.4647,4.4647,1.0,True,256.92,256.92,prev_close_fallback,902850326.79,84.1,0.0,0.9924220219513792,0.0,5,0.6035346044748592,0.04584228903204809
ADCT,4.459,3.1213,1.4286,False,1.29,1.29,prev_close_fallback,2155099.74,43.7,0.0,0.9431229124516647,0.0,3,0.903225533547987,0.06860466169326729
APPS,4.4544,3.1181,1.4286,False,10.88,10.88,prev_close_fallback,32009395.54,53.3,0.0,1.4504561460755123,0.0,3,0.2604166563186385,0.07830880938233198
DGII,4.4527,4.4527,1.0,True,76.75,76.75,prev_close_fallback,31912650.0,76.2,0.0,1.0945165945165944,0.0,5,0.8561035180342429,0.03154397274849857
ANIP,4.4481,3.1137,1.4286,False,74.04,74.04,prev_close_fallback,37972154.87,58.1,0.0,0.7191046289435713,0.0,1,0.42842001959532655,0.03544029921569949
BP,4.4407,3.1085,1.4286,False,44.41,44.41,prev_close_fallback,475360197.37,51.9,0.0,1.2195087771746747,0.0,1,0.4245073864897938,0.02456653021887051
CTKB,4.4344,4.4344,1.0,True,5.73,5.73,prev_close_fallback,10052482.83,76.8,0.0,0.9094484598372056,0.0,2,0.9062500698492076,0.04895287642236654
CRUS,4.4324,3.1026,1.4286,False,118.8,118.8,prev_close_fallback,100726958.59,60.7,0.0,0.5360491584794839,0.0,4,0.4073708759288825,0.030395616206528992
AEIS,4.4264,3.0985,1.4286,False,278.03,278.03,prev_close_fallback,170418487.75,49.4,0.0,0.7042988824537075,0.0,4,0.769587330040821,0.041391223103660654
ANVS,4.416,3.0912,1.4286,False,1.33,1.33,prev_close_fallback,1373145.24,44.3,0.0,0.8270698539382434,0.0,4,0.9062501047737724,0.058646603534743554
AMPX,4.415,3.0905,1.4286,False,9.69,9.69,prev_close_fallback,44056164.49,47.7,0.0,1.0354201858108107,0.0,3,0.6631202603734075,0.04731682390811421
DKS,4.4146,3.0902,1.4286,False,133.25,133.25,prev_close_fallback,457290015.0,48.4,0.0,0.7165002826488569,0.0,4,0.7963522692224745,0.035737343621746014
ALGM,4.4132,3.0892,1.4286,False,35.13,35.13,prev_close_fallback,90838102.86,50.7,0.0,0.9524048929332461,0.0,4,0.5836305599323762,0.04186735995050124
CBAT,4.4128,4.4128,1.0,True,1.37,1.37,prev_close_fallback,1287663.0,68.5,0.0,1.9563783381210766,0.0,3,0.6949153295778364,0.08905109666890089
BJRI,4.4121,3.0885,1.4286,False,61.96,61.96,prev_close_fallback,25572130.82,51.0,0.0,0.6488660593138205,0.0,3,0.7230764942056958,0.03237573512652839
ANGO,4.4098,3.0869,1.4286,False,15.28,15.28,prev_close_fallback,8378329.45,57.7,0.0,0.9073168952436533,0.0,2,0.32631529282324795,0.03226440670815025
BCML,4.4057,3.084,1.4286,False,30.21,30.21,prev_close_fallback,1773024.85,54.0,0.0,1.0393593457147725,0.0,3,0.4024386130795166,0.019298239632698055
DDS,4.4056,3.0839,1.4286,False,651.79,651.79,prev_close_fallback,114949680.52,52.9,0.0,0.5596507144477205,0.0,4,0.687910460330467,0.03136746791133604
DMAC,4.4027,4.4027,1.0,True,7.83,7.83,prev_close_fallback,1689087.58,75.5,0.0,0.9697756350825144,0.0,4,0.8963414084549631,0.04782885626069534
BTGO,4.3995,3.0797,1.4286,False,7.97,7.97,prev_close_fallback,24477224.26,51.7,0.0,0.3773806073906687,0.0,2,0.8240738267434522,0.08478044639736952
CFFI,4.3906,3.0734,1.4286,False,93.01,93.01,prev_close_fallback,5988914.04,47.0,0.0,1.8046280478335146,0.0,3,0.2902103685050125,0.025622917293528502
CGNT,4.3897,3.0728,1.4286,False,8.7,8.7,prev_close_fallback,5397131.88,51.4,0.0,0.6704171771229609,0.0,3,0.6823525451873128,0.031436778352162555
CSR,4.3788,3.0652,1.4286,False,55.17,55.17,prev_close_fallback,18815727.88,60.9,0.0,1.0540976396422812,0.0,3,0.10395991924929797,0.01827079635835725
CBNA,4.3783,3.0648,1.4286,False,47.41,47.41,prev_close_fallback,1063880.4,51.0,0.0,0.8377896613190731,0.0,3,0.6041307739177023,0.04481755954801992
AVTR,4.3774,3.0642,1.4286,False,15.38,15.38,prev_close_fallback,150278442.52,53.9,0.0,0.7900497695739344,0.0,1,0.5144930941498265,0.030104031729451156
ECL,4.3723,3.0606,1.4286,False,275.37,275.37,prev_close_fallback,326569538.31,51.5,0.0,0.8230671287512754,0.0,4,0.5876849962180136,0.017994437070193027
DT,4.3641,4.3641,1.0,True,58.68,58.68,prev_close_fallback,487910706.14,73.6,0.0,1.0181159551015844,0.0,4,0.9104295207898622,0.031005447060024276
BPRN,4.3461,3.0423,1.4286,False,43.19,43.19,prev_close_fallback,1430020.85,49.0,0.0,1.120507399577167,0.0,3,0.5210086188657632,0.020664504563195952
CRBG,4.3421,3.0395,1.4286,False,34.09,34.09,prev_close_fallback,174181492.18,57.8,0.0,0.9367917549016922,0.0,3,0.2601439933575143,0.023321065895637427
CAL,4.333,3.0331,1.4286,False,12.49,12.49,prev_close_fallback,6930201.27,52.0,0.0,0.7007172980571675,0.0,4,0.6026488142230082,0.0402722316452814
CBRG,4.3177,3.0224,1.4286,False,3.68,3.68,prev_close_fallback,39560295.12,45.8,0.0,0.8075195719473716,0.0,4,0.7881356052063341,0.08750001214768555
ACU,4.3149,3.0204,1.4286,False,63.31,63.31,prev_close_fallback,4254432.09,47.9,0.0,0.39732142857142855,0.0,3,0.9037980893663542,0.0264571152056023
APLD,4.3148,3.0204,1.4286,False,27.06,27.06,prev_close_fallback,453555086.45,49.6,0.0,0.7859691702627932,0.0,2,0.6428444711126464,0.05389504775173566
ACFN,4.3137,3.0196,1.4286,False,20.8,20.8,prev_close_fallback,1131519.96,60.8,0.0,0.17095588235294118,0.0,3,0.5033110198699087,0.053461535287326487
DHC,4.3119,4.3119,1.0,True,8.12,8.12,prev_close_fallback,18961986.13,75.4,0.0,0.981277995221007,0.0,3,0.804878162245648,0.02844827555832523
BATRA,4.3101,4.3101,1.0,True,58.85,58.85,prev_close_fallback,3642226.41,72.6,0.0,0.9646146388754241,0.0,5,0.9234130607897509,0.016859827989235097
AGIO,4.3038,3.0126,1.4286,False,32.9,32.9,prev_close_fallback,36104132.67,47.1,0.0,1.4899898850909885,0.0,2,0.3834588407048299,0.03753799333946931
AVEX,4.3023,3.0116,1.4286,False,16.68,16.68,prev_close_fallback,19108107.95,46.5,0.0,0.9146538404462408,0.0,3,0.6956524894007401,0.05563548327044877
ATKR,4.2997,4.2997,1.0,True,94.54,94.54,prev_close_fallback,72178454.5,76.1,0.0,0.7911247331263835,0.0,5,0.8589733557650925,0.0020520440264641697
AZZ,4.2974,3.0082,1.4286,False,137.98,137.98,prev_close_fallback,42504737.68,41.7,0.0,0.9462749553643889,0.0,4,0.8674347360860707,0.025713913510155256
DDD,4.2913,3.0039,1.4286,False,3.43,3.43,prev_close_fallback,8777301.57,53.7,0.0,0.6264996209427194,0.0,2,0.5409837539270658,0.06355685202123691
CBRS,4.2872,3.0011,1.4286,False,206.41,206.41,prev_close_fallback,1146890352.05,47.6,0.0,0.5721181274825111,0.0,4,0.809416997209541,0.045802040409288314
CLS,4.2855,4.2855,1.0,True,373.56,373.56,prev_close_fallback,817550997.06,68.1,0.0,1.3533679987571623,0.0,4,0.8866765502530323,0.04263035121683901
CUE,4.2854,2.9998,1.4286,False,32.85,32.85,prev_close_fallback,23362590.41,56.4,0.0,0.464573461381628,0.0,3,0.5112993698853155,0.1732085321485514
AVNW,4.2851,2.9996,1.4286,False,19.95,19.95,prev_close_fallback,2544423.1,53.0,0.0,1.0898541633997176,0.0,2,0.33333393884127577,0.027819543984031428
DJCO,4.2851,2.9996,1.4286,False,655.01,655.01,prev_close_fallback,44259026.36,60.8,0.0,0.5668195944945982,0.0,3,0.2852243754225622,0.03657346787326202
APXT,4.2781,2.9947,1.4286,False,10.14,10.14,prev_close_fallback,1510454.45,57.1,0.0,0.08458646616541353,0.0,2,0.6666878596178911,0.0010355078141569092
BAND,4.274,4.274,1.0,True,61.83,61.83,prev_close_fallback,66244663.96,74.4,0.0,0.9943998506626843,0.0,4,0.802749774948765,0.07865112111253178
BAP,4.2719,2.9903,1.4286,False,383.01,383.01,prev_close_fallback,115385595.54,53.3,0.0,0.6668658301799111,0.0,3,0.5259001113788655,0.02323960405632553
BMI,4.2715,2.99,1.4286,False,130.6,130.6,prev_close_fallback,59364232.77,43.7,0.0,1.3232867671323287,0.0,2,0.5820751491496644,0.029127099164131517
CSHR,4.2691,2.9883,1.4286,False,5.84,5.84,prev_close_fallback,3137423.28,45.2,0.0,0.6768050927907973,0.0,1,0.842105411756734,0.07106162728187804
DIS,4.2591,2.9814,1.4286,False,105.56,105.56,prev_close_fallback,959764165.0,52.4,0.0,0.8671464960867212,0.0,3,0.4524818274197371,0.019477065559599768
CYRX,4.2409,4.2409,1.0,True,17.4,17.4,prev_close_fallback,11666699.74,73.7,0.0,1.036241610738255,0.0,2,0.7760617362548424,0.033045972255092315
ACA,4.2314,4.2314,1.0,True,146.52,146.52,prev_close_fallback,105963267.09,71.7,0.0,1.0620851769911503,0.0,4,0.8305071595444788,0.0026624253371705943
CRCT,4.228,4.228,1.0,True,5.92,5.92,prev_close_fallback,3970899.25,77.8,0.0,1.030771065656867,0.0,5,0.6015039373127608,0.027297283800263226
BVS,4.2205,2.9543,1.4286,False,13.52,13.52,prev_close_fallback,6226365.81,46.4,0.0,0.7193885306060409,0.0,3,0.737500454485579,0.03519230221204468
AIN,4.2174,2.9522,1.4286,False,60.64,60.64,prev_close_fallback,15479572.64,41.4,0.0,1.1501547381204216,0.0,3,0.7210884088942173,0.027407643938770584
CXDO,4.2159,2.9511,1.4286,False,5.87,5.87,prev_close_fallback,2188101.16,53.6,0.0,0.4394248309904496,0.0,4,0.5885509610102465,0.0331175272832905
CV,4.1956,2.9369,1.4286,False,6.17,6.17,prev_close_fallback,2505143.43,59.7,0.0,0.5342101374316536,0.0,3,0.28155343401544214,0.07439219878962192
BB,4.193,4.193,1.0,True,8.73,8.73,prev_close_fallback,176786855.73,58.5,0.0,2.265015678625219,0.0,3,0.7215905334831758,0.05750286648515174
DNOW,4.1917,2.9342,1.4286,False,15.91,15.91,prev_close_fallback,39374385.82,46.8,0.0,0.8199384197638616,0.0,3,0.6521739130434783,0.0278566831890294
CVCO,4.1903,2.9332,1.4286,False,543.21,543.21,prev_close_fallback,59231620.8,46.4,0.0,1.058327219369039,0.0,4,0.5500249743216544,0.02994422554815739
ECPG,4.1823,2.9276,1.4286,False,97.58,97.58,prev_close_fallback,38002531.71,53.2,0.0,0.7515727307741688,0.0,2,0.4247601056878463,0.031922526072309894
DVN,4.1794,2.9256,1.4286,False,48.9,48.9,prev_close_fallback,774517833.17,47.4,0.0,1.1103927630926818,0.0,2,0.47534516616882483,0.029726972650627063
ACHC,4.1754,2.9228,1.4286,False,27.8,27.8,prev_close_fallback,47476004.7,49.7,0.0,1.275757274105998,0.0,3,0.2953734939759036,0.043776986754080864
DHX,4.173,2.9211,1.4286,False,4.73,4.73,prev_close_fallback,1457738.71,56.9,0.0,0.6265615367143645,0.0,1,0.3333333333333333,0.047780121415038956
ADMA,4.1696,2.9187,1.4286,False,9.52,9.52,prev_close_fallback,35503889.71,45.5,0.0,0.6934091274735883,0.0,2,0.7538464247121921,0.04107142499371898
EBF,4.1616,4.1616,1.0,True,22.31,22.31,prev_close_fallback,4216143.7,68.7,0.0,0.9545983701979045,0.0,4,0.9357141592064337,0.019677263950639765
BKE,4.157,2.9099,1.4286,False,41.54,41.54,prev_close_fallback,22286625.89,44.2,0.0,0.8383813908408044,0.0,4,0.7216503089118411,0.021160319949690812
CLF,4.1567,2.9097,1.4286,False,12.5,12.5,prev_close_fallback,185979625.0,46.5,0.0,0.8747732446497836,0.0,2,0.6114651113065706,0.04263998413085938
DE,4.15,2.905,1.4286,False,694.94,694.94,prev_close_fallback,938961234.9,48.5,0.0,0.8700060689491836,0.0,3,0.5287791318051732,0.02277892554271306
APLE,4.1285,4.1285,1.0,True,16.11,16.11,prev_close_fallback,46446420.56,69.0,0.0,0.9412503295087199,0.0,5,0.8965522101277359,0.01847920031066931
AADX,4.1186,2.883,1.4286,False,12.74,12.74,prev_close_fallback,29380477.87,46.6,0.0,0.7313022513615708,0.0,3,0.6538460329237773,0.047331231457060176
CUZ,4.1185,2.8829,1.4286,False,28.49,28.49,prev_close_fallback,47886561.42,43.9,0.0,1.1185611784724123,0.0,4,0.5683448597617872,0.02004211029482897
BDSX,4.1162,4.1162,1.0,True,29.4,29.4,prev_close_fallback,2510171.97,69.0,0.0,1.4113375497774654,0.0,2,0.6520961780201278,0.058758509353825955
CDNS,4.1156,4.1156,1.0,True,322.0,322.0,prev_close_fallback,891080260.0,70.5,0.0,0.8942916096020351,0.0,5,0.8474194830509549,0.029149054296268437
BURL,4.1096,2.8767,1.4286,False,254.83,254.83,prev_close_fallback,419289640.11,43.1,0.0,0.6967429818217179,0.0,3,0.8026393426549429,0.032766924468725235
AMTB,4.1083,2.8758,1.4286,False,29.3,29.3,prev_close_fallback,12044643.69,48.8,0.0,0.9346112678797315,0.0,2,0.4566469463671063,0.028703065389250805
DOV,4.1066,2.8746,1.4286,False,187.89,187.89,prev_close_fallback,268064541.03,47.9,0.0,1.027468791835762,0.0,3,0.4445713588169643,0.02248656135890525
BTI,4.1048,2.8733,1.4286,False,56.02,56.02,prev_close_fallback,258069016.71,52.3,0.0,0.8413126013462912,0.0,2,0.3620690789149158,0.013905756277345784
BJ,4.1034,2.8724,1.4286,False,91.84,91.84,prev_close_fallback,147278291.73,51.4,0.0,1.018058915966177,0.0,3,0.3085438358231477,0.02283863996068336
BTG,4.1019,2.8713,1.4286,False,5.32,5.32,prev_close_fallback,105432721.0,46.9,0.0,1.1108335881498705,0.0,2,0.43859672605105005,0.0359022785017526
ATRC,4.0953,4.0953,1.0,True,60.77,60.77,prev_close_fallback,121706510.72,72.5,0.0,0.651557366408021,0.0,4,0.8680850488200139,0.035807132372756116
BHE,4.0933,4.0933,1.0,True,82.15,82.15,prev_close_fallback,36516497.18,70.8,0.0,0.9777057883962116,0.0,4,0.7714069231496096,0.03375533837037436
BLK,4.0847,2.8593,1.4286,False,1073.45,1073.45,prev_close_fallback,614131451.56,43.2,0.0,0.8760553040499205,0.0,3,0.6942337832959605,0.022933532430368917
BBY,4.0773,2.8541,1.4286,False,91.0,91.0,prev_close_fallback,340725840.0,52.6,0.0,0.9013044035638741,0.0,3,0.300000289723787,0.03187246901453095
CP,4.075,2.8525,1.4286,False,87.13,87.13,prev_close_fallback,215995263.19,30.4,0.0,2.7766841468334005,0.0,2,0.24678575506334863,0.01690650936061597
AME,4.0664,4.0664,1.0,True,247.74,247.74,prev_close_fallback,384975581.54,66.2,0.0,1.2818945268509283,0.0,5,0.7786564628699518,0.019879429917566437
CRWD,4.0569,4.0569,1.0,True,259.67,259.67,prev_close_fallback,3576024816.32,71.0,0.0,0.6099080559593709,0.0,3,0.9121710082321531,0.04943312664306541
DELL,4.0515,2.836,1.4286,False,536.02,536.02,prev_close_fallback,5126479386.2,56.8,0.0,0.8326040336805741,0.0,3,0.14599539126091948,0.0494570806790864
CXW,4.051,2.8357,1.4286,False,34.36,34.36,prev_close_fallback,77874536.18,40.6,0.0,1.1557824419902667,0.0,2,0.6350002288818359,0.0563445708510061
CSCO,4.0491,2.8344,1.4286,False,106.97,106.97,prev_close_fallback,2412710516.93,44.4,0.0,1.4347316029868296,0.0,2,0.3402490370917533,0.02465175954647861
AVT,4.0461,4.0461,1.0,True,100.91,100.91,prev_close_fallback,151868546.41,70.1,0.0,1.0217343636834797,0.0,3,0.7317252860325755,0.03680508700881474
COLD,4.0461,2.8323,1.4286,False,14.36,14.36,prev_close_fallback,51290615.97,56.2,0.0,0.7179913600259815,0.0,2,0.22448920011989054,0.03314762805717875
ATEC,4.0284,2.8198,1.4286,False,9.92,9.92,prev_close_fallback,24316003.39,58.2,0.0,0.6790931825506586,0.0,2,0.152671672366875,0.03860884106075501
AEO,4.027,2.8189,1.4286,False,16.08,16.08,prev_close_fallback,90287430.77,43.4,0.0,0.679817414054416,0.0,4,0.7424241913397724,0.03389303973132954
CNXN,4.0253,4.0253,1.0,True,89.02,89.02,prev_close_fallback,14918861.24,69.9,0.0,0.9189092427949161,0.0,4,0.7700447606494103,0.026016622001882237
DXPE,4.0233,4.0233,1.0,True,193.65,193.65,prev_close_fallback,25277133.7,60.8,0.0,1.6356393166321919,0.0,4,0.774607428991846,0.02452362870641238
CPA,4.0203,2.8142,1.4286,False,128.83,128.83,prev_close_fallback,50981896.62,52.2,0.0,0.9736436459201981,0.0,2,0.24029115763538816,0.03128929955372514
DSP,4.0109,2.8076,1.4286,False,12.34,12.34,prev_close_fallback,10047598.32,40.7,0.0,0.7103643933532294,0.0,3,0.8250730200480174,0.056442440886876916
ASPN,4.0105,4.0105,1.0,True,5.3,5.3,prev_close_fallback,5598231.2,58.5,0.0,2.238726840675206,0.0,3,0.5502647077819849,0.04947169143850609
AMCX,4.0102,2.8071,1.4286,False,12.03,12.03,prev_close_fallback,8284459.32,45.0,0.0,0.7625063530095114,0.0,4,0.6271182879125853,0.03183707405419962
ARM,4.007,4.007,1.0,True,306.34,306.34,prev_close_fallback,2145816708.95,65.9,0.0,1.36472848905519,0.0,3,0.6903422956680669,0.0517033618448979
CRVL,3.9966,3.9966,1.0,True,73.73,73.73,prev_close_fallback,17591241.5,72.4,0.0,0.633303994299845,0.0,4,0.7829065001154191,0.02482027256173699
BZH,3.9938,3.9938,1.0,True,33.36,33.36,prev_close_fallback,23645234.83,72.0,0.0,0.8592107676462704,0.0,3,0.6842210934206036,0.0019484343503877132
CNI,3.9932,2.7952,1.4286,False,119.92,119.92,prev_close_fallback,143973551.4,42.4,0.0,1.1920904895966948,0.0,3,0.5023546940574517,0.01681121714420154
BBSI,3.9923,2.7946,1.4286,False,31.6,31.6,prev_close_fallback,6894488.08,31.5,0.0,2.700522504354203,0.0,2,0.1839765684693098,0.030949356816094353
BBVA,3.9911,2.7938,1.4286,False,28.47,28.47,prev_close_fallback,40102271.63,44.8,0.0,1.1800536710729954,0.0,3,0.41085208278195146,0.015314368512493804
CGAU,3.9879,2.7915,1.4286,False,22.78,22.78,prev_close_fallback,26461476.6,46.7,0.0,0.7157307530066029,0.0,2,0.5641032120074925,0.030201926924435588
ANY,3.9815,3.9815,1.0,True,3.05,3.05,prev_close_fallback,1388176.98,73.3,0.0,0.7663576042536362,0.0,2,0.6666666666666666,0.09718032895041807
AVGO,3.9808,2.7866,1.4286,False,350.36,350.36,prev_close_fallback,8991288304.08,47.4,0.0,0.8155866422475938,0.0,3,0.48357843677133355,0.022181279761416636
ALGT,3.9789,2.7852,1.4286,False,76.84,76.84,prev_close_fallback,40729040.06,52.5,0.0,0.9650033015753231,0.0,3,0.20156529476931162,0.04463820543605308
COLM,3.9723,2.7806,1.4286,False,56.97,56.97,prev_close_fallback,41737362.29,49.4,0.0,0.7780295378231552,0.0,3,0.4166672779958185,0.025890819174916556
BLZE,3.9703,2.7792,1.4286,False,13.505,13.505,prev_close_fallback,25589679.37,47.9,0.0,0.637893636896186,0.0,2,0.5433886333059316,0.05631249417856159
COHU,3.9676,3.9676,1.0,True,63.7,63.7,prev_close_fallback,67795273.81,72.6,0.0,0.5026825395333978,0.0,3,0.8138074863024057,0.04979592567580476
ALTG,3.9618,2.7733,1.4286,False,5.82,5.82,prev_close_fallback,1268527.24,52.5,0.0,0.8230868049183336,0.0,2,0.26086998586765353,0.05561856305700129
BLX,3.9596,2.7717,1.4286,False,54.66,54.66,prev_close_fallback,10025737.17,44.5,0.0,0.8663177407043943,0.0,3,0.5602610396355784,0.01975850579438279
CRDO,3.9523,3.9523,1.0,True,195.97,195.97,prev_close_fallback,1824406242.76,73.2,0.0,0.6217976673591403,0.0,5,0.7124601380650053,0.04602337132263342
DGX,3.9418,2.7593,1.4286,False,236.59,236.59,prev_close_fallback,298959851.17,49.0,0.0,0.7335274845285766,0.0,1,0.43287012998939656,0.022663671621102704
AMGN,3.9342,2.7539,1.4286,False,406.04,406.04,prev_close_fallback,1366450501.16,40.4,0.0,0.7503023495606645,0.0,3,0.7646489851986117,0.021773717318875542
ABCL,3.9341,3.9341,1.0,True,12.65,12.65,prev_close_fallback,59595539.7,65.4,0.0,1.058795061036571,0.0,3,0.7896823054088462,0.053794477976756884
CYH,3.928,2.7496,1.4286,False,2.88,2.88,prev_close_fallback,3555561.74,53.2,0.0,0.8394825728796261,0.0,3,0.20000076293945312,0.04305555417581847
DHI,3.9211,2.7447,1.4286,False,140.35,140.35,prev_close_fallback,439746042.62,48.0,0.0,0.6896441668448652,0.0,4,0.48160964496117775,0.02405411276260935
CVLT,3.9176,3.9176,1.0,True,150.0,150.0,prev_close_fallback,93040500.0,61.6,0.0,1.0667934931562062,0.0,4,0.9187157193913019,0.04143998209635416
BXSL,3.9176,2.7423,1.4286,False,24.59,24.59,prev_close_fallback,29764965.68,48.8,0.0,1.1818745094799454,0.0,2,0.19827549352652366,0.014481484291095373
DRH,3.9125,3.9125,1.0,True,12.42,12.42,prev_close_fallback,40005938.05,69.2,0.0,0.7368002756830763,0.0,4,0.7777779740070748,0.021980680186318168
CNK,3.9113,3.9113,1.0,True,36.98,36.98,prev_close_fallback,87115264.12,66.8,0.0,0.9851681424945028,0.0,3,0.7471524454037671,0.02969172438657181
ARHS,3.9077,3.9077,1.0,True,9.47,9.47,prev_close_fallback,14831819.72,59.9,0.0,1.2359930787452353,0.0,4,0.892976567294009,0.050960935104327636
DAC,3.9036,2.7326,1.4286,False,154.66,154.66,prev_close_fallback,22039050.52,47.6,0.0,1.07859649122807,0.0,1,0.2895572657311,0.02195785669761769
ATLC,3.9029,2.732,1.4286,False,91.39,91.39,prev_close_fallback,10928416.13,48.0,0.0,0.869710653955511,0.0,3,0.37837871275644813,0.03297952944692525
AEMD,3.8989,3.8989,1.0,True,6.77,6.77,prev_close_fallback,65912584.41,80.7,0.0,0.015406769529107496,0.0,3,0.6625463525575086,0.11905464532718248
CSTL,3.8955,3.8955,1.0,True,35.19,35.19,prev_close_fallback,14734756.22,68.1,0.0,1.0489109667558272,0.0,3,0.6460553659955021,0.04231599721924927
ATAI,3.8953,2.7267,1.4286,False,7.35,7.35,prev_close_fallback,144171571.13,47.1,0.0,0.48877451035371583,0.0,3,0.6,0.010272097558678056
DC,3.8931,3.8931,1.0,True,6.72,6.72,prev_close_fallback,13589452.38,66.2,0.0,0.8640913046918269,0.0,3,0.8139533631116268,0.047172621655744706
ACCO,3.8916,2.7241,1.4286,False,4.3,4.3,prev_close_fallback,3169229.14,43.5,0.0,0.6581821635482952,0.0,3,0.6538470708415633,0.028604650337545248
AOS,3.8872,2.7211,1.4286,False,57.7,57.7,prev_close_fallback,89659454.19,38.0,0.0,1.4177322719111392,0.0,3,0.49186972959058667,0.01916811304514717
CERT,3.887,3.887,1.0,True,8.89,8.89,prev_close_fallback,25552794.69,67.0,0.0,0.8052311321247039,0.0,4,0.8061541043795072,0.047480304587902755
APA,3.8821,2.7175,1.4286,False,43.68,43.68,prev_close_fallback,302233278.91,49.9,0.0,0.8868144859421383,0.0,1,0.27831113584278466,0.03333331877786463
AMBA,3.8792,3.8792,1.0,True,69.86,69.86,prev_close_fallback,114343356.0,67.7,0.0,1.1266228807087215,0.0,4,0.6077983156417486,0.0555826013548564
BIRK,3.8735,2.7114,1.4286,False,31.79,31.79,prev_close_fallback,73620237.82,48.0,0.0,0.6319548498810361,0.0,4,0.4738855979356895,0.03208554497370751
AYA,3.8626,2.7038,1.4286,False,27.94,27.94,prev_close_fallback,44297753.25,48.1,0.0,0.6101699191401865,0.0,3,0.47500016505899206,0.04892627674426654
AAON,3.857,3.857,1.0,True,84.27,84.27,prev_close_fallback,110398751.8,67.9,0.0,1.004228813947453,0.0,4,0.6400751246246404,0.04139077521333018
CTS,3.8547,3.8547,1.0,True,59.54,59.54,prev_close_fallback,17788170.67,68.7,0.0,0.7564600348105502,0.0,5,0.7287833294243163,0.023197386847319073
DOCS,3.8471,2.693,1.4286,False,26.04,26.04,prev_close_fallback,74553043.42,50.0,0.0,0.8629000146698241,0.0,3,0.26153873240469855,0.035752692188807
AIR,3.8454,2.6917,1.4286,False,120.56,120.56,prev_close_fallback,62178818.74,37.1,0.0,0.7375666505089675,0.0,4,0.8401974844364114,0.03831287605904048
ASX,3.8428,3.8428,1.0,True,43.5,43.5,prev_close_fallback,317093685.0,68.4,0.0,0.6170510775072673,0.0,3,0.796728808491087,0.031977019912895116
BAH,3.8388,2.6871,1.4286,False,73.82,73.82,prev_close_fallback,115166581.52,50.4,0.0,1.0033331196718158,0.0,1,0.1681713048674845,0.029314558532245873
CRSP,3.8371,2.686,1.4286,False,55.7,55.7,prev_close_fallback,114923583.57,46.1,0.0,0.7536132140399174,0.0,2,0.46538862789514823,0.056757626535116
CODI,3.8366,2.6856,1.4286,False,11.25,11.25,prev_close_fallback,6244650.0,38.9,0.0,1.1210996613100814,0.0,3,0.5671642853279358,0.025600001017252606
COKE,3.8329,2.6831,1.4286,False,189.65,189.65,prev_close_fallback,127918920.88,51.5,0.0,0.6553002223869533,0.0,3,0.29669659336190446,0.029122057604123036
ALK,3.8298,2.6809,1.4286,False,40.03,40.03,prev_close_fallback,116448867.65,44.6,0.0,1.2967164425377444,0.0,4,0.24947134624038866,0.038421187951845806
ASAN,3.8278,2.6794,1.4286,False,9.16,9.16,prev_close_fallback,96649997.99,52.3,0.0,0.7917310741509822,0.0,2,0.1928568411845728,0.06647378707408967
ALH,3.8231,2.6762,1.4286,False,21.37,21.37,prev_close_fallback,22676562.69,40.6,0.0,1.243002808300507,0.0,3,0.43046452142609026,0.02601778734179249
AFYA,3.8164,2.6715,1.4286,False,13.73,13.73,prev_close_fallback,5200786.53,20.0,0.0,2.2352754824572982,0.0,2,0.7538456911166718,0.02916970318987052
AYI,3.8122,2.6686,1.4286,False,309.45,309.45,prev_close_fallback,116625520.6,40.2,0.0,0.9772341328804924,0.0,4,0.5732830670926518,0.029940223221602873
ACET,3.8093,2.6665,1.4286,False,8.27,8.27,prev_close_fallback,2055839.41,43.8,0.0,1.4421336336940342,0.0,2,0.19487206949986147,0.0913300861512659
DUOL,3.8078,2.6654,1.4286,False,147.75,147.75,prev_close_fallback,163876912.5,41.1,0.0,1.1178830636072667,0.0,2,0.4605772850070755,0.046127923491037434
CVI,3.8076,3.8076,1.0,True,51.3,51.3,prev_close_fallback,64141928.05,73.8,0.0,0.7205297801380436,0.0,1,0.49611389938781997,0.05471734914675334
BRKR,3.7987,3.7987,1.0,True,64.0,64.0,prev_close_fallback,170600960.0,61.7,0.0,0.8466634654341921,0.0,3,0.9084432364990628,0.05071289595482416
AXTI,3.7986,3.7986,1.0,True,75.9,75.9,prev_close_fallback,699645455.07,65.4,0.0,0.8241492993591879,0.0,3,0.772357771484733,0.07429512789287486
BCAL,3.7983,2.6588,1.4286,False,21.59,21.59,prev_close_fallback,6336449.14,46.8,0.0,0.8719206787284064,0.0,3,0.35139094269518567,0.01740262126322333
CMPS,3.7962,2.6573,1.4286,False,13.09,13.09,prev_close_fallback,38802294.75,48.6,0.0,1.3200214555354268,0.0,0,0.05384627799308806,0.06340720362877081
AMPG,3.7946,2.6562,1.4286,False,3.44,3.44,prev_close_fallback,2181820.04,48.0,0.0,0.33819471817106816,0.0,2,0.5660378716516823,0.03601745750708706
ASO,3.7934,2.6553,1.4286,False,48.13,48.13,prev_close_fallback,89972780.1,60.0,0.0,0.40018829873165823,0.0,3,0.05404588816960852,0.03980064979217807
DXCM,3.7892,2.6524,1.4286,False,87.47,87.47,prev_close_fallback,420107044.76,46.0,0.0,0.4459208764759404,0.0,1,0.5904629321497246,0.023242256256242988
AIRO,3.7823,2.6476,1.4286,False,7.21,7.21,prev_close_fallback,3140676.02,45.9,0.0,0.7155647382920111,0.0,4,0.4531250349246038,0.04712897737411003
ALLT,3.7806,3.7806,1.0,True,8.62,8.62,prev_close_fallback,4185182.34,68.8,0.0,0.4176964903608502,0.0,5,0.8190471432918106,0.03700695618021347
CDLR,3.778,2.6446,1.4286,False,23.45,23.45,prev_close_fallback,1347671.54,39.2,0.0,1.9749434487558726,0.0,2,0.0874126270538186,0.018017074877217994
CON,3.7765,2.6436,1.4286,False,34.62,34.62,prev_close_fallback,43806069.45,54.6,0.0,0.6649596155973888,0.0,2,0.12552272538641776,0.028160014544773387
BMRC,3.7708,2.6396,1.4286,False,27.78,27.78,prev_close_fallback,5750460.14,52.8,0.0,0.47198067632850244,0.0,2,0.2896554536402106,0.022102235943963502
ASC,3.7678,2.6375,1.4286,False,17.83,17.83,prev_close_fallback,10413611.46,44.8,0.0,1.112575978084068,0.0,2,0.2903221836943672,0.03135165550480822
AAOI,3.7669,2.6368,1.4286,False,101.03,101.03,prev_close_fallback,719750845.2,45.7,0.0,0.7792390088333593,0.0,2,0.4199521909445365,0.05768286759515259
DUOT,3.7659,3.7659,1.0,True,9.55,9.55,prev_close_fallback,5674705.61,55.0,0.0,1.3114892041534139,0.0,3,0.9090910076109703,0.038952871613170535
CLH,3.7618,2.6333,1.4286,False,316.07,316.07,prev_close_fallback,134102182.71,43.2,0.0,1.0306872819835957,0.0,3,0.3885787460716471,0.01917612679060367
BEKE,3.761,2.6327,1.4286,False,16.69,16.69,prev_close_fallback,96392931.18,29.6,0.0,1.3342763990587811,0.0,3,0.7830193856720388,0.018963450332997463
DOCU,3.7601,2.632,1.4286,False,68.99,68.99,prev_close_fallback,256034300.27,47.9,0.0,0.6247339121249845,0.0,1,0.40258941297239137,0.040963933498749314
DFIN,3.7576,2.6303,1.4286,False,49.22,49.22,prev_close_fallback,11935358.1,37.3,0.0,0.5097117406903378,0.0,4,0.8818183394503367,0.027986585472467528
AMBQ,3.7567,3.7567,1.0,True,68.92,68.92,prev_close_fallback,47031695.95,68.9,0.0,0.5697454609399042,0.0,2,0.7152632793757787,0.05008995977409376
AMC,3.7555,3.7555,1.0,True,2.91,2.91,prev_close_fallback,88225964.6,63.3,0.0,0.7570436239618447,0.0,4,0.8448277137792802,0.05257731705368719
AOSL,3.7487,3.7487,1.0,True,27.31,27.31,prev_close_fallback,17506528.96,64.7,0.0,0.7784347066439948,0.0,3,0.7730335980619618,0.039399481991758106
DEO,3.7479,2.6236,1.4286,False,86.83,86.83,prev_close_fallback,79360016.77,43.5,0.0,0.965458384848518,0.0,4,0.3995436295386652,0.012369002955983938
ARW,3.7472,3.7472,1.0,True,227.33,227.33,prev_close_fallback,119514201.86,64.5,0.0,0.8447301846955662,0.0,4,0.7463545192017181,0.030642665984888608
ALAB,3.7446,3.7446,1.0,True,360.51,360.51,prev_close_fallback,1647811942.44,62.7,0.0,0.7446650243503297,0.0,4,0.8624897142619554,0.05466477646346559
ATOM,3.7352,3.7352,1.0,True,4.34,4.34,prev_close_fallback,1862988.47,61.0,0.0,1.0019568559847178,0.0,4,0.7945210087656414,0.0485022864011321
ECOR,3.7263,3.7263,1.0,True,11.35,11.35,prev_close_fallback,1195041.54,70.4,0.0,0.6543831323012632,0.0,2,0.5846155606783353,0.06597355692275944
AIP,3.7249,3.7249,1.0,True,24.19,24.19,prev_close_fallback,18091701.4,63.1,0.0,0.7205508757855328,0.0,2,0.8407259770164447,0.04491524441461864
BILI,3.7224,2.6057,1.4286,False,14.81,14.81,prev_close_fallback,41057467.96,46.5,0.0,0.9381087047484381,0.0,3,0.27722788481875776,0.020222801753395542
CIX,3.7219,2.6053,1.4286,False,36.26,36.26,prev_close_fallback,2080598.7,58.3,0.0,0.18299058905542,0.0,3,0.18089411195511684,0.07429677693835497
CLDT,3.7202,3.7202,1.0,True,13.4,13.4,prev_close_fallback,4331147.88,57.9,0.0,1.0014850566177835,0.0,3,0.9047619047619048,0.023507446275040537
BKTI,3.7191,3.7191,1.0,True,74.87,74.87,prev_close_fallback,3400595.52,56.5,0.0,1.3121972699251432,0.0,3,0.8030051380549774,0.029811672066277804
ACIC,3.7171,2.602,1.4286,False,9.07,9.07,prev_close_fallback,2857866.2,43.7,0.0,1.5300390364657717,0.0,3,0.08695643159978854,0.019955893349977247
BNTX,3.717,2.6019,1.4286,False,99.26,99.26,prev_close_fallback,83739708.2,40.3,0.0,0.9523019297330615,0.0,3,0.5133377941561897,0.030431191448375878
DOCN,3.7137,3.7137,1.0,True,141.57,141.57,prev_close_fallback,457731226.18,67.9,0.0,0.5411273486430063,0.0,2,0.7265460197624071,0.06548348813076017
CIVB,3.7081,2.5957,1.4286,False,27.06,27.06,prev_close_fallback,4179687.52,37.0,0.0,1.1420432474427036,0.0,1,0.5448273321959388,0.019364360901100306
AEHR,3.704,3.704,1.0,True,97.42,97.42,prev_close_fallback,225511708.56,66.7,0.0,0.7348240051148244,0.0,4,0.6686966283224876,0.0691028702719407
AUGO,3.6975,2.5882,1.4286,False,83.07,83.07,prev_close_fallback,104994664.71,46.9,0.0,1.024028229411439,0.0,3,0.20030704949094427,0.05074032312740703
CRCL,3.695,2.5865,1.4286,False,93.0,93.0,prev_close_fallback,1618894710.0,38.8,0.0,0.7136533913314227,0.0,3,0.6789497229556226,0.06330428584929436
BVN,3.6941,2.5859,1.4286,False,32.85,32.85,prev_close_fallback,42077891.55,46.5,0.0,0.9151306493040104,0.0,2,0.2698958283834656,0.03957381062146473
ARCT,3.694,2.5858,1.4286,False,14.12,14.12,prev_close_fallback,13303157.89,40.1,0.0,1.5944382529321233,0.0,1,0.18297869491058388,0.09610477395723446
ADTN,3.6912,2.5838,1.4286,False,6.94,6.94,prev_close_fallback,11731237.3,50.6,0.0,0.7565754445745927,0.0,3,0.18181810300208162,0.03717578423050061
CION,3.688,2.5816,1.4286,False,7.13,7.13,prev_close_fallback,2411579.94,45.2,0.0,0.7610206072790705,0.0,3,0.3913047083832054,0.019354826628566062
ARXS,3.6865,2.5806,1.4286,False,51.3,51.3,prev_close_fallback,57028157.15,34.4,0.0,1.2761096018566829,0.0,2,0.5652919126500398,0.05175440755556947
CCS,3.6856,2.58,1.4286,False,62.0,62.0,prev_close_fallback,16553380.0,43.8,0.0,0.6194988576351175,0.0,4,0.5183583142186717,0.026717752025973412
CRSR,3.6856,3.6856,1.0,True,13.55,13.55,prev_close_fallback,14918685.71,62.8,0.0,0.9794643100425973,0.0,4,0.6821706515222195,0.03837637477781324
AVO,3.6849,3.6849,1.0,True,12.96,12.96,prev_close_fallback,12565886.44,57.6,0.0,1.2356769356119597,0.0,3,0.7623765180886483,0.0363426074971605
AMAL,3.673,2.5711,1.4286,False,47.21,47.21,prev_close_fallback,12406315.66,39.8,0.0,0.9893831576544009,0.0,3,0.4835522394427525,0.02190213204492826
AER,3.6728,3.6728,1.0,True,145.42,145.42,prev_close_fallback,171820998.84,58.1,0.0,1.3813211459523507,0.0,5,0.6577945179728892,0.018807564758303696
ADI,3.6704,3.6704,1.0,True,382.61,382.61,prev_close_fallback,1370088096.55,67.4,0.0,0.662403306431344,0.0,3,0.642779801725889,0.026988320670916152
CRL,3.668,3.668,1.0,True,294.44,294.44,prev_close_fallback,347082930.48,53.0,0.0,1.3495194224586229,0.0,3,0.8727918138790747,0.037729236822167014
APPN,3.6628,2.564,1.4286,False,37.61,37.61,prev_close_fallback,29861964.38,42.8,0.0,0.6304865300570536,0.0,2,0.5368708491135628,0.0536346629698285
CROX,3.6623,3.6623,1.0,True,123.44,123.44,prev_close_fallback,167632757.72,63.5,0.0,0.7403480092193725,0.0,4,0.7521565434234968,0.035644840813650436
CLW,3.6593,2.5615,1.4286,False,20.27,20.27,prev_close_fallback,2988406.17,44.9,0.0,1.1408804178254086,0.0,3,0.19383279529868067,0.04548596362694708
BWLP,3.654,2.5578,1.4286,False,24.06,24.06,prev_close_fallback,9328542.99,53.5,0.0,0.745125348189415,0.0,1,0.04365030407847382,0.029384878466770712
AUDC,3.6516,3.6516,1.0,True,10.53,10.53,prev_close_fallback,1126394.07,58.8,0.0,0.9684958399551276,0.0,3,0.8167933985374571,0.02602088211706647
DIN,3.6464,2.5525,1.4286,False,29.01,29.01,prev_close_fallback,14589419.22,31.9,0.0,0.9926229345210873,0.0,4,0.7790089824651392,0.040326570361064025
CCC,3.6435,2.5505,1.4286,False,6.87,6.87,prev_close_fallback,103452236.78,35.8,0.0,0.7358344594931119,0.0,4,0.75,0.042707431455177934
AMRX,3.6417,3.6417,1.0,True,19.805,19.805,prev_close_fallback,68319131.0,67.3,0.0,0.49423264793787086,0.0,2,0.7031421452155717,0.05344104756728063
DK,3.6369,2.5458,1.4286,False,66.91,66.91,prev_close_fallback,244244931.87,43.3,0.0,1.4668182503047653,0.0,1,0.07968857066974586,0.0652219354373783
COOK,3.6367,2.5457,1.4286,False,46.73,46.73,prev_close_fallback,1979482.78,34.3,0.0,1.928706326723324,0.0,2,0.2106822876871268,0.046083886279408084
BIIB,3.636,3.636,1.0,True,226.36,226.36,prev_close_fallback,248790013.07,58.7,0.0,0.9413241863723626,0.0,4,0.8191693178594027,0.023630509192314873
BMNR,3.6338,3.6338,1.0,True,28.03,28.03,prev_close_fallback,1235385560.96,59.5,0.0,0.7518158792694689,0.0,3,0.8761194284787046,0.04948626453842947
AMTX,3.6328,2.5429,1.4286,False,1.77,1.77,prev_close_fallback,1768477.78,48.4,0.0,1.0159737374141762,0.0,2,0.09999990463256836,0.08276837109461607
BXC,3.6322,2.5425,1.4286,False,73.82,73.82,prev_close_fallback,13311222.34,40.0,0.0,1.553349600709849,0.0,3,0.16760307718903966,0.059617992844988005
CTO,3.6311,2.5418,1.4286,False,20.55,20.55,prev_close_fallback,10791010.1,39.4,0.0,0.9438022509569424,0.0,4,0.4947357220011484,0.01776155598073086
ATEX,3.629,2.5403,1.4286,False,81.33,81.33,prev_close_fallback,26095544.39,40.1,0.0,0.7046687028610609,0.0,3,0.5846906367190121,0.04851101576478839
DH,3.6254,2.5378,1.4286,False,1.01,1.01,prev_close_fallback,1133906.79,37.2,0.0,0.5963408985641501,0.0,1,0.7530865651081641,0.06188118280166383
AZO,3.6135,2.5295,1.4286,False,2861.75,2861.75,prev_close_fallback,1327251032.5,39.9,0.0,1.038832230104142,0.0,3,0.41323286658300223,0.030806328213724123
AVBP,3.6127,2.5289,1.4286,False,30.1,30.1,prev_close_fallback,20300042.26,35.2,0.0,0.9029981317280034,0.0,2,0.669833802393202,0.04676078661084366
DBI,3.6082,3.6082,1.0,True,6.27,6.27,prev_close_fallback,5340158.98,65.4,0.0,0.8448984384172831,0.0,3,0.5689017615840212,0.05321800791299584
AES,3.6046,3.6046,1.0,True,14.85,14.85,prev_close_fallback,119634424.57,66.7,0.0,0.7647659749832116,0.0,2,0.5555567329292587,0.0027609352404421605
DAL,3.6017,3.6017,1.0,True,82.76,82.76,prev_close_fallback,722727374.26,64.0,0.0,0.7161039802766807,0.0,4,0.6841493582595737,0.028540351024045223
AAL,3.6012,3.6012,1.0,True,13.35,13.35,prev_close_fallback,1080904941.89,63.8,0.0,1.038244630567693,0.0,3,0.5298013705118894,0.03505617391590093
AMKR,3.5992,3.5992,1.0,True,52.69,52.69,prev_close_fallback,205464649.64,62.1,0.0,0.6924990383382484,0.0,3,0.7698743384132132,0.04040613748534194
CADL,3.5987,2.5191,1.4286,False,11.55,11.55,prev_close_fallback,13763788.73,35.5,0.0,0.7388790520865676,0.0,3,0.7295377168039577,0.059012994163265574
CAAP,3.5964,2.5175,1.4286,False,23.55,23.55,prev_close_fallback,4657247.85,43.9,0.0,1.1154935275080906,0.0,2,0.20454440366442217,0.0246241875140014
CACI,3.5858,2.51,1.4286,False,616.82,616.82,prev_close_fallback,160434883.91,47.5,0.0,0.8904267589388697,0.0,4,0.1657177714518097,0.027500749803655834
BDX,3.5805,2.5064,1.4286,False,179.23,179.23,prev_close_fallback,368016534.83,50.2,0.0,0.6841602867551088,0.0,2,0.1552510381538976,0.02176533543242786
EDHL,3.5777,3.5777,1.0,True,5.44,5.44,prev_close_fallback,3354249.64,67.2,0.0,0.136070970985582,0.0,2,0.8232043427478806,0.10878675448066956
CDZI,3.5751,2.5026,1.4286,False,3.71,3.71,prev_close_fallback,2949375.83,36.9,0.0,0.9128531535384538,0.0,2,0.5714286795548915,0.05363882014807914
ANET,3.5705,3.5705,1.0,True,205.7,205.7,prev_close_fallback,1119178714.4,62.2,0.0,0.6537421680148066,0.0,3,0.756662680560868,0.030047152403556033
BWMN,3.5695,3.5695,1.0,True,42.56,42.56,prev_close_fallback,15356925.3,65.2,0.0,0.5049469279161932,0.0,2,0.7083366446793292,0.0019971588752343964
BBD,3.5687,2.4981,1.4286,False,3.38,3.38,prev_close_fallback,83461024.63,46.7,0.0,1.1029089270028563,0.0,3,0.0800008773803711,0.02455620287529975
CHRW,3.5685,2.4979,1.4286,False,146.2,146.2,prev_close_fallback,227222573.26,48.8,0.0,0.9624949330519434,0.0,2,0.06314145255810256,0.026983582607192736
ANIK,3.5676,2.4973,1.4286,False,20.23,20.23,prev_close_fallback,1384945.77,42.2,0.0,1.2854221443178497,0.0,2,0.1666664363104115,0.026742452113102853
ALLE,3.5666,2.4966,1.4286,False,152.48,152.48,prev_close_fallback,181333785.32,45.1,0.0,0.8291079101603559,0.0,3,0.2778875582749974,0.01873903163095179
ASIC,3.5566,2.4896,1.4286,False,26.54,26.54,prev_close_fallback,2213170.68,47.8,0.0,0.8550185873605948,0.0,2,0.1487890643562004,0.032720406559899225
BW,3.5543,2.488,1.4286,False,6.17,6.17,prev_close_fallback,31697696.69,41.7,0.0,1.445831443592953,0.0,1,0.0977919281248477,0.06912479438812906
BWFG,3.5492,2.4844,1.4286,False,66.0,66.0,prev_close_fallback,5357220.0,44.6,0.0,0.9547862510779844,0.0,3,0.2219175104303404,0.01933332501035748
BCPC,3.5472,2.4831,1.4286,False,167.84,167.84,prev_close_fallback,45301693.41,40.0,0.0,0.5905672261124079,0.0,3,0.5869241390568566,0.017892030609946104
CHD,3.5403,2.4782,1.4286,False,95.33,95.33,prev_close_fallback,162500474.42,39.5,0.0,0.7344201899554736,0.0,3,0.5327876028716512,0.014685835896872805
CSV,3.5342,2.474,1.4286,False,31.98,31.98,prev_close_fallback,6092189.91,35.0,0.0,0.8582677165354331,0.0,3,0.6448277268201054,0.02720449366095834
BCYC,3.5327,2.4729,1.4286,False,3.73,3.73,prev_close_fallback,1504383.61,25.9,0.0,2.0331250619855203,0.0,2,0.42105273064480914,0.040616605412907104
CBC,3.5302,2.4712,1.4286,False,32.0,32.0,prev_close_fallback,76761600.0,42.4,0.0,0.5413123228280807,0.0,2,0.505773586601156,0.02335937023162842
CLFD,3.5282,3.5282,1.0,True,30.53,30.53,prev_close_fallback,4462875.5,62.1,0.0,0.920098508687919,0.0,3,0.5822455309299092,0.03354080304685974
ACLS,3.5278,3.5278,1.0,True,116.14,116.14,prev_close_fallback,43911372.37,59.2,0.0,1.0195985082916765,0.0,4,0.6505791456032839,0.04014980389158245
CNM,3.5268,2.4687,1.4286,False,41.62,41.62,prev_close_fallback,119965068.72,40.8,0.0,0.8370484216223343,0.0,2,0.4162304396888325,0.027198471408055022
AMAT,3.5252,3.5252,1.0,True,474.25,474.25,prev_close_fallback,3304398527.5,60.1,0.0,0.5970322763981439,0.0,4,0.823683921635874,0.03369952067614984
APG,3.5244,2.4671,1.4286,False,37.83,37.83,prev_close_fallback,134007106.99,37.4,0.0,0.65885640888111,0.0,5,0.6424480602649721,0.024544021180795465
CHKP,3.52,2.464,1.4286,False,136.29,136.29,prev_close_fallback,193552233.97,43.2,0.0,0.4781889237052424,0.0,3,0.49510170251504815,0.037809084538666514
BUSE,3.5181,2.4627,1.4286,False,30.0,30.0,prev_close_fallback,28237800.0,38.5,0.0,0.9823003208465249,0.0,2,0.43307075971134423,0.016433321634928385
CCSI,3.5158,2.461,1.4286,False,35.37,35.37,prev_close_fallback,4893793.05,49.2,0.0,0.5059265683723619,0.0,2,0.2399046416086609,0.037042706815215175
BNED,3.5049,2.4534,1.4286,False,11.13,11.13,prev_close_fallback,2592399.63,33.1,0.0,0.8522239395500601,0.0,4,0.7037038905887957,0.031509424795583385
CBT,3.4937,2.4456,1.4286,False,78.65,78.65,prev_close_fallback,35093630.68,39.2,0.0,0.658000896458987,0.0,2,0.5469733289797478,0.02479338794873862
ANDG,3.4923,2.4446,1.4286,False,53.37,53.37,prev_close_fallback,24743932.6,38.6,0.0,1.0279748937730517,0.0,1,0.3857673220468779,0.03906688943488943
BSVN,3.4892,2.4425,1.4286,False,55.29,55.29,prev_close_fallback,3265427.45,40.8,0.0,0.5384354893328818,0.0,4,0.5410612412272706,0.025664033273960805
AQST,3.4754,2.4328,1.4286,False,4.82,4.82,prev_close_fallback,11226551.6,31.7,0.0,1.2902076285012622,0.0,3,0.521008490910038,0.05064316129966019
CNXC,3.4727,2.4309,1.4286,False,29.39,29.39,prev_close_fallback,65405092.44,33.7,0.0,0.985297157390515,0.0,1,0.5903613098657753,0.06607010372757843
BYRN,3.4636,2.4245,1.4286,False,3.62,3.62,prev_close_fallback,1064859.17,40.8,0.0,0.6285694859940169,0.0,1,0.47916642866189996,0.0555248501980455
APP,3.4612,2.4229,1.4286,False,312.47,312.47,prev_close_fallback,1683991452.88,45.6,0.0,0.7361452065114329,0.0,1,0.22937177620083962,0.04919129443773753
ANIX,3.4609,2.4227,1.4286,False,2.78,2.78,prev_close_fallback,1075387.39,35.1,0.0,0.6661841118837732,0.0,2,0.6874997206033775,0.04928055477774114
BSBR,3.457,2.4199,1.4286,False,5.71,5.71,prev_close_fallback,15127902.8,41.2,0.0,1.177864926378724,0.0,3,0.18181805045805277,0.017513126383224418
CAC,3.456,2.4192,1.4286,False,56.9,56.9,prev_close_fallback,5944343.16,47.3,0.0,0.5207236527232698,0.0,2,0.26639421791626733,0.01954306229943509
BNS,3.453,2.4171,1.4286,False,92.23,92.23,prev_close_fallback,128245819.67,48.4,0.0,0.5866954332973751,0.0,2,0.18937662653447063,0.015710703759712216
BCC,3.4498,2.4149,1.4286,False,76.1,76.1,prev_close_fallback,29095312.42,42.5,0.0,0.705934663772134,0.0,2,0.36345590864734795,0.026936936385986814
DRI,3.4493,2.4145,1.4286,False,207.24,207.24,prev_close_fallback,318716476.85,33.9,0.0,1.270295400901223,0.0,3,0.42441081193952357,0.026085688509397326
DNLI,3.4475,2.4132,1.4286,False,20.47,20.47,prev_close_fallback,39546401.07,34.4,0.0,1.176549753612986,0.0,3,0.44769837412583224,0.0421836952900973
CRC,3.4458,2.4121,1.4286,False,52.43,52.43,prev_close_fallback,53187089.51,43.1,0.0,1.0371239304443831,0.0,3,0.1708769099703043,0.032147609793505776
BHP,3.444,2.4108,1.4286,False,85.09,85.09,prev_close_fallback,213644813.71,34.7,0.0,1.3261855735798407,0.0,2,0.36111098496373767,0.018968142501925057
AGL,3.4397,2.4078,1.4286,False,75.83,75.83,prev_close_fallback,19459495.07,38.2,0.0,1.458576884108799,0.0,1,0.14985702282868316,0.07706186319005874
DV,3.4346,2.4042,1.4286,False,13.37,13.37,prev_close_fallback,63924643.45,56.1,0.0,0.2516104743579018,0.0,1,0.03448355240441058,0.004151086835649387
BFAM,3.4346,2.4042,1.4286,False,66.34,66.34,prev_close_fallback,78707098.46,38.8,0.0,0.7160196220562701,0.0,2,0.492580868449009,0.03316249231195278
CBZ,3.4305,2.4014,1.4286,False,54.68,54.68,prev_close_fallback,49296754.28,37.7,0.0,0.4246020742055349,0.0,2,0.6818213344430573,0.0018105300992030575
CRI,3.4203,2.3942,1.4286,False,30.26,30.26,prev_close_fallback,49659383.78,38.5,0.0,0.8398076887922051,0.0,4,0.4361370772042658,0.04117646094804555
BGS,3.416,2.3912,1.4286,False,3.02,3.02,prev_close_fallback,6744143.16,38.0,0.0,0.9336545522936108,0.0,4,0.40540552731406093,0.03476821056118524
BABA,3.4086,2.386,1.4286,False,110.63,110.63,prev_close_fallback,1039274788.7,42.5,0.0,0.7934193088251731,0.0,2,0.28997072996549583,0.02143993015410853
AVBC,3.3949,2.3764,1.4286,False,21.69,21.69,prev_close_fallback,4039328.8,43.1,0.0,0.9171454652848628,0.0,1,0.19210111341872455,0.019442143187973555
EARN,3.3875,2.3712,1.4286,False,4.17,4.17,prev_close_fallback,1244870.12,41.9,0.0,0.8042742772920645,0.0,2,0.2916670805873833,0.019664295211823186
CCNE,3.3854,2.3698,1.4286,False,33.91,33.91,prev_close_fallback,5638554.77,37.7,0.0,0.986889583834496,0.0,2,0.3673472565342855,0.018224702206685945
CNS,3.3848,2.3693,1.4286,False,75.15,75.15,prev_close_fallback,23950305.49,27.9,0.0,1.0144336366488862,0.0,3,0.7480800535346587,0.029394528622716146
BMO,3.3723,2.3606,1.4286,False,171.06,171.06,prev_close_fallback,102943906.53,42.5,0.0,0.8220338983050848,0.0,3,0.2499995665118247,0.017245420133181238
ARDT,3.3652,2.3557,1.4286,False,10.48,10.48,prev_close_fallback,4721239.79,42.6,0.0,1.0448390677025527,0.0,3,0.1304346473996828,0.034093476102995374
BSX,3.3617,2.3532,1.4286,False,44.68,44.68,prev_close_fallback,1000760072.04,33.0,0.0,0.7722072881131189,0.0,3,0.6490062209871476,0.025246200798900737
DCTH,3.3605,2.3524,1.4286,False,16.08,16.08,prev_close_fallback,6402251.97,36.0,0.0,0.694461886223785,0.0,2,0.5656561569806087,0.03025497384453282
EC,3.3495,2.3447,1.4286,False,16.37,16.37,prev_close_fallback,24721811.57,42.2,0.0,1.0513908845906808,0.0,2,0.12987065531064607,0.033475865982258275
DAIC,3.3447,2.3413,1.4286,False,3.41,3.41,prev_close_fallback,45657548.25,50.7,0.0,0.02926215017801515,0.0,2,0.2969924863416294,0.23777127017040356
CDE,3.3396,2.3377,1.4286,False,18.94,18.94,prev_close_fallback,745723125.83,37.0,0.0,1.2915120341595188,0.0,2,0.2139539876457015,0.04508976069019029
AG,3.3346,2.3342,1.4286,False,18.76,18.76,prev_close_fallback,172653534.91,38.3,0.0,0.9474556897106249,0.0,2,0.3293649892598126,0.043763330978971074
ARX,3.3346,2.3342,1.4286,False,19.74,19.74,prev_close_fallback,46692205.86,37.3,0.0,0.5085906585044137,0.0,4,0.5897433389412732,0.005116535234498082
CBNK,3.3285,2.3299,1.4286,False,35.98,35.98,prev_close_fallback,1965587.37,35.8,0.0,1.0415522606626395,0.0,3,0.3779522592311135,0.016731518994870728
ANDE,3.3272,2.329,1.4286,False,66.79,66.79,prev_close_fallback,21931164.7,40.0,0.0,1.1070166889998783,0.0,2,0.174855405295154,0.02811797952069035
AIG,3.3269,2.3288,1.4286,False,74.82,74.82,prev_close_fallback,312719915.32,40.4,0.0,0.7579857547199154,0.0,2,0.3345867357328675,0.017703792803906406
CTBI,3.323,2.3261,1.4286,False,75.29,75.29,prev_close_fallback,9253141.11,39.5,0.0,0.7184703010577705,0.0,2,0.38647311835883225,0.018133381398691528
CRNC,3.3195,2.3236,1.4286,False,7.93,7.93,prev_close_fallback,4516848.6,40.3,0.0,0.8953808880071631,0.0,3,0.262626072883854,0.04616643661628408
CARS,3.3157,2.321,1.4286,False,10.61,10.61,prev_close_fallback,7455646.76,38.8,0.0,0.9813576206062331,0.0,3,0.2777777483433884,0.04043355420047709
COLL,3.3118,2.3182,1.4286,False,22.64,22.64,prev_close_fallback,21283637.03,37.2,0.0,0.6915295344062803,0.0,2,0.485293787656094,0.041987635932292496
ACHV,3.3091,2.3164,1.4286,False,7.83,7.83,prev_close_fallback,12524163.18,34.5,0.0,0.7134059805815531,0.0,2,0.5785713482876268,0.04942527419659332
BAFN,3.3075,2.3153,1.4286,False,7.12,7.12,prev_close_fallback,1969605.57,50.0,0.0,0.26425188880454037,0.0,0,0.18493148895338166,0.1113764239650323
BHB,3.3073,2.3151,1.4286,False,39.73,39.73,prev_close_fallback,5350836.34,34.3,0.0,0.6793881793881794,0.0,2,0.6039885885069963,0.026856256386833546
AESI,3.3056,2.3139,1.4286,False,10.99,10.99,prev_close_fallback,43760200.89,43.8,0.0,1.1096182147862033,0.0,1,0.0063089916744535025,0.06719746438907136
BUD,3.3004,2.3102,1.4286,False,77.42,77.42,prev_close_fallback,149273498.47,38.7,0.0,1.0778486593019034,0.0,4,0.22368362934021851,0.013265321809287996
BKV,3.294,2.3058,1.4286,False,23.08,23.08,prev_close_fallback,37796731.08,27.7,0.0,1.4504408783371192,0.0,1,0.47249188141840154,0.03806324943285715
CBL,3.2834,2.2984,1.4286,False,52.31,52.31,prev_close_fallback,15382279.0,32.9,0.0,1.2075766850302658,0.0,1,0.3791677795589214,0.023947139562473182
BOTJ,3.2823,2.2976,1.4286,False,26.69,26.69,prev_close_fallback,1179964.92,34.8,0.0,0.8617959737615924,0.0,2,0.4760002136230469,0.02903709196300187
DLR,3.2768,2.2938,1.4286,False,181.0,181.0,prev_close_fallback,376085420.0,38.9,0.0,0.6204098526340106,0.0,1,0.42868227874153964,0.023243173206891603
DBVT,3.27,2.289,1.4286,False,11.6,11.6,prev_close_fallback,2684936.09,33.6,0.0,1.4408537112244015,0.0,1,0.22602748673999948,0.04729309419786209
BFC,3.2614,2.283,1.4286,False,150.32,150.32,prev_close_fallback,10197709.3,40.8,0.0,0.6441627358490566,0.0,2,0.3300357914914368,0.018300664954699886
BSY,3.2589,2.2812,1.4286,False,31.9,31.9,prev_close_fallback,105371759.74,37.4,0.0,0.507993787823286,0.0,1,0.5329269906816413,0.033703751474497855
ARLO,3.2534,2.2774,1.4286,False,13.02,13.02,prev_close_fallback,16331377.17,35.0,0.0,1.4351087831750815,0.0,3,0.15929228933294287,0.04185866136945283
BCO,3.2455,2.2718,1.4286,False,105.85,105.85,prev_close_fallback,48161749.31,45.1,0.0,0.6325274725274725,0.0,4,0.15279212588423416,0.027756256662205794
CELH,3.238,2.2666,1.4286,False,28.43,28.43,prev_close_fallback,204642838.1,37.2,0.0,0.7961095451179682,0.0,1,0.3785713409890695,0.03468165593551055
DVA,3.2378,2.2665,1.4286,False,174.67,174.67,prev_close_fallback,148328015.75,44.3,0.0,0.9566763621804307,0.0,2,0.016331822881213525,0.03299363956498255
CTGO,3.2365,2.2656,1.4286,False,18.13,18.13,prev_close_fallback,8642570.6,42.6,0.0,0.6639395846444305,0.0,3,0.2304343283062241,0.05438498208533497
AKAN,3.2325,2.2627,1.4286,False,3.13,3.13,prev_close_fallback,7182536.46,42.3,0.0,0.1014494016751353,0.0,2,0.5212767063735132,0.09677315318537875
CIG,3.232,2.2624,1.4286,False,2.07,2.07,prev_close_fallback,10696289.96,42.9,0.0,0.6961869761519094,0.0,2,0.19999968210876332,0.02705318427602929
ADSK,3.2287,2.2601,1.4286,False,211.35,211.35,prev_close_fallback,490661720.17,42.7,0.0,0.9068040455555747,0.0,2,0.09749908473124734,0.031876031782175976
CLNE,3.2256,2.2579,1.4286,False,1.64,1.64,prev_close_fallback,3679766.37,45.9,0.0,0.4088672585303241,0.0,2,0.21739107899947133,0.04939024811305868
AII,3.2199,2.2539,1.4286,False,25.33,25.33,prev_close_fallback,6329713.68,42.6,0.0,0.4994197446876626,0.0,2,0.2982456580643596,0.03639953871228741
DQ,3.2192,2.2535,1.4286,False,11.45,11.45,prev_close_fallback,7644248.87,37.9,0.0,1.022737485395884,0.0,2,0.22764214404674402,0.03624451376976636
CVE,3.2137,2.2496,1.4286,False,31.28,31.28,prev_close_fallback,246014703.0,40.2,0.0,0.7942992427132126,0.0,1,0.24396794220474302,0.02907928855234882
CZNC,3.2125,2.2488,1.4286,False,25.48,25.48,prev_close_fallback,1447773.57,40.5,0.0,0.7074973600844773,0.0,2,0.2764225625121148,0.018681334886559913
AVBH,3.2116,2.2481,1.4286,False,31.2,31.2,prev_close_fallback,2444520.06,41.7,0.0,0.9189534141671984,0.0,3,0.12087981186412969,0.01634614855580089
AAP,3.2111,2.2478,1.4286,False,41.43,41.43,prev_close_fallback,73189409.94,40.8,0.0,0.9444802952597675,0.0,3,0.1425577022888981,0.038498683225073764
CC,3.2082,2.2457,1.4286,False,14.19,14.19,prev_close_fallback,27686108.18,37.1,0.0,1.1471477628004716,0.0,3,0.1874998935632141,0.03273433757907718
CHE,3.2048,2.2434,1.4286,False,495.65,495.65,prev_close_fallback,90049690.89,42.8,0.0,0.804711580801409,0.0,2,0.1272785157038826,0.02542721069578786
AEM,3.1972,2.238,1.4286,False,193.88,193.88,prev_close_fallback,333202176.39,38.4,0.0,0.9181892237868032,0.0,2,0.24472648998521335,0.027718186196887797
CI,3.1939,2.2357,1.4286,False,265.5,265.5,prev_close_fallback,407813310.0,41.2,0.0,1.0494003984323121,0.0,1,0.06401731800043564,0.02264029580096516
BORR,3.1934,2.2354,1.4286,False,4.26,4.26,prev_close_fallback,27233798.06,38.5,0.0,0.6747944206941753,0.0,1,0.35743051871824677,0.04739439848450861
CRK,3.1892,2.2324,1.4286,False,13.82,13.82,prev_close_fallback,38332533.15,27.2,0.0,1.2595089591520352,0.0,4,0.5133077448866923,0.048191034357118606
DPRO,3.1891,2.2323,1.4286,False,5.57,5.57,prev_close_fallback,4981919.55,33.8,0.0,0.6957581449430916,0.0,2,0.5342470316887677,0.0615080706612721
ATR,3.1889,2.2322,1.4286,False,123.38,123.38,prev_close_fallback,56909023.73,38.8,0.0,0.8177777777777778,0.0,2,0.26971945961371585,0.016120927080906892
CHMG,3.1818,2.2273,1.4286,False,82.09,82.09,prev_close_fallback,6610707.41,33.9,0.0,1.154849124549857,0.0,1,0.2957426223500265,0.023492211554270885
CARL,3.1816,2.2271,1.4286,False,14.82,14.82,prev_close_fallback,1210793.98,42.0,0.0,0.5532435740514076,0.0,3,0.26896513168928626,0.04473685023374674
AGI,3.1797,2.2258,1.4286,False,34.1,34.1,prev_close_fallback,143947005.56,37.2,0.0,1.0563283522689586,0.0,2,0.2108840889421736,0.03255130544315933
DBX,3.1759,2.2231,1.4286,False,32.66,32.66,prev_close_fallback,179683561.56,38.6,0.0,1.205567794330418,0.0,1,0.07627800430776473,0.041365568187246744
CMDB,3.1706,2.2194,1.4286,False,22.8,22.8,prev_close_fallback,1451903.95,35.9,0.0,0.7836055276381909,0.0,2,0.39158544489367614,0.04306141679534299
AS,3.1702,2.2192,1.4286,False,26.77,26.77,prev_close_fallback,210794211.5,40.1,0.0,0.6196383918763263,0.0,3,0.30663626547156914,0.03352632205192804
DXYZ,3.1625,2.2137,1.4286,False,29.14,29.14,prev_close_fallback,24025346.7,39.9,0.0,1.1418105957694547,0.0,1,0.04516111566413912,0.03882635351064738
AEXA,3.1618,2.2132,1.4286,False,11.19,11.19,prev_close_fallback,1214786.35,32.4,0.0,1.0114222549742078,0.0,2,0.4117627259365639,0.017158195314041384
ARCC,3.1539,2.2077,1.4286,False,19.13,19.13,prev_close_fallback,93814089.78,38.3,0.0,0.946242172254248,0.0,2,0.2045438289626831,0.012573935617350127
ARE,3.1528,2.2069,1.4286,False,50.48,50.48,prev_close_fallback,107941887.82,42.2,0.0,0.7613956816364326,0.0,2,0.1392403535211356,0.0383914446193687
CRAI,3.1488,2.2041,1.4286,False,162.57,162.57,prev_close_fallback,20992665.05,34.6,0.0,0.7937737164098195,0.0,2,0.4232810213127176,0.03343172656611654
DG,3.146,2.2022,1.4286,False,122.53,122.53,prev_close_fallback,312733315.88,37.9,0.0,0.9108255299141951,0.0,3,0.2315590762085227,0.027593222073974927
ATHM,3.1427,2.1999,1.4286,False,21.3,21.3,prev_close_fallback,10741802.62,34.6,0.0,0.6194602526223949,0.0,3,0.5042009802821596,0.025633808391510454
CFFN,3.1362,2.1954,1.4286,False,8.66,8.66,prev_close_fallback,9944970.62,35.4,0.0,0.8516344763928316,0.0,1,0.35416645970630833,0.019053113713660714
CAPR,3.1362,2.1953,1.4286,False,8.57,8.57,prev_close_fallback,23144912.48,38.8,0.0,0.8885877312834868,0.0,1,0.19736798351146762,0.06907813853449742
BEAM,3.1338,2.1937,1.4286,False,24.66,24.66,prev_close_fallback,48471449.1,27.3,0.0,1.1614833205297137,0.0,3,0.5195821960206631,0.0503649641246747
AIRS,3.1272,2.189,1.4286,False,2.03,2.03,prev_close_fallback,1842793.37,25.8,0.0,1.8631166141576152,0.0,2,0.2255638464261866,0.09251233522545295
COP,3.1214,2.185,1.4286,False,129.34,129.34,prev_close_fallback,1018614554.36,39.0,0.0,0.680796599064438,0.0,2,0.2839648309254392,0.02644192847315602
AMCR,3.1187,2.1831,1.4286,False,42.1,42.1,prev_close_fallback,152764475.46,32.1,0.0,1.1562554256313022,0.0,3,0.32044064988903664,0.017909750602151345
AMRC,3.1167,2.1817,1.4286,False,21.67,21.67,prev_close_fallback,14381295.55,40.7,0.0,0.7249303096511716,0.0,2,0.1924121650574815,0.048684840433608025
AAT,3.1055,2.1739,1.4286,False,21.49,21.49,prev_close_fallback,10193566.49,40.0,0.0,0.6130623603322511,0.0,3,0.2673271253241076,0.01512333108102291
CMCO,3.1013,2.1709,1.4286,False,16.03,16.03,prev_close_fallback,7502200.62,34.9,0.0,0.904681523899062,0.0,3,0.3230773444239907,0.047223957106908014
ACNB,3.0997,2.1698,1.4286,False,63.44,63.44,prev_close_fallback,4824611.9,35.4,0.0,0.7613412228796844,0.0,3,0.37179430749021136,0.022146915756461882
ARMK,3.0972,2.1681,1.4286,False,54.32,54.32,prev_close_fallback,134720117.64,39.1,0.0,1.108373788365079,0.0,3,0.050488796662452276,0.025497065871366888
APEI,3.0964,2.1675,1.4286,False,42.71,42.71,prev_close_fallback,13191410.32,29.0,0.0,1.1331995078676422,0.0,2,0.44240378234692485,0.04633575588795097
ATAT,3.0942,2.1659,1.4286,False,32.35,32.35,prev_close_fallback,26884466.23,33.1,0.0,0.6237891823596655,0.0,3,0.5291661467816269,0.027959816083236107
BCAX,3.0907,2.1635,1.4286,False,19.78,19.78,prev_close_fallback,14412499.7,27.1,0.0,1.8859793588054459,0.0,1,0.13714042640048404,0.05704245065555223
CBLL,3.0865,2.1606,1.4286,False,23.82,23.82,prev_close_fallback,10078241.87,41.2,0.0,0.508390451429922,0.0,1,0.2585141935837331,0.03588999995195596
CGON,3.0825,2.1577,1.4286,False,68.76,68.76,prev_close_fallback,79388235.67,34.7,0.0,1.2508552967771551,0.0,1,0.14419615746811826,0.050508997991791635
ACN,3.0746,2.1522,1.4286,False,177.41,177.41,prev_close_fallback,956262983.04,41.2,0.0,0.8598308389593572,0.0,1,0.07629046210641001,0.03798546488775618
CCL,3.0737,2.1516,1.4286,False,21.79,21.79,prev_close_fallback,536858991.96,34.9,0.0,1.1568902493966602,0.0,2,0.17894748465838878,0.03418998872222177
ACRS,3.0696,2.1487,1.4286,False,5.38,5.38,prev_close_fallback,17096187.76,31.1,0.0,0.7832320555868497,0.0,3,0.51265851818319,0.06715612197742415
AXSM,3.0665,2.1466,1.4286,False,196.03,196.03,prev_close_fallback,127150938.11,41.1,0.0,0.5952546135701401,0.0,1,0.2038550735488103,0.044114667196802494
CDXS,3.066,2.1462,1.4286,False,1.37,1.37,prev_close_fallback,1319693.6,31.6,0.0,0.896520222572876,0.0,2,0.4347826763001586,0.0642335586678945
CSL,3.0644,2.1451,1.4286,False,314.13,314.13,prev_close_fallback,208717399.14,36.4,0.0,1.055039658052767,0.0,3,0.16232611983988854,0.034625778119053235
CNQ,3.0644,2.1451,1.4286,False,47.93,47.93,prev_close_fallback,287782745.73,35.6,0.0,1.0563386146100333,0.0,1,0.1946167728279713,0.023409140724523464
CGBD,3.0581,2.1406,1.4286,False,11.15,11.15,prev_close_fallback,3823557.87,35.5,0.0,1.1081301761343754,0.0,2,0.1655169964404947,0.02086996996652817
CARE,3.0561,2.1393,1.4286,False,30.07,30.07,prev_close_fallback,9599246.0,27.1,0.0,1.8127995489145756,0.0,2,0.14792894733575082,0.02357833069251916
AVY,3.0555,2.1388,1.4286,False,169.01,169.01,prev_close_fallback,157718436.77,40.3,0.0,0.6742464021260408,0.0,4,0.1902005188865925,0.02022959237336789
AMTM,3.052,2.1364,1.4286,False,19.4,19.4,prev_close_fallback,34512987.32,39.5,0.0,0.554237726388686,0.0,2,0.28057522366759974,0.027536087970853353
COLB,3.0476,2.1333,1.4286,False,29.18,29.18,prev_close_fallback,84491566.28,34.8,0.0,1.0119736283167502,0.0,2,0.23463704414076028,0.020493486907797016
EAT,3.0474,2.1332,1.4286,False,206.71,206.71,prev_close_fallback,403512402.81,33.5,0.0,0.4501375462970078,0.0,4,0.5677190334352211,0.044255248064379374
DAR,3.0422,2.1296,1.4286,False,61.74,61.74,prev_close_fallback,158027856.1,36.5,0.0,0.8744437542243424,0.0,1,0.234013698651466,0.03827343618269298
CHCT,3.0343,2.124,1.4286,False,14.31,14.31,prev_close_fallback,5443524.16,34.9,0.0,0.9140378548895899,0.0,4,0.27210965558761857,0.017253687290667327
AWI,3.0328,2.1229,1.4286,False,162.13,162.13,prev_close_fallback,62817270.39,30.4,0.0,0.7562266098851465,0.0,4,0.5304881263626693,0.02338864632437589
AR,3.0288,2.1201,1.4286,False,36.09,36.09,prev_close_fallback,183451966.98,28.6,0.0,1.0727536699467657,0.0,3,0.4392360271770768,0.035910211180329055
COO,3.027,2.1189,1.4286,False,55.38,55.38,prev_close_fallback,284471559.09,20.9,0.0,1.217333239888489,0.0,2,0.6735756159845673,0.02815096364499896
APTV,3.0239,2.1168,1.4286,False,43.58,43.58,prev_close_fallback,201341351.66,36.5,0.0,0.820144414334075,0.0,3,0.24686205157344332,0.028063320820753353
BBAR,3.0048,2.1033,1.4286,False,13.49,13.49,prev_close_fallback,5421765.81,22.6,0.0,1.9877584533850863,0.0,1,0.20454523287531684,0.034321721223106776
BEN,3.0008,2.1005,1.4286,False,32.55,32.55,prev_close_fallback,140447713.21,31.5,0.0,1.1266492538524113,0.0,2,0.27906930324160323,0.023410182394099373
BTSG,2.9995,2.0997,1.4286,False,56.02,56.02,prev_close_fallback,164204144.74,37.3,0.0,0.8291910738715257,0.0,3,0.194915462451104,0.03358620286249379
ATROB,2.9964,2.0975,1.4286,False,69.01,69.01,prev_close_fallback,1126933.33,30.9,0.0,0.4164115125535824,0.0,3,0.6516854133247896,0.043906699837561666
CARG,2.9963,2.0974,1.4286,False,30.99,30.99,prev_close_fallback,43249023.88,36.4,0.0,0.8579228707777412,0.0,2,0.21431093036823734,0.038231668080714265
CEPU,2.9936,2.0955,1.4286,False,13.42,13.42,prev_close_fallback,3928705.02,38.5,0.0,0.6319385140905209,0.0,1,0.23943671431008384,0.033844998788364604
CVRX,2.9933,2.0953,1.4286,False,2.53,2.53,prev_close_fallback,1306289.59,34.8,0.0,1.3435466377440346,0.0,1,0.03225802730199822,0.07430830575892074
CME,2.9905,2.0934,1.4286,False,268.91,268.91,prev_close_fallback,506801238.4,32.8,0.0,0.6659061364179025,0.0,1,0.44642120518025596,0.021471852638605536
CYD,2.9901,2.0931,1.4286,False,31.2,31.2,prev_close_fallback,4245696.1,31.6,0.0,1.5997942386831276,0.0,2,0.028985776233645868,0.05163461607823944
CCO,2.99,2.093,1.4286,False,2.35,2.35,prev_close_fallback,11357291.04,33.3,0.0,0.9479214300346169,0.0,1,0.2857133125796146,0.009787255542319096
CANG,2.9883,2.0918,1.4286,False,2.03,2.03,prev_close_fallback,1474490.48,43.2,0.0,0.23707578990844635,0.0,1,0.24509804379889627,0.16157634380288446
ACI,2.9841,2.0888,1.4286,False,11.95,11.95,prev_close_fallback,103335113.85,38.0,0.0,0.6499377261546682,0.0,1,0.2447549556074408,0.0321422645878854
CNDT,2.983,2.0881,1.4286,False,1.63,1.63,prev_close_fallback,1778998.29,30.3,0.0,0.7551699178127377,0.0,4,0.5,0.04999998902981995
BLDP,2.9804,2.0863,1.4286,False,2.13,2.13,prev_close_fallback,4869286.76,31.6,0.0,0.9463047614881565,0.0,2,0.3500007748601973,0.034741805005401916
ED,2.9753,2.0827,1.4286,False,102.71,102.71,prev_close_fallback,209665002.43,30.6,0.0,1.4825138512636369,0.0,2,0.11666612507399804,0.014166116678260681
ANF,2.9739,2.0817,1.4286,False,134.3,134.3,prev_close_fallback,166871782.79,33.3,0.0,1.0076215463610536,0.0,3,0.24681793803463767,0.039605384773137714
BSAC,2.9718,2.0803,1.4286,False,33.78,33.78,prev_close_fallback,9855990.24,37.6,0.0,0.8705487198820989,0.0,3,0.1411751506243759,0.021580854419944655
COFS,2.9668,2.0768,1.4286,False,32.87,32.87,prev_close_fallback,2565832.12,36.1,0.0,0.600819882141942,0.0,2,0.33132487205825917,0.02058157611763464
EDN,2.9609,2.0726,1.4286,False,22.0,22.0,prev_close_fallback,1080860.0,14.5,0.0,2.623651536739263,0.0,1,0.18069300035928038,0.038727274808016694
BBW,2.9578,2.0705,1.4286,False,25.1,25.1,prev_close_fallback,16490951.25,32.7,0.0,0.9392551102722941,0.0,3,0.29359250069416337,0.049948428793942234
CFR,2.9578,2.0705,1.4286,False,156.21,156.21,prev_close_fallback,90470587.49,34.9,0.0,0.923751640306651,0.0,2,0.21183564985362802,0.01849433336403781
CMT,2.9558,2.0691,1.4286,False,23.1,23.1,prev_close_fallback,1035573.02,38.7,0.0,0.5732768235556547,0.0,3,0.23404300218249346,0.03961038730488588
AXGN,2.9528,2.0669,1.4286,False,43.32,43.32,prev_close_fallback,53031044.03,35.4,0.0,0.6507266147675568,0.0,2,0.3247706807308819,0.04598339321022628
ATS,2.9522,2.0665,1.4286,False,18.89,18.89,prev_close_fallback,4768402.55,38.1,0.0,0.5803589113813731,0.0,2,0.2525253109075321,0.025886700054524526
AVAH,2.9484,2.0639,1.4286,False,12.38,12.38,prev_close_fallback,44120463.41,31.4,0.0,1.3920619554695064,0.0,1,0.11068701317563005,0.038756052808289664
ATRO,2.9466,2.0626,1.4286,False,69.15,69.15,prev_close_fallback,55618037.73,30.1,0.0,0.32649102957814774,0.0,4,0.6948609820598957,0.04571222520250995
DASH,2.9458,2.062,1.4286,False,187.53,187.53,prev_close_fallback,805287570.16,29.3,0.0,1.2879059564340574,0.0,2,0.24555809289440847,0.034585392669109094
BKH,2.9434,2.0604,1.4286,False,69.93,69.93,prev_close_fallback,80916003.35,38.1,0.0,0.7695099818511797,0.0,2,0.15347713925023326,0.019748337991013398
ADM,2.9423,2.0596,1.4286,False,81.88,81.88,prev_close_fallback,317650992.94,38.2,0.0,0.7052251982873949,0.0,0,0.1776705164723446,0.02896924435168081
BXDC,2.9404,2.0583,1.4286,False,19.57,19.57,prev_close_fallback,71106811.09,29.0,0.0,0.6088411596659933,0.0,2,0.5956285235140659,0.03203881829760409
CPK,2.9402,2.0582,1.4286,False,128.26,128.26,prev_close_fallback,27531007.82,37.5,0.0,0.8427672955974843,0.0,2,0.1357131568765293,0.022953366944864564
CPAC,2.9323,2.0526,1.4286,False,12.17,12.17,prev_close_fallback,1111972.91,35.8,0.0,0.9893838240122579,0.0,1,0.1272723489551183,0.014708298690480575
AMT,2.932,2.0524,1.4286,False,167.26,167.26,prev_close_fallback,485861849.84,35.9,0.0,1.1073969905295662,0.0,3,0.062779972447518,0.02206146739635659
BRBS,2.9299,2.0509,1.4286,False,3.88,3.88,prev_close_fallback,5189577.75,40.7,0.0,0.39423709552006697,0.0,2,0.2266667683919271,0.025739693619845273
CARR,2.9258,2.0481,1.4286,False,54.87,54.87,prev_close_fallback,477422763.31,34.8,0.0,0.5802449838983654,0.0,3,0.3652007676076011,0.03221252237145836
CVEO,2.922,2.0454,1.4286,False,33.0,33.0,prev_close_fallback,3024780.0,31.4,0.0,0.646956142264892,0.0,1,0.4657981913114359,0.030136374271277223
CM,2.9218,2.0452,1.4286,False,111.42,111.42,prev_close_fallback,206003320.41,37.2,0.0,0.7878240457788186,0.0,2,0.16447363467759543,0.01808471243783057
ALCO,2.9186,2.043,1.4286,False,38.86,38.86,prev_close_fallback,1032510.22,35.6,0.0,0.62852841550621,0.0,3,0.30500030517578125,0.025012859632885947
AROC,2.9161,2.0413,1.4286,False,30.68,30.68,prev_close_fallback,60838747.41,34.8,0.0,0.6225888926430023,0.0,1,0.3374998311201463,0.032007827589611196
BANR,2.9159,2.0411,1.4286,False,68.79,68.79,prev_close_fallback,20639063.97,37.5,0.0,0.681265206812652,0.0,2,0.20168071267602924,0.01821486588447351
CGNX,2.9153,2.0407,1.4286,False,57.7,57.7,prev_close_fallback,97026590.28,39.0,0.0,0.7742764202501234,0.0,2,0.09538985715204083,0.03665510158895692
AEG,2.9134,2.0393,1.4286,False,8.81,8.81,prev_close_fallback,41019538.15,34.9,0.0,0.990824781680491,0.0,3,0.14634254133365587,0.01396142328036887
AXP,2.9111,2.0378,1.4286,False,305.66,305.66,prev_close_fallback,1151164479.39,32.8,0.0,1.049238481636468,0.0,3,0.20246483224462208,0.021307980627138918
BA,2.9045,2.0331,1.4286,False,196.8,196.8,prev_close_fallback,1587790296.62,32.6,0.0,1.1918136251183682,0.0,3,0.1333338419596354,0.030345536358445075
ARTL,2.899,2.0293,1.4286,False,5.17,5.17,prev_close_fallback,14170039.61,42.4,0.0,0.3832429710816471,0.0,3,0.1400651546747391,0.3329593528148518
BCRX,2.8881,2.0217,1.4286,False,8.52,8.52,prev_close_fallback,46797295.31,27.2,0.0,0.8835459815316496,0.0,3,0.4901963167584033,0.034624397853203114
BSRR,2.8812,2.0168,1.4286,False,39.65,39.65,prev_close_fallback,1854827.07,34.9,0.0,0.7716973065412569,0.0,3,0.23301118298127652,0.01851198911680862
AVNT,2.8797,2.0158,1.4286,False,40.78,40.78,prev_close_fallback,28099865.96,30.0,0.0,0.6903607813543088,0.0,3,0.46902581674248245,0.0218734822593186
ARGX,2.8724,2.0107,1.4286,False,962.22,962.22,prev_close_fallback,257393842.16,25.7,0.0,1.2100934579439253,0.0,1,0.37816105013222157,0.02037299432439379
ALRS,2.8613,2.0029,1.4286,False,31.99,31.99,prev_close_fallback,6953346.35,31.5,0.0,0.8617040853882959,0.0,2,0.311881033097954,0.022024585715575678
DLB,2.8611,2.0028,1.4286,False,57.56,57.56,prev_close_fallback,65803169.17,37.8,0.0,0.7326737869682736,0.0,2,0.12567156718130265,0.03453786130023516
CHCO,2.8545,1.9982,1.4286,False,140.09,140.09,prev_close_fallback,21565454.04,35.3,0.0,0.74574509549175,0.0,2,0.2135276904209721,0.018066955685791582
AUTL,2.8543,1.998,1.4286,False,1.91,1.91,prev_close_fallback,2777120.85,26.7,0.0,1.2504900308805424,0.0,1,0.30612230002997265,0.04931938047867336
ACAD,2.8469,1.9929,1.4286,False,22.18,22.18,prev_close_fallback,55861883.37,11.0,0.0,2.683268680243154,0.0,1,0.20961278275043757,0.050811543294405535
CDW,2.8456,1.9919,1.4286,False,139.46,139.46,prev_close_fallback,212963797.85,31.7,0.0,1.0264167747174309,0.0,2,0.21007141981220673,0.03591710449337726
DORM,2.8406,1.9884,1.4286,False,122.6,122.6,prev_close_fallback,26469339.67,25.1,0.0,0.9828624363131079,0.0,4,0.4942525207703762,0.026231644725104385
CCU,2.8403,1.9882,1.4286,False,10.93,10.93,prev_close_fallback,1254654.74,25.6,0.0,1.580277027615646,0.0,2,0.17582403762717405,0.02406221446485697
CURB,2.839,1.9873,1.4286,False,28.44,28.44,prev_close_fallback,48337762.51,35.9,0.0,0.6520792638441082,0.0,4,0.2271192577506223,0.019110412346098463
DRD,2.8376,1.9863,1.4286,False,24.94,24.94,prev_close_fallback,7120868.95,32.5,0.0,1.0181423367890166,0.0,2,0.1792457158897373,0.029591022093352553
CSIQ,2.8352,1.9847,1.4286,False,10.95,10.95,prev_close_fallback,20711267.64,28.6,0.0,1.4612147358626233,0.0,1,0.10917030749542216,0.05616437234685841
CPF,2.8324,1.9827,1.4286,False,36.84,36.84,prev_close_fallback,8325103.23,32.7,0.0,0.7960881493937516,0.0,2,0.2753622120087425,0.021606967103413605
ACGL,2.8203,1.9742,1.4286,False,95.02,95.02,prev_close_fallback,469168835.02,30.8,0.0,0.9215648151523621,0.0,1,0.2829776734552089,0.01905913872948817
BFST,2.819,1.9733,1.4286,False,30.63,30.63,prev_close_fallback,6894200.21,32.5,0.0,0.8743557846099165,0.0,2,0.23611011769941748,0.014462939990874866
ABEV,2.8167,1.9717,1.4286,False,2.91,2.91,prev_close_fallback,50821172.7,36.5,0.0,0.6402310539431252,0.0,2,0.1925375009132039,0.018499142358476252
CLBR,2.8162,1.9714,1.4286,False,10.21,10.21,prev_close_fallback,1408980.01,39.1,0.0,0.012318840579710146,0.0,2,0.3999980926586431,0.003623887664077984
DCI,2.8126,1.9688,1.4286,False,86.6,86.6,prev_close_fallback,68089248.8,31.0,0.0,0.7378060413354531,0.0,2,0.358839124491961,0.018314079977376115
CZFS,2.8118,1.9683,1.4286,False,79.33,79.33,prev_close_fallback,3279502.28,38.2,0.0,0.39671020803096274,0.0,3,0.2428817891373802,0.025400209002896922
ARDX,2.8108,1.9676,1.4286,False,3.45,3.45,prev_close_fallback,15165993.21,30.0,0.0,0.7351101243420065,0.0,2,0.40000015894561836,0.03669564569589856
AGM,2.8082,1.9657,1.4286,False,218.79,218.79,prev_close_fallback,30343984.17,25.2,0.0,1.0368447616987526,0.0,1,0.43859644649991203,0.02288928221397502
BLBD,2.8072,1.965,1.4286,False,55.58,55.58,prev_close_fallback,32117459.86,29.5,0.0,1.4422178382307134,0.0,2,0.0644791346853655,0.03935766759615879
BAK,2.8052,1.9637,1.4286,False,1.52,1.52,prev_close_fallback,2288390.37,34.2,0.0,1.0990222647324512,0.0,2,0.04477607160242888,0.06401315411784968
CWK,2.8025,1.9618,1.4286,False,12.28,12.28,prev_close_fallback,22927987.5,24.8,0.0,1.5028654062449789,0.0,1,0.21705406298538513,0.03737784445214321
ADNT,2.8003,1.9602,1.4286,False,17.0,17.0,prev_close_fallback,19801600.0,34.4,0.0,0.9874656593406593,0.0,2,0.08952881291502833,0.045494124468635114
ACOG,2.7991,1.9594,1.4286,False,8.57,8.57,prev_close_fallback,1114785.56,28.2,0.0,1.0870233702337024,0.0,1,0.287233643209988,0.05927652505548449
CRM,2.7969,1.9578,1.4286,False,238.22,238.22,prev_close_fallback,3069333694.73,31.6,0.0,0.8594856590696537,0.0,2,0.26224489413142876,0.030039463124939558
CXM,2.7902,1.9531,1.4286,False,5.3,5.3,prev_close_fallback,16487929.59,29.6,0.0,0.9297219802438499,0.0,2,0.30379779689150443,0.04309432756336401
AIAI,2.788,1.9516,1.4286,False,3.33,3.33,prev_close_fallback,2196867.55,38.4,0.0,0.44109622263990783,0.0,3,0.1965812000645564,0.1423423602093845
ALV,2.7868,1.9508,1.4286,False,113.92,113.92,prev_close_fallback,88228760.18,35.0,0.0,0.8752969734531557,0.0,3,0.1117312661498708,0.019926254989210218
AZ,2.7835,1.9485,1.4286,False,5.68,5.68,prev_close_fallback,2007368.74,30.3,0.0,0.5758184544862908,0.0,2,0.4470584473395008,0.06327464738184911
CUBE,2.7799,1.946,1.4286,False,37.61,37.61,prev_close_fallback,118925078.53,35.6,0.0,0.8887560640848055,0.0,2,0.07692297878312346,0.02018080305613944
CIB,2.7789,1.9452,1.4286,False,94.22,94.22,prev_close_fallback,24614975.32,39.0,0.0,0.6200956937799043,0.0,3,0.075304584396492,0.02714923490664154
AEYE,2.7783,1.9448,1.4286,False,7.2,7.2,prev_close_fallback,1249127.97,40.6,0.0,0.21096316790593117,0.0,2,0.2134145933698114,0.06166666909500411
ASTE,2.7731,1.9412,1.4286,False,40.59,40.59,prev_close_fallback,9660014.14,29.4,0.0,0.9626454893062734,0.0,3,0.28338730239990456,0.029539280620839863
CNC,2.7673,1.9371,1.4286,False,61.92,61.92,prev_close_fallback,326184023.95,35.6,0.0,0.8678905735378705,0.0,0,0.07995207500480252,0.03447998503692346
CWEN,2.7642,1.9349,1.4286,False,29.19,29.19,prev_close_fallback,40729975.35,37.2,0.0,0.7257729298952227,0.0,2,0.08520205069956088,0.02418637598996391
AMH,2.7614,1.933,1.4286,False,30.67,30.67,prev_close_fallback,123885024.61,24.7,0.0,1.4720903921233681,0.0,2,0.20858915806311573,0.016086529937646792
CSX,2.7611,1.9328,1.4286,False,46.95,46.95,prev_close_fallback,564670945.68,29.4,0.0,0.7943580606082778,0.0,2,0.36137077204265805,0.018998930828530294
CCBG,2.7573,1.9301,1.4286,False,49.31,49.31,prev_close_fallback,4215512.02,31.5,0.0,0.7755293016727103,0.0,3,0.28099207425108924,0.01857634511784134
CMRE,2.7526,1.9268,1.4286,False,14.66,14.66,prev_close_fallback,5200488.35,30.5,0.0,0.9942493093533292,0.0,0,0.20833336644703013,0.026466583277626434
ALGN,2.7507,1.9255,1.4286,False,145.63,145.63,prev_close_fallback,143732445.92,34.6,0.0,0.7961741491636017,0.0,2,0.14444511233695073,0.03091396193297407
AIRT,2.7395,1.9177,1.4286,False,28.66,28.66,prev_close_fallback,1927384.99,40.1,0.0,0.38066914498141263,0.0,2,0.12499985808415118,0.07121423571554923
BTU,2.7373,1.9161,1.4286,False,25.68,25.68,prev_close_fallback,79254900.94,31.9,0.0,0.7376589712434184,0.0,1,0.27047674160430235,0.050159666172399954
ALM,2.7321,1.9124,1.4286,False,12.4,12.4,prev_close_fallback,81536445.49,34.7,0.0,1.0338345864661653,0.0,2,0.009077074190949531,0.07411290212178699
CW,2.7313,1.9119,1.4286,False,543.95,543.95,prev_close_fallback,272584230.12,32.8,0.0,0.8279454022988506,0.0,0,0.18431115284357166,0.02575912660504862
BBDC,2.7281,1.9096,1.4286,False,8.62,8.62,prev_close_fallback,4274830.34,34.2,0.0,0.9172850459751573,0.0,2,0.08163261334132603,0.01740141446940802
CNOB,2.7279,1.9096,1.4286,False,30.89,30.89,prev_close_fallback,14361687.42,29.6,0.0,0.8119501860495129,0.0,2,0.3179187182613796,0.01845257648289104
CBSH,2.725,1.9075,1.4286,False,55.76,55.76,prev_close_fallback,68598180.34,31.3,0.0,1.0569482377422292,0.0,2,0.12565434046675122,0.01624820955167112
CAVA,2.7216,1.9051,1.4286,False,53.51,53.51,prev_close_fallback,238746629.71,27.5,0.0,0.440211398294828,0.0,4,0.5832697550529503,0.04199402238131647
CASS,2.7216,1.9051,1.4286,False,54.38,54.38,prev_close_fallback,5464646.31,32.1,0.0,0.6806647427604737,0.0,2,0.27966087996637895,0.018775297008689556
BWA,2.7211,1.9047,1.4286,False,58.48,58.48,prev_close_fallback,167949880.29,32.4,0.0,1.1142023454692331,0.0,1,0.05205491907619567,0.03440493624961114
CRMD,2.7176,1.9023,1.4286,False,7.77,7.77,prev_close_fallback,6568447.18,27.0,0.0,1.11964133623545,0.0,4,0.2631582029420032,0.028442729003500547
BDC,2.7171,1.902,1.4286,False,110.8,110.8,prev_close_fallback,53222781.47,36.8,0.0,0.7188508379306755,0.0,3,0.07225075437163679,0.03111483658650164
AVIR,2.7092,1.8965,1.4286,False,5.17,5.17,prev_close_fallback,1587448.52,32.8,0.0,0.7451555121315747,0.0,2,0.21138221467898016,0.039651840628296124
BANC,2.702,1.8914,1.4286,False,17.73,17.73,prev_close_fallback,51667523.57,33.2,0.0,0.8458442142251719,0.0,2,0.1393441854066088,0.023390898988976463
ATNI,2.699,1.8893,1.4286,False,29.14,29.14,prev_close_fallback,2691953.14,30.0,0.0,0.6549036588006062,0.0,2,0.36254970694464816,0.03167467962564126
AFL,2.6974,1.8882,1.4286,False,114.01,114.01,prev_close_fallback,274200895.74,34.0,0.0,0.6654303842731574,0.0,1,0.1952673674072848,0.01609507773905196
CMC,2.6949,1.8864,1.4286,False,64.22,64.22,prev_close_fallback,74996117.43,35.7,0.0,0.759034081178284,0.0,2,0.07960198060765711,0.023699783449702784
CAG,2.6912,1.8839,1.4286,False,14.67,14.67,prev_close_fallback,167910473.67,25.0,0.0,0.9712524375668365,0.0,0,0.3982298793728706,0.02419904034490896
CNL,2.6909,1.8836,1.4286,False,13.03,13.03,prev_close_fallback,2696428.14,23.3,0.0,0.8011984149995167,0.0,1,0.551723930035412,0.05259403444864925
CL,2.6904,1.8833,1.4286,False,85.32,85.32,prev_close_fallback,528775817.31,35.6,0.0,0.7710292437669019,0.0,2,0.0737696545714923,0.01411158105789085
DXC,2.684,1.8788,1.4286,False,10.81,10.81,prev_close_fallback,32067001.44,36.2,0.0,0.6067920254043595,0.0,2,0.12883444556389095,0.04051802951661594
ADP,2.6795,1.8756,1.4286,False,263.11,263.11,prev_close_fallback,675919027.97,34.6,0.0,0.7760338814150474,0.0,1,0.10458969707609184,0.019554564657926127
BR,2.6752,1.8726,1.4286,False,162.66,162.66,prev_close_fallback,182829844.12,34.2,0.0,0.8568505338078292,0.0,3,0.07794104942392423,0.022408693513354394
ASR,2.6709,1.8696,1.4286,False,238.3,238.3,prev_close_fallback,15663459.2,25.9,0.0,1.4042294233987525,0.0,2,0.13066157669862194,0.025530848014074712
DFH,2.6703,1.8692,1.4286,False,11.09,11.09,prev_close_fallback,14181892.2,29.5,0.0,1.148107600875821,0.0,3,0.11479611076051147,0.05783588340166423
DTIL,2.6674,1.8672,1.4286,False,6.33,6.33,prev_close_fallback,1974959.98,27.3,0.0,1.287820512820513,0.0,1,0.13239192045365591,0.07086888770838838
BL,2.6669,1.8668,1.4286,False,27.89,27.89,prev_close_fallback,24856683.06,28.3,0.0,1.053139446164894,0.0,3,0.20629887769777258,0.03908927486009129
DERM,2.6636,1.8645,1.4286,False,6.32,6.32,prev_close_fallback,1440517.64,23.0,0.0,1.5996139165533279,0.0,1,0.14649685591132405,0.06700948641847847
CBU,2.6552,1.8586,1.4286,False,60.74,60.74,prev_close_fallback,23586557.45,34.9,0.0,0.6445714874330449,0.0,3,0.13880194513337593,0.016647440144519354
BIPC,2.6528,1.857,1.4286,False,34.53,34.53,prev_close_fallback,42346899.9,32.1,0.0,1.0460868572546844,0.0,1,0.05058259488503956,0.025650155681192492
BY,2.6518,1.8563,1.4286,False,37.11,37.11,prev_close_fallback,10144018.67,32.3,0.0,0.8326321565758186,0.0,2,0.14674647615369762,0.016736714142565855
BUR,2.6504,1.8553,1.4286,False,3.63,3.63,prev_close_fallback,7982733.25,28.2,0.0,1.3108544404529126,0.0,2,0.07100612919126445,0.056749301361337205
BAX,2.6457,1.852,1.4286,False,23.48,23.48,prev_close_fallback,188761116.72,21.7,0.0,0.9137691047525696,0.0,2,0.5287357455815824,0.027214648697730888
AMLX,2.6456,1.8519,1.4286,False,30.14,30.14,prev_close_fallback,47283329.64,31.5,0.0,0.9053474333722168,0.0,1,0.1374358593140199,0.051977440887379094
CHRS,2.644,1.8508,1.4286,False,1.17,1.17,prev_close_fallback,2194498.72,32.5,0.0,0.8325691497302254,0.0,1,0.13333322736950357,0.09102561868859384
CZWI,2.6402,1.8481,1.4286,False,21.21,21.21,prev_close_fallback,1190941.45,34.5,0.0,0.5627782724844167,0.0,2,0.1880335888962973,0.022866557171721095
ABEO,2.6269,1.8389,1.4286,False,5.43,5.43,prev_close_fallback,8841940.22,31.7,0.0,0.5234746829612799,0.0,2,0.30882344691402347,0.04438305568325366
DY,2.6251,1.8376,1.4286,False,272.1,272.1,prev_close_fallback,180399583.05,34.2,0.0,0.8273126291497609,0.0,0,0.056762311296645204,0.03627343255901383
DTM,2.622,1.8354,1.4286,False,124.75,124.75,prev_close_fallback,122508242.5,26.1,0.0,0.6588393429935949,0.0,2,0.4629220235766693,0.02230602847729228
ALB,2.6219,1.8353,1.4286,False,108.25,108.25,prev_close_fallback,292420055.0,33.4,0.0,0.9261329562365345,0.0,3,0.03611957291114703,0.034882212015552826
APD,2.6219,1.8353,1.4286,False,284.49,284.49,prev_close_fallback,399074023.6,27.4,0.0,0.7459526508265788,0.0,1,0.3662368450350035,0.01867553770753756
CLBK,2.6218,1.8353,1.4286,False,11.26,11.26,prev_close_fallback,67929667.18,36.1,0.0,0.4658841704473688,0.0,3,0.15873073540386587,0.019404976689185012
ASB,2.6214,1.835,1.4286,False,29.07,29.07,prev_close_fallback,76520088.1,30.2,0.0,0.7376902825318071,0.0,2,0.256830236584199,0.018954242791114417
ABNB,2.6162,1.8314,1.4286,False,151.39,151.39,prev_close_fallback,865109068.11,24.5,0.0,1.50390939444635,0.0,3,0.09751121686224193,0.035606720559754355
BLDR,2.6131,1.8292,1.4286,False,58.28,58.28,prev_close_fallback,302493591.66,31.2,0.0,0.510639937576464,0.0,3,0.32699580890826374,0.03896705483895798
CSGP,2.6129,1.829,1.4286,False,27.86,27.86,prev_close_fallback,196058903.7,31.0,0.0,0.9232957573156713,0.0,1,0.1274725320790942,0.038908829558891744
CPNG,2.6094,1.8266,1.4286,False,13.88,13.88,prev_close_fallback,194393288.0,27.2,0.0,1.4497889367438566,0.0,1,0.014286035420812027,0.032701732519778606
AU,2.6092,1.8265,1.4286,False,98.49,98.49,prev_close_fallback,252493883.02,31.1,0.0,0.70212392487274,0.0,2,0.23313611283913543,0.028033296354769876
EDIT,2.6063,1.8244,1.4286,False,2.75,2.75,prev_close_fallback,11565070.0,29.3,0.0,0.6158155549425987,0.0,3,0.3445376703340384,0.07163636467673562
BLKB,2.6038,1.8226,1.4286,False,43.27,43.27,prev_close_fallback,23101420.54,30.0,0.0,0.7134428440315421,0.0,3,0.26631421657111987,0.031869675061322114
BMY,2.6031,1.8221,1.4286,False,61.5,61.5,prev_close_fallback,854227620.0,27.3,0.0,1.0728602406932242,0.0,2,0.19189788003800054,0.019739836405932416
ATMU,2.5993,1.8195,1.4286,False,44.79,44.79,prev_close_fallback,38822629.09,22.7,0.0,0.5970441985763236,0.0,2,0.6126921747782551,0.027001566248744828
CB,2.5985,1.819,1.4286,False,334.84,334.84,prev_close_fallback,562353728.65,32.4,0.0,0.697124688145665,0.0,0,0.17546842181878677,0.01255225442641143
EBC,2.5972,1.818,1.4286,False,21.31,21.31,prev_close_fallback,59642213.41,31.9,0.0,0.5544538890020331,0.0,2,0.26511594897180674,0.01846550710726809
BATL,2.5945,1.8162,1.4286,False,1.12,1.12,prev_close_fallback,5064460.82,26.0,0.0,1.0899324168922386,0.0,2,0.23121394651914118,0.04874998948935956
CTSH,2.589,1.8123,1.4286,False,57.17,57.17,prev_close_fallback,400141392.68,36.2,0.0,0.6613517355678904,0.0,2,0.032509742604747885,0.03522826663406903
BBCP,2.5872,1.811,1.4286,False,9.6,9.6,prev_close_fallback,2003424.08,36.1,0.0,0.5659111600939192,0.0,3,0.08426562306348208,0.030957823486715576
DSX,2.5856,1.8099,1.4286,False,2.89,2.89,prev_close_fallback,4705960.57,33.3,0.0,0.3949986489474072,0.0,1,0.27907001243657653,0.03737024646787838
APOG,2.5742,1.802,1.4286,False,36.31,36.31,prev_close_fallback,10867946.51,32.0,0.0,0.5890214159232903,0.0,3,0.228669595173432,0.024125569197250517
ACRE,2.574,1.8018,1.4286,False,4.15,4.15,prev_close_fallback,2113512.05,24.3,0.0,1.475808985234056,0.0,2,0.09090974770973614,0.021445756442385833
APO,2.574,1.8018,1.4286,False,120.69,120.69,prev_close_fallback,367403298.53,24.5,0.0,1.263554508752739,0.0,3,0.1904349949048913,0.03108791408855635
CMI,2.5671,1.797,1.4286,False,521.07,521.07,prev_close_fallback,651384405.46,27.8,0.0,0.9488916797990544,0.0,2,0.2091141323915168,0.02682748499480685
AGX,2.5656,1.7959,1.4286,False,361.06,361.06,prev_close_fallback,167914562.46,33.5,0.0,0.910850212875758,0.0,2,0.0013426794121709734,0.04314241970435156
BG,2.5634,1.7943,1.4286,False,110.21,110.21,prev_close_fallback,251337209.21,34.1,0.0,0.62858195244088,0.0,1,0.11407501832656489,0.03892567518688417
DAVA,2.5615,1.7931,1.4286,False,1.7,1.7,prev_close_fallback,2029477.06,17.6,0.0,2.1490019349812783,0.0,2,0.013888959025530244,0.1052941194620099
ARES,2.5593,1.7915,1.4286,False,120.11,120.11,prev_close_fallback,296748571.91,22.6,0.0,1.274568532849788,0.0,2,0.25000082087151737,0.03527933887425489
CALX,2.559,1.7913,1.4286,False,33.27,33.27,prev_close_fallback,38205605.03,28.2,0.0,0.9508425131710715,0.0,1,0.18622446000599452,0.030207391339892045
CWCO,2.5514,1.786,1.4286,False,27.83,27.83,prev_close_fallback,2645241.49,29.1,0.0,0.778537611783272,0.0,3,0.23199920654296874,0.01915199402916948
CCK,2.55,1.785,1.4286,False,105.7,105.7,prev_close_fallback,129661129.26,27.7,0.0,1.2907091441195413,0.0,3,0.03160256884968372,0.02325449625423424
BBIO,2.5424,1.7797,1.4286,False,66.28,66.28,prev_close_fallback,225795409.04,24.7,0.0,1.253885736594759,0.0,2,0.16308065037334776,0.04201115586019929
AGRO,2.5405,1.7784,1.4286,False,10.63,10.63,prev_close_fallback,6642687.07,29.4,0.0,0.865738518162906,0.0,0,0.16759787549062283,0.03838194575217046
ADUS,2.5389,1.7772,1.4286,False,114.05,114.05,prev_close_fallback,27066346.72,29.8,0.0,0.6594471599528063,0.0,1,0.2541442693640729,0.0245243251581636
BIDU,2.5375,1.7762,1.4286,False,88.08,88.08,prev_close_fallback,204749010.66,23.3,0.0,1.3004499737587005,0.0,2,0.19467780230677006,0.01886919521149828
BEPC,2.5361,1.7753,1.4286,False,28.38,28.38,prev_close_fallback,49034111.15,26.5,0.0,1.1949507168199471,0.0,3,0.11764664917941456,0.02677941754356205
COMP,2.5257,1.768,1.4286,False,9.29,9.29,prev_close_fallback,167871321.21,26.0,0.0,1.2052499957111495,0.0,3,0.12668448230123983,0.05731967625169241
BMBL,2.5249,1.7674,1.4286,False,2.68,2.68,prev_close_fallback,5912348.15,31.2,0.0,0.9098408956982911,0.0,1,0.062499937911830825,0.05205223679768271
CPB,2.5172,1.762,1.4286,False,19.85,19.85,prev_close_fallback,131342688.52,28.8,0.0,0.764694503049831,0.0,2,0.2295720710691544,0.030125941699319803
CVNA,2.5142,1.7599,1.4286,False,64.18,64.18,prev_close_fallback,478482439.88,26.7,0.0,0.9342858522504734,0.0,3,0.22480609675729565,0.042863823629511466
BXP,2.5131,1.7592,1.4286,False,62.27,62.27,prev_close_fallback,102334518.75,30.8,0.0,0.7646951442132165,0.0,3,0.14360286530439875,0.020475349134850312
BLCO,2.5065,1.7546,1.4286,False,16.8,16.8,prev_close_fallback,5023871.77,32.0,0.0,0.5708266452648475,0.0,2,0.18867826071309685,0.024440471305868572
CRH,2.5039,1.7527,1.4286,False,83.96,83.96,prev_close_fallback,438272874.42,24.1,0.0,1.4183853701709954,0.0,3,0.07946957965020955,0.025416852002375326
DOX,2.5038,1.7527,1.4286,False,57.85,57.85,prev_close_fallback,49895045.18,30.6,0.0,0.9748518823406648,0.0,1,0.04245932431247462,0.022921339423660883
ASIX,2.5002,1.7502,1.4286,False,15.75,15.75,prev_close_fallback,4400077.5,28.2,0.0,0.9478469413322833,0.0,3,0.14695330210478244,0.033650788806733625
CELC,2.4964,1.7475,1.4286,False,79.37,79.37,prev_close_fallback,73174380.33,21.4,0.0,1.3424951732216848,0.0,3,0.22051802343826005,0.04317751726995146
BCS,2.4907,1.7435,1.4286,False,24.43,24.43,prev_close_fallback,122689415.93,30.7,0.0,0.7330030584936919,0.0,3,0.14948496685245286,0.0202210416387552
CLX,2.4904,1.7433,1.4286,False,81.8,81.8,prev_close_fallback,267213615.97,31.3,0.0,0.9356929227623237,0.0,3,0.02403901261692827,0.02844743692458931
BH,2.4893,1.7425,1.4286,False,348.61,348.61,prev_close_fallback,46888043.03,29.9,0.0,0.6,0.0,3,0.24591786518374528,0.04191216301627593
ALLO,2.4813,1.7369,1.4286,False,1.67,1.67,prev_close_fallback,10319564.33,20.4,0.0,1.2608222831416744,0.0,1,0.2916663769218772,0.049101807948118976
BHRB,2.4789,1.7352,1.4286,False,69.34,69.34,prev_close_fallback,10831600.83,28.7,0.0,0.8424556686511747,0.0,2,0.1662637489911738,0.02017595360834951
ACM,2.4767,1.7337,1.4286,False,58.52,58.52,prev_close_fallback,104612108.42,33.2,0.0,0.7838311059894945,0.0,2,0.013927894786616045,0.03513328983674569
CNMD,2.4752,1.7326,1.4286,False,45.18,45.18,prev_close_fallback,18066126.72,29.5,0.0,0.6584640008002601,0.0,2,0.22253551698830124,0.029371412533923197
BMGL,2.4741,1.7319,1.4286,False,3.8,3.8,prev_close_fallback,12456627.84,42.5,0.0,0.01876109650219947,0.0,0,0.021660628379255087,0.2335262955304986
DRUG,2.4725,1.7307,1.4286,False,53.51,53.51,prev_close_fallback,5330666.03,22.8,0.0,1.3009435856253764,0.0,1,0.16820171177083829,0.053485336655420754
DECK,2.4709,1.7297,1.4286,False,78.68,78.68,prev_close_fallback,291845364.73,30.3,0.0,0.5718645447756566,0.0,2,0.23268174026167615,0.030439742280062194
CWH,2.4695,1.7286,1.4286,False,5.19,5.19,prev_close_fallback,11626015.33,24.4,0.0,1.120495696582265,0.0,2,0.19117662011544367,0.06566474820104226
DRVN,2.4652,1.7256,1.4286,False,12.04,12.04,prev_close_fallback,15014843.15,31.6,0.0,0.7737274272701029,0.0,3,0.07407433571304442,0.03816443832424214
BILL,2.4645,1.7252,1.4286,False,44.97,44.97,prev_close_fallback,87452711.67,27.7,0.0,0.985812648802637,0.0,0,0.1241832998612498,0.03949743549200347
ASH,2.4635,1.7245,1.4286,False,69.1,69.1,prev_close_fallback,50147250.89,23.5,0.0,1.0294603979496224,0.0,2,0.27146691463955874,0.02431259540193716
CVLG,2.4622,1.7236,1.4286,False,33.16,33.16,prev_close_fallback,7418223.57,29.1,0.0,0.6740869876178982,0.0,2,0.22147682508039024,0.04098314734383295
BLTE,2.4606,1.7224,1.4286,False,169.44,169.44,prev_close_fallback,25348224.37,17.2,0.0,1.463903743315508,0.0,3,0.30119575710554525,0.0320703377573975
CTRE,2.4605,1.7223,1.4286,False,37.32,37.32,prev_close_fallback,90483832.06,29.9,0.0,0.6832636293894925,0.0,3,0.18471775871679416,0.021366557043523735
BX,2.457,1.7199,1.4286,False,117.21,117.21,prev_close_fallback,473650294.7,23.3,0.0,1.3080048700334568,0.0,2,0.13496502750316114,0.028393493983479342
CHDN,2.4545,1.7181,1.4286,False,79.41,79.41,prev_close_fallback,98351671.84,27.6,0.0,0.8682066643520948,0.0,3,0.17972994010926527,0.034038531082695674
ATI,2.4512,1.7158,1.4286,False,186.21,186.21,prev_close_fallback,327740784.42,25.4,0.0,0.6402622637864618,0.0,1,0.3802417566622436,0.04209762166611942
ALKT,2.444,1.7108,1.4286,False,14.18,14.18,prev_close_fallback,36950812.0,21.5,0.0,1.561492647284561,0.0,0,0.06824521432896738,0.06456278136081924
AGYS,2.4396,1.7077,1.4286,False,99.68,99.68,prev_close_fallback,22572536.07,26.2,0.0,0.8090086111724443,0.0,3,0.2552691074380953,0.03631621635915773
ALX,2.4356,1.7049,1.4286,False,245.46,245.46,prev_close_fallback,10775694.29,22.4,0.0,0.9544419134396356,0.0,3,0.3315848968390446,0.01832476950967543
ABVX,2.4251,1.6975,1.4286,False,94.87,94.87,prev_close_fallback,155326860.7,26.0,0.0,1.0158435434811819,0.0,1,0.14937930109799144,0.04839044066728531
ASND,2.4179,1.6925,1.4286,False,230.7,230.7,prev_close_fallback,264633659.5,23.8,0.0,1.0161364844955496,0.0,2,0.2312789978478604,0.048108356584742995
ALT,2.417,1.6919,1.4286,False,3.04,3.04,prev_close_fallback,12875068.64,28.0,0.0,0.8702735631206879,0.0,3,0.13483135231574125,0.04506577058924839
BKD,2.4161,1.6913,1.4286,False,11.07,11.07,prev_close_fallback,43983433.49,29.6,0.0,0.7472547386118529,0.0,2,0.13245018473489753,0.027551944668624442
CBAN,2.408,1.6856,1.4286,False,20.74,20.74,prev_close_fallback,4109630.95,27.6,0.0,0.6429472621751199,0.0,3,0.25954220702166664,0.024252637065854017
CSTM,2.4062,1.6843,1.4286,False,24.63,24.63,prev_close_fallback,39562921.35,29.9,0.0,0.765801941118976,0.0,1,0.10358505792720459,0.027283798385421196
BDTX,2.4056,1.684,1.4286,False,1.89,1.89,prev_close_fallback,1212642.89,26.0,0.0,0.7164788578731628,0.0,1,0.28571412352471354,0.0432275089124713
ALEC,2.4015,1.6811,1.4286,False,1.92,1.92,prev_close_fallback,2430297.55,26.2,0.0,0.6709696787751426,0.0,4,0.2988506030620623,0.0692187513484775
ANAB,2.3986,1.679,1.4286,False,51.7,51.7,prev_close_fallback,27950571.41,23.8,0.0,0.7728021012522428,0.0,1,0.3414263957363379,0.045545455585155735
CFG,2.398,1.6786,1.4286,False,64.73,64.73,prev_close_fallback,278528673.34,26.5,0.0,0.994740792901581,0.0,3,0.12121275810938195,0.025482765737290247
AJG,2.3932,1.6752,1.4286,False,227.13,227.13,prev_close_fallback,343584100.99,26.2,0.0,1.169813316410175,0.0,1,0.04387220445926403,0.02591027378081519
AXTA,2.3838,1.6687,1.4286,False,32.26,32.26,prev_close_fallback,77429157.57,28.7,0.0,0.623000133324445,0.0,2,0.20843587898981486,0.020892764550037753
AROW,2.372,1.6604,1.4286,False,37.33,37.33,prev_close_fallback,3433986.87,27.4,0.0,0.7903032938362865,0.0,2,0.17090953480113635,0.020385739143799264
AVXL,2.3511,1.6458,1.4286,False,2.34,2.34,prev_close_fallback,1747769.34,20.7,0.0,1.2546357660226801,0.0,2,0.18918894537187808,0.04764957480490176
ADBE,2.3466,1.6426,1.4286,False,238.93,238.93,prev_close_fallback,1279995756.76,29.3,0.0,0.6857500186664676,0.0,2,0.12748831212995354,0.03234838473837495
CRVS,2.3455,1.6419,1.4286,False,11.8,11.8,prev_close_fallback,16949756.27,26.4,0.0,0.7947536235919856,0.0,1,0.18826416357868955,0.0616271202988201
BRZE,2.3442,1.641,1.4286,False,24.67,24.67,prev_close_fallback,46488148.14,24.7,0.0,0.7251645085969008,0.0,3,0.29105128712887696,0.04509930853780119
CFBK,2.3431,1.6402,1.4286,False,34.11,34.11,prev_close_fallback,1383160.52,28.4,0.0,0.8335388409371147,0.0,2,0.08883814211183061,0.025153907542744516
CENT,2.3427,1.6399,1.4286,False,39.51,39.51,prev_close_fallback,3443296.35,26.8,0.0,0.7401032702237521,0.0,3,0.19811244365671307,0.020020229192737226
AFG,2.3413,1.6389,1.4286,False,138.42,138.42,prev_close_fallback,70753382.06,29.8,0.0,0.653037268903453,0.0,0,0.121750983158967,0.01491110669434458
BWB,2.3361,1.6352,1.4286,False,20.68,20.68,prev_close_fallback,2424316.44,25.5,0.0,0.7301885182973642,0.0,3,0.25196855123940254,0.024970983952077957
CALM,2.3351,1.6346,1.4286,False,68.48,68.48,prev_close_fallback,72894224.37,20.9,0.0,1.193375044623565,0.0,1,0.20108114706503377,0.02869452130843664
CUBI,2.3345,1.6341,1.4286,False,76.83,76.83,prev_close_fallback,24580222.49,27.0,0.0,0.6804613509205139,0.0,3,0.21468981346781754,0.019341423291668082
CF,2.3282,1.6297,1.4286,False,118.44,118.44,prev_close_fallback,312206662.04,27.0,0.0,0.7511030011494733,0.0,1,0.17530249928597946,0.04020600008966664
BOH,2.3269,1.6288,1.4286,False,71.13,71.13,prev_close_fallback,36269185.6,21.0,0.0,1.2651500294175329,0.0,2,0.15765014692772478,0.020357098152759726
AMRZ,2.3206,1.6244,1.4286,False,37.23,37.23,prev_close_fallback,150922599.84,23.7,0.0,1.134839249196431,0.0,3,0.10762346157706028,0.025987095195602373
CCB,2.3052,1.6137,1.4286,False,43.62,43.62,prev_close_fallback,8052251.8,26.0,0.0,1.0709642470205851,0.0,1,0.03727878851225431,0.03314993868236925
CPT,2.3052,1.6136,1.4286,False,97.41,97.41,prev_close_fallback,123764280.15,20.0,0.0,1.4777852111290386,0.0,2,0.07344691214344982,0.01809876999220848
AGCO,2.3037,1.6126,1.4286,False,116.21,116.21,prev_close_fallback,127457964.9,25.6,0.0,0.9758477010184265,0.0,4,0.10057432415150348,0.034747444454810136
BMM,2.3033,1.6123,1.4286,False,5.22,5.22,prev_close_fallback,3276332.87,30.9,0.0,0.523699514060384,0.0,2,0.1162789730589745,0.0888888990386798
DB,2.297,1.6079,1.4286,False,35.62,35.62,prev_close_fallback,76484330.31,23.1,0.0,1.170997052015853,0.0,2,0.09935183117785136,0.018416613574689513
CENTA,2.2898,1.6028,1.4286,False,34.19,34.19,prev_close_fallback,11038924.86,25.1,0.0,0.9390776473503267,0.0,2,0.1308131185717058,0.02448085136816427
CMCL,2.2817,1.5972,1.4286,False,23.87,23.87,prev_close_fallback,4863273.97,25.5,0.0,0.6469029154805144,0.0,2,0.25210108951318516,0.03951403762998157
AHCO,2.2797,1.5958,1.4286,False,5.57,5.57,prev_close_fallback,15699713.88,28.9,0.0,0.7443004023245418,0.0,3,0.0694447295902047,0.041831227559440486
BDN,2.2781,1.5947,1.4286,False,2.89,2.89,prev_close_fallback,5693444.71,24.0,0.0,0.8943935433110834,0.0,2,0.18750121071869752,0.02664360523857573
BLMN,2.2733,1.5913,1.4286,False,8.12,8.12,prev_close_fallback,19844467.72,22.5,0.0,0.8325627071484103,0.0,2,0.2758618421701684,0.05369459542656784
CEG,2.2523,1.5766,1.4286,False,261.62,261.62,prev_close_fallback,833016377.85,22.1,0.0,0.5294795654618146,0.0,4,0.4263426582426514,0.0326122123506491
ACEL,2.2497,1.5748,1.4286,False,11.04,11.04,prev_close_fallback,3818735.99,17.1,0.0,1.1723041341428158,0.0,2,0.305699512588499,0.020380434853030063
CSWC,2.2414,1.569,1.4286,False,23.04,23.04,prev_close_fallback,14652979.78,25.3,0.0,0.849083304506431,0.0,2,0.13380318580932693,0.017259752617070946
CVS,2.2397,1.5678,1.4286,False,85.05,85.05,prev_close_fallback,810624336.59,28.3,0.0,0.7745235359846399,0.0,1,0.04778479145773111,0.024973559506673768
CCI,2.2397,1.5678,1.4286,False,67.63,67.63,prev_close_fallback,279704142.64,22.8,0.0,1.1112239469993714,0.0,2,0.09975009441617508,0.02788242742609717
EDBL,2.2392,1.5674,1.4286,False,1.18,1.18,prev_close_fallback,2425619.69,33.3,0.0,0.09972708830955289,0.0,1,0.184210352950477,0.08940676908765591
BRX,2.2373,1.5661,1.4286,False,27.73,27.73,prev_close_fallback,106649300.94,25.5,0.0,0.7757950488690818,0.0,3,0.15999930245535715,0.015001809677005326
COF,2.2365,1.5655,1.4286,False,196.61,196.61,prev_close_fallback,806582697.0,23.1,0.0,0.8989750027422637,0.0,3,0.19141881615921522,0.02459183457271704
DEC,2.2332,1.5633,1.4286,False,14.05,14.05,prev_close_fallback,14661034.7,20.1,0.0,0.8363280913089728,0.0,2,0.34218290745250196,0.026562272929639266
CCOI,2.2315,1.562,1.4286,False,7.64,7.64,prev_close_fallback,19901435.65,24.5,0.0,0.9838381511766287,0.0,3,0.09174303899718951,0.08769632163191154
CGEM,2.2282,1.5598,1.4286,False,15.44,15.44,prev_close_fallback,24619696.93,14.9,0.0,1.7113399475710864,0.0,2,0.10679606128489179,0.09754535095184914
AM,2.2193,1.5535,1.4286,False,21.23,21.23,prev_close_fallback,61729195.87,23.3,0.0,0.5882433863889615,0.0,2,0.32646076039636146,0.02289213714151413
CIM,2.2167,1.5517,1.4286,False,10.41,10.41,prev_close_fallback,14995084.28,19.6,0.0,1.1486688187719116,0.0,2,0.19230751596258294,0.0237271699892888
CPS,2.2144,1.5501,1.4286,False,22.22,22.22,prev_close_fallback,5277694.24,24.3,0.0,0.9367632199393735,0.0,2,0.1115696454144424,0.04671465196594687
CCJ,2.2125,1.5488,1.4286,False,88.12,88.12,prev_close_fallback,288734882.2,24.5,0.0,1.055847354430341,0.0,2,0.03975927868171343,0.032875624509472456
BYD,2.211,1.5477,1.4286,False,71.84,71.84,prev_close_fallback,78362349.61,17.9,0.0,1.1424747201569505,0.0,1,0.2607521726869536,0.02379972318780721
AMX,2.2073,1.5451,1.4286,False,22.05,22.05,prev_close_fallback,56330692.05,26.6,0.0,0.7112436782689026,0.0,1,0.1266657511393229,0.019682532405465136
ACT,2.2069,1.5448,1.4286,False,47.25,47.25,prev_close_fallback,23202585.0,24.0,0.0,0.769967010141327,0.0,1,0.20054232760474386,0.022334394505415012
ANTX,2.1986,1.539,1.4286,False,4.89,4.89,prev_close_fallback,1279664.07,20.5,0.0,0.9893385303221369,0.0,1,0.22564083252352518,0.06605316217641746
AEE,2.1948,1.5363,1.4286,False,99.2,99.2,prev_close_fallback,187913562.22,19.8,0.0,1.2303290414878398,0.0,1,0.1280319653201776,0.013215734519212
AUB,2.1899,1.5329,1.4286,False,38.52,38.52,prev_close_fallback,54505415.45,24.1,0.0,0.7371076827398073,0.0,2,0.2008732169599323,0.01832813466950729
BPOP,2.1893,1.5325,1.4286,False,159.59,159.59,prev_close_fallback,96912621.18,25.6,0.0,0.6466752297203834,0.0,3,0.1847954698366864,0.017664006409858025
ABCB,2.1835,1.5285,1.4286,False,81.79,81.79,prev_close_fallback,50547038.47,25.4,0.0,0.7749065549101147,0.0,2,0.1252953462449994,0.0171659043024505
AVR,2.1785,1.5249,1.4286,False,7.65,7.65,prev_close_fallback,6388668.08,22.9,0.0,0.9328000766356931,0.0,2,0.14285741317304537,0.04379083541432754
BMEA,2.1743,1.522,1.4286,False,1.49,1.49,prev_close_fallback,3900656.12,20.2,0.0,0.8340304596449812,0.0,1,0.2982456840816806,0.1108724951848248
DLO,2.1694,1.5186,1.4286,False,13.88,13.88,prev_close_fallback,20833463.77,23.0,0.0,0.9654423472820909,0.0,2,0.11450421691351778,0.02572047929691942
AREC,2.1654,1.5158,1.4286,False,1.88,1.88,prev_close_fallback,3239484.39,19.2,0.0,1.030044163818168,0.0,2,0.2333335452609929,0.048617004203332245
CMPR,2.1642,1.5149,1.4286,False,78.61,78.61,prev_close_fallback,14171024.81,21.6,0.0,0.8021301381261441,0.0,2,0.24867716751572302,0.03051772346866183
AIZ,2.1638,1.5147,1.4286,False,261.86,261.86,prev_close_fallback,133525025.13,23.3,0.0,1.1043125257398365,0.0,1,0.029957458233614013,0.02495609878437802
DAN,2.1635,1.5145,1.4286,False,27.35,27.35,prev_close_fallback,44904598.13,19.5,0.0,1.2853183908396018,0.0,2,0.09069795190732595,0.0366361986033187
AA,2.1635,1.5144,1.4286,False,42.68,42.68,prev_close_fallback,184226940.92,22.6,0.0,1.061631379344696,0.0,3,0.08067545168004077,0.032211837967249024
ALC,2.1615,1.5131,1.4286,False,64.56,64.56,prev_close_fallback,117386861.16,22.4,0.0,0.9570688460396203,0.0,1,0.1379312360785506,0.016116801118599745
BMRN,2.1596,1.5118,1.4286,False,61.35,61.35,prev_close_fallback,126837440.85,23.4,0.0,0.8026351429787564,0.0,1,0.17585699943035363,0.024254274854945124
CACC,2.158,1.5106,1.4286,False,547.4,547.4,prev_close_fallback,79044563.53,23.9,0.0,1.013157894736842,0.0,1,0.04679063491185201,0.0346985628306396
BHC,2.1561,1.5093,1.4286,False,5.65,5.65,prev_close_fallback,12261291.21,20.8,0.0,0.9309998433280802,0.0,2,0.21153872605612556,0.03610619340565448
ALKS,2.155,1.5085,1.4286,False,40.79,40.79,prev_close_fallback,115613546.99,24.1,0.0,1.0031894325350343,0.0,2,0.043415230634614374,0.03991171112969465
ALG,2.1535,1.5075,1.4286,False,159.03,159.03,prev_close_fallback,39355153.8,18.3,0.0,1.0017375843536591,0.0,2,0.274900388026415,0.032119727235830474
COUR,2.1522,1.5065,1.4286,False,5.06,5.06,prev_close_fallback,32406617.83,23.0,0.0,0.7383436880803563,0.0,1,0.21649482508929632,0.03498024659643339
CHYM,2.1495,1.5046,1.4286,False,27.07,27.07,prev_close_fallback,239789847.1,27.2,0.0,0.5993696193557564,0.0,1,0.11854459489560515,0.052216491329631284
AHR,2.1492,1.5044,1.4286,False,52.31,52.31,prev_close_fallback,211489858.65,22.7,0.0,0.6094221879243436,0.0,3,0.29282601726277646,0.017979343753949335
BC,2.1464,1.5025,1.4286,False,66.16,66.16,prev_close_fallback,56894295.15,20.8,0.0,0.9748241176812605,0.0,2,0.18466996210555417,0.031348287837574165
DAKT,2.1379,1.4965,1.4286,False,17.21,17.21,prev_close_fallback,10199678.06,21.9,0.0,0.8833057739682111,0.0,2,0.1777775580010427,0.031086581441463566
BRC,2.1322,1.4925,1.4286,False,82.63,82.63,prev_close_fallback,25184796.86,26.4,0.0,0.6821089930772007,0.0,2,0.09433880782568867,0.02166282765517573
DGICA,2.1291,1.4904,1.4286,False,17.92,17.92,prev_close_fallback,2291251.21,23.8,0.0,0.8720475520100109,0.0,1,0.10050290750891613,0.025502240974978718
ABT,2.1288,1.4901,1.4286,False,101.07,101.07,prev_close_fallback,965457022.28,23.6,0.0,0.6507501811070772,0.0,3,0.22022524692638584,0.018996739522717094
CCAP,2.1284,1.4899,1.4286,False,9.58,9.58,prev_close_fallback,2587749.58,21.8,0.0,0.9221827335998816,0.0,1,0.15555505320802274,0.021294363028176794
BRBR,2.1099,1.4769,1.4286,False,7.69,7.69,prev_close_fallback,27875019.81,10.8,0.0,1.9910396045066816,0.0,2,0.051020358513416394,0.05279583761468817
BOBS,2.1096,1.4767,1.4286,False,13.69,13.69,prev_close_fallback,16468521.9,27.0,0.0,0.6117410387710315,0.0,3,0.09152523195293052,0.0665449297997458
CNA,2.1052,1.4737,1.4286,False,46.11,46.11,prev_close_fallback,35238184.67,24.0,0.0,0.783413153280469,0.0,0,0.12162186543908983,0.021231830343182108
CDNL,2.1028,1.472,1.4286,False,27.54,27.54,prev_close_fallback,19202541.04,26.2,0.0,0.78980581131859,0.0,2,0.02898570087899259,0.07163397302230669
CHTR,2.1009,1.4706,1.4286,False,117.55,117.55,prev_close_fallback,396058874.28,19.8,0.0,1.0747993636622661,0.0,1,0.1409041174041323,0.04737557272380217
BRSP,2.1008,1.4706,1.4286,False,4.09,4.09,prev_close_fallback,8979840.74,18.3,0.0,1.0548561642587768,0.0,3,0.21194628553998357,0.032982871636840834
AMP,2.0994,1.4696,1.4286,False,485.15,485.15,prev_close_fallback,388799205.11,18.7,0.0,1.2731469927626653,0.0,1,0.08574126766534305,0.036658754468892545
ABUS,2.0987,1.4691,1.4286,False,4.88,4.88,prev_close_fallback,34196015.2,20.0,0.0,0.8937291826617081,0.0,2,0.2222222222222222,0.018032779036206596
AEP,2.0959,1.4671,1.4286,False,117.57,117.57,prev_close_fallback,569356237.52,24.6,0.0,0.7233981043632685,0.0,3,0.12112687256007075,0.014527504139321296
CRBU,2.0912,1.4638,1.4286,False,1.25,1.25,prev_close_fallback,1498925.0,21.1,0.0,0.8149173574394983,0.0,1,0.21428553182249735,0.04480001449584961
CART,2.0911,1.4638,1.4286,False,43.26,43.26,prev_close_fallback,208487668.51,23.1,0.0,0.8009279144127601,0.0,2,0.14127041427944106,0.03894359864938901
ALRM,2.0851,1.4596,1.4286,False,53.44,53.44,prev_close_fallback,28128143.28,18.6,0.0,0.8815426997245179,0.0,3,0.27385887518657986,0.02427021962706051
CMP,2.0842,1.459,1.4286,False,22.75,22.75,prev_close_fallback,8936200.0,17.5,0.0,1.1774439918533606,0.0,1,0.16831686907848645,0.02496704269241501
CMTG,2.0828,1.4579,1.4286,False,1.3,1.3,prev_close_fallback,1349074.95,21.8,0.0,0.9635268609973501,0.0,2,0.10344819081381315,0.05461538955304767
CNO,2.0815,1.457,1.4286,False,53.52,53.52,prev_close_fallback,72499263.02,28.6,0.0,0.38726727790819565,0.0,2,0.1183804288148766,0.02120703663385186
CYTK,2.0766,1.4536,1.4286,False,65.66,65.66,prev_close_fallback,144920820.48,23.0,0.0,0.8319816595231838,0.0,1,0.11949082567093469,0.03365823521401112
DNN,2.0727,1.4509,1.4286,False,2.63,2.63,prev_close_fallback,63824290.48,14.7,0.0,1.5168789576636357,0.0,3,0.10526365322404564,0.049809926915190074
AGO,2.069,1.4483,1.4286,False,68.4,68.4,prev_close_fallback,46185049.03,23.1,0.0,0.9242913420810995,0.0,2,0.06065620313705773,0.023040927127572063
CNP,2.067,1.4469,1.4286,False,36.82,36.82,prev_close_fallback,264809437.81,21.3,0.0,0.9630839822024472,0.0,1,0.11340138613783511,0.015073327764966574
BIOA,2.063,1.4441,1.4286,False,7.21,7.21,prev_close_fallback,6118333.93,18.4,0.0,1.1912702247257214,0.0,2,0.11214942442339099,0.06886267261868781
DOLE,2.0569,1.4398,1.4286,False,12.9,12.9,prev_close_fallback,12718883.62,21.0,0.0,0.845673252464603,0.0,2,0.1777551826024062,0.018339055037691943
ARVN,2.0549,1.4384,1.4286,False,7.79,7.79,prev_close_fallback,8619011.76,14.6,0.0,1.1008477793243072,0.0,2,0.3053435975872767,0.043132216599882936
BOX,2.0494,1.4346,1.4286,False,32.32,32.32,prev_close_fallback,94415768.71,20.4,0.0,0.7405657793843794,0.0,0,0.24812025762114892,0.030659018466109272
BOOT,2.0483,1.4338,1.4286,False,126.0,126.0,prev_close_fallback,107740080.0,21.6,0.0,0.7111615287458484,0.0,3,0.215694136573804,0.04540475512307788
DLTR,2.0457,1.432,1.4286,False,113.5,113.5,prev_close_fallback,370385685.0,22.8,0.0,0.5672154959228514,0.0,4,0.2371992388144064,0.03125990140805685
DRCT,2.0425,1.4297,1.4286,False,1.58,1.58,prev_close_fallback,1395029.44,34.4,0.0,0.007475111277224695,0.0,1,0.05000013907747132,0.1272151858144571
AEBI,2.0381,1.4267,1.4286,False,11.22,11.22,prev_close_fallback,3678701.49,7.4,0.0,1.55427456003904,0.0,1,0.35260140779928967,0.04317289477462135
CRTO,2.0219,1.4153,1.4286,False,16.56,16.56,prev_close_fallback,3840926.28,17.5,0.0,0.9774079503319824,0.0,3,0.22758603453219997,0.024903397280576868
CX,2.021,1.4147,1.4286,False,9.51,9.51,prev_close_fallback,79887330.42,21.4,0.0,1.0803954597129881,0.0,2,0.02022654343251351,0.028070105059395282
DSGN,2.0189,1.4132,1.4286,False,12.24,12.24,prev_close_fallback,11412330.99,25.7,0.0,0.49303931873270557,0.0,2,0.13934423826741377,0.06738561556795436
CBOE,2.0148,1.4104,1.4286,False,267.57,267.57,prev_close_fallback,277684153.6,18.3,0.0,0.5158026594719599,0.0,1,0.41874268906612366,0.030646190908620176
AOMR,2.0132,1.4093,1.4286,False,7.46,7.46,prev_close_fallback,1582266.01,20.3,0.0,0.9792550683639792,0.0,2,0.10714301933233727,0.028619293086999002
AXS,1.9984,1.3989,1.4286,False,94.72,94.72,prev_close_fallback,66169498.45,24.4,0.0,0.7220361304360273,0.0,0,0.059999906099759616,0.01827491272752462
CCCC,1.9908,1.3936,1.4286,False,3.03,3.03,prev_close_fallback,6503743.44,13.2,0.0,1.3080202194320856,0.0,1,0.2112674637460942,0.058745858460724006
ACIW,1.9879,1.3916,1.4286,False,49.62,49.62,prev_close_fallback,38096250.38,22.5,0.0,0.6395227675315203,0.0,2,0.17083329690826685,0.024506247700860687
BCAT,1.9805,1.3864,1.4286,False,13.88,13.88,prev_close_fallback,20528381.37,11.1,0.0,1.2387507691059438,0.0,1,0.3231106700788635,0.020183507902960293
BMA,1.9582,1.3708,1.4286,False,71.0,71.0,prev_close_fallback,14350520.0,13.4,0.0,1.1557490599643776,0.0,1,0.2585512136414155,0.03432391529351893
CTVA,1.9457,1.362,1.4286,False,79.45,79.45,prev_close_fallback,382809153.3,18.2,0.0,0.7260119877797702,0.0,2,0.26971945961371585,0.030383908842895924
DEI,1.9307,1.3515,1.4286,False,9.67,9.67,prev_close_fallback,23599538.49,16.1,0.0,1.3172354732041516,0.0,2,0.048780809289249306,0.0307135298474417
ANRO,1.9303,1.3512,1.4286,False,27.18,27.18,prev_close_fallback,17753432.6,15.7,0.0,1.2070179736060505,0.0,2,0.12045455005214864,0.062152308874265726
CLDX,1.9246,1.3472,1.4286,False,31.48,31.48,prev_close_fallback,88282825.52,21.0,0.0,0.8192454027763415,0.0,1,0.09706146010855753,0.07966960819253509
AKR,1.9145,1.3401,1.4286,False,19.21,19.21,prev_close_fallback,25281511.4,20.0,0.0,0.7354527909061896,0.0,4,0.1724128292232157,0.01733470207034215
CRBP,1.8986,1.329,1.4286,False,7.45,7.45,prev_close_fallback,13950869.64,16.3,0.0,0.4046779878244153,0.0,2,0.47368421052631576,0.08893960502009053
AWR,1.8977,1.3284,1.4286,False,82.5,82.5,prev_close_fallback,21209100.0,19.4,0.0,0.8444842072506613,0.0,1,0.1318327224912544,0.01633937951290246
ALL,1.8965,1.3276,1.4286,False,227.17,227.17,prev_close_fallback,588922318.35,17.7,0.0,1.1442931921016188,0.0,2,0.04792031216586916,0.026147816338101506
AON,1.8902,1.3232,1.4286,False,276.09,276.09,prev_close_fallback,688899758.86,19.0,0.0,1.0873677460724591,0.0,1,0.019183768379806454,0.02399941328078947
AVLN,1.872,1.3104,1.4286,False,28.55,28.55,prev_close_fallback,8720597.27,19.6,0.0,0.7241774431167131,0.0,2,0.16454347540856146,0.08935201719994265
CBK,1.8646,1.3052,1.4286,False,31.81,31.81,prev_close_fallback,1537059.17,20.1,0.0,0.6643211920529801,0.0,2,0.16904882044778163,0.02286156520885358
AGNC,1.8597,1.3018,1.4286,False,9.62,9.62,prev_close_fallback,460185296.73,17.6,0.0,0.8759413090181914,0.0,2,0.15941988923549827,0.02193347853900662
DPZ,1.8379,1.2866,1.4286,False,293.03,293.03,prev_close_fallback,243868355.88,19.5,0.0,0.7053338620333321,0.0,2,0.15260962271417625,0.027676174228347648
AIV,1.8367,1.2857,1.4286,False,2.18,2.18,prev_close_fallback,4780086.15,8.7,0.0,1.4756692662014868,0.0,1,0.20000047683685504,0.032110092947152113
CENX,1.8168,1.2718,1.4286,False,38.12,38.12,prev_close_fallback,63137773.03,20.3,0.0,0.7328426785164434,0.0,3,0.09289590527873705,0.038431244733150814
ATTO,1.8117,1.2682,1.4286,False,18.17,18.17,prev_close_fallback,8536447.74,19.4,0.0,0.8390625997743769,0.0,0,0.0713375254515679,0.1291139079725808
DUK,1.7903,1.2532,1.4286,False,113.23,113.23,prev_close_fallback,489003018.6,18.2,0.0,0.8698742900013199,0.0,1,0.08930896918782023,0.012390714468553696
ARCO,1.7866,1.2506,1.4286,False,7.23,7.23,prev_close_fallback,8582877.62,14.8,0.0,1.111850529011389,0.0,3,0.10184088867664244,0.02271100188946096
CPRT,1.7795,1.2456,1.4286,False,28.04,28.04,prev_close_fallback,312048197.39,18.8,0.0,0.7525780236290378,0.0,1,0.11655014349578405,0.02810269970089183
ATO,1.7692,1.2384,1.4286,False,156.42,156.42,prev_close_fallback,190156663.37,14.9,0.0,1.001908396946565,0.0,2,0.14087280863090237,0.01235138605546446
CNTB,1.7682,1.2378,1.4286,False,1.1,1.1,prev_close_fallback,2907982.06,25.9,0.0,0.2942934309772206,0.0,2,0.05263167801324572,0.13263634914406106
DYN,1.7676,1.2373,1.4286,False,16.51,16.51,prev_close_fallback,48491191.47,12.5,0.0,1.0887343892573575,0.0,3,0.19295560434758607,0.05061174942915286
EE,1.7671,1.237,1.4286,False,33.57,33.57,prev_close_fallback,19572316.92,20.0,0.0,0.5799015488053788,0.0,1,0.14566273334582006,0.04730413285010046
CAH,1.7609,1.2326,1.4286,False,222.62,222.62,prev_close_fallback,497275187.89,6.6,0.0,1.5582834170494329,0.0,2,0.1905787103969598,0.020972959961134022
CMCSA,1.7553,1.2287,1.4286,False,22.13,22.13,prev_close_fallback,844442925.68,14.4,0.0,0.9457420654856389,0.0,2,0.1782176114335138,0.032218696447392815
ANNX,1.7552,1.2286,1.4286,False,3.8,3.8,prev_close_fallback,12371165.84,17.1,0.0,0.6212122608329724,0.0,0,0.23351636115452282,0.05639471576583656
ARTNA,1.7548,1.2283,1.4286,False,33.32,33.32,prev_close_fallback,1027921.99,17.5,0.0,0.7876823338735819,0.0,0,0.13538419283353365,0.02073830649879251
DX,1.752,1.2264,1.4286,False,11.34,11.34,prev_close_fallback,91904237.44,12.0,0.0,1.1466321505645678,0.0,2,0.17260927017281005,0.022086845834503446
ARCB,1.7493,1.2245,1.4286,False,127.35,127.35,prev_close_fallback,35376556.08,16.2,0.0,0.7325677670182512,0.0,2,0.21190464224493144,0.03525715493134773
BAM,1.7463,1.2224,1.4286,False,44.58,44.58,prev_close_fallback,119310796.3,13.1,0.0,1.0655636636737622,0.0,2,0.16449849794211452,0.02495288532462576
BXMT,1.7438,1.2206,1.4286,False,12.39,12.39,prev_close_fallback,36257353.6,17.3,0.0,0.9335893983610927,0.0,1,0.06153843896627512,0.02728005703880515
BWXT,1.7334,1.2134,1.4286,False,138.68,138.68,prev_close_fallback,162492734.22,16.4,0.0,0.8009661093615315,0.0,0,0.15560267883885034,0.02700461416651226
ARWR,1.7288,1.2102,1.4286,False,66.07,66.07,prev_close_fallback,193566599.51,21.3,0.0,0.5551042420436083,0.0,2,0.08241466894039942,0.06818677570838645
CMG,1.7252,1.2076,1.4286,False,32.01,32.01,prev_close_fallback,466346943.45,13.9,0.0,1.0663205386308678,0.0,1,0.11993223759627758,0.03708219022505524
AQN,1.7242,1.2069,1.4286,False,5.02,5.02,prev_close_fallback,24877664.11,15.5,0.0,0.9039875214651382,0.0,0,0.13636348858354458,0.01892431805874463
AVA,1.7197,1.2038,1.4286,False,35.05,35.05,prev_close_fallback,29232400.36,15.9,0.0,0.8279177957363133,0.0,1,0.15294098287574406,0.01437946084232218
CAR,1.7155,1.2008,1.4286,False,103.54,103.54,prev_close_fallback,52898586.47,16.1,0.0,0.9839498923468389,0.0,1,0.06536604718464177,0.05427853626743997
CMS,1.7021,1.1915,1.4286,False,62.77,62.77,prev_close_fallback,234077491.81,11.1,0.0,1.3476601781112485,0.0,1,0.07195558061149153,0.014800089384366694
DEA,1.7001,1.1901,1.4286,False,22.71,22.71,prev_close_fallback,9751900.71,16.3,0.0,0.8737570154397895,0.0,2,0.09933748065809833,0.017300744630280064
ABG,1.6794,1.1756,1.4286,False,179.94,179.94,prev_close_fallback,55401727.35,18.7,0.0,0.7233102731495015,0.0,3,0.06455456496190273,0.03967989784735241
CTMX,1.6657,1.166,1.4286,False,2.75,2.75,prev_close_fallback,15301660.0,19.0,0.0,0.5533549954710796,0.0,1,0.12857134098906953,0.07316361340609463
CG,1.6602,1.1622,1.4286,False,39.42,39.42,prev_close_fallback,146753163.38,15.3,0.0,0.774415025209452,0.0,2,0.16296280249113673,0.033942175302669436
CABA,1.6541,1.1578,1.4286,False,2.155,2.155,prev_close_fallback,13753985.62,15.3,0.0,0.8758358976930164,0.0,1,0.10606062430506404,0.09559164594563946
ARR,1.632,1.1424,1.4286,False,14.11,14.11,prev_close_fallback,69246798.72,13.3,0.0,0.892628636167282,0.0,2,0.16607587785122283,0.023284973239461097
BLND,1.6313,1.1419,1.4286,False,1.07,1.07,prev_close_fallback,2474385.82,19.7,0.0,0.656299864649234,0.0,2,0.025000268220837542,0.07149532226113049
COAG,1.6037,1.1226,1.4286,False,35.72,35.72,prev_close_fallback,28875691.79,17.6,0.0,0.49641880775368324,0.0,1,0.17151481342038646,0.08121500880413303
CDRE,1.5996,1.1197,1.4286,False,26.21,26.21,prev_close_fallback,16439173.53,18.6,0.0,0.5328358922848807,0.0,3,0.10839139852640677,0.03817245867071549
ALSN,1.5816,1.1071,1.4286,False,112.74,112.74,prev_close_fallback,107655423.96,15.8,0.0,0.7584040213634936,0.0,2,0.09748659916617033,0.033519597305471584
BZ,1.5746,1.1022,1.4286,False,14.22,14.22,prev_close_fallback,152770013.27,17.4,0.0,0.6177699258702152,0.0,1,0.09725712948464514,0.02952181281814712
CTNM,1.5737,1.1016,1.4286,False,12.49,12.49,prev_close_fallback,9759560.92,10.8,0.0,0.8090710144742063,0.0,2,0.2652068103937955,0.07461971758717492
BKU,1.5568,1.0898,1.4286,False,43.39,43.39,prev_close_fallback,52004649.87,16.9,0.0,0.586213226091745,0.0,2,0.1203323377131126,0.01935928558341571
CISS,1.546,1.0822,1.4286,False,1.12,1.12,prev_close_fallback,2246966.41,21.2,0.0,0.10926020077558792,0.0,1,0.1791044962010488,0.15803569062251835
APAM,1.5389,1.0772,1.4286,False,35.78,35.78,prev_close_fallback,29674499.79,13.4,0.0,0.7258609047940581,0.0,3,0.17846092810997596,0.023616537832671893
CNX,1.5174,1.0622,1.4286,False,33.41,33.41,prev_close_fallback,82416121.72,10.6,0.0,0.7622800296739514,0.0,3,0.2582157059923903,0.027476827226868075
AURA,1.4961,1.0473,1.4286,False,6.15,6.15,prev_close_fallback,7198206.11,11.8,0.0,0.8228529441919278,0.0,2,0.1652894874355383,0.05414633938322084
BFS,1.496,1.0472,1.4286,False,29.85,29.85,prev_close_fallback,4888236.06,8.0,0.0,1.0875671714704445,0.0,2,0.18340622628827297,0.0210050200009623
AWK,1.4905,1.0433,1.4286,False,131.53,131.53,prev_close_fallback,240935336.46,12.9,0.0,0.7026460456711741,0.0,0,0.17421923500089126,0.01616360883763827
AX,1.4894,1.0426,1.4286,False,88.58,88.58,prev_close_fallback,45003069.93,14.2,0.0,0.5310500934947348,0.0,1,0.20911578874164194,0.02249943541792596
DNUT,1.484,1.0388,1.4286,False,2.98,2.98,prev_close_fallback,6561989.84,11.1,0.0,0.7150739551591501,0.0,1,0.23684195666427202,0.029697994067697756
ABR,1.4811,1.0368,1.4286,False,4.07,4.07,prev_close_fallback,22284594.04,7.6,0.0,1.332577214524056,0.0,2,0.06493531425117677,0.03685501186879269
CWT,1.4645,1.0252,1.4286,False,46.0,46.0,prev_close_fallback,20020580.0,9.3,0.0,1.0757530501114354,0.0,2,0.11598717591501952,0.015630431797193443
BRO,1.4602,1.0221,1.4286,False,60.33,60.33,prev_close_fallback,162239440.92,16.6,0.0,0.6732113639744162,0.0,1,0.02219655322395488,0.029951935954061256
CRS,1.4596,1.0217,1.4286,False,400.85,400.85,prev_close_fallback,336577716.12,7.8,0.0,0.7812686087225782,0.0,1,0.31994653633479747,0.03589124459566322
CABO,1.4541,1.0178,1.4286,False,15.63,15.63,prev_close_fallback,5300601.94,9.6,0.0,0.985462801875387,0.0,1,0.14245375805458269,0.11139474227089073
BNTC,1.4458,1.012,1.4286,False,9.64,9.64,prev_close_fallback,2103062.47,11.0,0.0,0.9016318298496516,0.0,1,0.12183552135204466,0.0847406673721614
ADT,1.4433,1.0103,1.4286,False,6.36,6.36,prev_close_fallback,59051456.44,12.4,0.0,0.8997158803293979,0.0,2,0.0648648230675846,0.026179244133647254
ALHC,1.4313,1.0019,1.4286,False,7.67,7.67,prev_close_fallback,133010073.32,12.3,0.0,0.9187560548046316,0.0,1,0.050335602150119535,0.12358537896679399
ALXO,1.4213,0.9949,1.4286,False,1.355,1.355,prev_close_fallback,1788491.63,11.1,0.0,0.9124795442148009,0.0,0,0.0942029736668429,0.07306273030266666
BRCB,1.4078,0.9854,1.4286,False,7.19,7.19,prev_close_fallback,2583151.32,13.9,0.0,0.49739750048709885,0.0,2,0.180851179855148,0.06620304919785579
ADC,1.3678,0.9574,1.4286,False,67.18,67.18,prev_close_fallback,114436427.92,8.4,0.0,1.0031524629717687,0.0,2,0.11929836302552502,0.018145273528783475
CWST,1.2922,0.9046,1.4286,False,83.83,83.83,prev_close_fallback,46143386.21,9.9,0.0,0.6959886636145629,0.0,0,0.15911293045922764,0.029201959706823023
ARTV,1.2784,0.8949,1.4286,False,7.49,7.49,prev_close_fallback,4871271.15,8.5,0.0,0.7866291495610191,0.0,1,0.16164374255758462,0.08077437720226835
ARMP,1.2633,0.8843,1.4286,False,3.62,3.62,prev_close_fallback,2481184.12,18.8,0.0,0.21067682117272873,0.0,2,0.028938880130263942,0.16685084612253662
DTE,1.2533,0.8773,1.4286,False,121.18,121.18,prev_close_fallback,261198643.46,10.2,0.0,0.7805758399599158,0.0,1,0.07737308757494302,0.01709545785768892
ALMS,1.246,0.8722,1.4286,False,7.29,7.29,prev_close_fallback,25296810.17,9.7,0.0,0.75053241000902,0.0,2,0.10986648149251463,0.06585733424610475
AN,1.2418,0.8693,1.4286,False,162.89,162.89,prev_close_fallback,123351709.84,12.2,0.0,0.7215392132264582,0.0,3,0.020145785847196288,0.053152444848830825
CASH,1.2378,0.8665,1.4286,False,73.5,73.5,prev_close_fallback,20818875.0,11.9,0.0,0.6206531332744925,0.0,2,0.07971056958393272,0.0220816268401892
ARI,1.2362,0.8654,1.4286,False,6.26,6.26,prev_close_fallback,16710569.81,1.5,0.0,1.2539802653759993,0.0,1,0.17777855484524524,0.01693292104948046
CLB,1.2314,0.862,1.4286,False,10.49,10.49,prev_close_fallback,6807170.65,7.5,0.0,1.0223139986439007,0.0,0,0.05045855104519191,0.04499521890053441
AKTS,1.2296,0.8607,1.4286,False,19.63,19.63,prev_close_fallback,13964388.8,11.4,0.0,0.5407798926031094,0.0,1,0.13286695698003972,0.06347935384894322
BNL,1.2006,0.8404,1.4286,False,18.9,18.9,prev_close_fallback,42423695.14,10.1,0.0,0.6702188324185615,0.0,2,0.10194132957048535,0.02060847853824027
CBIO,1.1793,0.8255,1.4286,False,14.24,14.24,prev_close_fallback,10090606.24,7.7,0.0,0.8026982402167624,0.0,2,0.11494255551007942,0.10941012027949623
BCE,1.1768,0.8238,1.4286,False,21.3,21.3,prev_close_fallback,106918541.17,7.7,0.0,0.7228193200721166,0.0,0,0.1541213443326089,0.024205809711453773
AGMB,1.0826,0.7578,1.4286,False,10.58,10.58,prev_close_fallback,1485960.99,11.8,0.0,0.4571021715913136,0.0,0,0.0590278019231769,0.0969754281934614
BROS,0.9855,0.6899,1.4286,False,38.51,38.51,prev_close_fallback,180795199.72,6.9,0.0,0.5913827330896574,0.0,1,0.12009686943097908,0.03900803008172724
CPOP,0.9838,0.6886,1.4286,False,5.47,5.47,prev_close_fallback,5911483.47,,0.0,0.05672196981613939,0.0,4,0.6602739135461595,0.2099126651838125
CTRN,0.8847,0.6193,1.4286,False,50.07,50.07,prev_close_fallback,12005784.53,5.8,0.0,0.5876219868212528,0.0,0,0.09374985512755729,0.05424407358167849
CMPX,0.8496,0.5947,1.4286,False,1.135,1.135,prev_close_fallback,7220915.34,5.0,0.0,0.7121300714865043,0.0,0,0.03723400949945918,0.09779736941331174
ASMB,0.5624,0.3937,1.4286,False,23.66,23.66,prev_close_fallback,11560512.53,3.5,0.0,0.3663453470047686,0.0,3,0.06957711244067508,0.06267962008452634
